library,term,set_size_in_background,n_hits,p,genes,q
KEGG_2021_Human,Chronic myeloid leukemia,11,8,2.972054559128623e-09,BCL2L1;BRAF;CCND1;CDK6;GRB2;KRAS;MDM2;MYC,5.737612142061276e-07
KEGG_2021_Human,Prostate cancer,8,7,3.5972489918879475e-09,BRAF;CCND1;CTNNB1;EP300;GRB2;KRAS;MDM2,5.737612142061276e-07
KEGG_2021_Human,Endometrial cancer,6,6,1.0605138254914917e-08,BRAF;CCND1;CTNNB1;GRB2;KRAS;MYC,8.280625363946479e-07
KEGG_2021_Human,Human cytomegalovirus infection,12,8,8.579498865619972e-09,CCND1;CDK6;CTNNB1;GRB2;KRAS;MDM2;MYC;PTK2,8.280625363946479e-07
KEGG_2021_Human,Small cell lung cancer,9,7,1.557484394472692e-08,BCL2L1;CCND1;CDK6;CKS1B;MYC;PTK2;SKP2,8.280625363946479e-07
KEGG_2021_Human,Breast cancer,9,7,1.557484394472692e-08,BRAF;CCND1;CDK6;CTNNB1;GRB2;KRAS;MYC,8.280625363946479e-07
KEGG_2021_Human,Hepatocellular carcinoma,14,8,4.819108268280651e-08,BCL2L1;BRAF;CCND1;CDK6;CTNNB1;GRB2;KRAS;MYC,1.916487372606738e-06
KEGG_2021_Human,PI3K-Akt signaling pathway,19,9,5.407017665661643e-08,BCL2L1;CCND1;CDK6;GRB2;KRAS;MDM2;MYB;MYC;PTK2,1.916487372606738e-06
KEGG_2021_Human,Hepatitis C,14,8,4.819108268280651e-08,BRAF;CCND1;CDK6;CFLAR;CTNNB1;GRB2;KRAS;MYC,1.916487372606738e-06
KEGG_2021_Human,Gastric cancer,7,6,7.143189733056249e-08,BRAF;CCND1;CTNNB1;GRB2;KRAS;MYC,2.0715250225863123e-06
KEGG_2021_Human,Thyroid cancer,7,6,7.143189733056249e-08,BRAF;CCND1;CTNNB1;KRAS;MYC;PAX8,2.0715250225863123e-06
KEGG_2021_Human,Proteoglycans in cancer,15,8,9.936439301923192e-08,BRAF;CCND1;CTNNB1;GRB2;KRAS;MDM2;MYC;PTK2,2.641436781094582e-06
KEGG_2021_Human,Glioma,8,6,2.749358423465863e-07,BRAF;CCND1;CDK6;GRB2;KRAS;MDM2,6.746502592966233e-06
KEGG_2021_Human,FoxO signaling pathway,12,7,3.051803177125038e-07,BRAF;CCND1;EP300;GRB2;KRAS;MDM2;SKP2,6.953751525020622e-06
KEGG_2021_Human,Colorectal cancer,9,6,7.936578391503045e-07,BRAF;CCND1;CTNNB1;GRB2;KRAS;MYC,1.6878456712596473e-05
KEGG_2021_Human,Bladder cancer,6,5,1.3648612837127294e-06,BRAF;CCND1;KRAS;MDM2;MYC,2.4188374972464482e-05
KEGG_2021_Human,Non-small cell lung cancer,6,5,1.3648612837127294e-06,BRAF;CCND1;CDK6;GRB2;KRAS,2.4188374972464482e-05
KEGG_2021_Human,Melanoma,6,5,1.3648612837127294e-06,BRAF;CCND1;CDK6;KRAS;MDM2,2.4188374972464482e-05
KEGG_2021_Human,Thyroid hormone signaling pathway,20,8,1.6041402745819265e-06,ATP1B3;CCND1;CTNNB1;EP300;KRAS;MDM2;MED1;MYC,2.6932670925875504e-05
KEGG_2021_Human,MicroRNAs in cancer,15,7,2.208382072693236e-06,CCND1;CDK6;EP300;GRB2;KRAS;MDM2;MYC,3.5223694059457115e-05
KEGG_2021_Human,ErbB signaling pathway,7,5,4.598434749668146e-06,BRAF;GRB2;KRAS;MYC;PTK2,6.667730387018811e-05
KEGG_2021_Human,Acute myeloid leukemia,7,5,4.598434749668146e-06,BRAF;CCND1;GRB2;KRAS;MYC,6.667730387018811e-05
KEGG_2021_Human,Signaling pathways regulating pluripotency of stem cells,4,4,5.172661742083312e-06,CTNNB1;GRB2;KRAS;MYC,7.17425693793294e-05
KEGG_2021_Human,Kaposi sarcoma-associated herpesvirus infection,12,6,7.778190051543763e-06,CCND1;CDK6;CTNNB1;EP300;KRAS;MYC,0.00010338510943510251
KEGG_2021_Human,JAK-STAT signaling pathway,8,5,1.180426626187075e-05,BCL2L1;CCND1;EP300;GRB2;MYC,0.00015062243750147076
KEGG_2021_Human,Renal cell carcinoma,13,6,1.3899910850783488e-05,BRAF;CUL2;ELOB;EP300;GRB2;KRAS,0.00017054121389999742
KEGG_2021_Human,Pancreatic cancer,9,5,2.5567526790271294e-05,BCL2L1;BRAF;CCND1;CDK6;KRAS,0.00030207559429987197
KEGG_2021_Human,Cellular senescence,15,6,3.7538934655266315e-05,CCND1;CDK6;KRAS;MDM2;MYC;TRPM7,0.00042475234738077256
KEGG_2021_Human,Human papillomavirus infection,29,8,3.8613849761888416e-05,CCND1;CDK6;CTNNB1;EP300;GRB2;KRAS;MDM2;PTK2,0.00042475234738077256
KEGG_2021_Human,Transcriptional misregulation in cancer,10,5,4.922583494750152e-05,BCL2L1;MDM2;MYC;PAX8;PTK2,0.0005065497209113867
KEGG_2021_Human,Focal adhesion,10,5,4.922583494750152e-05,BRAF;CCND1;CTNNB1;GRB2;PTK2,0.0005065497209113867
KEGG_2021_Human,MAPK signaling pathway,6,4,7.202442961384962e-05,BRAF;GRB2;KRAS;MYC,0.0006757586190240597
KEGG_2021_Human,"Growth hormone synthesis, secretion and action",6,4,7.202442961384962e-05,EP300;GRB2;KRAS;PTK2,0.0006757586190240597
KEGG_2021_Human,Chemokine signaling pathway,6,4,7.202442961384962e-05,BRAF;GRB2;KRAS;PTK2,0.0006757586190240597
KEGG_2021_Human,Melanogenesis,3,3,0.00011125925165244653,CTNNB1;EP300;KRAS,0.000985880591031401
KEGG_2021_Human,Prolactin signaling pathway,3,3,0.00011125925165244653,CCND1;GRB2;KRAS,0.000985880591031401
KEGG_2021_Human,Hepatitis B,12,5,0.00014338008096300477,BRAF;EP300;GRB2;KRAS;MYC,0.0012361688061405007
KEGG_2021_Human,Cushing syndrome,7,4,0.0001619257560994249,BRAF;CCND1;CDK6;CTNNB1,0.0013593241104135933
KEGG_2021_Human,Chemical carcinogenesis,8,4,0.00031204724593697904,CCND1;GRB2;KRAS;MYC,0.002488576786347408
KEGG_2021_Human,Wnt signaling pathway,8,4,0.00031204724593697904,CCND1;CTNNB1;EP300;MYC,0.002488576786347408
KEGG_2021_Human,Natural killer cell mediated cytotoxicity,4,3,0.0004295190213835361,BRAF;GRB2;KRAS,0.00326229923384162
KEGG_2021_Human,Long-term potentiation,4,3,0.0004295190213835361,BRAF;EP300;KRAS,0.00326229923384162
KEGG_2021_Human,Viral carcinogenesis,33,7,0.000731404937749356,CCND1;CDK6;EP300;GRB2;KRAS;MDM2;SKP2,0.005426004073070804
KEGG_2021_Human,p53 signaling pathway,10,4,0.0008692344787922411,BCL2L1;CCND1;CDK6;MDM2,0.006301949971243748
KEGG_2021_Human,Human immunodeficiency virus 1 infection,17,5,0.0009265776158006824,BCL2L1;CFL1;ELOB;KRAS;PTK2,0.006568405765342616
KEGG_2021_Human,Phospholipase D signaling pathway,5,3,0.0010364204773682028,DNM2;GRB2;KRAS,0.006612362645609133
KEGG_2021_Human,Axon guidance,5,3,0.0010364204773682028,CFL1;KRAS;PTK2,0.006612362645609133
KEGG_2021_Human,Ras signaling pathway,5,3,0.0010364204773682028,BCL2L1;GRB2;KRAS,0.006612362645609133
KEGG_2021_Human,NOD-like receptor signaling pathway,5,3,0.0010364204773682028,BCL2L1;NAMPT;TRPM7,0.006612362645609133
KEGG_2021_Human,Fluid shear stress and atherosclerosis,5,3,0.0010364204773682028,CTNNB1;PTK2;SUMO2,0.006612362645609133
KEGG_2021_Human,Neurotrophin signaling pathway,6,3,0.0020008165251225556,BRAF;GRB2;KRAS,0.012274239836809524
KEGG_2021_Human,Endocrine and other factor-regulated calcium reabsorption,6,3,0.0020008165251225556,AP2S1;ATP1B3;DNM2,0.012274239836809524
KEGG_2021_Human,Relaxin signaling pathway,2,2,0.0023523384635088696,GRB2;KRAS,0.01230157327638245
KEGG_2021_Human,Estrogen signaling pathway,2,2,0.0023523384635088696,GRB2;KRAS,0.01230157327638245
KEGG_2021_Human,Nicotinate and nicotinamide metabolism,2,2,0.0023523384635088696,NAMPT;NMNAT1,0.01230157327638245
KEGG_2021_Human,Serotonergic synapse,2,2,0.0023523384635088696,BRAF;KRAS,0.01230157327638245
KEGG_2021_Human,One carbon pool by folate,2,2,0.0023523384635088696,DHFR;TYMS,0.01230157327638245
KEGG_2021_Human,Endocytosis,20,5,0.00207214782450477,AP2S1;CHMP4B;DNM2;MDM2;TFRC,0.01230157327638245
KEGG_2021_Human,Fc epsilon RI signaling pathway,2,2,0.0023523384635088696,GRB2;KRAS,0.01230157327638245
KEGG_2021_Human,Folate biosynthesis,2,2,0.0023523384635088696,DHFR;FPGS,0.01230157327638245
KEGG_2021_Human,B cell receptor signaling pathway,2,2,0.0023523384635088696,GRB2;KRAS,0.01230157327638245
KEGG_2021_Human,Regulation of actin cytoskeleton,13,4,0.0026487281255983984,BRAF;CFL1;KRAS;PTK2,0.013628133420417566
KEGG_2021_Human,cAMP signaling pathway,7,3,0.003379984601889905,ATP1B3;BRAF;EP300,0.016587924430813535
KEGG_2021_Human,Rap1 signaling pathway,7,3,0.003379984601889905,BRAF;CTNNB1;KRAS,0.016587924430813535
KEGG_2021_Human,Gap junction,7,3,0.003379984601889905,GRB2;KRAS;TUBB4B,0.016587924430813535
KEGG_2021_Human,HIF-1 signaling pathway,14,4,0.0035738531956665204,CUL2;ELOB;EP300;TFRC,0.01727362377905485
KEGG_2021_Human,Hippo signaling pathway,8,3,0.005220747015461659,CCND1;CTNNB1;MYC,0.02449144555782749
KEGG_2021_Human,Pyrimidine metabolism,8,3,0.005220747015461659,CTPS1;TYMS;UMPS,0.02449144555782749
KEGG_2021_Human,GnRH signaling pathway,3,2,0.006834496887221714,GRB2;KRAS,0.0294622230678882
KEGG_2021_Human,C-type lectin receptor signaling pathway,3,2,0.006834496887221714,KRAS;MDM2,0.0294622230678882
KEGG_2021_Human,Choline metabolism in cancer,3,2,0.006834496887221714,GRB2;KRAS,0.0294622230678882
KEGG_2021_Human,Mineral absorption,3,2,0.006834496887221714,ATP1B3;TRPM7,0.0294622230678882
KEGG_2021_Human,Aldosterone-regulated sodium reabsorption,3,2,0.006834496887221714,ATP1B3;KRAS,0.0294622230678882
KEGG_2021_Human,VEGF signaling pathway,3,2,0.006834496887221714,KRAS;PTK2,0.0294622230678882
GO_Biological_Process_2023,Positive Regulation Of Multicellular Organismal Process (GO:0051240),23,8,5.561332484599724e-06,CFL1;CTNNB1;FERMT2;IRF4;MED1;PAX8;PTK2;SCD,0.029730883462670128
KEGG_2021_Human,mTOR signaling pathway,17,4,0.007608480770165102,BRAF;GRB2;KRAS;SKP2,0.031116735457470096
KEGG_2021_Human,Lipid and atherosclerosis,9,3,0.0075605050125653155,BCL2L1;KRAS;PTK2,0.031116735457470096
KEGG_2021_Human,Measles,9,3,0.0075605050125653155,BCL2L1;CCND1;CDK6,0.031116735457470096
KEGG_2021_Human,Necroptosis,9,3,0.0075605050125653155,CFLAR;CHMP4B;TRPM7,0.031116735457470096
KEGG_2021_Human,Epstein-Barr virus infection,28,5,0.00971107491447899,CCND1;CDK6;MDM2;MYC;SKP2,0.038722911221484975
KEGG_2021_Human,Human T-cell leukemia virus 1 infection,28,5,0.00971107491447899,BCL2L1;CCND1;EP300;KRAS;MYC,0.038722911221484975
KEGG_2021_Human,Bacterial invasion of epithelial cells,10,3,0.010428192384182342,CTNNB1;DNM2;PTK2,0.040079438199447794
KEGG_2021_Human,Insulin signaling pathway,10,3,0.010428192384182342,BRAF;GRB2;KRAS,0.040079438199447794
KEGG_2021_Human,Apoptosis,10,3,0.010428192384182342,BCL2L1;CFLAR;KRAS,0.040079438199447794
KEGG_2021_Human,AGE-RAGE signaling pathway in diabetic complications,4,2,0.013239474753059893,CCND1;KRAS,0.04799309597984212
KEGG_2021_Human,Thyroid hormone synthesis,4,2,0.013239474753059893,ATP1B3;PAX8,0.04799309597984212
KEGG_2021_Human,T cell receptor signaling pathway,4,2,0.013239474753059893,GRB2;KRAS,0.04799309597984212
KEGG_2021_Human,Long-term depression,4,2,0.013239474753059893,BRAF;KRAS,0.04799309597984212
KEGG_2021_Human,NF-kappa B signaling pathway,4,2,0.013239474753059893,BCL2L1;CFLAR,0.04799309597984212
KEGG_2021_Human,Autophagy,12,3,0.01782595479958313,BCL2L1;CFLAR;KRAS,0.06318310645630021
KEGG_2021_Human,Alcoholism,12,3,0.01782595479958313,BRAF;GRB2;KRAS,0.06318310645630021
KEGG_2021_Human,Mitophagy,5,2,0.02137484427018769,BCL2L1;KRAS,0.0733180142170954
KEGG_2021_Human,Adherens junction,5,2,0.02137484427018769,CTNNB1;EP300,0.0733180142170954
KEGG_2021_Human,Leukocyte transendothelial migration,5,2,0.02137484427018769,CTNNB1;PTK2,0.0733180142170954
GO_Biological_Process_2023,Negative Regulation Of Programmed Cell Death (GO:0043069),45,10,3.0039995338983006e-05,BCL2L1;BRAF;CFL1;CFLAR;CTNNB1;MDM2;MED1;MYC;PTK2;TFRC,0.08029690754110158
GO_Biological_Process_2023,Negative Regulation Of Apoptotic Process (GO:0043066),47,10,4.515572849195745e-05,BCL2L1;BRAF;CFL1;CFLAR;CTNNB1;MDM2;MED1;MYC;PTK2;TFRC,0.08046750817266816
GO_Biological_Process_2023,Purine Nucleotide Biosynthetic Process (GO:0006164),3,3,0.00011125925165244653,ADSL;NAMPT;NMNAT1,0.08497027990485417
GO_Biological_Process_2023,Receptor-Mediated Endocytosis (GO:0006898),6,4,7.202442961384962e-05,AP2S1;DNM2;GRB2;TFRC,0.08497027990485417
GO_Biological_Process_2023,Branching Morphogenesis Of An Epithelial Tube (GO:0048754),3,3,0.00011125925165244653,CTNNB1;MYC;PAX8,0.08497027990485417
GO_Biological_Process_2023,Positive Regulation Of Ubiquitin-Dependent Protein Catabolic Process (GO:2000060),11,5,8.687929308322935e-05,ELOB;MDM2;PTK2;SUMO2;ZER1,0.08497027990485417
KEGG_2021_Human,Fc gamma R-mediated phagocytosis,6,2,0.03106185814272025,CFL1;DNM2,0.10055326232521439
KEGG_2021_Human,Cell cycle,50,6,0.031206184859549294,CCND1;CDK6;EP300;MDM2;MYC;SKP2,0.10055326232521439
KEGG_2021_Human,Apelin signaling pathway,6,2,0.03106185814272025,CCND1;KRAS,0.10055326232521439
KEGG_2021_Human,Oxytocin signaling pathway,6,2,0.03106185814272025,CCND1;KRAS,0.10055326232521439
KEGG_2021_Human,Central carbon metabolism in cancer,6,2,0.03106185814272025,KRAS;MYC,0.10055326232521439
KEGG_2021_Human,TGF-beta signaling pathway,6,2,0.03106185814272025,EP300;MYC,0.10055326232521439
GO_Biological_Process_2023,Regulation Of Epithelial To Mesenchymal Transition (GO:0010717),7,4,0.0001619257560994249,CTNNB1;FERMT2;FOXA1;PTK2,0.1082068865134407
GO_Biological_Process_2023,Negative Regulation Of Cell Differentiation (GO:0045596),13,5,0.0002243051872831431,CDK6;FERMT2;FOXA1;MED1;MYB,0.133237281246187
KEGG_2021_Human,TNF signaling pathway,1,1,0.04890387858347386,CFLAR,0.13832763454350847
KEGG_2021_Human,"Alanine, aspartate and glutamate metabolism",1,1,0.04890387858347386,ADSL,0.13832763454350847
KEGG_2021_Human,Amoebiasis,1,1,0.04890387858347386,PTK2,0.13832763454350847
KEGG_2021_Human,Maturity onset diabetes of the young,1,1,0.04890387858347386,HNF1B,0.13832763454350847
KEGG_2021_Human,Pertussis,1,1,0.04890387858347386,CFL1,0.13832763454350847
KEGG_2021_Human,Basal cell carcinoma,1,1,0.04890387858347386,CTNNB1,0.13832763454350847
KEGG_2021_Human,Biosynthesis of unsaturated fatty acids,1,1,0.04890387858347386,SCD,0.13832763454350847
KEGG_2021_Human,Salmonella infection,29,4,0.049000071170584504,CTNNB1;DNM2;MYC;TUBB4B,0.13832763454350847
KEGG_2021_Human,Cholinergic synapse,1,1,0.04890387858347386,KRAS,0.13832763454350847
KEGG_2021_Human,Hematopoietic cell lineage,1,1,0.04890387858347386,TFRC,0.13832763454350847
KEGG_2021_Human,Hedgehog signaling pathway,1,1,0.04890387858347386,CCND1,0.13832763454350847
KEGG_2021_Human,Osteoclast differentiation,1,1,0.04890387858347386,GRB2,0.13832763454350847
KEGG_2021_Human,GnRH secretion,1,1,0.04890387858347386,KRAS,0.13832763454350847
KEGG_2021_Human,Thermogenesis,17,3,0.04631145228765252,GRB2;KRAS;SDHB,0.13832763454350847
KEGG_2021_Human,Purine metabolism,8,2,0.05443922774024929,ADSL;PAICS,0.15233433025560988
GO_Biological_Process_2023,Response To Lipid (GO:0033993),4,3,0.0004295190213835361,CTNNB1;FOXA1;SCD,0.15308057922109228
GO_Biological_Process_2023,Positive Regulation Of miRNA Transcription (GO:1902895),4,3,0.0004295190213835361,FOXA1;MYB;MYC,0.15308057922109228
GO_Biological_Process_2023,Positive Regulation Of Epithelial To Mesenchymal Transition (GO:0010718),4,3,0.0004295190213835361,CTNNB1;FERMT2;PTK2,0.15308057922109228
GO_Biological_Process_2023,Epidermal Growth Factor Receptor Signaling Pathway (GO:0007173),4,3,0.0004295190213835361,BRAF;GRB2;PTK2,0.15308057922109228
GO_Biological_Process_2023,ERBB Signaling Pathway (GO:0038127),4,3,0.0004295190213835361,BRAF;GRB2;PTK2,0.15308057922109228
GO_Biological_Process_2023,Regulation Of miRNA Transcription (GO:1902893),4,3,0.0004295190213835361,FOXA1;MYB;MYC,0.15308057922109228
GO_Biological_Process_2023,Positive Regulation Of DNA-binding Transcription Factor Activity (GO:0051091),15,5,0.00048510370831450305,CFLAR;CTNNB1;EP300;FOXA1;TFRC,0.16208527654058333
KEGG_2021_Human,Ubiquitin mediated proteolysis,32,4,0.06656677028674124,CUL2;ELOB;MDM2;SKP2,0.18465043236061265
KEGG_2021_Human,Shigellosis,21,3,0.07893285815928396,BCL2L1;MDM2;PTK2,0.21706535993803086
KEGG_2021_Human,AMPK signaling pathway,10,2,0.08218438755343886,CCND1;SCD,0.22407538144911962
KEGG_2021_Human,Porphyrin and chlorophyll metabolism,2,1,0.09545541870343885,UROD,0.23604867105734104
KEGG_2021_Human,Toxoplasmosis,2,1,0.09545541870343885,BCL2L1,0.23604867105734104
KEGG_2021_Human,Notch signaling pathway,2,1,0.09545541870343885,EP300,0.23604867105734104
KEGG_2021_Human,Aldosterone synthesis and secretion,2,1,0.09545541870343885,ATP1B3,0.23604867105734104
KEGG_2021_Human,Protein digestion and absorption,2,1,0.09545541870343885,ATP1B3,0.23604867105734104
KEGG_2021_Human,Proximal tubule bicarbonate reclamation,2,1,0.09545541870343885,ATP1B3,0.23604867105734104
KEGG_2021_Human,Pathways of neurodegeneration,65,6,0.091939471798489,BCL2L1;BRAF;CTNNB1;KRAS;SDHB;TUBB4B,0.23604867105734104
KEGG_2021_Human,"Parathyroid hormone synthesis, secretion and action",2,1,0.09545541870343885,BRAF,0.23604867105734104
KEGG_2021_Human,Th17 cell differentiation,2,1,0.09545541870343885,IRF4,0.23604867105734104
KEGG_2021_Human,PPAR signaling pathway,2,1,0.09545541870343885,SCD,0.23604867105734104
KEGG_2021_Human,Salivary secretion,2,1,0.09545541870343885,ATP1B3,0.23604867105734104
KEGG_2021_Human,Carbohydrate digestion and absorption,2,1,0.09545541870343885,ATP1B3,0.23604867105734104
KEGG_2021_Human,Alzheimer disease,52,5,0.10495523387604427,BRAF;CTNNB1;KRAS;SDHB;TUBB4B,0.25754399697275476
GO_Biological_Process_2023,Regulation Of Osteoblast Differentiation (GO:0045667),5,3,0.0010364204773682028,CDK6;FERMT2;PTK2,0.26199169637330033
GO_Biological_Process_2023,Regulation Of Cell-Matrix Adhesion (GO:0001952),2,2,0.0023523384635088696,CDK6;PTK2,0.26199169637330033
GO_Biological_Process_2023,Regulation Of Monocyte Differentiation (GO:0045655),2,2,0.0023523384635088696,CDK6;MYC,0.26199169637330033
GO_Biological_Process_2023,Regulation Of Nephron Tubule Epithelial Cell Differentiation (GO:0072182),2,2,0.0023523384635088696,CTNNB1;PAX8,0.26199169637330033
GO_Biological_Process_2023,Negative Regulation Of Myeloid Leukocyte Differentiation (GO:0002762),2,2,0.0023523384635088696,CDK6;MYC,0.26199169637330033
GO_Biological_Process_2023,Regulation Of Fibroblast Proliferation (GO:0048145),6,3,0.0020008165251225556,CDK6;CTNNB1;MYC,0.26199169637330033
GO_Biological_Process_2023,Regulation Of Focal Adhesion Assembly (GO:0051893),2,2,0.0023523384635088696,FERMT2;PTK2,0.26199169637330033
GO_Biological_Process_2023,Regulation Of Neuron Projection Development (GO:0010975),2,2,0.0023523384635088696,CFL1;EP300,0.26199169637330033
GO_Biological_Process_2023,Regulation Of Anatomical Structure Morphogenesis (GO:0022603),5,3,0.0010364204773682028,CFL1;CTNNB1;FERMT2,0.26199169637330033
GO_Biological_Process_2023,Keratinocyte Differentiation (GO:0030216),2,2,0.0023523384635088696,CFLAR;MED1,0.26199169637330033
GO_Biological_Process_2023,Glutamine Family Amino Acid Metabolic Process (GO:0009064),2,2,0.0023523384635088696,ADSL;FPGS,0.26199169637330033
GO_Biological_Process_2023,Receptor Internalization (GO:0031623),5,3,0.0010364204773682028,DNM2;GRB2;TFRC,0.26199169637330033
GO_Biological_Process_2023,Kidney Development (GO:0001822),2,2,0.0023523384635088696,HNF1B;PAX8,0.26199169637330033
GO_Biological_Process_2023,Epidermal Cell Differentiation (GO:0009913),5,3,0.0010364204773682028,CFLAR;CTNNB1;MED1,0.26199169637330033
GO_Biological_Process_2023,Positive Regulation Of Cell-Matrix Adhesion (GO:0001954),2,2,0.0023523384635088696,CDK6;FERMT2,0.26199169637330033
GO_Biological_Process_2023,Positive Regulation Of Phosphorylation (GO:0042327),12,4,0.001902751836886011,CCND1;KRAS;PTK2;TFRC,0.26199169637330033
GO_Biological_Process_2023,Fat Cell Differentiation (GO:0045444),2,2,0.0023523384635088696,EP300;MED1,0.26199169637330033
GO_Biological_Process_2023,Dopaminergic Neuron Differentiation (GO:0071542),2,2,0.0023523384635088696,CTNNB1;FOXA1,0.26199169637330033
GO_Biological_Process_2023,Detection Of Mechanical Stimulus (GO:0050982),2,2,0.0023523384635088696,CTNNB1;PTK2,0.26199169637330033
GO_Biological_Process_2023,Positive Regulation Of Proteasomal Ubiquitin-Dependent Protein Catabolic Process (GO:0032436),11,4,0.0013162945849116764,ELOB;MDM2;SUMO2;ZER1,0.26199169637330033
GO_Biological_Process_2023,Response To Muscle Stretch (GO:0035994),2,2,0.0023523384635088696,CTNNB1;PTK2,0.26199169637330033
GO_Biological_Process_2023,Detection Of Muscle Stretch (GO:0035995),2,2,0.0023523384635088696,CTNNB1;PTK2,0.26199169637330033
GO_Biological_Process_2023,Protein Localization To Membrane (GO:0072657),6,3,0.0020008165251225556,ATP1B3;BRAF;FERMT2,0.26199169637330033
GO_Biological_Process_2023,Positive Regulation Of miRNA Metabolic Process (GO:2000630),5,3,0.0010364204773682028,FOXA1;MYB;MYC,0.26199169637330033
GO_Biological_Process_2023,Nicotinamide Nucleotide Biosynthetic Process (GO:0019359),2,2,0.0023523384635088696,NAMPT;NMNAT1,0.26199169637330033
GO_Biological_Process_2023,Pyrimidine Nucleobase Metabolic Process (GO:0006206),2,2,0.0023523384635088696,CTPS1;UMPS,0.26199169637330033
GO_Biological_Process_2023,Dicarboxylic Acid Metabolic Process (GO:0043648),2,2,0.0023523384635088696,DHFR;FPGS,0.26199169637330033
GO_Biological_Process_2023,Skin Development (GO:0043588),2,2,0.0023523384635088696,CFLAR;MED1,0.26199169637330033
GO_Biological_Process_2023,Branching Involved In Ureteric Bud Morphogenesis (GO:0001658),2,2,0.0023523384635088696,MYC;PAX8,0.26199169637330033
GO_Biological_Process_2023,Transmembrane Receptor Protein Tyrosine Kinase Signaling Pathway (GO:0007169),6,3,0.0020008165251225556,GRB2;NAMPT;PTK2,0.26199169637330033
GO_Biological_Process_2023,NAD Biosynthetic Process (GO:0009435),2,2,0.0023523384635088696,NAMPT;NMNAT1,0.26199169637330033
GO_Biological_Process_2023,Ureteric Bud Morphogenesis (GO:0060675),2,2,0.0023523384635088696,MYC;PAX8,0.26199169637330033
KEGG_2021_Human,Influenza A,12,2,0.11327986970275135,CDK6;EP300,0.27584945370364644
GO_Biological_Process_2023,Cell Cycle G1/S Phase Transition (GO:0044843),13,4,0.0026487281255983984,CCND1;CDK6;CUL2;MYC,0.28320201118898075
GO_Biological_Process_2023,G1/S Transition Of Mitotic Cell Cycle (GO:0000082),13,4,0.0026487281255983984,CCND1;CDK6;CUL2;MYC,0.28320201118898075
KEGG_2021_Human,Insulin secretion,3,1,0.13976587961154743,ATP1B3,0.3230819970730698
KEGG_2021_Human,Citrate cycle (TCA cycle),3,1,0.13976587961154743,SDHB,0.3230819970730698
KEGG_2021_Human,Pancreatic secretion,3,1,0.13976587961154743,ATP1B3,0.3230819970730698
KEGG_2021_Human,Chagas disease,3,1,0.13976587961154743,CFLAR,0.3230819970730698
KEGG_2021_Human,Arrhythmogenic right ventricular cardiomyopathy,3,1,0.13976587961154743,CTNNB1,0.3230819970730698
KEGG_2021_Human,Viral myocarditis,3,1,0.13976587961154743,CCND1,0.3230819970730698
KEGG_2021_Human,Gastric acid secretion,3,1,0.13976587961154743,ATP1B3,0.3230819970730698
GO_Biological_Process_2023,Ras Protein Signal Transduction (GO:0007265),7,3,0.003379984601889905,CFL1;GRB2;KRAS,0.33461847558710056
GO_Biological_Process_2023,Erythrocyte Differentiation (GO:0030218),7,3,0.003379984601889905,CFLAR;MED1;MYB,0.33461847558710056
GO_Biological_Process_2023,Apoptotic Process (GO:0006915),22,5,0.0032631584171453776,BCL2L1;CFLAR;EP300;MDM2;MYC,0.33461847558710056
GO_Biological_Process_2023,Neuron Differentiation (GO:0030182),7,3,0.003379984601889905,CFLAR;CTNNB1;FOXA1,0.33461847558710056
KEGG_2021_Human,Synaptic vesicle cycle,14,2,0.1468571858195087,AP2S1;DNM2,0.33703195882318904
GO_Biological_Process_2023,Positive Regulation Of Proteasomal Protein Catabolic Process (GO:1901800),14,4,0.0035738531956665204,ELOB;MDM2;SUMO2;ZER1,0.34117534257202176
GO_Biological_Process_2023,Positive Regulation Of Cell Differentiation (GO:0045597),14,4,0.0035738531956665204,CTNNB1;FERMT2;PAX8;PTK2,0.34117534257202176
GO_Biological_Process_2023,Positive Regulation Of Protein Phosphorylation (GO:0001934),23,5,0.0040149539013091306,BRAF;CCND1;KRAS;PTK2;TFRC,0.3765604132701511
KEGG_2021_Human,Cardiac muscle contraction,4,1,0.18194134789770994,ATP1B3,0.39752938342033883
KEGG_2021_Human,Bile secretion,4,1,0.18194134789770994,ATP1B3,0.39752938342033883
KEGG_2021_Human,Ferroptosis,4,1,0.18194134789770994,TFRC,0.39752938342033883
KEGG_2021_Human,Sphingolipid signaling pathway,4,1,0.18194134789770994,KRAS,0.39752938342033883
KEGG_2021_Human,PD-L1 expression and PD-1 checkpoint pathway in cancer,4,1,0.18194134789770994,KRAS,0.39752938342033883
KEGG_2021_Human,Platelet activation,4,1,0.18194134789770994,SNAP23,0.39752938342033883
KEGG_2021_Human,Vascular smooth muscle contraction,4,1,0.18194134789770994,BRAF,0.39752938342033883
GO_Biological_Process_2023,Regulation Of Extrinsic Apoptotic Signaling Pathway Via Death Domain Receptors (GO:1902041),3,2,0.006834496887221714,BCL2L1;CFLAR,0.4298496512833798
GO_Biological_Process_2023,NAD Metabolic Process (GO:0019674),3,2,0.006834496887221714,NAMPT;NMNAT1,0.4298496512833798
GO_Biological_Process_2023,Cellular Response To Xenobiotic Stimulus (GO:0071466),3,2,0.006834496887221714,MYC;TFRC,0.4298496512833798
GO_Biological_Process_2023,Regulation Of Cell Morphogenesis (GO:0022604),3,2,0.006834496887221714,CFL1;FERMT2,0.4298496512833798
GO_Biological_Process_2023,Water-Soluble Vitamin Metabolic Process (GO:0006767),3,2,0.006834496887221714,DHFR;FPGS,0.4298496512833798
GO_Biological_Process_2023,Pyrimidine Ribonucleotide Biosynthetic Process (GO:0009220),3,2,0.006834496887221714,CTPS1;UMPS,0.4298496512833798
GO_Biological_Process_2023,MAPK Cascade (GO:0000165),8,3,0.005220747015461659,BRAF;KRAS;MYC,0.4298496512833798
GO_Biological_Process_2023,Purine-Containing Compound Biosynthetic Process (GO:0072522),3,2,0.006834496887221714,ADSL;PAICS,0.4298496512833798
GO_Biological_Process_2023,protein-DNA Complex Organization (GO:0071824),8,3,0.005220747015461659,CDAN1;FAM50A;MYC,0.4298496512833798
GO_Biological_Process_2023,Nucleobase Biosynthetic Process (GO:0046112),3,2,0.006834496887221714,PAICS;UMPS,0.4298496512833798
GO_Biological_Process_2023,Pronephros Development (GO:0048793),3,2,0.006834496887221714,HNF1B;PAX8,0.4298496512833798
GO_Biological_Process_2023,Presynaptic Endocytosis (GO:0140238),3,2,0.006834496887221714,AP2S1;DNM2,0.4298496512833798
GO_Biological_Process_2023,Positive Regulation Of Wound Healing (GO:0090303),3,2,0.006834496887221714,FERMT2;PTK2,0.4298496512833798
GO_Biological_Process_2023,Insulin Receptor Signaling Pathway (GO:0008286),3,2,0.006834496887221714,GRB2;NAMPT,0.4298496512833798
GO_Biological_Process_2023,Iron Ion Transport (GO:0006826),3,2,0.006834496887221714,DNM2;TFRC,0.4298496512833798
GO_Biological_Process_2023,Adherens Junction Organization (GO:0034332),3,2,0.006834496887221714,CTNNB1;FERMT2,0.4298496512833798
GO_Biological_Process_2023,Positive Regulation Of Protein Modification Process (GO:0031401),16,4,0.006036268263255827,CCND1;KRAS;PTK2;TFRC,0.4298496512833798
GO_Biological_Process_2023,Myeloid Cell Development (GO:0061515),3,2,0.006834496887221714,MED1;MYB,0.4298496512833798
GO_Biological_Process_2023,Negative Regulation Of Extrinsic Apoptotic Signaling Pathway Via Death Domain Receptors (GO:1902042),3,2,0.006834496887221714,BCL2L1;CFLAR,0.4298496512833798
GO_Biological_Process_2023,Positive Regulation Of Cell Population Proliferation (GO:0008284),34,6,0.004863979653798104,CDK6;KRAS;MDM2;MYC;NAMPT;PTK2,0.4298496512833798
GO_Biological_Process_2023,Positive Regulation Of Macromolecule Metabolic Process (GO:0010604),24,5,0.0048835486748395,BRAF;KRAS;MED1;MYC;TFRC,0.4298496512833798
GO_Biological_Process_2023,Wnt Signaling Pathway (GO:0016055),3,2,0.006834496887221714,CTNNB1;FERMT2,0.4298496512833798
GO_Biological_Process_2023,Regulation Of Proteasomal Ubiquitin-Dependent Protein Catabolic Process (GO:0032434),15,4,0.00469703482743089,ELOB;MDM2;SUMO2;ZER1,0.4298496512833798
GO_Biological_Process_2023,Synaptic Vesicle Recycling (GO:0036465),3,2,0.006834496887221714,AP2S1;DNM2,0.4298496512833798
GO_Biological_Process_2023,Renal System Development (GO:0072001),3,2,0.006834496887221714,HNF1B;PAX8,0.4298496512833798
GO_Biological_Process_2023,Synaptic Vesicle Endocytosis (GO:0048488),3,2,0.006834496887221714,AP2S1;DNM2,0.4298496512833798
GO_Biological_Process_2023,Transferrin Transport (GO:0033572),3,2,0.006834496887221714,DNM2;TFRC,0.4298496512833798
GO_Biological_Process_2023,Response To Organic Cyclic Compound (GO:0014070),3,2,0.006834496887221714,CTNNB1;FOXA1,0.4298496512833798
GO_Biological_Process_2023,Positive Regulation Of Cell Cycle (GO:0045787),9,3,0.0075605050125653155,CCND1;FOXA1;MDM2,0.46457999766866875
GO_Biological_Process_2023,Positive Regulation Of NF-kappaB Transcription Factor Activity (GO:0051092),9,3,0.0075605050125653155,CFLAR;EP300;TFRC,0.46457999766866875
KEGG_2021_Human,cGMP-PKG signaling pathway,5,1,0.22208297380459047,ATP1B3,0.47867884218692136
KEGG_2021_Human,Selenocompound metabolism,5,1,0.22208297380459047,SEPHS2,0.47867884218692136
KEGG_2021_Human,Progesterone-mediated oocyte maturation,19,2,0.2370931902493581,BRAF;KRAS,0.5076021992586929
KEGG_2021_Human,Drug metabolism,6,1,0.26028719693696456,UMPS,0.5356878440186561
KEGG_2021_Human,Longevity regulating pathway,6,1,0.26028719693696456,KRAS,0.5356878440186561
KEGG_2021_Human,Adrenergic signaling in cardiomyocytes,6,1,0.26028719693696456,ATP1B3,0.5356878440186561
KEGG_2021_Human,Glucagon signaling pathway,6,1,0.26028719693696456,EP300,0.5356878440186561
KEGG_2021_Human,Yersinia infection,6,1,0.26028719693696456,PTK2,0.5356878440186561
KEGG_2021_Human,SNARE interactions in vesicular transport,6,1,0.26028719693696456,SNAP23,0.5356878440186561
KEGG_2021_Human,Phagosome,21,2,0.2742597705717127,TFRC;TUBB4B,0.5608260693101048
GO_Biological_Process_2023,Mitotic Cell Cycle Phase Transition (GO:0044772),28,5,0.00971107491447899,CCND1;CDK6;CUL2;DNM2;MYC,0.5899478010545985
KEGG_2021_Human,Non-alcoholic fatty liver disease,7,1,0.2966459618332832,SDHB,0.6027392472918301
GO_Biological_Process_2023,Negative Regulation Of Myeloid Cell Differentiation (GO:0045638),4,2,0.013239474753059893,CDK6;MYB,0.693904235586845
GO_Biological_Process_2023,T Cell Activation (GO:0042110),4,2,0.013239474753059893,CTPS1;IRF4,0.693904235586845
GO_Biological_Process_2023,Regulation Of Substrate Adhesion-Dependent Cell Spreading (GO:1900024),4,2,0.013239474753059893,FERMT2;PTK2,0.693904235586845
GO_Biological_Process_2023,Protein Destabilization (GO:0031648),4,2,0.013239474753059893,EP300;MDM2,0.693904235586845
GO_Biological_Process_2023,SCF-dependent Proteasomal Ubiquitin-Dependent Protein Catabolic Process (GO:0031146),4,2,0.013239474753059893,CUL2;SKP2,0.693904235586845
GO_Biological_Process_2023,Positive Regulation Of Protein Kinase B Signaling (GO:0051897),4,2,0.013239474753059893,FERMT2;PTK2,0.693904235586845
GO_Biological_Process_2023,Integrin-Mediated Signaling Pathway (GO:0007229),4,2,0.013239474753059893,FERMT2;PTK2,0.693904235586845
GO_Biological_Process_2023,Positive Regulation Of Fibroblast Proliferation (GO:0048146),4,2,0.013239474753059893,CDK6;MYC,0.693904235586845
GO_Biological_Process_2023,Negative Regulation Of Epithelial Cell Proliferation (GO:0050680),4,2,0.013239474753059893,CDK6;MED1,0.693904235586845
GO_Biological_Process_2023,Negative Regulation Of Extrinsic Apoptotic Signaling Pathway (GO:2001237),4,2,0.013239474753059893,BCL2L1;CFLAR,0.693904235586845
GO_Biological_Process_2023,Response To Estradiol (GO:0032355),4,2,0.013239474753059893,CTNNB1;FOXA1,0.693904235586845
GO_Biological_Process_2023,Small GTPase Mediated Signal Transduction (GO:0007264),4,2,0.013239474753059893,GRB2;KRAS,0.693904235586845
GO_Biological_Process_2023,Transforming Growth Factor Beta Receptor Signaling Pathway (GO:0007179),4,2,0.013239474753059893,FERMT2;PTK2,0.693904235586845
GO_Biological_Process_2023,Regulation Of Intrinsic Apoptotic Signaling Pathway By P53 Class Mediator (GO:1902253),4,2,0.013239474753059893,MDM2;MYC,0.693904235586845
GO_Biological_Process_2023,Peptidyl-Lysine Modification (GO:0018205),11,3,0.013845154058908852,EP300;MDM2;SUMO2,0.7131683611600946
GO_Biological_Process_2023,Regulation Of Protein Phosphorylation (GO:0001932),20,4,0.013873832689983136,CCND1;KRAS;PTK2;TFRC,0.7131683611600946
GO_Biological_Process_2023,Regulation Of Endothelial Cell Migration (GO:0010594),1,1,0.04890387858347386,PTK2,0.734382401424863
GO_Biological_Process_2023,Negative Regulation Of Cell Division (GO:0051782),1,1,0.04890387858347386,MYC,0.734382401424863
GO_Biological_Process_2023,Steroid Hormone Mediated Signaling Pathway (GO:0043401),1,1,0.04890387858347386,MED1,0.734382401424863
GO_Biological_Process_2023,Negative Regulation Of Apoptotic Signaling Pathway (GO:2001234),7,2,0.04213460755905238,BCL2L1;CFLAR,0.734382401424863
GO_Biological_Process_2023,Type B Pancreatic Cell Differentiation (GO:0003309),1,1,0.04890387858347386,CDK6,0.734382401424863
GO_Biological_Process_2023,Necroptotic Process (GO:0070266),1,1,0.04890387858347386,TRPM7,0.734382401424863
GO_Biological_Process_2023,Natural Killer Cell Mediated Immunity (GO:0002228),1,1,0.04890387858347386,TUBB4B,0.734382401424863
GO_Biological_Process_2023,Natural Killer Cell Mediated Cytotoxicity (GO:0042267),1,1,0.04890387858347386,TUBB4B,0.734382401424863
GO_Biological_Process_2023,Myeloid Cell Differentiation (GO:0030099),7,2,0.04213460755905238,CFLAR;MYB,0.734382401424863
GO_Biological_Process_2023,Stimulatory C-type Lectin Receptor Signaling Pathway (GO:0002223),1,1,0.04890387858347386,EP300,0.734382401424863
GO_Biological_Process_2023,Muscle Tissue Development (GO:0060537),1,1,0.04890387858347386,CFLAR,0.734382401424863
GO_Biological_Process_2023,Monoatomic Cation Transport (GO:0006812),1,1,0.04890387858347386,TRPM7,0.734382401424863
GO_Biological_Process_2023,Mitotic G1 DNA Damage Checkpoint Signaling (GO:0031571),7,2,0.04213460755905238,CCND1;MDM2,0.734382401424863
GO_Biological_Process_2023,Negative Regulation Of Cellular Biosynthetic Process (GO:0031327),15,3,0.033210532161085465,DHFR;EP300;TYMS,0.734382401424863
GO_Biological_Process_2023,Metanephros Development (GO:0001656),1,1,0.04890387858347386,PAX8,0.734382401424863
GO_Biological_Process_2023,Metanephric Nephron Tubule Development (GO:0072234),1,1,0.04890387858347386,PAX8,0.734382401424863
GO_Biological_Process_2023,Mesonephros Development (GO:0001823),1,1,0.04890387858347386,PAX8,0.734382401424863
GO_Biological_Process_2023,Mesenchymal To Epithelial Transition Involved In Metanephros Morphogenesis (GO:0003337),1,1,0.04890387858347386,PAX8,0.734382401424863
GO_Biological_Process_2023,Mesenchymal To Epithelial Transition (GO:0060231),1,1,0.04890387858347386,PAX8,0.734382401424863
GO_Biological_Process_2023,Mesenchymal Cell Migration (GO:0090497),1,1,0.04890387858347386,SOX10,0.734382401424863
GO_Biological_Process_2023,Mesenchymal Cell Differentiation (GO:0048762),1,1,0.04890387858347386,CTNNB1,0.734382401424863
GO_Biological_Process_2023,Membrane Repolarization (GO:0086009),1,1,0.04890387858347386,ATP1B3,0.734382401424863
GO_Biological_Process_2023,Megakaryocyte Differentiation (GO:0030219),1,1,0.04890387858347386,MED1,0.734382401424863
GO_Biological_Process_2023,Megakaryocyte Development (GO:0035855),1,1,0.04890387858347386,MED1,0.734382401424863
GO_Biological_Process_2023,Kidney Epithelium Development (GO:0072073),1,1,0.04890387858347386,PAX8,0.734382401424863
GO_Biological_Process_2023,Regulation Of Mitochondrial Membrane Permeability (GO:0046902),1,1,0.04890387858347386,BCL2L1,0.734382401424863
GO_Biological_Process_2023,Regulation Of Mesenchymal Cell Proliferation (GO:0010464),1,1,0.04890387858347386,MYC,0.734382401424863
GO_Biological_Process_2023,Steroid Hormone Biosynthetic Process (GO:0120178),1,1,0.04890387858347386,MED1,0.734382401424863
GO_Biological_Process_2023,Substrate Adhesion-Dependent Cell Spreading (GO:0034446),1,1,0.04890387858347386,FERMT2,0.734382401424863
GO_Biological_Process_2023,Peptidyl-Tyrosine Modification (GO:0018212),1,1,0.04890387858347386,PTK2,0.734382401424863
GO_Biological_Process_2023,Peptidyl-Lysine Acetylation (GO:0018394),1,1,0.04890387858347386,EP300,0.734382401424863
GO_Biological_Process_2023,Nucleoside Phosphate Biosynthetic Process (GO:1901293),1,1,0.04890387858347386,NMNAT1,0.734382401424863
GO_Biological_Process_2023,Skeletal Myofibril Assembly (GO:0014866),1,1,0.04890387858347386,CFLAR,0.734382401424863
GO_Biological_Process_2023,Neuron Projection Morphogenesis (GO:0048812),5,2,0.02137484427018769,CTNNB1;DNM2,0.734382401424863
GO_Biological_Process_2023,Neuron Projection Guidance (GO:0097485),1,1,0.04890387858347386,PTK2,0.734382401424863
GO_Biological_Process_2023,Neuron Projection Extension (GO:1990138),1,1,0.04890387858347386,CTNNB1,0.734382401424863
GO_Biological_Process_2023,Tetrapyrrole Metabolic Process (GO:0033013),1,1,0.04890387858347386,UROD,0.734382401424863
GO_Biological_Process_2023,Neural Crest Cell Migration (GO:0001755),1,1,0.04890387858347386,SOX10,0.734382401424863
GO_Biological_Process_2023,Neural Crest Cell Development (GO:0014032),1,1,0.04890387858347386,SOX10,0.734382401424863
GO_Biological_Process_2023,Nervous System Development (GO:0007399),12,3,0.01782595479958313,EP300;PAX8;SOX10,0.734382401424863
GO_Biological_Process_2023,Regulation Of Macrophage Proliferation (GO:0120040),1,1,0.04890387858347386,PTK2,0.734382401424863
GO_Biological_Process_2023,Nephron Tubule Development (GO:0072080),1,1,0.04890387858347386,HNF1B,0.734382401424863
GO_Biological_Process_2023,Negative Regulation Of Protein Sumoylation (GO:0033234),1,1,0.04890387858347386,CTNNB1,0.734382401424863
GO_Biological_Process_2023,Regulation Of Keratinocyte Differentiation (GO:0045616),1,1,0.04890387858347386,MED1,0.734382401424863
GO_Biological_Process_2023,Regulation Of Keratinocyte Proliferation (GO:0010837),1,1,0.04890387858347386,MED1,0.734382401424863
GO_Biological_Process_2023,Negative Regulation Of Osteoblast Differentiation (GO:0045668),1,1,0.04890387858347386,CDK6,0.734382401424863
GO_Biological_Process_2023,Negative Regulation Of Neuron Differentiation (GO:0045665),1,1,0.04890387858347386,MED1,0.734382401424863
GO_Biological_Process_2023,Sodium Ion Transport (GO:0006814),1,1,0.04890387858347386,ATP1B3,0.734382401424863
GO_Biological_Process_2023,Regulation Of Macromolecule Metabolic Process (GO:0060255),12,3,0.01782595479958313,CDK6;MDM2;MYC,0.734382401424863
GO_Biological_Process_2023,Negative Regulation Of Mitochondrion Organization (GO:0010823),5,2,0.02137484427018769,BCL2L1;TFRC,0.734382401424863
GO_Biological_Process_2023,Negative Regulation Of Keratinocyte Proliferation (GO:0010839),1,1,0.04890387858347386,MED1,0.734382401424863
GO_Biological_Process_2023,Negative Regulation Of Intrinsic Apoptotic Signaling Pathway (GO:2001243),7,2,0.04213460755905238,BCL2L1;MDM2,0.734382401424863
GO_Biological_Process_2023,Negative Regulation Of Fat Cell Differentiation (GO:0045599),1,1,0.04890387858347386,FERMT2,0.734382401424863
GO_Biological_Process_2023,Negative Regulation Of Vascular Permeability (GO:0043116),1,1,0.04890387858347386,FERMT2,0.734382401424863
GO_Biological_Process_2023,Type B Pancreatic Cell Development (GO:0003323),1,1,0.04890387858347386,CDK6,0.734382401424863
GO_Biological_Process_2023,Sympathetic Ganglion Development (GO:0061549),1,1,0.04890387858347386,CTNNB1,0.734382401424863
GO_Biological_Process_2023,Intrinsic Apoptotic Signaling Pathway In Response To DNA Damage (GO:0008630),5,2,0.02137484427018769,BCL2L1;EP300,0.734382401424863
GO_Biological_Process_2023,Endocrine System Development (GO:0035270),1,1,0.04890387858347386,PAX8,0.734382401424863
GO_Biological_Process_2023,Embryonic Limb Morphogenesis (GO:0030326),1,1,0.04890387858347386,CTNNB1,0.734382401424863
GO_Biological_Process_2023,Ear Morphogenesis (GO:0042471),1,1,0.04890387858347386,PAX8,0.734382401424863
GO_Biological_Process_2023,Synaptic Vesicle Localization (GO:0097479),1,1,0.04890387858347386,DNM2,0.734382401424863
GO_Biological_Process_2023,Synaptic Vesicle Membrane Organization (GO:0048499),1,1,0.04890387858347386,SNAP23,0.734382401424863
GO_Biological_Process_2023,Transmembrane Receptor Protein Serine/Threonine Kinase Signaling Pathway (GO:0007178),5,2,0.02137484427018769,FERMT2;PTK2,0.734382401424863
GO_Biological_Process_2023,Regulation Of Nitric-Oxide Synthase Biosynthetic Process (GO:0051769),1,1,0.04890387858347386,NAMPT,0.734382401424863
GO_Biological_Process_2023,Defense Response To Protozoan (GO:0042832),1,1,0.04890387858347386,IRF4,0.734382401424863
GO_Biological_Process_2023,Connective Tissue Development (GO:0061448),1,1,0.04890387858347386,NAMPT,0.734382401424863
GO_Biological_Process_2023,Chromatin Organization (GO:0006325),36,5,0.027586240780254106,CDAN1;DNAJC9;FAM50A;FOXA1;MYC,0.734382401424863
GO_Biological_Process_2023,Central Nervous System Myelination (GO:0022010),1,1,0.04890387858347386,SOX10,0.734382401424863
GO_Biological_Process_2023,Regulation Of Organelle Organization (GO:0033043),7,2,0.04213460755905238,EP300;PTK2,0.734382401424863
GO_Biological_Process_2023,Cellular Response To Transforming Growth Factor Beta Stimulus (GO:0071560),5,2,0.02137484427018769,FERMT2;PTK2,0.734382401424863
GO_Biological_Process_2023,Cellular Response To Thyroid Hormone Stimulus (GO:0097067),1,1,0.04890387858347386,MED1,0.734382401424863
GO_Biological_Process_2023,Cellular Response To Lectin (GO:1990858),1,1,0.04890387858347386,EP300,0.734382401424863
GO_Biological_Process_2023,Cellular Response To Insulin Stimulus (GO:0032869),7,2,0.04213460755905238,GRB2;NAMPT,0.734382401424863
GO_Biological_Process_2023,Cellular Response To Hormone Stimulus (GO:0032870),6,2,0.03106185814272025,MED1;PAX8,0.734382401424863
GO_Biological_Process_2023,Cellular Response To Growth Hormone Stimulus (GO:0071378),1,1,0.04890387858347386,PTK2,0.734382401424863
GO_Biological_Process_2023,Cellular Response To Gonadotropin Stimulus (GO:0071371),1,1,0.04890387858347386,PAX8,0.734382401424863
GO_Biological_Process_2023,Cell-Substrate Junction Assembly (GO:0007044),1,1,0.04890387858347386,FERMT2,0.734382401424863
GO_Biological_Process_2023,Cell-Matrix Adhesion (GO:0007160),1,1,0.04890387858347386,FERMT2,0.734382401424863
GO_Biological_Process_2023,Cell-Cell Junction Maintenance (GO:0045217),1,1,0.04890387858347386,FERMT2,0.734382401424863
GO_Biological_Process_2023,Cell Differentiation Involved In Metanephros Development (GO:0072202),1,1,0.04890387858347386,PAX8,0.734382401424863
GO_Biological_Process_2023,Synaptic Vesicle Transport (GO:0048489),1,1,0.04890387858347386,DNM2,0.734382401424863
GO_Biological_Process_2023,Canonical Wnt Signaling Pathway (GO:0060070),1,1,0.04890387858347386,CTNNB1,0.734382401424863
GO_Biological_Process_2023,Enteric Nervous System Development (GO:0048484),1,1,0.04890387858347386,SOX10,0.734382401424863
GO_Biological_Process_2023,Peptidyl-Tyrosine Phosphorylation (GO:0018108),1,1,0.04890387858347386,PTK2,0.734382401424863
GO_Biological_Process_2023,Synaptic Vesicle Fusion To Presynaptic Active Zone Membrane (GO:0031629),1,1,0.04890387858347386,SNAP23,0.734382401424863
GO_Biological_Process_2023,Epithelial Cell Differentiation Involved In Kidney Development (GO:0035850),1,1,0.04890387858347386,PAX8,0.734382401424863
GO_Biological_Process_2023,Intrinsic Apoptotic Signaling Pathway (GO:0097193),6,2,0.03106185814272025,BCL2L1;CUL2,0.734382401424863
GO_Biological_Process_2023,Intracellular Monoatomic Cation Homeostasis (GO:0030003),17,3,0.04631145228765252,ATP1B3;MYC;TFRC,0.734382401424863
GO_Biological_Process_2023,Regulation Of Mononuclear Cell Migration (GO:0071675),1,1,0.04890387858347386,PTK2,0.734382401424863
GO_Biological_Process_2023,Integrin Activation (GO:0033622),1,1,0.04890387858347386,FERMT2,0.734382401424863
GO_Biological_Process_2023,Sympathetic Nervous System Development (GO:0048485),1,1,0.04890387858347386,CTNNB1,0.734382401424863
GO_Biological_Process_2023,Inner Ear Morphogenesis (GO:0042472),1,1,0.04890387858347386,PAX8,0.734382401424863
GO_Biological_Process_2023,Innate Immune Response Activating Cell Surface Receptor Signaling Pathway (GO:0002220),1,1,0.04890387858347386,EP300,0.734382401424863
GO_Biological_Process_2023,Heme Biosynthetic Process (GO:0006783),1,1,0.04890387858347386,UROD,0.734382401424863
GO_Biological_Process_2023,Heart Morphogenesis (GO:0003007),1,1,0.04890387858347386,PTK2,0.734382401424863
GO_Biological_Process_2023,Growth Hormone Receptor Signaling Pathway (GO:0060396),1,1,0.04890387858347386,PTK2,0.734382401424863
GO_Biological_Process_2023,Regulation Of Myoblast Fusion (GO:1901739),1,1,0.04890387858347386,CFLAR,0.734382401424863
GO_Biological_Process_2023,Glutamate Metabolic Process (GO:0006536),1,1,0.04890387858347386,FPGS,0.734382401424863
GO_Biological_Process_2023,Gliogenesis (GO:0042063),1,1,0.04890387858347386,CDK6,0.734382401424863
GO_Biological_Process_2023,Glial Cell Development (GO:0021782),7,2,0.04213460755905238,CDK6;SOX10,0.734382401424863
GO_Biological_Process_2023,Glandular Epithelial Cell Development (GO:0002068),1,1,0.04890387858347386,CDK6,0.734382401424863
GO_Biological_Process_2023,Generation Of Neurons (GO:0048699),7,2,0.04213460755905238,CDK6;CFLAR,0.734382401424863
GO_Biological_Process_2023,Ganglion Development (GO:0061548),1,1,0.04890387858347386,CTNNB1,0.734382401424863
GO_Biological_Process_2023,Folic Acid-Containing Compound Metabolic Process (GO:0006760),1,1,0.04890387858347386,FPGS,0.734382401424863
GO_Biological_Process_2023,Folic Acid Metabolic Process (GO:0046655),1,1,0.04890387858347386,FPGS,0.734382401424863
GO_Biological_Process_2023,Focal Adhesion Assembly (GO:0048041),1,1,0.04890387858347386,FERMT2,0.734382401424863
GO_Biological_Process_2023,Regulation Of Peptidyl-Serine Phosphorylation (GO:0033135),6,2,0.03106185814272025,BRAF;TFRC,0.734382401424863
GO_Biological_Process_2023,Regulation Of Neuroblast Proliferation (GO:1902692),1,1,0.04890387858347386,CTNNB1,0.734382401424863
GO_Biological_Process_2023,Erythrocyte Development (GO:0048821),1,1,0.04890387858347386,MED1,0.734382401424863
GO_Biological_Process_2023,Epithelium Development (GO:0060429),6,2,0.03106185814272025,PAX8;SOX10,0.734382401424863
GO_Biological_Process_2023,Epithelial To Mesenchymal Transition (GO:0001837),1,1,0.04890387858347386,CTNNB1,0.734382401424863
GO_Biological_Process_2023,Synaptic Vesicle Exocytosis (GO:0016079),1,1,0.04890387858347386,SNAP23,0.734382401424863
GO_Biological_Process_2023,Peripheral Nervous System Development (GO:0007422),1,1,0.04890387858347386,SOX10,0.734382401424863
GO_Biological_Process_2023,Plasma Membrane Bounded Cell Projection Morphogenesis (GO:0120039),1,1,0.04890387858347386,DNM2,0.734382401424863
GO_Biological_Process_2023,Porphyrin-Containing Compound Biosynthetic Process (GO:0006779),1,1,0.04890387858347386,UROD,0.734382401424863
GO_Biological_Process_2023,Regulation Of Fibroblast Migration (GO:0010762),1,1,0.04890387858347386,PTK2,0.734382401424863
GO_Biological_Process_2023,Urogenital System Development (GO:0001655),1,1,0.04890387858347386,PAX8,0.734382401424863
GO_Biological_Process_2023,Programmed Necrotic Cell Death (GO:0097300),1,1,0.04890387858347386,TRPM7,0.734382401424863
GO_Biological_Process_2023,Respiratory Electron Transport Chain (GO:0022904),1,1,0.04890387858347386,SDHB,0.734382401424863
GO_Biological_Process_2023,Potassium Ion Transport (GO:0006813),1,1,0.04890387858347386,ATP1B3,0.734382401424863
GO_Biological_Process_2023,post-Golgi Vesicle-Mediated Transport (GO:0006892),7,2,0.04213460755905238,DNM2;SNAP23,0.734382401424863
GO_Biological_Process_2023,Response To UV-A (GO:0070141),1,1,0.04890387858347386,CCND1,0.734382401424863
GO_Biological_Process_2023,Regulation Of Phosphatidylinositol 3-Kinase Activity (GO:0043551),1,1,0.04890387858347386,PTK2,0.734382401424863
GO_Biological_Process_2023,Positive Regulation Of Transmembrane Transport (GO:0034764),1,1,0.04890387858347386,BRAF,0.734382401424863
GO_Biological_Process_2023,Positive Regulation Of Sodium Ion Transmembrane Transport (GO:1902307),1,1,0.04890387858347386,ATP1B3,0.734382401424863
GO_Biological_Process_2023,Positive Regulation Of Response To Wounding (GO:1903036),1,1,0.04890387858347386,PTK2,0.734382401424863
GO_Biological_Process_2023,Positive Regulation Of Receptor Signaling Pathway Via STAT (GO:1904894),1,1,0.04890387858347386,EP300,0.734382401424863
GO_Biological_Process_2023,Positive Regulation Of Receptor Signaling Pathway Via JAK-STAT (GO:0046427),1,1,0.04890387858347386,EP300,0.734382401424863
GO_Biological_Process_2023,Positive Regulation Of Protein Serine/Threonine Kinase Activity (GO:0071902),5,2,0.02137484427018769,CCND1;FERMT2,0.734382401424863
GO_Biological_Process_2023,Regulation Of Glucose Transmembrane Transport (GO:0010827),1,1,0.04890387858347386,BRAF,0.734382401424863
GO_Biological_Process_2023,Response To Fatty Acid (GO:0070542),1,1,0.04890387858347386,SCD,0.734382401424863
GO_Biological_Process_2023,Response To Gamma Radiation (GO:0010332),6,2,0.03106185814272025,MDM2;MYC,0.734382401424863
GO_Biological_Process_2023,Positive Regulation Of Protein Localization (GO:1903829),6,2,0.03106185814272025,FERMT2;TFRC,0.734382401424863
GO_Biological_Process_2023,Regulation Of Granulocyte Chemotaxis (GO:0071622),1,1,0.04890387858347386,PTK2,0.734382401424863
GO_Biological_Process_2023,Response To Gonadotropin (GO:0034698),1,1,0.04890387858347386,PAX8,0.734382401424863
GO_Biological_Process_2023,Regulation Of Immune Response (GO:0050776),1,1,0.04890387858347386,IRF4,0.734382401424863
GO_Biological_Process_2023,Positive Regulation Of Programmed Cell Death (GO:0043068),23,4,0.022721911709009522,CFLAR;CTNNB1;DNM2;FOXA1,0.734382401424863
GO_Biological_Process_2023,Positive Regulation Of Potassium Ion Transmembrane Transporter Activity (GO:1901018),1,1,0.04890387858347386,ATP1B3,0.734382401424863
GO_Biological_Process_2023,Positive Regulation Of Potassium Ion Transmembrane Transport (GO:1901381),1,1,0.04890387858347386,ATP1B3,0.734382401424863
GO_Biological_Process_2023,Thyroid Gland Development (GO:0030878),1,1,0.04890387858347386,PAX8,0.734382401424863
GO_Biological_Process_2023,Protein Localization To Cell Surface (GO:0034394),1,1,0.04890387858347386,CTNNB1,0.734382401424863
GO_Biological_Process_2023,Positive Regulation Of Phosphatidylinositol 3-Kinase Signaling (GO:0014068),1,1,0.04890387858347386,PTK2,0.734382401424863
GO_Biological_Process_2023,Regulation Of Wound Healing (GO:0061041),1,1,0.04890387858347386,PTK2,0.734382401424863
GO_Biological_Process_2023,Protein Sumoylation (GO:0016925),7,2,0.04213460755905238,MDM2;SUMO2,0.734382401424863
GO_Biological_Process_2023,Regulation Of Endocytosis (GO:0030100),1,1,0.04890387858347386,AP2S1,0.734382401424863
GO_Biological_Process_2023,Regulation Of Dendritic Spine Morphogenesis (GO:0061001),1,1,0.04890387858347386,CFL1,0.734382401424863
GO_Biological_Process_2023,Regulation Of Cold-Induced Thermogenesis (GO:0120161),6,2,0.03106185814272025,IRF4;SCD,0.734382401424863
GO_Biological_Process_2023,Regulation Of Cellular Response To Oxidative Stress (GO:1900407),1,1,0.04890387858347386,DHFR,0.734382401424863
GO_Biological_Process_2023,Regulation Of Cell-Substrate Junction Assembly (GO:0090109),1,1,0.04890387858347386,PTK2,0.734382401424863
GO_Biological_Process_2023,Regulation Of Potassium Ion Transmembrane Transporter Activity (GO:1901016),1,1,0.04890387858347386,ATP1B3,0.734382401424863
GO_Biological_Process_2023,Regulation Of Cell Motility (GO:2000145),1,1,0.04890387858347386,CDK6,0.734382401424863
GO_Biological_Process_2023,Regulation Of Postsynapse Organization (GO:0099175),1,1,0.04890387858347386,CFL1,0.734382401424863
GO_Biological_Process_2023,Regulation Of Cell Differentiation (GO:0045595),14,3,0.027507832694354556,CDK6;CTNNB1;PTK2,0.734382401424863
GO_Biological_Process_2023,Regulation Of Calcium Ion Transport (GO:0051924),1,1,0.04890387858347386,CTNNB1,0.734382401424863
GO_Biological_Process_2023,Regulation Of Calcium Ion Import (GO:0090279),1,1,0.04890387858347386,CTNNB1,0.734382401424863
GO_Biological_Process_2023,Regulation Of Branching Involved In Ureteric Bud Morphogenesis (GO:0090189),1,1,0.04890387858347386,PAX8,0.734382401424863
GO_Biological_Process_2023,Vascular Endothelial Growth Factor Receptor Signaling Pathway (GO:0048010),1,1,0.04890387858347386,PTK2,0.734382401424863
GO_Biological_Process_2023,Regulation Of T-helper Cell Differentiation (GO:0045622),1,1,0.04890387858347386,IRF4,0.734382401424863
GO_Biological_Process_2023,Regulation Of T Cell Proliferation (GO:0042129),1,1,0.04890387858347386,TFRC,0.734382401424863
GO_Biological_Process_2023,Regulation Of RNA Polymerase II Regulatory Region Sequence-Specific DNA Binding (GO:1903025),1,1,0.04890387858347386,EP300,0.734382401424863
GO_Biological_Process_2023,Regulation Of DNA Methylation (GO:0044030),1,1,0.04890387858347386,MYC,0.734382401424863
GO_Biological_Process_2023,Regulation Of B Cell Proliferation (GO:0030888),1,1,0.04890387858347386,TFRC,0.734382401424863
GO_Biological_Process_2023,Regulation Of Protein Kinase B Signaling (GO:0051896),7,2,0.04213460755905238,FERMT2;PTK2,0.734382401424863
GO_Biological_Process_2023,Regulation Of Erythrocyte Differentiation (GO:0045646),5,2,0.02137484427018769,CDK6;MED1,0.734382401424863
GO_Biological_Process_2023,Regulation Of Skeletal Muscle Satellite Cell Proliferation (GO:0014842),1,1,0.04890387858347386,CFLAR,0.734382401424863
GO_Biological_Process_2023,Regulation Of Extrinsic Apoptotic Signaling Pathway (GO:2001236),1,1,0.04890387858347386,CFLAR,0.734382401424863
GO_Biological_Process_2023,Purine Ribonucleotide Biosynthetic Process (GO:0009152),6,2,0.03106185814272025,ADSL;PAICS,0.734382401424863
GO_Biological_Process_2023,Regulation Of Phosphatidylinositol 3-Kinase Signaling (GO:0014066),1,1,0.04890387858347386,PTK2,0.734382401424863
GO_Biological_Process_2023,Regulation Of Superoxide Metabolic Process (GO:0090322),1,1,0.04890387858347386,DHFR,0.734382401424863
GO_Biological_Process_2023,Protein Polyubiquitination (GO:0000209),22,4,0.01946852774245291,CBFB;CTNNB1;MDM2;SKP2,0.734382401424863
GO_Biological_Process_2023,Positive Regulation Of Phosphatidylinositol 3-Kinase Activity (GO:0043552),1,1,0.04890387858347386,PTK2,0.734382401424863
GO_Biological_Process_2023,Positive Regulation Of Peptidyl-Serine Phosphorylation (GO:0033138),5,2,0.02137484427018769,BRAF;TFRC,0.734382401424863
GO_Biological_Process_2023,Positive Regulation Of Nitrogen Compound Metabolic Process (GO:0051173),1,1,0.04890387858347386,PAX8,0.734382401424863
GO_Biological_Process_2023,Positive Regulation Of Epithelial Cell Differentiation Involved In Kidney Development (GO:2000698),1,1,0.04890387858347386,PAX8,0.734382401424863
GO_Biological_Process_2023,Positive Regulation Of Epidermal Cell Differentiation (GO:0045606),1,1,0.04890387858347386,MED1,0.734382401424863
GO_Biological_Process_2023,Positive Regulation Of Developmental Process (GO:0051094),15,3,0.033210532161085465,CFL1;CTNNB1;TFRC,0.734382401424863
GO_Biological_Process_2023,Positive Regulation Of Cyclin-Dependent Protein Serine/Threonine Kinase Activity (GO:0045737),1,1,0.04890387858347386,CCND1,0.734382401424863
GO_Biological_Process_2023,Positive Regulation Of Cyclin-Dependent Protein Kinase Activity (GO:1904031),1,1,0.04890387858347386,CCND1,0.734382401424863
GO_Biological_Process_2023,Positive Regulation Of Cold-Induced Thermogenesis (GO:0120162),6,2,0.03106185814272025,IRF4;SCD,0.734382401424863
GO_Biological_Process_2023,Positive Regulation Of Cellular Metabolic Process (GO:0031325),5,2,0.02137484427018769,GRB2;PAX8,0.734382401424863
GO_Biological_Process_2023,Positive Regulation Of Cell-Substrate Junction Organization (GO:0150117),1,1,0.04890387858347386,FERMT2,0.734382401424863
GO_Biological_Process_2023,Positive Regulation Of Cell-Substrate Adhesion (GO:0010811),5,2,0.02137484427018769,CDK6;FERMT2,0.734382401424863
GO_Biological_Process_2023,Regulation Of Peptide Hormone Secretion (GO:0090276),1,1,0.04890387858347386,PAX8,0.734382401424863
GO_Biological_Process_2023,Positive Regulation Of Cell-Cell Adhesion Mediated By Cadherin (GO:2000049),1,1,0.04890387858347386,FOXA1,0.734382401424863
GO_Biological_Process_2023,Positive Regulation Of Cell Projection Organization (GO:0031346),1,1,0.04890387858347386,EP300,0.734382401424863
GO_Biological_Process_2023,Serine Family Amino Acid Metabolic Process (GO:0009069),1,1,0.04890387858347386,SEPHS2,0.734382401424863
GO_Biological_Process_2023,Positive Regulation Of Cell Junction Assembly (GO:1901890),1,1,0.04890387858347386,FERMT2,0.734382401424863
GO_Biological_Process_2023,Skeletal Muscle Organ Development (GO:0060538),1,1,0.04890387858347386,CFLAR,0.734382401424863
GO_Biological_Process_2023,Regulation Of Interleukin-4 Production (GO:0032673),1,1,0.04890387858347386,IRF4,0.734382401424863
GO_Biological_Process_2023,Positive Regulation Of Branching Involved In Ureteric Bud Morphogenesis (GO:0090190),1,1,0.04890387858347386,PAX8,0.734382401424863
GO_Biological_Process_2023,Positive Regulation Of Apoptotic Process (GO:0043065),24,4,0.026289584315843526,CFLAR;CTNNB1;DNM2;FOXA1,0.734382401424863
GO_Biological_Process_2023,Skeletal Muscle Tissue Development (GO:0007519),1,1,0.04890387858347386,CFLAR,0.734382401424863
GO_Biological_Process_2023,Regulation Of Intracellular Steroid Hormone Receptor Signaling Pathway (GO:0033143),1,1,0.04890387858347386,EP300,0.734382401424863
GO_Biological_Process_2023,Positive Regulation Of ERK1 And ERK2 Cascade (GO:0070374),7,2,0.04213460755905238,BRAF;FERMT2,0.734382401424863
GO_Biological_Process_2023,Skeletal Muscle Tissue Regeneration (GO:0043403),1,1,0.04890387858347386,CFLAR,0.734382401424863
GO_Biological_Process_2023,Positive Regulation Of B Cell Proliferation (GO:0030890),1,1,0.04890387858347386,TFRC,0.734382401424863
GO_Biological_Process_2023,Positive Regulation Of ATP-dependent Activity (GO:0032781),6,2,0.03106185814272025,ATP1B3;DNAJC9,0.734382401424863
GO_Biological_Process_2023,Porphyrin-Containing Compound Catabolic Process (GO:0006787),1,1,0.04890387858347386,UROD,0.734382401424863
GO_Biological_Process_2023,Positive Regulation Of Epithelial Cell Proliferation (GO:0050679),1,1,0.04890387858347386,MYC,0.734382401424863
GO_Biological_Process_2023,Serine Family Amino Acid Biosynthetic Process (GO:0009070),1,1,0.04890387858347386,SEPHS2,0.734382401424863
GO_Biological_Process_2023,Positive Regulation Of Fibroblast Migration (GO:0010763),1,1,0.04890387858347386,PTK2,0.734382401424863
GO_Biological_Process_2023,Regulation Of Interleukin-13 Production (GO:0032656),1,1,0.04890387858347386,IRF4,0.734382401424863
GO_Biological_Process_2023,Positive Regulation Of Nitric-Oxide Synthase Biosynthetic Process (GO:0051770),1,1,0.04890387858347386,NAMPT,0.734382401424863
GO_Biological_Process_2023,Positive Regulation Of Neuron Projection Development (GO:0010976),1,1,0.04890387858347386,EP300,0.734382401424863
GO_Biological_Process_2023,Positive Regulation Of Neuron Death (GO:1901216),1,1,0.04890387858347386,CTNNB1,0.734382401424863
GO_Biological_Process_2023,Positive Regulation Of Neuroblast Proliferation (GO:0002052),1,1,0.04890387858347386,CTNNB1,0.734382401424863
GO_Biological_Process_2023,Positive Regulation Of Neural Precursor Cell Proliferation (GO:2000179),1,1,0.04890387858347386,CTNNB1,0.734382401424863
GO_Biological_Process_2023,Regulation Of Integrin Activation (GO:0033623),1,1,0.04890387858347386,FERMT2,0.734382401424863
GO_Biological_Process_2023,Positive Regulation Of Morphogenesis Of An Epithelium (GO:1905332),1,1,0.04890387858347386,PAX8,0.734382401424863
GO_Biological_Process_2023,Positive Regulation Of Mitotic Cell Cycle (GO:0045931),5,2,0.02137484427018769,FOXA1;MDM2,0.734382401424863
GO_Biological_Process_2023,Unsaturated Fatty Acid Biosynthetic Process (GO:0006636),1,1,0.04890387858347386,SCD,0.734382401424863
GO_Biological_Process_2023,Response To Thyroid Hormone (GO:0097066),1,1,0.04890387858347386,MED1,0.734382401424863
GO_Biological_Process_2023,Positive Regulation Of Metabolic Process (GO:0009893),6,2,0.03106185814272025,IRF4;SCD,0.734382401424863
GO_Biological_Process_2023,Positive Regulation Of Mesenchymal Cell Proliferation (GO:0002053),1,1,0.04890387858347386,MYC,0.734382401424863
GO_Biological_Process_2023,Regulation Of Epithelial Cell Proliferation (GO:0050678),5,2,0.02137484427018769,CDK6;MYC,0.734382401424863
GO_Biological_Process_2023,Positive Regulation Of Macrophage Migration (GO:1905523),1,1,0.04890387858347386,PTK2,0.734382401424863
GO_Biological_Process_2023,Tetrahydrofolate Metabolic Process (GO:0046653),1,1,0.04890387858347386,TYMS,0.734382401424863
GO_Biological_Process_2023,Positive Regulation Of Lymphocyte Proliferation (GO:0050671),1,1,0.04890387858347386,TFRC,0.734382401424863
GO_Biological_Process_2023,Positive Regulation Of Lipid Kinase Activity (GO:0090218),1,1,0.04890387858347386,PTK2,0.734382401424863
GO_Biological_Process_2023,Positive Regulation Of Leukocyte Proliferation (GO:0070665),1,1,0.04890387858347386,PTK2,0.734382401424863
GO_Biological_Process_2023,Positive Regulation Of Kidney Development (GO:0090184),1,1,0.04890387858347386,MYC,0.734382401424863
GO_Biological_Process_2023,Positive Regulation Of Keratinocyte Differentiation (GO:0045618),1,1,0.04890387858347386,MED1,0.734382401424863
GO_Biological_Process_2023,Positive Regulation Of Interleukin-4 Production (GO:0032753),1,1,0.04890387858347386,IRF4,0.734382401424863
GO_Biological_Process_2023,Positive Regulation Of Interleukin-13 Production (GO:0032736),1,1,0.04890387858347386,IRF4,0.734382401424863
GO_Biological_Process_2023,Positive Regulation Of Integrin Activation (GO:0033625),1,1,0.04890387858347386,FERMT2,0.734382401424863
GO_Biological_Process_2023,Positive Regulation Of Hormone Metabolic Process (GO:0032352),1,1,0.04890387858347386,PAX8,0.734382401424863
GO_Biological_Process_2023,Positive Regulation Of Gene Expression (GO:0010628),45,6,0.019349207666113314,BRAF;EP300;KRAS;MED1;MYC;TFRC,0.734382401424863
GO_Biological_Process_2023,Positive Regulation Of Focal Adhesion Assembly (GO:0051894),1,1,0.04890387858347386,FERMT2,0.734382401424863
GO_Biological_Process_2023,Positive Regulation Of Macrophage Chemotaxis (GO:0010759),1,1,0.04890387858347386,PTK2,0.734382401424863
GO_Biological_Process_2023,Tetrahydrofolate Interconversion (GO:0035999),1,1,0.04890387858347386,TYMS,0.734382401424863
GO_Biological_Process_2023,'De Novo' AMP Biosynthetic Process (GO:0044208),1,1,0.04890387858347386,PAICS,0.734382401424863
GO_Biological_Process_2023,Antigen Processing And Presentation Of Exogenous Peptide Antigen (GO:0002478),1,1,0.04890387858347386,DNM2,0.734382401424863
GO_Biological_Process_2023,Antigen Processing And Presentation Of Exogenous Peptide Antigen Via MHC Class II (GO:0019886),1,1,0.04890387858347386,DNM2,0.734382401424863
GO_Biological_Process_2023,Adherens Junction Maintenance (GO:0034334),1,1,0.04890387858347386,FERMT2,0.734382401424863
GO_Biological_Process_2023,Antigen Processing And Presentation Of Peptide Antigen Via MHC Class II (GO:0002495),1,1,0.04890387858347386,DNM2,0.734382401424863
GO_Biological_Process_2023,Axon Guidance (GO:0007411),1,1,0.04890387858347386,PTK2,0.734382401424863
GO_Biological_Process_2023,IMP Biosynthetic Process (GO:0006188),1,1,0.04890387858347386,PAICS,0.734382401424863
GO_Biological_Process_2023,Axon Regeneration (GO:0031103),1,1,0.04890387858347386,DHFR,0.734382401424863
GO_Biological_Process_2023,Fc-gamma Receptor Signaling Pathway Involved In Phagocytosis (GO:0038096),1,1,0.04890387858347386,PTK2,0.734382401424863
GO_Biological_Process_2023,Fc-gamma Receptor Signaling Pathway (GO:0038094),1,1,0.04890387858347386,PTK2,0.734382401424863
GO_Biological_Process_2023,T-helper Cell Lineage Commitment (GO:0002295),1,1,0.04890387858347386,IRF4,0.734382401424863
GO_Biological_Process_2023,AMP Biosynthetic Process (GO:0006167),1,1,0.04890387858347386,PAICS,0.734382401424863
GO_Biological_Process_2023,T Cell Proliferation (GO:0042098),1,1,0.04890387858347386,CTPS1,0.734382401424863
GO_Biological_Process_2023,Fc Receptor Mediated Stimulatory Signaling Pathway (GO:0002431),1,1,0.04890387858347386,PTK2,0.734382401424863
GO_Biological_Process_2023,T-helper 17 Cell Lineage Commitment (GO:0072540),1,1,0.04890387858347386,IRF4,0.734382401424863
GO_Biological_Process_2023,Autonomic Nervous System Development (GO:0048483),1,1,0.04890387858347386,SOX10,0.734382401424863
GO_Biological_Process_2023,Androgen Biosynthetic Process (GO:0006702),1,1,0.04890387858347386,MED1,0.734382401424863
GO_Biological_Process_2023,T-helper 2 Cell Differentiation (GO:0045064),1,1,0.04890387858347386,MYB,0.734382401424863
GO_Biological_Process_2023,Adipose Tissue Development (GO:0060612),1,1,0.04890387858347386,NAMPT,0.734382401424863
GO_Biological_Process_2023,Axon Ensheathment In Central Nervous System (GO:0032291),1,1,0.04890387858347386,SOX10,0.734382401424863
GO_Biological_Process_2023,Branching Involved In Blood Vessel Morphogenesis (GO:0001569),1,1,0.04890387858347386,CTNNB1,0.734382401424863
GO_Biological_Process_2023,T-helper 17 Cell Differentiation (GO:0072539),1,1,0.04890387858347386,IRF4,0.734382401424863
GO_Biological_Process_2023,Regulation Of G2/M Transition Of Mitotic Cell Cycle (GO:0010389),8,2,0.05443922774024929,CCND1;CDK6,0.7921562716842605
GO_Biological_Process_2023,Cellular Response To Decreased Oxygen Levels (GO:0036294),8,2,0.05443922774024929,MDM2;MYC,0.7921562716842605
GO_Biological_Process_2023,Response To UV (GO:0009411),18,3,0.05368786123042087,CCND1;EP300;MYC,0.7921562716842605
GO_Biological_Process_2023,Negative Regulation Of Intracellular Signal Transduction (GO:1902532),8,2,0.05443922774024929,BCL2L1;MDM2,0.7921562716842605
GO_Biological_Process_2023,Negative Regulation Of Developmental Process (GO:0051093),8,2,0.05443922774024929,CDK6;TFRC,0.7921562716842605
GO_Biological_Process_2023,Regulation Of GTPase Activity (GO:0043087),8,2,0.05443922774024929,FERMT2;PTK2,0.7921562716842605
GO_Biological_Process_2023,Defense Response To Symbiont (GO:0140546),8,2,0.05443922774024929,BCL2L1;SKP2,0.7921562716842605
GO_Biological_Process_2023,Negative Regulation Of Nucleic Acid-Templated Transcription (GO:1903507),30,4,0.054529275716387555,CTNNB1;MDM2;MYB;NMNAT1,0.7921562716842605
GO_Biological_Process_2023,Positive Regulation Of I-kappaB kinase/NF-kappaB Signaling (GO:0043123),8,2,0.05443922774024929,CFLAR;TFRC,0.7921562716842605
GO_Biological_Process_2023,Negative Regulation Of Cellular Component Organization (GO:0051129),8,2,0.05443922774024929,DNM2;EP300,0.7921562716842605
GO_Biological_Process_2023,Cellular Response To Hypoxia (GO:0071456),8,2,0.05443922774024929,MDM2;MYC,0.7921562716842605
GO_Biological_Process_2023,Regulation Of ERK1 And ERK2 Cascade (GO:0070372),8,2,0.05443922774024929,BRAF;FERMT2,0.7921562716842605
KEGG_2021_Human,Tuberculosis,10,1,0.39550578556344795,EP300,0.7985211746502525
KEGG_2021_Human,Huntington disease,67,4,0.4174617015734042,AP2S1;EP300;SDHB;TUBB4B,0.8375489484397228
KEGG_2021_Human,Parkinson disease,50,3,0.4471983082061634,BCL2L1;SDHB;TUBB4B,0.8916016269860384
KEGG_2021_Human,Diabetic cardiomyopathy,12,1,0.4536864944610995,SDHB,0.8989192033111226
KEGG_2021_Human,Pathogenic Escherichia coli infection,13,1,0.48067642914700753,TUBB4B,0.9407103122570271
KEGG_2021_Human,Tight junction,13,1,0.48067642914700753,CCND1,0.9407103122570271
GO_Biological_Process_2023,Cellular Response To Growth Factor Stimulus (GO:0071363),9,2,0.06783314851958758,CTNNB1;MED1,0.9696150053093989
GO_Biological_Process_2023,Positive Regulation Of MAPK Cascade (GO:0043410),9,2,0.06783314851958758,BRAF;FERMT2,0.9696150053093989
GO_Biological_Process_2023,Positive Regulation Of Telomerase Activity (GO:0051973),9,2,0.06783314851958758,CTNNB1;MYC,0.9696150053093989
GO_Biological_Process_2023,Regulation Of Protein Localization To Nucleus (GO:1900180),9,2,0.06783314851958758,FERMT2;TFRC,0.9696150053093989
GO_Biological_Process_2023,Response To Ionizing Radiation (GO:0010212),9,2,0.06783314851958758,GRB2;MYC,0.9696150053093989
GO_Biological_Process_2023,Regulation Of I-kappaB kinase/NF-kappaB Signaling (GO:0043122),9,2,0.06783314851958758,CFLAR;TFRC,0.9696150053093989
GO_Biological_Process_2023,Vesicle-Mediated Transport (GO:0016192),20,3,0.07001703513024811,AP2S1;DNM2;SNAP23,0.998162852816817
GO_Biological_Process_2023,Regulation Of Axon Extension (GO:0030516),2,1,0.09545541870343885,DNM2,1.0
GO_Biological_Process_2023,Regulation Of Astrocyte Differentiation (GO:0048710),0,0,1.0,,1.0
GO_Biological_Process_2023,Regulation Of Atrial Cardiac Muscle Cell Membrane Depolarization (GO:0060371),0,0,1.0,,1.0
GO_Biological_Process_2023,Regulation Of Atrial Cardiac Muscle Cell Membrane Repolarization (GO:0060372),0,0,1.0,,1.0
GO_Biological_Process_2023,Regulation Of Basement Membrane Organization (GO:0110011),0,0,1.0,,1.0
GO_Biological_Process_2023,Regulation Of Attachment Of Mitotic Spindle Microtubules To Kinetochore (GO:1902423),4,0,1.0,,1.0
GO_Biological_Process_2023,Regulation Of Attachment Of Spindle Microtubules To Kinetochore (GO:0051988),3,0,1.0,,1.0
GO_Biological_Process_2023,Regulation Of Autophagy Of Mitochondrion (GO:1903146),1,0,1.0,,1.0
GO_Biological_Process_2023,Regulation Of Autophagosome Assembly (GO:2000785),2,0,1.0,,1.0
GO_Biological_Process_2023,Regulation Of Axon Regeneration (GO:0048679),0,0,1.0,,1.0
GO_Biological_Process_2023,Regulation Of Aspartic-Type Endopeptidase Activity Involved In Amyloid Precursor Protein Catabolic Process (GO:1902959),0,0,1.0,,1.0
GO_Biological_Process_2023,Regulation Of Axon Guidance (GO:1902667),0,0,1.0,,1.0
GO_Biological_Process_2023,Regulation Of Autophagosome Maturation (GO:1901096),0,0,1.0,,1.0
GO_Biological_Process_2023,Regulation Of Axon Extension Involved In Axon Guidance (GO:0048841),0,0,1.0,,1.0
GO_Biological_Process_2023,Regulation Of Autophagy (GO:0010506),20,1,0.6361938488764477,EP300,1.0
GO_Biological_Process_2023,Regulation Of Axonogenesis (GO:0050770),0,0,1.0,,1.0
GO_Biological_Process_2023,Regulation Of Apoptotic Signaling Pathway (GO:2001233),2,0,1.0,,1.0
GO_Biological_Process_2023,Regulation Of Amyloid-Beta Clearance (GO:1900221),1,0,1.0,,1.0
GO_Biological_Process_2023,Regulation Of Antigen Receptor-Mediated Signaling Pathway (GO:0050854),0,0,1.0,,1.0
GO_Biological_Process_2023,Regulation Of Adiponectin Secretion (GO:0070163),0,0,1.0,,1.0
GO_Biological_Process_2023,Regulation Of Adenylate Cyclase Activity (GO:0045761),0,0,1.0,,1.0
GO_Biological_Process_2023,Regulation Of Adaptive Immune Response (GO:0002819),1,0,1.0,,1.0
GO_Biological_Process_2023,Regulation Of Acute Inflammatory Response (GO:0002673),0,0,1.0,,1.0
GO_Biological_Process_2023,Regulation Of Actomyosin Structure Organization (GO:0110020),1,0,1.0,,1.0
GO_Biological_Process_2023,Regulation Of Activin Receptor Signaling Pathway (GO:0032925),1,0,1.0,,1.0
GO_Biological_Process_2023,Regulation Of Activation Of Janus Kinase Activity (GO:0010533),0,0,1.0,,1.0
GO_Biological_Process_2023,Regulation Of Activated T Cell Proliferation (GO:0046006),2,0,1.0,,1.0
GO_Biological_Process_2023,Regulation Of Actin Polymerization Or Depolymerization (GO:0008064),2,0,1.0,,1.0
GO_Biological_Process_2023,Regulation Of Actin Nucleation (GO:0051125),0,0,1.0,,1.0
GO_Biological_Process_2023,Regulation Of Actin Filament-Based Process (GO:0032970),4,0,1.0,,1.0
GO_Biological_Process_2023,Regulation Of Actin Filament-Based Movement (GO:1903115),0,0,1.0,,1.0
GO_Biological_Process_2023,Regulation Of Actin Filament Polymerization (GO:0030833),1,0,1.0,,1.0
GO_Biological_Process_2023,Regulation Of Actin Filament Organization (GO:0110053),0,0,1.0,,1.0
GO_Biological_Process_2023,Regulation Of Actin Filament Length (GO:0030832),0,0,1.0,,1.0
GO_Biological_Process_2023,Regulation Of Adipose Tissue Development (GO:1904177),0,0,1.0,,1.0
GO_Biological_Process_2023,Regulation Of Apoptotic Cell Clearance (GO:2000425),1,0,1.0,,1.0
GO_Biological_Process_2023,Regulation Of Aerobic Respiration (GO:1903715),2,0,1.0,,1.0
GO_Biological_Process_2023,Regulation Of Aldosterone Biosynthetic Process (GO:0032347),0,0,1.0,,1.0
GO_Biological_Process_2023,Regulation Of Anoikis (GO:2000209),2,1,0.09545541870343885,PTK2,1.0
GO_Biological_Process_2023,Regulation Of Anion Channel Activity (GO:0010359),0,0,1.0,,1.0
GO_Biological_Process_2023,Regulation Of Animal Organ Morphogenesis (GO:2000027),0,0,1.0,,1.0
GO_Biological_Process_2023,Regulation Of Angiotensin Levels In Blood (GO:0002002),1,0,1.0,,1.0
GO_Biological_Process_2023,Regulation Of Angiogenesis (GO:0045765),4,1,0.18194134789770994,CTNNB1,1.0
GO_Biological_Process_2023,Regulation Of Androgen Receptor Signaling Pathway (GO:0060765),2,1,0.09545541870343885,EP300,1.0
GO_Biological_Process_2023,Activation Of GTPase Activity (GO:0090630),2,0,1.0,,1.0
GO_Biological_Process_2023,Regulation Of Amyloid-Beta Formation (GO:1902003),0,0,1.0,,1.0
GO_Biological_Process_2023,Regulation Of Amyloid Precursor Protein Catabolic Process (GO:1902991),0,0,1.0,,1.0
GO_Biological_Process_2023,Regulation Of Amyloid Precursor Protein Biosynthetic Process (GO:0042984),0,0,1.0,,1.0
GO_Biological_Process_2023,Regulation Of Amyloid Fibril Formation (GO:1905906),4,0,1.0,,1.0
GO_Biological_Process_2023,Regulation Of Amide Metabolic Process (GO:0034248),10,0,1.0,,1.0
GO_Biological_Process_2023,"Regulation Of Alternative mRNA Splicing, Via Spliceosome (GO:0000381)",11,0,1.0,,1.0
GO_Biological_Process_2023,Regulation Of Alpha-Beta T Cell Proliferation (GO:0046640),0,0,1.0,,1.0
GO_Biological_Process_2023,Regulation Of Alpha-Beta T Cell Differentiation (GO:0046637),1,0,1.0,,1.0
GO_Biological_Process_2023,Regulation Of Alcohol Biosynthetic Process (GO:1902930),0,0,1.0,,1.0
GO_Biological_Process_2023,Regulation Of Behavior (GO:0050795),1,0,1.0,,1.0
GO_Biological_Process_2023,Regulation Of Blood Coagulation (GO:0030193),0,0,1.0,,1.0
GO_Biological_Process_2023,Regulation Of Bile Acid Biosynthetic Process (GO:0070857),0,0,1.0,,1.0
GO_Biological_Process_2023,Regulation Of Cell Cycle Phase Transition (GO:1901987),5,0,1.0,,1.0
GO_Biological_Process_2023,Regulation Of Cell Cycle Checkpoint (GO:1901976),2,0,1.0,,1.0
GO_Biological_Process_2023,Regulation Of Cell Cycle G2/M Phase Transition (GO:1902749),4,1,0.18194134789770994,CDK6,1.0
GO_Biological_Process_2023,Regulation Of Cell Cycle G1/S Phase Transition (GO:1902806),8,0,1.0,,1.0
GO_Biological_Process_2023,Regulation Of Cell Cycle (GO:0051726),47,4,0.19349725080085464,CDK6;CKS1B;MDM2;MYC,1.0
GO_Biological_Process_2023,Regulation Of Cell Communication By Electrical Coupling Involved In Cardiac Conduction (GO:1901844),0,0,1.0,,1.0
GO_Biological_Process_2023,Regulation Of Cell Communication By Electrical Coupling (GO:0010649),0,0,1.0,,1.0
GO_Biological_Process_2023,Regulation Of Cell Communication (GO:0010646),1,0,1.0,,1.0
GO_Biological_Process_2023,Regulation Of Cell Adhesion Molecule Production (GO:0060353),0,0,1.0,,1.0
GO_Biological_Process_2023,Regulation Of Cell Adhesion Mediated By Integrin (GO:0033628),2,1,0.09545541870343885,PTK2,1.0
GO_Biological_Process_2023,Regulation Of Cell Adhesion (GO:0030155),6,1,0.26028719693696456,PTK2,1.0
GO_Biological_Process_2023,Regulation Of Cell Activation (GO:0050865),0,0,1.0,,1.0
GO_Biological_Process_2023,Regulation Of Cation Channel Activity (GO:2001257),0,0,1.0,,1.0
GO_Biological_Process_2023,Regulation Of Catecholamine Secretion (GO:0050433),0,0,1.0,,1.0
GO_Biological_Process_2023,Regulation Of Catabolic Process (GO:0009894),4,1,0.18194134789770994,MDM2,1.0
GO_Biological_Process_2023,Regulation Of Cartilage Development (GO:0061035),0,0,1.0,,1.0
GO_Biological_Process_2023,Regulation Of Cardiac Muscle Hypertrophy In Response To Stress (GO:1903242),0,0,1.0,,1.0
GO_Biological_Process_2023,Regulation Of Cell Cycle Process (GO:0010564),26,3,0.13014934046395218,BCL2L1;CTNNB1;MYC,1.0
GO_Biological_Process_2023,Regulation Of Cardiac Muscle Hypertrophy (GO:0010611),0,0,1.0,,1.0
GO_Biological_Process_2023,Regulation Of Cell Death (GO:0010941),4,0,1.0,,1.0
GO_Biological_Process_2023,Actin Polymerization Or Depolymerization (GO:0008154),2,1,0.09545541870343885,CFL1,1.0
GO_Biological_Process_2023,Actin Filament Reorganization (GO:0090527),0,0,1.0,,1.0
GO_Biological_Process_2023,Regulation Of Cell-Cell Adhesion Mediated By Integrin (GO:0033632),1,0,1.0,,1.0
GO_Biological_Process_2023,Regulation Of Cell-Cell Adhesion Mediated By Cadherin (GO:2000047),2,1,0.09545541870343885,FOXA1,1.0
GO_Biological_Process_2023,Regulation Of Cell-Cell Adhesion Involved In Gastrulation (GO:0070587),1,0,1.0,,1.0
GO_Biological_Process_2023,Regulation Of Cell-Cell Adhesion (GO:0022407),2,1,0.09545541870343885,PTK2,1.0
GO_Biological_Process_2023,Regulation Of Cell Size (GO:0008361),3,0,1.0,,1.0
GO_Biological_Process_2023,Regulation Of Cell Projection Organization (GO:0031344),0,0,1.0,,1.0
GO_Biological_Process_2023,Actin Filament-Based Transport (GO:0099515),0,0,1.0,,1.0
GO_Biological_Process_2023,Actin Nucleation (GO:0045010),1,0,1.0,,1.0
GO_Biological_Process_2023,Regulation Of Cell Migration Involved In Sprouting Angiogenesis (GO:0090049),0,0,1.0,,1.0
GO_Biological_Process_2023,Regulation Of Cell Migration (GO:0030334),17,2,0.2002939889679418,FERMT2;PTK2,1.0
GO_Biological_Process_2023,Regulation Of Cell Killing (GO:0031341),0,0,1.0,,1.0
GO_Biological_Process_2023,Regulation Of Cell Junction Assembly (GO:1901888),0,0,1.0,,1.0
GO_Biological_Process_2023,Regulation Of Cell Growth (GO:0001558),19,1,0.6171670168068659,TFRC,1.0
GO_Biological_Process_2023,Regulation Of Cell Fate Specification (GO:0042659),2,0,1.0,,1.0
GO_Biological_Process_2023,Regulation Of Cell Fate Commitment (GO:0010453),2,0,1.0,,1.0
GO_Biological_Process_2023,Regulation Of Cell Division (GO:0051302),10,2,0.08218438755343886,BCL2L1;MYC,1.0
GO_Biological_Process_2023,Regulation Of Cell Development (GO:0060284),2,1,0.09545541870343885,CTNNB1,1.0
GO_Biological_Process_2023,Regulation Of Bicellular Tight Junction Assembly (GO:2000810),0,0,1.0,,1.0
GO_Biological_Process_2023,Regulation Of Cardiac Muscle Contraction By Regulation Of The Release Of Sequestered Calcium Ion (GO:0010881),0,0,1.0,,1.0
GO_Biological_Process_2023,Regulation Of Cardiac Muscle Contraction (GO:0055117),1,0,1.0,,1.0
GO_Biological_Process_2023,Regulation Of calcineurin-NFAT Signaling Cascade (GO:0070884),1,0,1.0,,1.0
GO_Biological_Process_2023,Regulation Of Calcidiol 1-Monooxygenase Activity (GO:0060558),0,0,1.0,,1.0
GO_Biological_Process_2023,Regulation Of cAMP-mediated Signaling (GO:0043949),0,0,1.0,,1.0
GO_Biological_Process_2023,Regulation Of cAMP-dependent Protein Kinase Activity (GO:2000479),0,0,1.0,,1.0
GO_Biological_Process_2023,Regulation Of Brown Fat Cell Differentiation (GO:0090335),1,0,1.0,,1.0
GO_Biological_Process_2023,Action Potential (GO:0001508),0,0,1.0,,1.0
GO_Biological_Process_2023,Regulation Of Bone Resorption (GO:0045124),0,0,1.0,,1.0
GO_Biological_Process_2023,Regulation Of Bone Remodeling (GO:0046850),0,0,1.0,,1.0
GO_Biological_Process_2023,Regulation Of Bone Mineralization (GO:0030500),1,0,1.0,,1.0
GO_Biological_Process_2023,Regulation Of Blood-Brain Barrier Permeability (GO:1905603),0,0,1.0,,1.0
GO_Biological_Process_2023,Regulation Of Blood Vessel Remodeling (GO:0060312),0,0,1.0,,1.0
GO_Biological_Process_2023,Regulation Of Blood Vessel Endothelial Cell Proliferation Involved In Sprouting Angiogenesis (GO:1903587),0,0,1.0,,1.0
GO_Biological_Process_2023,Regulation Of Blood Vessel Endothelial Cell Migration (GO:0043535),3,0,1.0,,1.0
GO_Biological_Process_2023,Regulation Of Blood Circulation (GO:1903522),0,0,1.0,,1.0
GO_Biological_Process_2023,Regulation Of Biosynthetic Process (GO:0009889),0,0,1.0,,1.0
GO_Biological_Process_2023,Regulation Of Biomineral Tissue Development (GO:0070167),1,0,1.0,,1.0
GO_Biological_Process_2023,Regulation Of Bile Acid Metabolic Process (GO:1904251),0,0,1.0,,1.0
GO_Biological_Process_2023,Actin-Myosin Filament Sliding (GO:0033275),0,0,1.0,,1.0
GO_Biological_Process_2023,Regulation Of Cardiac Muscle Contraction By Calcium Ion Signaling (GO:0010882),1,0,1.0,,1.0
GO_Biological_Process_2023,Regulation Of Calcium Ion Import Across Plasma Membrane (GO:1905664),0,0,1.0,,1.0
GO_Biological_Process_2023,Regulation Of Calcium Ion Transmembrane Transport Via High Voltage-Gated Calcium Channel (GO:1902514),0,0,1.0,,1.0
GO_Biological_Process_2023,Regulation Of Cardiac Muscle Cell Proliferation (GO:0060043),1,0,1.0,,1.0
GO_Biological_Process_2023,Regulation Of Cardiac Muscle Cell Membrane Repolarization (GO:0099623),0,0,1.0,,1.0
GO_Biological_Process_2023,Regulation Of Cardiac Muscle Cell Membrane Potential (GO:0086036),0,0,1.0,,1.0
GO_Biological_Process_2023,Regulation Of Cardiac Muscle Cell Differentiation (GO:2000725),0,0,1.0,,1.0
GO_Biological_Process_2023,Regulation Of Cardiac Muscle Cell Contraction (GO:0086004),1,0,1.0,,1.0
GO_Biological_Process_2023,Regulation Of Cardiac Muscle Cell Apoptotic Process (GO:0010665),1,0,1.0,,1.0
GO_Biological_Process_2023,Regulation Of Cardiac Muscle Cell Action Potential Involved In Regulation Of Contraction (GO:0098909),1,0,1.0,,1.0
GO_Biological_Process_2023,Regulation Of Cardiac Muscle Cell Action Potential (GO:0098901),1,0,1.0,,1.0
GO_Biological_Process_2023,Regulation Of Cardiac Conduction (GO:1903779),1,0,1.0,,1.0
GO_Biological_Process_2023,Regulation Of Carbohydrate Metabolic Process (GO:0006109),0,0,1.0,,1.0
GO_Biological_Process_2023,Regulation Of Carbohydrate Catabolic Process (GO:0043470),4,1,0.18194134789770994,EP300,1.0
GO_Biological_Process_2023,Regulation Of Carbohydrate Biosynthetic Process (GO:0043255),1,0,1.0,,1.0
GO_Biological_Process_2023,Regulation Of Canonical Wnt Signaling Pathway (GO:0060828),9,0,1.0,,1.0
GO_Biological_Process_2023,Regulation Of Calcium-Mediated Signaling (GO:0050848),0,0,1.0,,1.0
GO_Biological_Process_2023,Regulation Of Calcium Ion-Dependent Exocytosis (GO:0017158),0,0,1.0,,1.0
GO_Biological_Process_2023,Actin-Mediated Cell Contraction (GO:0070252),0,0,1.0,,1.0
GO_Biological_Process_2023,Regulation Of Calcium Ion Transmembrane Transporter Activity (GO:1901019),0,0,1.0,,1.0
GO_Biological_Process_2023,Regulation Of Calcium Ion Transmembrane Transport (GO:1903169),0,0,1.0,,1.0
GO_Biological_Process_2023,Regulation Of Actin Filament Depolymerization (GO:0030834),1,0,1.0,,1.0
GO_Biological_Process_2023,Branched-Chain Amino Acid Transport (GO:0015803),0,0,1.0,,1.0
GO_Biological_Process_2023,Regulation Of Actin Cytoskeleton Reorganization (GO:2000249),0,0,1.0,,1.0
GO_Biological_Process_2023,Regulation Of Arp2/3 Complex-Mediated Actin Nucleation (GO:0034315),0,0,1.0,,1.0
GO_Biological_Process_2023,Regulation Of ATPase-coupled Calcium Transmembrane Transporter Activity (GO:1901894),1,0,1.0,,1.0
GO_Biological_Process_2023,Regulation Of ATP Biosynthetic Process (GO:2001169),1,0,1.0,,1.0
GO_Biological_Process_2023,Regulation Of AMPA Receptor Activity (GO:2000311),0,0,1.0,,1.0
GO_Biological_Process_2023,Regulation Of 3'-UTR-mediated mRNA Stabilization (GO:1905868),1,0,1.0,,1.0
GO_Biological_Process_2023,Regulated Exocytosis (GO:0045055),2,0,1.0,,1.0
GO_Biological_Process_2023,Recombinational Repair (GO:0000725),19,0,1.0,,1.0
GO_Biological_Process_2023,Regulation Of B Cell Activation (GO:0050864),1,0,1.0,,1.0
GO_Biological_Process_2023,Receptor-Mediated Virion Attachment To Host Cell (GO:0046813),0,0,1.0,,1.0
GO_Biological_Process_2023,Activation Of Phospholipase C Activity (GO:0007202),2,0,1.0,,1.0
GO_Biological_Process_2023,Receptor Signaling Pathway Via STAT (GO:0097696),0,0,1.0,,1.0
GO_Biological_Process_2023,Receptor Signaling Pathway Via JAK-STAT (GO:0007259),0,0,1.0,,1.0
GO_Biological_Process_2023,Receptor Recycling (GO:0001881),0,0,1.0,,1.0
GO_Biological_Process_2023,Receptor Metabolic Process (GO:0043112),0,0,1.0,,1.0
GO_Biological_Process_2023,Activation Of Protein Kinase B Activity (GO:0032148),2,0,1.0,,1.0
GO_Biological_Process_2023,Receptor Guanylyl Cyclase Signaling Pathway (GO:0007168),0,0,1.0,,1.0
GO_Biological_Process_2023,Receptor-Mediated Endocytosis Of Virus By Host Cell (GO:0019065),0,0,1.0,,1.0
GO_Biological_Process_2023,Receptor Clustering (GO:0043113),0,0,1.0,,1.0
GO_Biological_Process_2023,Regulation Of B Cell Apoptotic Process (GO:0002902),0,0,1.0,,1.0
GO_Biological_Process_2023,Activation Of Cysteine-Type Endopeptidase Activity Involved In Apoptotic Process By Cytochrome C (GO:0008635),1,0,1.0,,1.0
GO_Biological_Process_2023,Regulation Of DNA Demethylation (GO:1901535),1,0,1.0,,1.0
GO_Biological_Process_2023,"Regulation Of DNA Damage Response, Signal Transduction By P53 Class Mediator Resulting In Transcription Of P21 Class Mediator (GO:1902162)",1,0,1.0,,1.0
GO_Biological_Process_2023,"Regulation Of DNA Damage Response, Signal Transduction By P53 Class Mediator (GO:0043516)",4,1,0.18194134789770994,MDM2,1.0
GO_Biological_Process_2023,Regulation Of DNA Damage Checkpoint (GO:2000001),5,0,1.0,,1.0
GO_Biological_Process_2023,Regulation Of DNA Biosynthetic Process (GO:2000278),3,0,1.0,,1.0
GO_Biological_Process_2023,Regulation Of DNA Binding (GO:0051101),5,0,1.0,,1.0
GO_Biological_Process_2023,Regulation Of CoA-transferase Activity (GO:1905918),0,0,1.0,,1.0
GO_Biological_Process_2023,Regulation Of B Cell Differentiation (GO:0045577),0,0,1.0,,1.0
GO_Biological_Process_2023,Regulation Of Cdc42 Protein Signal Transduction (GO:0032489),0,0,1.0,,1.0
GO_Biological_Process_2023,"Regulation Of CD8-positive, Alpha-Beta T Cell Differentiation (GO:0043376)",0,0,1.0,,1.0
GO_Biological_Process_2023,"Regulation Of CD8-positive, Alpha-Beta T Cell Activation (GO:2001185)",0,0,1.0,,1.0
GO_Biological_Process_2023,"Regulation Of CD4-positive, Alpha-Beta T Cell Proliferation (GO:2000561)",0,0,1.0,,1.0
GO_Biological_Process_2023,"Regulation Of CD4-positive, Alpha-Beta T Cell Differentiation (GO:0043370)",2,1,0.09545541870343885,IRF4,1.0
GO_Biological_Process_2023,"Regulation Of CD4-positive, Alpha-Beta T Cell Activation (GO:2000514)",0,0,1.0,,1.0
GO_Biological_Process_2023,Regulation Of BMP Signaling Pathway (GO:0030510),2,0,1.0,,1.0
GO_Biological_Process_2023,Regulation Of B Cell Receptor Signaling Pathway (GO:0050855),1,0,1.0,,1.0
GO_Biological_Process_2023,"Regulation Of CD8-positive, Alpha-Beta T Cell Proliferation (GO:2000564)",0,0,1.0,,1.0
GO_Biological_Process_2023,Receptor Catabolic Process (GO:0032801),0,0,1.0,,1.0
GO_Biological_Process_2023,Radial Glial Cell Differentiation (GO:0060019),0,0,1.0,,1.0
GO_Biological_Process_2023,rRNA Transcription (GO:0009303),4,0,1.0,,1.0
GO_Biological_Process_2023,Pyrimidine Deoxyribonucleotide Catabolic Process (GO:0009223),1,0,1.0,,1.0
GO_Biological_Process_2023,Purine-Containing Compound Metabolic Process (GO:0072521),1,0,1.0,,1.0
GO_Biological_Process_2023,Purine-Containing Compound Catabolic Process (GO:0072523),0,0,1.0,,1.0
GO_Biological_Process_2023,Activin Receptor Signaling Pathway (GO:0032924),0,0,1.0,,1.0
GO_Biological_Process_2023,Purine Ribonucleotide Transport (GO:0015868),0,0,1.0,,1.0
GO_Biological_Process_2023,Purine Ribonucleotide Metabolic Process (GO:0009150),2,0,1.0,,1.0
GO_Biological_Process_2023,Purine Ribonucleotide Catabolic Process (GO:0009154),0,0,1.0,,1.0
GO_Biological_Process_2023,Pyrimidine Nucleobase Catabolic Process (GO:0006208),0,0,1.0,,1.0
GO_Biological_Process_2023,Actomyosin Structure Organization (GO:0031032),2,0,1.0,,1.0
GO_Biological_Process_2023,Purine Ribonucleoside Triphosphate Biosynthetic Process (GO:0009206),1,0,1.0,,1.0
GO_Biological_Process_2023,Purine Ribonucleoside Monophosphate Metabolic Process (GO:0009167),1,0,1.0,,1.0
GO_Biological_Process_2023,Purine Ribonucleoside Monophosphate Catabolic Process (GO:0009169),0,0,1.0,,1.0
GO_Biological_Process_2023,Purine Ribonucleoside Monophosphate Biosynthetic Process (GO:0009168),2,1,0.09545541870343885,PAICS,1.0
GO_Biological_Process_2023,Purine Ribonucleoside Metabolic Process (GO:0046128),0,0,1.0,,1.0
GO_Biological_Process_2023,Purine Ribonucleoside Bisphosphate Metabolic Process (GO:0034035),0,0,1.0,,1.0
GO_Biological_Process_2023,Purine Nucleotide Metabolic Process (GO:0006163),1,0,1.0,,1.0
GO_Biological_Process_2023,Purine Ribonucleoside Triphosphate Metabolic Process (GO:0009205),2,0,1.0,,1.0
GO_Biological_Process_2023,Activation Of Transmembrane Receptor Protein Tyrosine Kinase Activity (GO:0007171),0,0,1.0,,1.0
GO_Biological_Process_2023,Pyrimidine Nucleoside Transport (GO:0015864),0,0,1.0,,1.0
GO_Biological_Process_2023,Pyrimidine Nucleotide-Sugar Transmembrane Transport (GO:0090481),1,0,1.0,,1.0
GO_Biological_Process_2023,rRNA Pseudouridine Synthesis (GO:0031118),2,0,1.0,,1.0
GO_Biological_Process_2023,rRNA Processing (GO:0006364),66,1,0.9668234987354666,WDR36,1.0
GO_Biological_Process_2023,rRNA Modification (GO:0000154),5,0,1.0,,1.0
GO_Biological_Process_2023,rRNA Methylation (GO:0031167),4,0,1.0,,1.0
GO_Biological_Process_2023,rRNA Metabolic Process (GO:0016072),55,1,0.9406431012502988,WDR36,1.0
GO_Biological_Process_2023,rRNA Catabolic Process (GO:0016075),6,0,1.0,,1.0
GO_Biological_Process_2023,rRNA Base Methylation (GO:0070475),3,0,1.0,,1.0
GO_Biological_Process_2023,rRNA 3'-End Processing (GO:0031125),4,0,1.0,,1.0
GO_Biological_Process_2023,rDNA Heterochromatin Formation (GO:0000183),0,0,1.0,,1.0
GO_Biological_Process_2023,Quinone Metabolic Process (GO:1901661),0,0,1.0,,1.0
GO_Biological_Process_2023,Quinone Biosynthetic Process (GO:1901663),0,0,1.0,,1.0
GO_Biological_Process_2023,Quaternary Ammonium Group Transport (GO:0015697),0,0,1.0,,1.0
GO_Biological_Process_2023,Pyruvate Metabolic Process (GO:0006090),5,0,1.0,,1.0
GO_Biological_Process_2023,Pyroptosis (GO:0070269),1,0,1.0,,1.0
GO_Biological_Process_2023,Pyrimidine-Containing Compound Metabolic Process (GO:0072527),1,0,1.0,,1.0
GO_Biological_Process_2023,Pyrimidine-Containing Compound Catabolic Process (GO:0072529),0,0,1.0,,1.0
GO_Biological_Process_2023,Activation Of Protein Kinase Activity (GO:0032147),9,0,1.0,,1.0
GO_Biological_Process_2023,Regulation Of DNA Metabolic Process (GO:0051052),28,1,0.758425338605107,MYC,1.0
GO_Biological_Process_2023,Activation Of Cysteine-Type Endopeptidase Activity Involved In Apoptotic Process (GO:0006919),6,0,1.0,,1.0
GO_Biological_Process_2023,Regulation Of DNA Methylation-Dependent Heterochromatin Formation (GO:0090308),0,0,1.0,,1.0
GO_Biological_Process_2023,Regulation Of DNA Recombination (GO:0000018),6,0,1.0,,1.0
GO_Biological_Process_2023,Regulation Of T Cell Mediated Immune Response To Tumor Cell (GO:0002840),2,0,1.0,,1.0
GO_Biological_Process_2023,Regulation Of T Cell Mediated Cytotoxicity (GO:0001914),0,0,1.0,,1.0
GO_Biological_Process_2023,Regulation Of T Cell Differentiation In Thymus (GO:0033081),1,0,1.0,,1.0
GO_Biological_Process_2023,Regulation Of T Cell Differentiation (GO:0045580),5,0,1.0,,1.0
GO_Biological_Process_2023,Regulation Of T Cell Cytokine Production (GO:0002724),0,0,1.0,,1.0
GO_Biological_Process_2023,Regulation Of T Cell Chemotaxis (GO:0010819),1,0,1.0,,1.0
GO_Biological_Process_2023,Regulation Of T Cell Apoptotic Process (GO:0070232),1,0,1.0,,1.0
GO_Biological_Process_2023,Regulation Of T Cell Mediated Immunity (GO:0002709),1,0,1.0,,1.0
GO_Biological_Process_2023,Regulation Of T Cell Activation Via T Cell Receptor Contact With Antigen Bound To MHC Molecule On Antigen Presenting Cell (GO:2001188),0,0,1.0,,1.0
GO_Biological_Process_2023,Regulation Of SNARE Complex Assembly (GO:0035542),2,0,1.0,,1.0
GO_Biological_Process_2023,Regulation Of SMAD Protein Signal Transduction (GO:0060390),1,0,1.0,,1.0
GO_Biological_Process_2023,Regulation Of SA Node Cell Action Potential (GO:0098907),0,0,1.0,,1.0
GO_Biological_Process_2023,Regulation Of Rho Protein Signal Transduction (GO:0035023),0,0,1.0,,1.0
GO_Biological_Process_2023,Regulation Of Ras Protein Signal Transduction (GO:0046578),1,0,1.0,,1.0
GO_Biological_Process_2023,Regulation Of Rac Protein Signal Transduction (GO:0035020),1,0,1.0,,1.0
GO_Biological_Process_2023,Regulation Of Rab Protein Signal Transduction (GO:0032483),0,0,1.0,,1.0
GO_Biological_Process_2023,Regulation Of T Cell Activation (GO:0050863),2,0,1.0,,1.0
GO_Biological_Process_2023,Regulation Of T Cell Migration (GO:2000404),0,0,1.0,,1.0
GO_Biological_Process_2023,Activation Of Adenylate Cyclase Activity (GO:0007190),0,0,1.0,,1.0
GO_Biological_Process_2023,Regulation Of T Cell Receptor Signaling Pathway (GO:0050856),1,0,1.0,,1.0
GO_Biological_Process_2023,Regulation Of Actin Cytoskeleton Organization (GO:0032956),4,0,1.0,,1.0
GO_Biological_Process_2023,Regulation Of Acrosome Reaction (GO:0060046),0,0,1.0,,1.0
GO_Biological_Process_2023,"Regulation Of Wnt Signaling Pathway, Planar Cell Polarity Pathway (GO:2000095)",0,0,1.0,,1.0
GO_Biological_Process_2023,Regulation Of Wnt Signaling Pathway (GO:0030111),6,0,1.0,,1.0
GO_Biological_Process_2023,Regulation Of TORC2 Signaling (GO:1903939),0,0,1.0,,1.0
GO_Biological_Process_2023,Regulation Of TORC1 Signaling (GO:1903432),3,0,1.0,,1.0
GO_Biological_Process_2023,Regulation Of TOR Signaling (GO:0032006),7,0,1.0,,1.0
GO_Biological_Process_2023,Activation Of NF-kappaB-inducing Kinase Activity (GO:0007250),1,0,1.0,,1.0
GO_Biological_Process_2023,Regulation Of Cell-Substrate Adhesion (GO:0010810),3,1,0.13976587961154743,PTK2,1.0
GO_Biological_Process_2023,Regulation Of T-helper 2 Cell Cytokine Production (GO:2000551),0,0,1.0,,1.0
GO_Biological_Process_2023,Regulation Of T-helper 17 Type Immune Response (GO:2000316),0,0,1.0,,1.0
GO_Biological_Process_2023,Regulation Of T-helper 17 Cell Lineage Commitment (GO:2000328),0,0,1.0,,1.0
GO_Biological_Process_2023,Regulation Of T-helper 17 Cell Differentiation (GO:2000319),0,0,1.0,,1.0
GO_Biological_Process_2023,Regulation Of T-helper 1 Type Immune Response (GO:0002825),0,0,1.0,,1.0
GO_Biological_Process_2023,Regulation Of T-helper 1 Cell Differentiation (GO:0045625),0,0,1.0,,1.0
GO_Biological_Process_2023,Regulation Of T-helper 1 Cell Cytokine Production (GO:2000554),0,0,1.0,,1.0
GO_Biological_Process_2023,Regulation Of T Cell Tolerance Induction (GO:0002664),0,0,1.0,,1.0
GO_Biological_Process_2023,Regulation Of RNA Splicing (GO:0043484),21,1,0.6542905527916845,FAM50A,1.0
GO_Biological_Process_2023,Regulation Of Actin Filament Bundle Assembly (GO:0032231),2,0,1.0,,1.0
GO_Biological_Process_2023,Activation Of Cysteine-Type Endopeptidase Activity (GO:0097202),1,0,1.0,,1.0
GO_Biological_Process_2023,Regulation Of RNA Export From Nucleus (GO:0046831),5,0,1.0,,1.0
GO_Biological_Process_2023,Regulation Of G1/S Transition Of Mitotic Cell Cycle (GO:2000045),15,0,1.0,,1.0
GO_Biological_Process_2023,Regulation Of G0 To G1 Transition (GO:0070316),4,0,1.0,,1.0
GO_Biological_Process_2023,Regulation Of G Protein-Coupled Receptor Signaling Pathway (GO:0008277),2,0,1.0,,1.0
GO_Biological_Process_2023,Regulation Of ERBB Signaling Pathway (GO:1901184),0,0,1.0,,1.0
GO_Biological_Process_2023,Regulation Of ERAD Pathway (GO:1904292),0,0,1.0,,1.0
GO_Biological_Process_2023,Regulation Of ER-associated Ubiquitin-Dependent Protein Catabolic Process (GO:1903069),0,0,1.0,,1.0
GO_Biological_Process_2023,Regulation Of ER To Golgi Vesicle-Mediated Transport (GO:0060628),2,0,1.0,,1.0
GO_Biological_Process_2023,Regulation Of Golgi Organization (GO:1903358),2,0,1.0,,1.0
GO_Biological_Process_2023,Regulation Of DNA-templated Transcription Initiation (GO:2000142),1,0,1.0,,1.0
GO_Biological_Process_2023,Regulation Of DNA-templated Transcription Elongation (GO:0032784),18,1,0.5971631311985761,INTS6,1.0
GO_Biological_Process_2023,Regulation Of DNA-templated DNA Replication Initiation (GO:0030174),7,0,1.0,,1.0
GO_Biological_Process_2023,Regulation Of DNA-templated DNA Replication (GO:0090329),8,0,1.0,,1.0
GO_Biological_Process_2023,Regulation Of DNA-directed DNA Polymerase Activity (GO:1900262),9,0,1.0,,1.0
GO_Biological_Process_2023,Regulation Of DNA Strand Elongation (GO:0060382),2,0,1.0,,1.0
GO_Biological_Process_2023,Regulation Of DNA Replication (GO:0006275),16,0,1.0,,1.0
GO_Biological_Process_2023,Regulation Of DNA Repair (GO:0006282),22,0,1.0,,1.0
GO_Biological_Process_2023,Regulation Of DNA-templated Transcription In Response To Stress (GO:0043620),0,0,1.0,,1.0
GO_Biological_Process_2023,Regulation Of Golgi To Plasma Membrane Protein Transport (GO:0042996),1,0,1.0,,1.0
GO_Biological_Process_2023,Regulation Of I-kappaB Phosphorylation (GO:1903719),0,0,1.0,,1.0
GO_Biological_Process_2023,Regulation Of IRE1-mediated Unfolded Protein Response (GO:1903894),2,0,1.0,,1.0
GO_Biological_Process_2023,Regulation Of RNA Biosynthetic Process (GO:2001141),2,1,0.09545541870343885,MED1,1.0
GO_Biological_Process_2023,Regulation Of RIG-I Signaling Pathway (GO:0039535),2,0,1.0,,1.0
GO_Biological_Process_2023,Regulation Of PERK-mediated Unfolded Protein Response (GO:1903897),2,0,1.0,,1.0
GO_Biological_Process_2023,Regulation Of Notch Signaling Pathway (GO:0008593),0,0,1.0,,1.0
GO_Biological_Process_2023,Regulation Of NMDA Receptor Activity (GO:2000310),0,0,1.0,,1.0
GO_Biological_Process_2023,Regulation Of NLRP3 Inflammasome Complex Assembly (GO:1900225),3,0,1.0,,1.0
GO_Biological_Process_2023,Regulation Of NK T Cell Proliferation (GO:0051140),0,0,1.0,,1.0
GO_Biological_Process_2023,Regulation Of NK T Cell Activation (GO:0051133),0,0,1.0,,1.0
GO_Biological_Process_2023,Regulation Of NIK/NF-kappaB Signaling (GO:1901222),5,1,0.22208297380459047,EP300,1.0
GO_Biological_Process_2023,Regulation Of NAD(P)H Oxidase Activity (GO:0033860),0,0,1.0,,1.0
GO_Biological_Process_2023,Regulation Of MHC Class II Biosynthetic Process (GO:0045346),1,0,1.0,,1.0
GO_Biological_Process_2023,Regulation Of MHC Class I Biosynthetic Process (GO:0045343),1,0,1.0,,1.0
GO_Biological_Process_2023,Regulation Of MDA-5 Signaling Pathway (GO:0039533),0,0,1.0,,1.0
GO_Biological_Process_2023,Regulation Of MAPK Cascade (GO:0043408),8,1,0.3312469238465738,GRB2,1.0
GO_Biological_Process_2023,Regulation Of MAP Kinase Activity (GO:0043405),2,0,1.0,,1.0
GO_Biological_Process_2023,Regulation Of JUN Kinase Activity (GO:0043506),1,0,1.0,,1.0
GO_Biological_Process_2023,Regulation Of JNK Cascade (GO:0046328),4,0,1.0,,1.0
GO_Biological_Process_2023,Regulation Of RNA Metabolic Process (GO:0051252),15,2,0.164341286382343,FAM50A;MED1,1.0
GO_Biological_Process_2023,Regulation Of T-helper 2 Cell Differentiation (GO:0045628),0,0,1.0,,1.0
GO_Biological_Process_2023,Regulation Of Cellular Response To Insulin Stimulus (GO:1900076),0,0,1.0,,1.0
GO_Biological_Process_2023,Regulation Of Cellular Biosynthetic Process (GO:0031326),11,1,0.425319275731237,MED1,1.0
GO_Biological_Process_2023,Regulation Of Histone Modification (GO:0031056),3,0,1.0,,1.0
GO_Biological_Process_2023,Regulation Of Histone Methylation (GO:0031060),0,0,1.0,,1.0
GO_Biological_Process_2023,Regulation Of Histone Deacetylation (GO:0031063),1,0,1.0,,1.0
GO_Biological_Process_2023,Regulation Of Histone Deacetylase Activity (GO:1901725),0,0,1.0,,1.0
GO_Biological_Process_2023,Regulation Of Histone Acetylation (GO:0035065),3,0,1.0,,1.0
GO_Biological_Process_2023,Regulation Of Histone H3-K4 Methylation (GO:0051569),7,1,0.2966459618332832,CTNNB1,1.0
GO_Biological_Process_2023,Regulation Of Histamine Secretion By Mast Cell (GO:1903593),0,0,1.0,,1.0
GO_Biological_Process_2023,Regulation Of Homotypic Cell-Cell Adhesion (GO:0034110),0,0,1.0,,1.0
GO_Biological_Process_2023,Regulation Of Hippo Signaling (GO:0035330),0,0,1.0,,1.0
GO_Biological_Process_2023,Regulation Of Heterotypic Cell-Cell Adhesion (GO:0034114),1,0,1.0,,1.0
GO_Biological_Process_2023,Regulation Of Heterochromatin Formation (GO:0031445),2,0,1.0,,1.0
GO_Biological_Process_2023,Regulation Of Hepatocyte Proliferation (GO:2000345),0,0,1.0,,1.0
GO_Biological_Process_2023,Regulation Of Hemopoiesis (GO:1903706),0,0,1.0,,1.0
GO_Biological_Process_2023,Regulation Of Hemoglobin Biosynthetic Process (GO:0046984),1,0,1.0,,1.0
GO_Biological_Process_2023,Regulation Of Heme Biosynthetic Process (GO:0070453),1,0,1.0,,1.0
GO_Biological_Process_2023,Regulation Of Hematopoietic Stem Cell Proliferation (GO:1902033),1,0,1.0,,1.0
GO_Biological_Process_2023,Regulation Of High Voltage-Gated Calcium Channel Activity (GO:1901841),0,0,1.0,,1.0
GO_Biological_Process_2023,Regulation Of Hematopoietic Stem Cell Differentiation (GO:1902036),2,0,1.0,,1.0
GO_Biological_Process_2023,Regulation Of Hormone Secretion (GO:0046883),0,0,1.0,,1.0
GO_Biological_Process_2023,Regulation Of Hyaluronan Biosynthetic Process (GO:1900125),1,0,1.0,,1.0
GO_Biological_Process_2023,Regulation Of Insulin Secretion (GO:0050796),1,0,1.0,,1.0
GO_Biological_Process_2023,Regulation Of Insulin Receptor Signaling Pathway (GO:0046626),2,0,1.0,,1.0
GO_Biological_Process_2023,Regulation Of Inositol Phosphate Biosynthetic Process (GO:0010919),0,0,1.0,,1.0
GO_Biological_Process_2023,Regulation Of Innate Immune Response (GO:0045088),12,0,1.0,,1.0
GO_Biological_Process_2023,Regulation Of Inflammatory Response To Wounding (GO:0106014),0,0,1.0,,1.0
GO_Biological_Process_2023,Regulation Of Inflammatory Response To Antigenic Stimulus (GO:0002861),1,0,1.0,,1.0
GO_Biological_Process_2023,Regulation Of Inflammatory Response (GO:0050727),4,0,1.0,,1.0
GO_Biological_Process_2023,Regulation Of Humoral Immune Response (GO:0002920),1,0,1.0,,1.0
GO_Biological_Process_2023,Regulation Of Inclusion Body Assembly (GO:0090083),0,0,1.0,,1.0
GO_Biological_Process_2023,Regulation Of Immunoglobulin Mediated Immune Response (GO:0002889),1,0,1.0,,1.0
GO_Biological_Process_2023,"Wnt Signaling Pathway, Planar Cell Polarity Pathway (GO:0060071)",1,0,1.0,,1.0
GO_Biological_Process_2023,Regulation Of Immune Effector Process (GO:0002697),2,1,0.09545541870343885,IRF4,1.0
GO_Biological_Process_2023,Regulation Of Immature T Cell Proliferation In Thymus (GO:0033084),0,0,1.0,,1.0
GO_Biological_Process_2023,Regulation Of Hydrolase Activity (GO:0051336),2,1,0.09545541870343885,PTK2,1.0
GO_Biological_Process_2023,Regulation Of Hydrogen Peroxide-Induced Cell Death (GO:1903205),1,0,1.0,,1.0
GO_Biological_Process_2023,Regulation Of Hydrogen Peroxide Metabolic Process (GO:0010310),0,0,1.0,,1.0
GO_Biological_Process_2023,Regulation Of Immunoglobulin Production (GO:0002637),4,0,1.0,,1.0
GO_Biological_Process_2023,Regulation Of Insulin Secretion Involved In Cellular Response To Glucose Stimulus (GO:0061178),0,0,1.0,,1.0
GO_Biological_Process_2023,Regulation Of Hematopoietic Progenitor Cell Differentiation (GO:1901532),4,1,0.18194134789770994,MYB,1.0
GO_Biological_Process_2023,Regulation Of Heart Rate By Cardiac Conduction (GO:0086091),0,0,1.0,,1.0
GO_Biological_Process_2023,Regulation Of Glomerular Filtration (GO:0003093),0,0,1.0,,1.0
GO_Biological_Process_2023,Regulation Of Glial Cell Proliferation (GO:0060251),0,0,1.0,,1.0
GO_Biological_Process_2023,Regulation Of Glial Cell Differentiation (GO:0045685),0,0,1.0,,1.0
GO_Biological_Process_2023,Regulation Of Glial Cell Apoptotic Process (GO:0034350),0,0,1.0,,1.0
GO_Biological_Process_2023,Regulation Of Generation Of Precursor Metabolites And Energy (GO:0043467),2,0,1.0,,1.0
GO_Biological_Process_2023,Regulation Of Gene Expression By Genomic Imprinting (GO:0006349),0,0,1.0,,1.0
GO_Biological_Process_2023,Regulation Of Gastrulation (GO:0010470),1,0,1.0,,1.0
GO_Biological_Process_2023,Regulation Of Glucagon Secretion (GO:0070092),0,0,1.0,,1.0
GO_Biological_Process_2023,Regulation Of Gap Junction Assembly (GO:1903596),0,0,1.0,,1.0
GO_Biological_Process_2023,acetyl-CoA Biosynthetic Process From Pyruvate (GO:0006086),0,0,1.0,,1.0
GO_Biological_Process_2023,Regulation Of Flagellated Sperm Motility (GO:1901317),0,0,1.0,,1.0
GO_Biological_Process_2023,Regulation Of Filopodium Assembly (GO:0051489),3,0,1.0,,1.0
GO_Biological_Process_2023,acetyl-CoA Metabolic Process (GO:0006084),2,0,1.0,,1.0
GO_Biological_Process_2023,Acetylcholine Receptor Signaling Pathway (GO:0095500),0,0,1.0,,1.0
GO_Biological_Process_2023,Regulation Of Fibroblast Growth Factor Receptor Signaling Pathway (GO:0040036),0,0,1.0,,1.0
GO_Biological_Process_2023,Regulation Of Fibroblast Apoptotic Process (GO:2000269),0,0,1.0,,1.0
GO_Biological_Process_2023,Regulation Of Focal Adhesion Disassembly (GO:0120182),0,0,1.0,,1.0
GO_Biological_Process_2023,Regulation Of Helicase Activity (GO:0051095),0,0,1.0,,1.0
GO_Biological_Process_2023,Regulation Of Glucan Biosynthetic Process (GO:0010962),0,0,1.0,,1.0
GO_Biological_Process_2023,Regulation Of Gluconeogenesis (GO:0006111),4,1,0.18194134789770994,EP300,1.0
GO_Biological_Process_2023,Regulation Of Heart Contraction (GO:0008016),1,0,1.0,,1.0
GO_Biological_Process_2023,Regulation Of Hair Cycle (GO:0042634),0,0,1.0,,1.0
GO_Biological_Process_2023,Regulation Of Guanylate Cyclase Activity (GO:0031282),0,0,1.0,,1.0
GO_Biological_Process_2023,Regulation Of Growth Hormone Secretion (GO:0060123),0,0,1.0,,1.0
GO_Biological_Process_2023,Regulation Of Growth Hormone Receptor Signaling Pathway (GO:0060398),0,0,1.0,,1.0
GO_Biological_Process_2023,Regulation Of Granulocyte Macrophage Colony-Stimulating Factor Production (GO:0032645),0,0,1.0,,1.0
GO_Biological_Process_2023,Regulation Of Granulocyte Differentiation (GO:0030852),0,0,1.0,,1.0
GO_Biological_Process_2023,Regulation Of Glucocorticoid Receptor Signaling Pathway (GO:2000322),1,0,1.0,,1.0
GO_Biological_Process_2023,[2Fe-2S] Cluster Assembly (GO:0044571),3,0,1.0,,1.0
GO_Biological_Process_2023,Regulation Of Glycolytic Process (GO:0006110),8,1,0.3312469238465738,EP300,1.0
GO_Biological_Process_2023,Regulation Of Glycogen Metabolic Process (GO:0070873),0,0,1.0,,1.0
GO_Biological_Process_2023,Regulation Of Glycogen Biosynthetic Process (GO:0005979),0,0,1.0,,1.0
GO_Biological_Process_2023,Regulation Of Glycogen (Starch) Synthase Activity (GO:2000465),0,0,1.0,,1.0
GO_Biological_Process_2023,acetyl-CoA Biosynthetic Process (GO:0006085),0,0,1.0,,1.0
GO_Biological_Process_2023,Regulation Of Glucose Metabolic Process (GO:0010906),1,0,1.0,,1.0
GO_Biological_Process_2023,Regulation Of Glucose Import (GO:0046324),2,0,1.0,,1.0
GO_Biological_Process_2023,Regulation Of Glycoprotein Biosynthetic Process (GO:0010559),0,0,1.0,,1.0
GO_Biological_Process_2023,Regulation Of Fibrinolysis (GO:0051917),0,0,1.0,,1.0
GO_Biological_Process_2023,Regulation Of Insulin-Like Growth Factor Receptor Signaling Pathway (GO:0043567),0,0,1.0,,1.0
GO_Biological_Process_2023,Regulation Of Integrin-Mediated Signaling Pathway (GO:2001044),0,0,1.0,,1.0
GO_Biological_Process_2023,Regulation Of Lipoprotein Metabolic Process (GO:0050746),0,0,1.0,,1.0
GO_Biological_Process_2023,Regulation Of Lipoprotein Lipase Activity (GO:0051004),0,0,1.0,,1.0
GO_Biological_Process_2023,Regulation Of Lipopolysaccharide-Mediated Signaling Pathway (GO:0031664),1,0,1.0,,1.0
GO_Biological_Process_2023,Regulation Of Lipid Transport (GO:0032368),0,0,1.0,,1.0
GO_Biological_Process_2023,Regulation Of Lipid Storage (GO:0010883),0,0,1.0,,1.0
GO_Biological_Process_2023,Regulation Of Lipid Metabolic Process (GO:0019216),0,0,1.0,,1.0
GO_Biological_Process_2023,Regulation Of Lipid Kinase Activity (GO:0043550),0,0,1.0,,1.0
GO_Biological_Process_2023,Regulation Of Long-Chain Fatty Acid Import Across Plasma Membrane (GO:0010746),0,0,1.0,,1.0
GO_Biological_Process_2023,Regulation Of Lipid Catabolic Process (GO:0050994),0,0,1.0,,1.0
GO_Biological_Process_2023,Regulation Of Lipase Activity (GO:0060191),0,0,1.0,,1.0
GO_Biological_Process_2023,Regulation Of Leukocyte Tethering Or Rolling (GO:1903236),0,0,1.0,,1.0
GO_Biological_Process_2023,Regulation Of Leukocyte Proliferation (GO:0070663),0,0,1.0,,1.0
GO_Biological_Process_2023,Regulation Of Leukocyte Migration (GO:0002685),0,0,1.0,,1.0
GO_Biological_Process_2023,Regulation Of Leukocyte Mediated Cytotoxicity (GO:0001910),0,0,1.0,,1.0
GO_Biological_Process_2023,Regulation Of Leukocyte Degranulation (GO:0043300),0,0,1.0,,1.0
GO_Biological_Process_2023,Regulation Of Leukocyte Chemotaxis (GO:0002688),0,0,1.0,,1.0
GO_Biological_Process_2023,Regulation Of Lipid Biosynthetic Process (GO:0046890),4,0,1.0,,1.0
GO_Biological_Process_2023,Regulation Of Leukocyte Cell-Cell Adhesion (GO:1903037),1,0,1.0,,1.0
GO_Biological_Process_2023,Regulation Of Long-Term Neuronal Synaptic Plasticity (GO:0048169),0,0,1.0,,1.0
GO_Biological_Process_2023,Regulation Of Long-Term Synaptic Potentiation (GO:1900271),0,0,1.0,,1.0
GO_Biological_Process_2023,Regulation Of mRNA Processing (GO:0050684),13,0,1.0,,1.0
GO_Biological_Process_2023,Regulation Of mRNA Polyadenylation (GO:1900363),4,0,1.0,,1.0
GO_Biological_Process_2023,Regulation Of mRNA Metabolic Process (GO:1903311),5,0,1.0,,1.0
GO_Biological_Process_2023,Regulation Of mRNA Export From Nucleus (GO:0010793),2,0,1.0,,1.0
GO_Biological_Process_2023,Regulation Of mRNA Catabolic Process (GO:0061013),7,0,1.0,,1.0
GO_Biological_Process_2023,Regulation Of mRNA 3'-End Processing (GO:0031440),4,0,1.0,,1.0
GO_Biological_Process_2023,Regulation Of Lysosome Size (GO:0062196),0,0,1.0,,1.0
GO_Biological_Process_2023,Regulation Of Long-Term Synaptic Depression (GO:1900452),0,0,1.0,,1.0
GO_Biological_Process_2023,Regulation Of Lysosome Organization (GO:1905671),0,0,1.0,,1.0
GO_Biological_Process_2023,Regulation Of Lysosomal Lumen pH (GO:0035751),5,0,1.0,,1.0
GO_Biological_Process_2023,Regulation Of Lymphocyte Proliferation (GO:0050670),0,0,1.0,,1.0
GO_Biological_Process_2023,Regulation Of Lymphocyte Migration (GO:2000401),0,0,1.0,,1.0
GO_Biological_Process_2023,Regulation Of Lymphocyte Differentiation (GO:0045619),3,0,1.0,,1.0
GO_Biological_Process_2023,Regulation Of Lymphocyte Apoptotic Process (GO:0070228),0,0,1.0,,1.0
GO_Biological_Process_2023,Regulation Of Lymphocyte Activation (GO:0051249),0,0,1.0,,1.0
GO_Biological_Process_2023,Regulation Of Low-Density Lipoprotein Particle Clearance (GO:0010988),1,0,1.0,,1.0
GO_Biological_Process_2023,Regulation Of Lysosomal Protein Catabolic Process (GO:1905165),0,0,1.0,,1.0
GO_Biological_Process_2023,Wnt Signaling Pathway Involved In Midbrain Dopaminergic Neuron Differentiation (GO:1904953),0,0,1.0,,1.0
GO_Biological_Process_2023,Regulation Of Leukocyte Adhesion To Vascular Endothelial Cell (GO:1904994),0,0,1.0,,1.0
GO_Biological_Process_2023,Regulation Of Lens Fiber Cell Differentiation (GO:1902746),0,0,1.0,,1.0
GO_Biological_Process_2023,Regulation Of Interleukin-8 Production (GO:0032677),2,0,1.0,,1.0
GO_Biological_Process_2023,Regulation Of Interleukin-6 Production (GO:0032675),5,0,1.0,,1.0
GO_Biological_Process_2023,Regulation Of Interleukin-5 Production (GO:0032674),0,0,1.0,,1.0
GO_Biological_Process_2023,UV-damage Excision Repair (GO:0070914),2,0,1.0,,1.0
GO_Biological_Process_2023,Regulation Of Interleukin-23 Production (GO:0032667),0,0,1.0,,1.0
GO_Biological_Process_2023,Regulation Of Interleukin-2 Production (GO:0032663),2,1,0.09545541870343885,IRF4,1.0
GO_Biological_Process_2023,Regulation Of Interleukin-18 Production (GO:0032661),1,0,1.0,,1.0
GO_Biological_Process_2023,Regulation Of Intestinal Cholesterol Absorption (GO:0030300),0,0,1.0,,1.0
GO_Biological_Process_2023,Regulation Of Interleukin-17 Production (GO:0032660),1,0,1.0,,1.0
GO_Biological_Process_2023,Regulation Of Interleukin-12 Production (GO:0032655),2,0,1.0,,1.0
GO_Biological_Process_2023,Regulation Of Interleukin-10 Production (GO:0032653),3,1,0.13976587961154743,IRF4,1.0
GO_Biological_Process_2023,Regulation Of Interleukin-1-Mediated Signaling Pathway (GO:2000659),0,0,1.0,,1.0
GO_Biological_Process_2023,Regulation Of Interleukin-1 Production (GO:0032652),1,0,1.0,,1.0
GO_Biological_Process_2023,Regulation Of Interleukin-1 Beta Production (GO:0032651),0,0,1.0,,1.0
GO_Biological_Process_2023,Regulation Of Interferon-Beta Production (GO:0032648),8,0,1.0,,1.0
GO_Biological_Process_2023,Regulation Of Interferon-Alpha Production (GO:0032647),3,0,1.0,,1.0
GO_Biological_Process_2023,V(D)J Recombination (GO:0033151),3,0,1.0,,1.0
GO_Biological_Process_2023,Regulation Of Leukocyte Activation (GO:0002694),0,0,1.0,,1.0
GO_Biological_Process_2023,Regulation Of Intracellular Estrogen Receptor Signaling Pathway (GO:0033146),3,1,0.13976587961154743,FOXA1,1.0
GO_Biological_Process_2023,Regulation Of Intracellular Signal Transduction (GO:1902531),20,2,0.25565720748481496,EP300;GRB2,1.0
GO_Biological_Process_2023,Regulation Of Lamellipodium Organization (GO:1902743),1,0,1.0,,1.0
GO_Biological_Process_2023,Regulation Of Lamellipodium Morphogenesis (GO:2000392),0,0,1.0,,1.0
GO_Biological_Process_2023,Regulation Of Lamellipodium Assembly (GO:0010591),3,0,1.0,,1.0
GO_Biological_Process_2023,Regulation Of Kinase Activity (GO:0043549),3,0,1.0,,1.0
GO_Biological_Process_2023,Regulation Of Ketone Biosynthetic Process (GO:0010566),0,0,1.0,,1.0
GO_Biological_Process_2023,U4 snRNA 3'-End Processing (GO:0034475),4,0,1.0,,1.0
GO_Biological_Process_2023,Regulation Of Keratinocyte Migration (GO:0051547),1,0,1.0,,1.0
GO_Biological_Process_2023,Regulation Of Intracellular Protein Transport (GO:0033157),2,0,1.0,,1.0
GO_Biological_Process_2023,UDP-N-acetylglucosamine Biosynthetic Process (GO:0006048),0,0,1.0,,1.0
GO_Biological_Process_2023,Regulation Of Isotype Switching (GO:0045191),3,1,0.13976587961154743,TFRC,1.0
GO_Biological_Process_2023,Regulation Of Intrinsic Apoptotic Signaling Pathway In Response To DNA Damage By P53 Class Mediator (GO:1902165),2,0,1.0,,1.0
GO_Biological_Process_2023,Regulation Of Intrinsic Apoptotic Signaling Pathway In Response To DNA Damage (GO:1902229),3,1,0.13976587961154743,BCL2L1,1.0
GO_Biological_Process_2023,UDP-N-acetylglucosamine Metabolic Process (GO:0006047),0,0,1.0,,1.0
GO_Biological_Process_2023,Regulation Of Intrinsic Apoptotic Signaling Pathway (GO:2001242),5,1,0.22208297380459047,BCL2L1,1.0
GO_Biological_Process_2023,Regulation Of Intracellular Transport (GO:0032386),3,0,1.0,,1.0
GO_Biological_Process_2023,UV Protection (GO:0009650),1,0,1.0,,1.0
GO_Biological_Process_2023,Regulation Of Keratinocyte Apoptotic Process (GO:1902172),0,0,1.0,,1.0
GO_Biological_Process_2023,Actin Filament Polymerization (GO:0030041),0,0,1.0,,1.0
GO_Biological_Process_2023,Regulation Of Fertilization (GO:0080154),0,0,1.0,,1.0
GO_Biological_Process_2023,Regulation Of Fatty Acid Oxidation (GO:0046320),0,0,1.0,,1.0
GO_Biological_Process_2023,Regulation Of Cyclic-Nucleotide Phosphodiesterase Activity (GO:0051342),1,0,1.0,,1.0
GO_Biological_Process_2023,Regulation Of Cortisol Biosynthetic Process (GO:2000064),0,0,1.0,,1.0
GO_Biological_Process_2023,Regulation Of Complement-Dependent Cytotoxicity (GO:1903659),0,0,1.0,,1.0
GO_Biological_Process_2023,"Regulation Of Complement Activation, Classical Pathway (GO:0030450)",0,0,1.0,,1.0
GO_Biological_Process_2023,Regulation Of Complement Activation (GO:0030449),2,0,1.0,,1.0
GO_Biological_Process_2023,Regulation Of Collateral Sprouting (GO:0048670),0,0,1.0,,1.0
GO_Biological_Process_2023,Regulation Of Collagen Fibril Organization (GO:1904026),0,0,1.0,,1.0
GO_Biological_Process_2023,Regulation Of Cyclin-Dependent Protein Kinase Activity (GO:1904029),10,1,0.39550578556344795,CCND1,1.0
GO_Biological_Process_2023,Regulation Of Collagen Biosynthetic Process (GO:0032965),0,0,1.0,,1.0
GO_Biological_Process_2023,Regulation Of Coagulation (GO:0050818),0,0,1.0,,1.0
GO_Biological_Process_2023,Regulation Of Clathrin-Dependent Endocytosis (GO:2000369),0,0,1.0,,1.0
GO_Biological_Process_2023,"Regulation Of Circadian Sleep/Wake Cycle, Sleep (GO:0045187)",0,0,1.0,,1.0
GO_Biological_Process_2023,Regulation Of Circadian Sleep/Wake Cycle (GO:0042749),0,0,1.0,,1.0
GO_Biological_Process_2023,Regulation Of Cilium Movement (GO:0003352),1,0,1.0,,1.0
GO_Biological_Process_2023,Regulation Of Cilium Beat Frequency (GO:0003356),0,0,1.0,,1.0
GO_Biological_Process_2023,Regulation Of Cilium Assembly (GO:1902017),0,0,1.0,,1.0
GO_Biological_Process_2023,Actin Filament Network Formation (GO:0051639),0,0,1.0,,1.0
GO_Biological_Process_2023,Regulation Of Chromosome Separation (GO:1905818),9,1,0.364173645762447,NCAPD3,1.0
GO_Biological_Process_2023,Regulation Of Cyclin-Dependent Protein Serine/Threonine Kinase Activity (GO:0000079),12,1,0.4536864944610995,CCND1,1.0
GO_Biological_Process_2023,Regulation Of Cysteine-Type Endopeptidase Activity Involved In Apoptotic Process (GO:0043281),6,1,0.26028719693696456,MYC,1.0
GO_Biological_Process_2023,Regulation Of Delayed Rectifier Potassium Channel Activity (GO:1902259),0,0,1.0,,1.0
GO_Biological_Process_2023,Regulation Of Defense Response To Virus By Host (GO:0050691),2,0,1.0,,1.0
GO_Biological_Process_2023,Regulation Of Defense Response To Virus (GO:0050688),2,0,1.0,,1.0
GO_Biological_Process_2023,Regulation Of Defense Response To Bacterium (GO:1900424),0,0,1.0,,1.0
GO_Biological_Process_2023,Regulation Of Defense Response (GO:0031347),2,0,1.0,,1.0
GO_Biological_Process_2023,Regulation Of Cytosolic Calcium Ion Concentration (GO:0051480),0,0,1.0,,1.0
GO_Biological_Process_2023,Regulation Of Cytoskeleton Organization (GO:0051493),6,1,0.26028719693696456,PTK2,1.0
GO_Biological_Process_2023,Regulation Of Cysteine-Type Endopeptidase Activity (GO:2000116),1,0,1.0,,1.0
GO_Biological_Process_2023,Regulation Of Cytoplasmic Transport (GO:1903649),1,0,1.0,,1.0
GO_Biological_Process_2023,Regulation Of Cytoplasmic Translation (GO:2000765),5,0,1.0,,1.0
GO_Biological_Process_2023,Regulation Of Cytokinesis (GO:0032465),12,1,0.4536864944610995,BCL2L1,1.0
GO_Biological_Process_2023,Regulation Of Cytokine-Mediated Signaling Pathway (GO:0001959),2,0,1.0,,1.0
GO_Biological_Process_2023,Regulation Of Cytokine Production Involved In Inflammatory Response (GO:1900015),0,0,1.0,,1.0
GO_Biological_Process_2023,Regulation Of Cytokine Production Involved In Immune Response (GO:0002718),0,0,1.0,,1.0
GO_Biological_Process_2023,Regulation Of Cytokine Production (GO:0001817),3,0,1.0,,1.0
GO_Biological_Process_2023,Regulation Of Cysteine-Type Endopeptidase Activity Involved In Apoptotic Signaling Pathway (GO:2001267),0,0,1.0,,1.0
GO_Biological_Process_2023,Regulation Of Cytoplasmic Translational Elongation (GO:1900247),1,0,1.0,,1.0
GO_Biological_Process_2023,Regulation Of Dendrite Development (GO:0050773),0,0,1.0,,1.0
GO_Biological_Process_2023,Regulation Of Chromosome Segregation (GO:0051983),10,1,0.39550578556344795,NCAPD3,1.0
GO_Biological_Process_2023,Regulation Of Chromosome Condensation (GO:0060623),7,1,0.2966459618332832,NCAPD3,1.0
GO_Biological_Process_2023,Regulation Of Cellular Response To Transforming Growth Factor Beta Stimulus (GO:1903844),0,0,1.0,,1.0
GO_Biological_Process_2023,Regulation Of Cellular Response To Stress (GO:0080135),20,1,0.6361938488764477,EP300,1.0
GO_Biological_Process_2023,Actin Filament Organization (GO:0007015),4,0,1.0,,1.0
GO_Biological_Process_2023,Purine Nucleotide Catabolic Process (GO:0006195),0,0,1.0,,1.0
GO_Biological_Process_2023,Regulation Of Cellular Response To Hypoxia (GO:1900037),1,0,1.0,,1.0
GO_Biological_Process_2023,Regulation Of Cellular Response To Heat (GO:1900034),4,1,0.18194134789770994,EP300,1.0
GO_Biological_Process_2023,Regulation Of Cellular Response To Growth Factor Stimulus (GO:0090287),0,0,1.0,,1.0
GO_Biological_Process_2023,Regulation Of Cellular Senescence (GO:2000772),6,1,0.26028719693696456,CDK6,1.0
GO_Biological_Process_2023,Regulation Of Cellular Respiration (GO:0043457),4,0,1.0,,1.0
GO_Biological_Process_2023,Regulation Of Cellular Localization (GO:0060341),4,0,1.0,,1.0
GO_Biological_Process_2023,Regulation Of Cellular Ketone Metabolic Process (GO:0010565),0,0,1.0,,1.0
GO_Biological_Process_2023,Regulation Of Cellular Extravasation (GO:0002691),0,0,1.0,,1.0
GO_Biological_Process_2023,Regulation Of Cellular Component Size (GO:0032535),3,0,1.0,,1.0
GO_Biological_Process_2023,Regulation Of Cellular Component Organization (GO:0051128),16,2,0.18217839641731962,AP2S1;TFRC,1.0
GO_Biological_Process_2023,Regulation Of Cellular Component Biogenesis (GO:0044087),3,0,1.0,,1.0
GO_Biological_Process_2023,Regulation Of Cellular Catabolic Process (GO:0031329),4,1,0.18194134789770994,EP300,1.0
GO_Biological_Process_2023,Regulation Of Cellular Metabolic Process (GO:0031323),7,1,0.2966459618332832,EP300,1.0
GO_Biological_Process_2023,Regulation Of Chromosome Organization (GO:0033044),10,1,0.39550578556344795,MYC,1.0
GO_Biological_Process_2023,Regulation Of Centriole Elongation (GO:1903722),1,0,1.0,,1.0
GO_Biological_Process_2023,Regulation Of Centrosome Cycle (GO:0046605),5,0,1.0,,1.0
GO_Biological_Process_2023,Regulation Of Chromatin Organization (GO:1902275),10,0,1.0,,1.0
GO_Biological_Process_2023,Regulation Of Chromatin Binding (GO:0035561),2,0,1.0,,1.0
GO_Biological_Process_2023,Regulation Of Chondrocyte Differentiation (GO:0032330),1,0,1.0,,1.0
GO_Biological_Process_2023,Regulation Of Cholesterol Transport (GO:0032374),0,0,1.0,,1.0
GO_Biological_Process_2023,Regulation Of Cholesterol Storage (GO:0010885),0,0,1.0,,1.0
GO_Biological_Process_2023,Regulation Of Cholesterol Metabolic Process (GO:0090181),0,0,1.0,,1.0
GO_Biological_Process_2023,Regulation Of Cholesterol Efflux (GO:0010874),0,0,1.0,,1.0
GO_Biological_Process_2023,Regulation Of Centriole Replication (GO:0046599),4,0,1.0,,1.0
GO_Biological_Process_2023,Regulation Of Cholesterol Biosynthetic Process (GO:0045540),1,0,1.0,,1.0
GO_Biological_Process_2023,Regulation Of Chemokine-Mediated Signaling Pathway (GO:0070099),1,0,1.0,,1.0
GO_Biological_Process_2023,Regulation Of Chemokine Production (GO:0032642),0,0,1.0,,1.0
GO_Biological_Process_2023,Regulation Of Chemokine (C-X-C Motif) Ligand 2 Production (GO:2000341),1,0,1.0,,1.0
GO_Biological_Process_2023,Regulation Of Chemokine (C-C Motif) Ligand 5 Production (GO:0071649),1,0,1.0,,1.0
GO_Biological_Process_2023,Regulation Of Chaperone-Mediated Autophagy (GO:1904714),2,0,1.0,,1.0
GO_Biological_Process_2023,Regulation Of Ceramide Biosynthetic Process (GO:2000303),0,0,1.0,,1.0
GO_Biological_Process_2023,Regulation Of Centrosome Duplication (GO:0010824),4,0,1.0,,1.0
GO_Biological_Process_2023,Regulation Of Chemotaxis (GO:0050920),0,0,1.0,,1.0
GO_Biological_Process_2023,Regulation Of Feeding Behavior (GO:0060259),0,0,1.0,,1.0
GO_Biological_Process_2023,Regulation Of Dendrite Extension (GO:1903859),0,0,1.0,,1.0
GO_Biological_Process_2023,Regulation Of Dendritic Cell Antigen Processing And Presentation (GO:0002604),0,0,1.0,,1.0
GO_Biological_Process_2023,Regulation Of Establishment Of Protein Localization To Telomere (GO:0070203),7,0,1.0,,1.0
GO_Biological_Process_2023,Regulation Of Establishment Of Protein Localization To Mitochondrion (GO:1903747),0,0,1.0,,1.0
GO_Biological_Process_2023,Regulation Of Establishment Of Protein Localization (GO:0070201),1,0,1.0,,1.0
GO_Biological_Process_2023,Regulation Of Establishment Of Planar Polarity (GO:0090175),1,0,1.0,,1.0
GO_Biological_Process_2023,Regulation Of Establishment Of Endothelial Barrier (GO:1903140),1,0,1.0,,1.0
GO_Biological_Process_2023,Regulation Of Establishment Of Cell Polarity (GO:2000114),1,0,1.0,,1.0
GO_Biological_Process_2023,Regulation Of Establishment Of T Cell Polarity (GO:1903903),0,0,1.0,,1.0
GO_Biological_Process_2023,Regulation Of Establishment Or Maintenance Of Cell Polarity (GO:0032878),1,0,1.0,,1.0
GO_Biological_Process_2023,Actin Crosslink Formation (GO:0051764),0,0,1.0,,1.0
GO_Biological_Process_2023,Actin Cytoskeleton Reorganization (GO:0031532),2,1,0.09545541870343885,GRB2,1.0
GO_Biological_Process_2023,Actin Filament Bundle Assembly (GO:0051017),0,0,1.0,,1.0
GO_Biological_Process_2023,Regulation Of Epithelial Cell Migration (GO:0010632),3,1,0.13976587961154743,PTK2,1.0
GO_Biological_Process_2023,Regulation Of Epithelial Cell Differentiation (GO:0030856),0,0,1.0,,1.0
GO_Biological_Process_2023,Regulation Of Epithelial Cell Apoptotic Process (GO:1904035),0,0,1.0,,1.0
GO_Biological_Process_2023,Regulation Of Epinephrine Secretion (GO:0014060),0,0,1.0,,1.0
GO_Biological_Process_2023,Regulation Of Epidermis Development (GO:0045682),0,0,1.0,,1.0
GO_Biological_Process_2023,Regulation Of Epithelial To Mesenchymal Transition Involved In Endocardial Cushion Formation (GO:1905005),0,0,1.0,,1.0
GO_Biological_Process_2023,Regulation Of Epidermal Growth Factor-Activated Receptor Activity (GO:0007176),3,0,1.0,,1.0
GO_Biological_Process_2023,Regulation Of Excitatory Synapse Assembly (GO:1904889),0,0,1.0,,1.0
GO_Biological_Process_2023,Regulation Of Exit From Mitosis (GO:0007096),3,0,1.0,,1.0
GO_Biological_Process_2023,Regulation Of Fatty Acid Metabolic Process (GO:0019217),1,0,1.0,,1.0
GO_Biological_Process_2023,Regulation Of Fatty Acid Biosynthetic Process (GO:0042304),2,0,1.0,,1.0
GO_Biological_Process_2023,Regulation Of Fatty Acid Beta-Oxidation (GO:0031998),0,0,1.0,,1.0
GO_Biological_Process_2023,Regulation Of Fat Cell Proliferation (GO:0070344),0,0,1.0,,1.0
GO_Biological_Process_2023,Regulation Of Fat Cell Differentiation (GO:0045598),2,1,0.09545541870343885,FERMT2,1.0
GO_Biological_Process_2023,Acid Secretion (GO:0046717),0,0,1.0,,1.0
GO_Biological_Process_2023,Regulation Of Extrinsic Apoptotic Signaling Pathway In Absence Of Ligand (GO:2001239),2,1,0.09545541870343885,BCL2L1,1.0
GO_Biological_Process_2023,Regulation Of Execution Phase Of Apoptosis (GO:1900117),0,0,1.0,,1.0
GO_Biological_Process_2023,Acidic Amino Acid Transport (GO:0015800),0,0,1.0,,1.0
GO_Biological_Process_2023,Regulation Of Extracellular Matrix Disassembly (GO:0010715),0,0,1.0,,1.0
GO_Biological_Process_2023,Regulation Of Extracellular Matrix Constituent Secretion (GO:0003330),0,0,1.0,,1.0
GO_Biological_Process_2023,Regulation Of Extracellular Matrix Assembly (GO:1901201),0,0,1.0,,1.0
GO_Biological_Process_2023,Regulation Of Extracellular Exosome Assembly (GO:1903551),1,0,1.0,,1.0
GO_Biological_Process_2023,Regulation Of Extent Of Cell Growth (GO:0061387),2,1,0.09545541870343885,DNM2,1.0
GO_Biological_Process_2023,Regulation Of Exosomal Secretion (GO:1903541),4,0,1.0,,1.0
GO_Biological_Process_2023,Regulation Of Exocytosis (GO:0017157),2,0,1.0,,1.0
GO_Biological_Process_2023,Regulation Of Extracellular Matrix Organization (GO:1903053),0,0,1.0,,1.0
GO_Biological_Process_2023,Regulation Of Dendrite Morphogenesis (GO:0048814),0,0,1.0,,1.0
GO_Biological_Process_2023,Regulation Of Epidermal Growth Factor Receptor Signaling Pathway (GO:0042058),1,0,1.0,,1.0
GO_Biological_Process_2023,Regulation Of Entry Of Bacterium Into Host Cell (GO:2000535),0,0,1.0,,1.0
GO_Biological_Process_2023,Regulation Of Double-Strand Break Repair Via Homologous Recombination (GO:0010569),16,0,1.0,,1.0
GO_Biological_Process_2023,Regulation Of Double-Strand Break Repair (GO:2000779),17,0,1.0,,1.0
GO_Biological_Process_2023,Regulation Of Dosage Compensation By Inactivation Of X Chromosome (GO:1900095),5,0,1.0,,1.0
GO_Biological_Process_2023,Regulation Of Dopamine Uptake Involved In Synaptic Transmission (GO:0051584),0,0,1.0,,1.0
GO_Biological_Process_2023,Regulation Of Dopamine Secretion (GO:0014059),0,0,1.0,,1.0
GO_Biological_Process_2023,Regulation Of Dopamine Receptor Signaling Pathway (GO:0060159),0,0,1.0,,1.0
GO_Biological_Process_2023,Regulation Of Dopamine Metabolic Process (GO:0042053),0,0,1.0,,1.0
GO_Biological_Process_2023,Regulation Of Double-Strand Break Repair Via Nonhomologous End Joining (GO:2001032),3,0,1.0,,1.0
GO_Biological_Process_2023,Regulation Of Digestive System Process (GO:0044058),0,0,1.0,,1.0
GO_Biological_Process_2023,Regulation Of Dephosphorylation (GO:0035303),3,0,1.0,,1.0
GO_Biological_Process_2023,Actin Filament Depolymerization (GO:0030042),1,0,1.0,,1.0
GO_Biological_Process_2023,Regulation Of Dendritic Spine Maintenance (GO:1902950),0,0,1.0,,1.0
GO_Biological_Process_2023,Regulation Of Dendritic Spine Development (GO:0060998),0,0,1.0,,1.0
GO_Biological_Process_2023,Regulation Of Dendritic Cell Differentiation (GO:2001198),1,0,1.0,,1.0
GO_Biological_Process_2023,Regulation Of Dendritic Cell Chemotaxis (GO:2000508),0,0,1.0,,1.0
GO_Biological_Process_2023,Regulation Of Dendritic Cell Apoptotic Process (GO:2000668),0,0,1.0,,1.0
GO_Biological_Process_2023,Regulation Of Developmental Growth (GO:0048638),3,1,0.13976587961154743,DNM2,1.0
GO_Biological_Process_2023,Regulation Of Epidermal Cell Differentiation (GO:0045604),0,0,1.0,,1.0
GO_Biological_Process_2023,Regulation Of Early Endosome To Late Endosome Transport (GO:2000641),1,0,1.0,,1.0
GO_Biological_Process_2023,Regulation Of Enamel Mineralization (GO:0070173),0,0,1.0,,1.0
GO_Biological_Process_2023,Regulation Of Endothelial Cell-Matrix Adhesion Via Fibronectin (GO:1904904),0,0,1.0,,1.0
GO_Biological_Process_2023,Regulation Of Endothelial Cell Proliferation (GO:0001936),0,0,1.0,,1.0
GO_Biological_Process_2023,Actin Filament Bundle Organization (GO:0061572),0,0,1.0,,1.0
GO_Biological_Process_2023,Regulation Of Endothelial Cell Differentiation (GO:0045601),0,0,1.0,,1.0
GO_Biological_Process_2023,Regulation Of Endothelial Cell Development (GO:1901550),1,0,1.0,,1.0
GO_Biological_Process_2023,Regulation Of Endothelial Cell Chemotaxis To Fibroblast Growth Factor (GO:2000544),0,0,1.0,,1.0
GO_Biological_Process_2023,Regulation Of Endothelial Cell Chemotaxis (GO:2001026),0,0,1.0,,1.0
GO_Biological_Process_2023,Regulation Of Embryonic Development (GO:0045995),6,1,0.26028719693696456,CFL1,1.0
GO_Biological_Process_2023,Regulation Of Endothelial Cell Apoptotic Process (GO:2000351),0,0,1.0,,1.0
GO_Biological_Process_2023,Regulation Of Endoplasmic Reticulum Unfolded Protein Response (GO:1900101),3,0,1.0,,1.0
GO_Biological_Process_2023,Regulation Of Endoplasmic Reticulum Tubular Network Organization (GO:1903371),0,0,1.0,,1.0
GO_Biological_Process_2023,Regulation Of Endoplasmic Reticulum Stress-Induced Intrinsic Apoptotic Signaling Pathway (GO:1902235),0,0,1.0,,1.0
GO_Biological_Process_2023,Regulation Of Endopeptidase Activity (GO:0052548),3,0,1.0,,1.0
GO_Biological_Process_2023,Regulation Of Endodeoxyribonuclease Activity (GO:0032071),4,0,1.0,,1.0
GO_Biological_Process_2023,Actin Filament Capping (GO:0051693),1,0,1.0,,1.0
GO_Biological_Process_2023,Regulation Of Endocytic Recycling (GO:2001135),0,0,1.0,,1.0
GO_Biological_Process_2023,Regulation Of Endosome Size (GO:0051036),0,0,1.0,,1.0
GO_Biological_Process_2023,Acute Inflammatory Response (GO:0002526),0,0,1.0,,1.0
GO_Biological_Process_2023,Proximal/Distal Pattern Formation (GO:0009954),0,0,1.0,,1.0
GO_Biological_Process_2023,Purine Nucleoside Bisphosphate Catabolic Process (GO:0034034),0,0,1.0,,1.0
GO_Biological_Process_2023,Positive Regulation Of Podosome Assembly (GO:0071803),0,0,1.0,,1.0
GO_Biological_Process_2023,Positive Regulation Of Platelet Aggregation (GO:1901731),0,0,1.0,,1.0
GO_Biological_Process_2023,Positive Regulation Of Platelet Activation (GO:0010572),0,0,1.0,,1.0
GO_Biological_Process_2023,Positive Regulation Of Plasminogen Activation (GO:0010756),0,0,1.0,,1.0
GO_Biological_Process_2023,Positive Regulation Of Plasma Membrane Bounded Cell Projection Assembly (GO:0120034),4,0,1.0,,1.0
GO_Biological_Process_2023,Positive Regulation Of Pinocytosis (GO:0048549),1,0,1.0,,1.0
GO_Biological_Process_2023,Aerobic Respiration (GO:0009060),3,1,0.13976587961154743,SDHB,1.0
GO_Biological_Process_2023,Positive Regulation Of Positive Chemotaxis (GO:0050927),0,0,1.0,,1.0
GO_Biological_Process_2023,Positive Regulation Of Phosphoprotein Phosphatase Activity (GO:0032516),4,0,1.0,,1.0
GO_Biological_Process_2023,Positive Regulation Of Phospholipid Biosynthetic Process (GO:0071073),0,0,1.0,,1.0
GO_Biological_Process_2023,Positive Regulation Of Phospholipase Activity (GO:0010518),0,0,1.0,,1.0
GO_Biological_Process_2023,Positive Regulation Of Phospholipase C Activity (GO:0010863),2,0,1.0,,1.0
GO_Biological_Process_2023,Aggrephagy (GO:0035973),0,0,1.0,,1.0
GO_Biological_Process_2023,Alanine Transport (GO:0032328),0,0,1.0,,1.0
GO_Biological_Process_2023,Positive Regulation Of Phosphate Metabolic Process (GO:0045937),0,0,1.0,,1.0
GO_Biological_Process_2023,Positive Regulation Of Phosphatase Activity (GO:0010922),3,0,1.0,,1.0
GO_Biological_Process_2023,Positive Regulation Of Phospholipid Transport (GO:2001140),2,0,1.0,,1.0
GO_Biological_Process_2023,"Positive Regulation Of Phagocytosis, Engulfment (GO:0060100)",1,0,1.0,,1.0
GO_Biological_Process_2023,Positive Regulation Of Post-Transcriptional Gene Silencing By RNA (GO:1900370),1,0,1.0,,1.0
GO_Biological_Process_2023,Adult Locomotory Behavior (GO:0008344),1,0,1.0,,1.0
GO_Biological_Process_2023,Positive Regulation Of Protein Exit From Endoplasmic Reticulum (GO:0070863),0,0,1.0,,1.0
GO_Biological_Process_2023,Positive Regulation Of Protein Depolymerization (GO:1901881),0,0,1.0,,1.0
GO_Biological_Process_2023,Positive Regulation Of Protein Dephosphorylation (GO:0035307),4,0,1.0,,1.0
GO_Biological_Process_2023,Positive Regulation Of Protein Deacetylation (GO:0090312),1,0,1.0,,1.0
GO_Biological_Process_2023,Positive Regulation Of Protein Catabolic Process In The Vacuole (GO:1904352),0,0,1.0,,1.0
GO_Biological_Process_2023,Positive Regulation Of Protein Catabolic Process (GO:0045732),13,0,1.0,,1.0
GO_Biological_Process_2023,Positive Regulation Of Protein Binding (GO:0032092),5,0,1.0,,1.0
GO_Biological_Process_2023,Aerobic Electron Transport Chain (GO:0019646),5,1,0.22208297380459047,SDHB,1.0
GO_Biological_Process_2023,Positive Regulation Of Protein Autophosphorylation (GO:0031954),1,0,1.0,,1.0
GO_Biological_Process_2023,Positive Regulation Of Protein K63-linked Ubiquitination (GO:1902523),2,0,1.0,,1.0
GO_Biological_Process_2023,Adrenergic Receptor Signaling Pathway (GO:0071875),0,0,1.0,,1.0
GO_Biological_Process_2023,Adult Feeding Behavior (GO:0008343),0,0,1.0,,1.0
GO_Biological_Process_2023,Positive Regulation Of Programmed Necrotic Cell Death (GO:0062100),0,0,1.0,,1.0
GO_Biological_Process_2023,Adult Heart Development (GO:0007512),0,0,1.0,,1.0
GO_Biological_Process_2023,Positive Regulation Of Production Of Molecular Mediator Of Immune Response (GO:0002702),3,0,1.0,,1.0
GO_Biological_Process_2023,Positive Regulation Of Potassium Ion Transport (GO:0043268),0,0,1.0,,1.0
GO_Biological_Process_2023,Positive Regulation Of Protein Acetylation (GO:1901985),1,0,1.0,,1.0
GO_Biological_Process_2023,Positive Regulation Of Protein Export From Nucleus (GO:0046827),2,0,1.0,,1.0
GO_Biological_Process_2023,Positive Regulation Of Phagocytosis (GO:0050766),1,0,1.0,,1.0
GO_Biological_Process_2023,Positive Regulation Of Peptidyl-Tyrosine Phosphorylation (GO:0050731),1,0,1.0,,1.0
GO_Biological_Process_2023,Positive Regulation Of Nuclear-Transcribed mRNA poly(A) Tail Shortening (GO:0060213),3,0,1.0,,1.0
GO_Biological_Process_2023,"Positive Regulation Of Nuclear-Transcribed mRNA Catabolic Process, Deadenylation-Dependent Decay (GO:1900153)",2,0,1.0,,1.0
GO_Biological_Process_2023,Positive Regulation Of Nuclear Division (GO:0051785),0,0,1.0,,1.0
GO_Biological_Process_2023,Positive Regulation Of Nuclear Cell Cycle DNA Replication (GO:0010571),2,0,1.0,,1.0
GO_Biological_Process_2023,Positive Regulation Of Non-Canonical Wnt Signaling Pathway (GO:2000052),0,0,1.0,,1.0
GO_Biological_Process_2023,Aldehyde Biosynthetic Process (GO:0046184),1,0,1.0,,1.0
GO_Biological_Process_2023,Aldehyde Catabolic Process (GO:0046185),0,0,1.0,,1.0
GO_Biological_Process_2023,Positive Regulation Of Nucleocytoplasmic Transport (GO:0046824),11,1,0.425319275731237,EP300,1.0
GO_Biological_Process_2023,Positive Regulation Of Nitric-Oxide Synthase Activity (GO:0051000),2,1,0.09545541870343885,DHFR,1.0
GO_Biological_Process_2023,Positive Regulation Of Nitric Oxide Biosynthetic Process (GO:0045429),0,0,1.0,,1.0
GO_Biological_Process_2023,Positive Regulation Of Neutrophil Migration (GO:1902624),0,0,1.0,,1.0
GO_Biological_Process_2023,Positive Regulation Of Neutrophil Chemotaxis (GO:0090023),0,0,1.0,,1.0
GO_Biological_Process_2023,Positive Regulation Of Neurotransmitter Secretion (GO:0001956),0,0,1.0,,1.0
GO_Biological_Process_2023,Alditol Metabolic Process (GO:0019400),0,0,1.0,,1.0
GO_Biological_Process_2023,Positive Regulation Of Neuron Projection Arborization (GO:0150012),0,0,1.0,,1.0
GO_Biological_Process_2023,Positive Regulation Of Neuron Migration (GO:2001224),0,0,1.0,,1.0
GO_Biological_Process_2023,Positive Regulation Of Nitric Oxide Metabolic Process (GO:1904407),0,0,1.0,,1.0
GO_Biological_Process_2023,Positive Regulation Of Peroxisome Proliferator Activated Receptor Signaling Pathway (GO:0035360),0,0,1.0,,1.0
GO_Biological_Process_2023,Positive Regulation Of Oligodendrocyte Differentiation (GO:0048714),0,0,1.0,,1.0
GO_Biological_Process_2023,Positive Regulation Of Organelle Assembly (GO:1902117),5,0,1.0,,1.0
GO_Biological_Process_2023,Positive Regulation Of Peptidyl-Threonine Phosphorylation (GO:0010800),2,0,1.0,,1.0
GO_Biological_Process_2023,Positive Regulation Of Peptidyl-Serine Phosphorylation Of STAT Protein (GO:0033141),0,0,1.0,,1.0
GO_Biological_Process_2023,Alcohol Catabolic Process (GO:0046164),0,0,1.0,,1.0
GO_Biological_Process_2023,Positive Regulation Of Peptidyl-Lysine Acetylation (GO:2000758),2,0,1.0,,1.0
GO_Biological_Process_2023,Positive Regulation Of Peptide Secretion (GO:0002793),0,0,1.0,,1.0
GO_Biological_Process_2023,Positive Regulation Of Peptide Hormone Secretion (GO:0090277),1,0,1.0,,1.0
GO_Biological_Process_2023,Positive Regulation Of Peptidase Activity (GO:0010952),2,0,1.0,,1.0
GO_Biological_Process_2023,Positive Regulation Of Opsonization (GO:1903028),0,0,1.0,,1.0
GO_Biological_Process_2023,Positive Regulation Of Pattern Recognition Receptor Signaling Pathway (GO:0062208),2,0,1.0,,1.0
GO_Biological_Process_2023,Positive Regulation Of p38MAPK Cascade (GO:1900745),1,0,1.0,,1.0
GO_Biological_Process_2023,Positive Regulation Of Oxidoreductase Activity (GO:0051353),0,0,1.0,,1.0
GO_Biological_Process_2023,Positive Regulation Of Osteoclast Differentiation (GO:0045672),0,0,1.0,,1.0
GO_Biological_Process_2023,Positive Regulation Of Osteoblast Proliferation (GO:0033690),1,0,1.0,,1.0
GO_Biological_Process_2023,Positive Regulation Of Osteoblast Differentiation (GO:0045669),3,1,0.13976587961154743,FERMT2,1.0
GO_Biological_Process_2023,Positive Regulation Of Ossification (GO:0045778),2,0,1.0,,1.0
GO_Biological_Process_2023,Positive Regulation Of Organelle Organization (GO:0010638),2,0,1.0,,1.0
GO_Biological_Process_2023,Positive Regulation Of Pathway-Restricted SMAD Protein Phosphorylation (GO:0010862),2,0,1.0,,1.0
GO_Biological_Process_2023,Positive Regulation Of Neuron Differentiation (GO:0045666),2,0,1.0,,1.0
GO_Biological_Process_2023,Positive Regulation Of Protein Import Into Nucleus (GO:0042307),8,1,0.3312469238465738,EP300,1.0
GO_Biological_Process_2023,Adrenal Gland Development (GO:0030325),0,0,1.0,,1.0
GO_Biological_Process_2023,Positive Regulation Of Response To Stimulus (GO:0048584),7,0,1.0,,1.0
GO_Biological_Process_2023,Positive Regulation Of Response To External Stimulus (GO:0032103),5,0,1.0,,1.0
GO_Biological_Process_2023,Positive Regulation Of Response To Endoplasmic Reticulum Stress (GO:1905898),0,0,1.0,,1.0
GO_Biological_Process_2023,Positive Regulation Of Response To Cytokine Stimulus (GO:0060760),1,0,1.0,,1.0
GO_Biological_Process_2023,Positive Regulation Of Response To Biotic Stimulus (GO:0002833),5,0,1.0,,1.0
GO_Biological_Process_2023,Positive Regulation Of Respiratory Burst (GO:0060267),1,0,1.0,,1.0
GO_Biological_Process_2023,Positive Regulation Of Reproductive Process (GO:2000243),0,0,1.0,,1.0
GO_Biological_Process_2023,Adenylate Cyclase-Inhibiting G Protein-Coupled Receptor Signaling Pathway (GO:0007193),0,0,1.0,,1.0
GO_Biological_Process_2023,Positive Regulation Of Release Of Sequestered Calcium Ion Into Cytosol (GO:0051281),0,0,1.0,,1.0
GO_Biological_Process_2023,Positive Regulation Of Regulatory T Cell Differentiation (GO:0045591),0,0,1.0,,1.0
GO_Biological_Process_2023,Positive Regulation Of Regulated Secretory Pathway (GO:1903307),0,0,1.0,,1.0
GO_Biological_Process_2023,Positive Regulation Of Receptor-Mediated Endocytosis (GO:0048260),1,0,1.0,,1.0
GO_Biological_Process_2023,Adenylate Cyclase-Inhibiting Serotonin Receptor Signaling Pathway (GO:0007198),0,0,1.0,,1.0
GO_Biological_Process_2023,Adenylate Cyclase-Modulating G Protein-Coupled Receptor Signaling Pathway (GO:0007188),0,0,1.0,,1.0
GO_Biological_Process_2023,Positive Regulation Of Receptor Recycling (GO:0001921),1,0,1.0,,1.0
GO_Biological_Process_2023,Positive Regulation Of Receptor Internalization (GO:0002092),0,0,1.0,,1.0
GO_Biological_Process_2023,Positive Regulation Of Release Of Cytochrome C From Mitochondria (GO:0090200),0,0,1.0,,1.0
GO_Biological_Process_2023,Positive Regulation Of Receptor Catabolic Process (GO:2000646),0,0,1.0,,1.0
GO_Biological_Process_2023,Positive Regulation Of Ruffle Assembly (GO:1900029),1,0,1.0,,1.0
GO_Biological_Process_2023,Positive Regulation Of Secondary Metabolite Biosynthetic Process (GO:1900378),0,0,1.0,,1.0
GO_Biological_Process_2023,Positive Regulation Of Smoothened Signaling Pathway (GO:0045880),0,0,1.0,,1.0
GO_Biological_Process_2023,Positive Regulation Of Smooth Muscle Contraction (GO:0045987),0,0,1.0,,1.0
GO_Biological_Process_2023,Positive Regulation Of Smooth Muscle Cell Proliferation (GO:0048661),1,0,1.0,,1.0
GO_Biological_Process_2023,Positive Regulation Of Smooth Muscle Cell Migration (GO:0014911),0,0,1.0,,1.0
GO_Biological_Process_2023,Positive Regulation Of Smooth Muscle Cell Apoptotic Process (GO:0034393),1,0,1.0,,1.0
GO_Biological_Process_2023,Positive Regulation Of Small Molecule Metabolic Process (GO:0062013),3,0,1.0,,1.0
GO_Biological_Process_2023,Positive Regulation Of Small GTPase Mediated Signal Transduction (GO:0051057),0,0,1.0,,1.0
GO_Biological_Process_2023,Positive Regulation Of Ryanodine-Sensitive Calcium-Release Channel Activity (GO:0060316),0,0,1.0,,1.0
GO_Biological_Process_2023,Positive Regulation Of Skeletal Muscle Tissue Development (GO:0048643),0,0,1.0,,1.0
GO_Biological_Process_2023,Positive Regulation Of Signaling Receptor Activity (GO:2000273),1,0,1.0,,1.0
GO_Biological_Process_2023,Positive Regulation Of Signaling (GO:0023056),2,0,1.0,,1.0
GO_Biological_Process_2023,Positive Regulation Of Signal Transduction By P53 Class Mediator (GO:1901798),8,1,0.3312469238465738,MYC,1.0
GO_Biological_Process_2023,Positive Regulation Of Signal Transduction (GO:0009967),9,0,1.0,,1.0
GO_Biological_Process_2023,Positive Regulation Of Sequestering Of Triglyceride (GO:0010890),0,0,1.0,,1.0
GO_Biological_Process_2023,Positive Regulation Of Secretion By Cell (GO:1903532),0,0,1.0,,1.0
GO_Biological_Process_2023,Positive Regulation Of Secretion (GO:0051047),0,0,1.0,,1.0
GO_Biological_Process_2023,Positive Regulation Of Skeletal Muscle Fiber Development (GO:0048743),0,0,1.0,,1.0
GO_Biological_Process_2023,Positive Regulation Of Protein Kinase A Signaling (GO:0010739),0,0,1.0,,1.0
GO_Biological_Process_2023,Positive Regulation Of Receptor Binding (GO:1900122),0,0,1.0,,1.0
GO_Biological_Process_2023,Positive Regulation Of Reactive Oxygen Species Biosynthetic Process (GO:1903428),0,0,1.0,,1.0
GO_Biological_Process_2023,Positive Regulation Of Protein Modification By Small Protein Conjugation Or Removal (GO:1903322),7,0,1.0,,1.0
GO_Biological_Process_2023,Positive Regulation Of Protein Metabolic Process (GO:0051247),25,0,1.0,,1.0
GO_Biological_Process_2023,Positive Regulation Of Protein Maturation (GO:1903319),0,0,1.0,,1.0
GO_Biological_Process_2023,Positive Regulation Of Protein Localization To Plasma Membrane (GO:1903078),1,0,1.0,,1.0
GO_Biological_Process_2023,Positive Regulation Of Protein Localization To Nucleus (GO:1900182),22,3,0.08832196296194152,EP300;FERMT2;TFRC,1.0
GO_Biological_Process_2023,Positive Regulation Of Protein Localization To Membrane (GO:1905477),1,0,1.0,,1.0
GO_Biological_Process_2023,Positive Regulation Of Protein Localization To Endosome (GO:1905668),0,0,1.0,,1.0
GO_Biological_Process_2023,Adiponectin-Activated Signaling Pathway (GO:0033211),1,0,1.0,,1.0
GO_Biological_Process_2023,Positive Regulation Of Protein Localization To Early Endosome (GO:1902966),0,0,1.0,,1.0
GO_Biological_Process_2023,"Positive Regulation Of Protein Localization To Chromosome, Telomeric Region (GO:1904816)",8,0,1.0,,1.0
GO_Biological_Process_2023,Positive Regulation Of Protein Localization To Centrosome (GO:1904781),0,0,1.0,,1.0
GO_Biological_Process_2023,Positive Regulation Of Protein Localization To Cell Surface (GO:2000010),0,0,1.0,,1.0
GO_Biological_Process_2023,Positive Regulation Of Protein Localization To Cell Periphery (GO:1904377),0,0,1.0,,1.0
GO_Biological_Process_2023,Positive Regulation Of Protein Localization To Cajal Body (GO:1904871),8,0,1.0,,1.0
GO_Biological_Process_2023,Positive Regulation Of Protein Kinase Activity (GO:0045860),11,1,0.425319275731237,PTK2,1.0
GO_Biological_Process_2023,Positive Regulation Of Protein Kinase C Signaling (GO:0090037),0,0,1.0,,1.0
GO_Biological_Process_2023,Positive Regulation Of Protein Localization To Cilium (GO:1903566),0,0,1.0,,1.0
GO_Biological_Process_2023,Positive Regulation Of Reactive Oxygen Species Metabolic Process (GO:2000379),3,1,0.13976587961154743,GRB2,1.0
GO_Biological_Process_2023,Positive Regulation Of Protein Polymerization (GO:0032273),3,0,1.0,,1.0
GO_Biological_Process_2023,Positive Regulation Of Protein Processing (GO:0010954),1,0,1.0,,1.0
GO_Biological_Process_2023,Positive Regulation Of rRNA Processing (GO:2000234),6,0,1.0,,1.0
GO_Biological_Process_2023,Positive Regulation Of Pyruvate Dehydrogenase Activity (GO:1904184),0,0,1.0,,1.0
GO_Biological_Process_2023,Positive Regulation Of Purine Nucleotide Biosynthetic Process (GO:1900373),1,0,1.0,,1.0
GO_Biological_Process_2023,Positive Regulation Of Pseudopodium Assembly (GO:0031274),1,0,1.0,,1.0
GO_Biological_Process_2023,Positive Regulation Of Proteolysis Involved In Protein Catabolic Process (GO:1903052),5,1,0.22208297380459047,PTK2,1.0
GO_Biological_Process_2023,Positive Regulation Of Proteolysis (GO:0045862),2,0,1.0,,1.0
GO_Biological_Process_2023,Positive Regulation Of Protein-Containing Complex Disassembly (GO:0043243),0,0,1.0,,1.0
GO_Biological_Process_2023,Positive Regulation Of Protein Polyubiquitination (GO:1902916),2,0,1.0,,1.0
GO_Biological_Process_2023,Positive Regulation Of Protein-Containing Complex Assembly (GO:0031334),13,2,0.12980727823020094,FERMT2;TFRC,1.0
GO_Biological_Process_2023,Positive Regulation Of Protein Tyrosine Kinase Activity (GO:0061098),0,0,1.0,,1.0
GO_Biological_Process_2023,Positive Regulation Of Protein Transport (GO:0051222),4,0,1.0,,1.0
GO_Biological_Process_2023,Positive Regulation Of Protein Targeting To Mitochondrion (GO:1903955),5,0,1.0,,1.0
GO_Biological_Process_2023,Positive Regulation Of Protein Targeting To Membrane (GO:0090314),0,0,1.0,,1.0
GO_Biological_Process_2023,Positive Regulation Of Protein Sumoylation (GO:0033235),2,0,1.0,,1.0
GO_Biological_Process_2023,Adherens Junction Assembly (GO:0034333),2,1,0.09545541870343885,CTNNB1,1.0
GO_Biological_Process_2023,Positive Regulation Of Protein Secretion (GO:0050714),2,0,1.0,,1.0
GO_Biological_Process_2023,Positive Regulation Of Protein Ubiquitination (GO:0031398),8,0,1.0,,1.0
GO_Biological_Process_2023,Alpha-Amino Acid Biosynthetic Process (GO:1901607),0,0,1.0,,1.0
GO_Biological_Process_2023,Positive Regulation Of Neuron Apoptotic Process (GO:0043525),2,1,0.09545541870343885,CTNNB1,1.0
GO_Biological_Process_2023,Positive Regulation Of Neuroinflammatory Response (GO:0150078),1,0,1.0,,1.0
GO_Biological_Process_2023,Positive Regulation Of Lipid Transport (GO:0032370),2,0,1.0,,1.0
GO_Biological_Process_2023,Positive Regulation Of Lipid Storage (GO:0010884),0,0,1.0,,1.0
GO_Biological_Process_2023,Positive Regulation Of Lipid Metabolic Process (GO:0045834),3,0,1.0,,1.0
GO_Biological_Process_2023,Positive Regulation Of Lipid Localization (GO:1905954),0,0,1.0,,1.0
GO_Biological_Process_2023,Amino Acid Transport (GO:0006865),0,0,1.0,,1.0
GO_Biological_Process_2023,Positive Regulation Of Lipid Catabolic Process (GO:0050996),0,0,1.0,,1.0
GO_Biological_Process_2023,Positive Regulation Of Lipid Biosynthetic Process (GO:0046889),3,0,1.0,,1.0
GO_Biological_Process_2023,Positive Regulation Of Lipopolysaccharide-Mediated Signaling Pathway (GO:0031666),0,0,1.0,,1.0
GO_Biological_Process_2023,Positive Regulation Of Lipase Activity (GO:0060193),0,0,1.0,,1.0
GO_Biological_Process_2023,Positive Regulation Of Leukocyte Tethering Or Rolling (GO:1903238),0,0,1.0,,1.0
GO_Biological_Process_2023,Amino Sugar Biosynthetic Process (GO:0046349),0,0,1.0,,1.0
GO_Biological_Process_2023,Positive Regulation Of Leukocyte Migration (GO:0002687),0,0,1.0,,1.0
GO_Biological_Process_2023,Positive Regulation Of Leukocyte Mediated Cytotoxicity (GO:0001912),1,0,1.0,,1.0
GO_Biological_Process_2023,Positive Regulation Of Leukocyte Differentiation (GO:1902107),3,0,1.0,,1.0
GO_Biological_Process_2023,Positive Regulation Of Leukocyte Degranulation (GO:0043302),0,0,1.0,,1.0
GO_Biological_Process_2023,Positive Regulation Of Leukocyte Chemotaxis (GO:0002690),2,1,0.09545541870343885,PTK2,1.0
GO_Biological_Process_2023,Positive Regulation Of Ligase Activity (GO:0051351),0,0,1.0,,1.0
GO_Biological_Process_2023,Positive Regulation Of Leukocyte Cell-Cell Adhesion (GO:1903039),1,0,1.0,,1.0
GO_Biological_Process_2023,Positive Regulation Of Lipoprotein Lipase Activity (GO:0051006),0,0,1.0,,1.0
GO_Biological_Process_2023,Positive Regulation Of Locomotion (GO:0040017),0,0,1.0,,1.0
GO_Biological_Process_2023,Positive Regulation Of Macromolecule Biosynthetic Process (GO:0010557),17,1,0.5761329436283847,NAMPT,1.0
GO_Biological_Process_2023,Positive Regulation Of Macroautophagy (GO:0016239),2,0,1.0,,1.0
GO_Biological_Process_2023,"Positive Regulation Of mRNA Splicing, Via Spliceosome (GO:0048026)",9,0,1.0,,1.0
GO_Biological_Process_2023,Positive Regulation Of mRNA Processing (GO:0050685),10,0,1.0,,1.0
GO_Biological_Process_2023,Positive Regulation Of mRNA Metabolic Process (GO:1903313),3,0,1.0,,1.0
GO_Biological_Process_2023,Positive Regulation Of mRNA Catabolic Process (GO:0061014),6,0,1.0,,1.0
GO_Biological_Process_2023,Positive Regulation Of mRNA Binding (GO:1902416),2,0,1.0,,1.0
GO_Biological_Process_2023,Positive Regulation Of Lipoprotein Particle Clearance (GO:0010986),0,0,1.0,,1.0
GO_Biological_Process_2023,Positive Regulation Of mRNA 3'-End Processing (GO:0031442),3,0,1.0,,1.0
GO_Biological_Process_2023,Positive Regulation Of Lymphocyte Migration (GO:2000403),0,0,1.0,,1.0
GO_Biological_Process_2023,Positive Regulation Of Lymphocyte Differentiation (GO:0045621),4,0,1.0,,1.0
GO_Biological_Process_2023,Positive Regulation Of Lymphocyte Chemotaxis (GO:0140131),1,0,1.0,,1.0
GO_Biological_Process_2023,Positive Regulation Of Lymphocyte Apoptotic Process (GO:0070230),1,0,1.0,,1.0
GO_Biological_Process_2023,Positive Regulation Of Lymphocyte Activation (GO:0051251),3,0,1.0,,1.0
GO_Biological_Process_2023,Positive Regulation Of Lyase Activity (GO:0051349),1,0,1.0,,1.0
GO_Biological_Process_2023,Positive Regulation Of Long-Term Synaptic Potentiation (GO:1900273),0,0,1.0,,1.0
GO_Biological_Process_2023,Amino Acid Transmembrane Transport (GO:0003333),0,0,1.0,,1.0
GO_Biological_Process_2023,Amino Acid Import Across Plasma Membrane (GO:0089718),0,0,1.0,,1.0
GO_Biological_Process_2023,Positive Regulation Of Leukocyte Apoptotic Process (GO:2000108),0,0,1.0,,1.0
GO_Biological_Process_2023,Positive Regulation Of Leukocyte Activation (GO:0002696),2,0,1.0,,1.0
GO_Biological_Process_2023,Positive Regulation Of Interleukin-5 Production (GO:0032754),0,0,1.0,,1.0
GO_Biological_Process_2023,Amino-Acid Betaine Metabolic Process (GO:0006577),0,0,1.0,,1.0
GO_Biological_Process_2023,Positive Regulation Of Interleukin-23 Production (GO:0032747),0,0,1.0,,1.0
GO_Biological_Process_2023,Positive Regulation Of Interleukin-2 Production (GO:0032743),2,1,0.09545541870343885,IRF4,1.0
GO_Biological_Process_2023,Positive Regulation Of Interleukin-18 Production (GO:0032741),1,0,1.0,,1.0
GO_Biological_Process_2023,Positive Regulation Of Interleukin-17 Production (GO:0032740),1,0,1.0,,1.0
GO_Biological_Process_2023,Amino-Acid Betaine Transport (GO:0015838),0,0,1.0,,1.0
GO_Biological_Process_2023,Positive Regulation Of Interleukin-6 Production (GO:0032755),5,0,1.0,,1.0
GO_Biological_Process_2023,Positive Regulation Of Interleukin-12 Production (GO:0032735),2,0,1.0,,1.0
GO_Biological_Process_2023,Positive Regulation Of Interleukin-1 Production (GO:0032732),1,0,1.0,,1.0
GO_Biological_Process_2023,Positive Regulation Of Interleukin-1 Beta Production (GO:0032731),0,0,1.0,,1.0
GO_Biological_Process_2023,Positive Regulation Of Interferon-Beta Production (GO:0032728),7,0,1.0,,1.0
GO_Biological_Process_2023,Positive Regulation Of Interferon-Alpha Production (GO:0032727),3,0,1.0,,1.0
GO_Biological_Process_2023,Positive Regulation Of Integrin-Mediated Signaling Pathway (GO:2001046),0,0,1.0,,1.0
GO_Biological_Process_2023,Aminoglycan Biosynthetic Process (GO:0006023),0,0,1.0,,1.0
GO_Biological_Process_2023,Positive Regulation Of Insulin-Like Growth Factor Receptor Signaling Pathway (GO:0043568),0,0,1.0,,1.0
GO_Biological_Process_2023,Positive Regulation Of Interleukin-10 Production (GO:0032733),3,1,0.13976587961154743,IRF4,1.0
GO_Biological_Process_2023,Positive Regulation Of Leukocyte Adhesion To Vascular Endothelial Cell (GO:1904996),0,0,1.0,,1.0
GO_Biological_Process_2023,Positive Regulation Of Interleukin-8 Production (GO:0032757),1,0,1.0,,1.0
GO_Biological_Process_2023,Positive Regulation Of Intracellular Protein Transport (GO:0090316),15,1,0.5307843714868599,EP300,1.0
GO_Biological_Process_2023,Positive Regulation Of Lamellipodium Organization (GO:1902745),2,0,1.0,,1.0
GO_Biological_Process_2023,Positive Regulation Of Lamellipodium Morphogenesis (GO:2000394),0,0,1.0,,1.0
GO_Biological_Process_2023,Positive Regulation Of Lamellipodium Assembly (GO:0010592),2,0,1.0,,1.0
GO_Biological_Process_2023,Positive Regulation Of Kinase Activity (GO:0033674),4,1,0.18194134789770994,PTK2,1.0
GO_Biological_Process_2023,Positive Regulation Of Killing Of Cells Of Another Organism (GO:0051712),0,0,1.0,,1.0
GO_Biological_Process_2023,Amino Sugar Catabolic Process (GO:0046348),0,0,1.0,,1.0
GO_Biological_Process_2023,Positive Regulation Of Keratinocyte Proliferation (GO:0010838),0,0,1.0,,1.0
GO_Biological_Process_2023,Positive Regulation Of Intracellular Estrogen Receptor Signaling Pathway (GO:0033148),0,0,1.0,,1.0
GO_Biological_Process_2023,Positive Regulation Of Keratinocyte Migration (GO:0051549),1,0,1.0,,1.0
GO_Biological_Process_2023,Positive Regulation Of Isotype Switching (GO:0045830),2,1,0.09545541870343885,TFRC,1.0
GO_Biological_Process_2023,Positive Regulation Of Isomerase Activity (GO:0010912),1,0,1.0,,1.0
GO_Biological_Process_2023,Positive Regulation Of Ion Transmembrane Transporter Activity (GO:0032414),2,1,0.09545541870343885,ATP1B3,1.0
GO_Biological_Process_2023,Positive Regulation Of Intrinsic Apoptotic Signaling Pathway By P53 Class Mediator (GO:1902255),3,1,0.13976587961154743,MYC,1.0
GO_Biological_Process_2023,Positive Regulation Of Intrinsic Apoptotic Signaling Pathway (GO:2001244),8,1,0.3312469238465738,MYC,1.0
GO_Biological_Process_2023,Positive Regulation Of Intracellular Transport (GO:0032388),4,0,1.0,,1.0
GO_Biological_Process_2023,Positive Regulation Of Intracellular Steroid Hormone Receptor Signaling Pathway (GO:0033145),0,0,1.0,,1.0
GO_Biological_Process_2023,Amino Sugar Metabolic Process (GO:0006040),0,0,1.0,,1.0
GO_Biological_Process_2023,Positive Regulation Of Macrophage Activation (GO:0043032),3,0,1.0,,1.0
GO_Biological_Process_2023,Amino Acid Catabolic Process (GO:0009063),0,0,1.0,,1.0
GO_Biological_Process_2023,Positive Regulation Of Macrophage Cytokine Production (GO:0060907),0,0,1.0,,1.0
GO_Biological_Process_2023,Positive Regulation Of Myeloid Cell Differentiation (GO:0045639),3,1,0.13976587961154743,MED1,1.0
GO_Biological_Process_2023,Positive Regulation Of Myeloid Cell Apoptotic Process (GO:0033034),0,0,1.0,,1.0
GO_Biological_Process_2023,Positive Regulation Of Myelination (GO:0031643),0,0,1.0,,1.0
GO_Biological_Process_2023,Positive Regulation Of Muscle Hypertrophy (GO:0014742),0,0,1.0,,1.0
GO_Biological_Process_2023,Positive Regulation Of Muscle Contraction (GO:0045933),0,0,1.0,,1.0
GO_Biological_Process_2023,Positive Regulation Of Muscle Cell Differentiation (GO:0051149),0,0,1.0,,1.0
GO_Biological_Process_2023,Alpha-Beta T Cell Activation (GO:0046631),0,0,1.0,,1.0
GO_Biological_Process_2023,Positive Regulation Of Myeloid Leukocyte Cytokine Production Involved In Immune Response (GO:0061081),0,0,1.0,,1.0
GO_Biological_Process_2023,Positive Regulation Of Multicellular Organism Growth (GO:0040018),0,0,1.0,,1.0
GO_Biological_Process_2023,Positive Regulation Of Monooxygenase Activity (GO:0032770),2,1,0.09545541870343885,DHFR,1.0
GO_Biological_Process_2023,Positive Regulation Of Mononuclear Cell Migration (GO:0071677),1,0,1.0,,1.0
GO_Biological_Process_2023,Positive Regulation Of Monocyte Differentiation (GO:0045657),0,0,1.0,,1.0
GO_Biological_Process_2023,Positive Regulation Of Monocyte Chemotaxis (GO:0090026),1,0,1.0,,1.0
GO_Biological_Process_2023,Positive Regulation Of Monocyte Chemotactic Protein-1 Production (GO:0071639),0,0,1.0,,1.0
GO_Biological_Process_2023,Positive Regulation Of Monoatomic Ion Transport (GO:0043270),0,0,1.0,,1.0
GO_Biological_Process_2023,Positive Regulation Of Monoatomic Ion Transmembrane Transport (GO:0034767),0,0,1.0,,1.0
GO_Biological_Process_2023,Alpha-Linolenic Acid Metabolic Process (GO:0036109),0,0,1.0,,1.0
GO_Biological_Process_2023,Positive Regulation Of Mitotic Sister Chromatid Separation (GO:1901970),9,0,1.0,,1.0
GO_Biological_Process_2023,Positive Regulation Of Myeloid Leukocyte Differentiation (GO:0002763),0,0,1.0,,1.0
GO_Biological_Process_2023,Positive Regulation Of Myoblast Differentiation (GO:0045663),2,0,1.0,,1.0
GO_Biological_Process_2023,Positive Regulation Of Neurogenesis (GO:0050769),2,1,0.09545541870343885,CTNNB1,1.0
GO_Biological_Process_2023,Alpha-Amino Acid Catabolic Process (GO:1901606),0,0,1.0,,1.0
GO_Biological_Process_2023,Alpha-Amino Acid Metabolic Process (GO:1901605),0,0,1.0,,1.0
GO_Biological_Process_2023,Positive Regulation Of Nervous System Process (GO:0031646),0,0,1.0,,1.0
GO_Biological_Process_2023,Positive Regulation Of Nervous System Development (GO:0051962),1,0,1.0,,1.0
GO_Biological_Process_2023,Positive Regulation Of Necrotic Cell Death (GO:0010940),0,0,1.0,,1.0
GO_Biological_Process_2023,Positive Regulation Of Necroptotic Process (GO:0060545),0,0,1.0,,1.0
GO_Biological_Process_2023,Positive Regulation Of Myeloid Leukocyte Mediated Immunity (GO:0002888),1,0,1.0,,1.0
GO_Biological_Process_2023,Positive Regulation Of Natural Killer Cell Proliferation (GO:0032819),0,0,1.0,,1.0
GO_Biological_Process_2023,Positive Regulation Of Natural Killer Cell Mediated Immune Response To Tumor Cell (GO:0002857),0,0,1.0,,1.0
GO_Biological_Process_2023,Positive Regulation Of Natural Killer Cell Mediated Cytotoxicity Directed Against Tumor Cell Target (GO:0002860),0,0,1.0,,1.0
GO_Biological_Process_2023,Positive Regulation Of Natural Killer Cell Mediated Cytotoxicity (GO:0045954),0,0,1.0,,1.0
GO_Biological_Process_2023,Positive Regulation Of Natural Killer Cell Cytokine Production (GO:0002729),0,0,1.0,,1.0
GO_Biological_Process_2023,Positive Regulation Of Natural Killer Cell Activation (GO:0032816),0,0,1.0,,1.0
GO_Biological_Process_2023,Positive Regulation Of Myotube Differentiation (GO:0010831),0,0,1.0,,1.0
GO_Biological_Process_2023,Positive Regulation Of Myoblast Fusion (GO:1901741),0,0,1.0,,1.0
GO_Biological_Process_2023,Positive Regulation Of Natural Killer Cell Mediated Immunity (GO:0002717),0,0,1.0,,1.0
GO_Biological_Process_2023,Positive Regulation Of Mitotic Nuclear Division (GO:0045840),6,0,1.0,,1.0
GO_Biological_Process_2023,Positive Regulation Of Mitotic Metaphase/Anaphase Transition (GO:0045842),5,0,1.0,,1.0
GO_Biological_Process_2023,Positive Regulation Of Mitotic Cytokinesis (GO:1903490),3,0,1.0,,1.0
GO_Biological_Process_2023,Amide Transport (GO:0042886),0,0,1.0,,1.0
GO_Biological_Process_2023,Amine Metabolic Process (GO:0009308),0,0,1.0,,1.0
GO_Biological_Process_2023,Positive Regulation Of Memory T Cell Differentiation (GO:0043382),0,0,1.0,,1.0
GO_Biological_Process_2023,Positive Regulation Of Membrane Protein Ectodomain Proteolysis (GO:0051044),0,0,1.0,,1.0
GO_Biological_Process_2023,Positive Regulation Of Membrane Potential (GO:0045838),1,0,1.0,,1.0
GO_Biological_Process_2023,Positive Regulation Of Membrane Invagination (GO:1905155),1,0,1.0,,1.0
GO_Biological_Process_2023,Positive Regulation Of Membrane Depolarization (GO:1904181),1,0,1.0,,1.0
GO_Biological_Process_2023,Positive Regulation Of Metaphase/Anaphase Transition Of Cell Cycle (GO:1902101),5,0,1.0,,1.0
GO_Biological_Process_2023,Positive Regulation Of Melanin Biosynthetic Process (GO:0048023),0,0,1.0,,1.0
GO_Biological_Process_2023,Positive Regulation Of Megakaryocyte Differentiation (GO:0045654),0,0,1.0,,1.0
GO_Biological_Process_2023,Positive Regulation Of Mast Cell Degranulation (GO:0043306),0,0,1.0,,1.0
GO_Biological_Process_2023,Positive Regulation Of Mast Cell Activation (GO:0033005),0,0,1.0,,1.0
GO_Biological_Process_2023,Positive Regulation Of Male Gonad Development (GO:2000020),1,0,1.0,,1.0
GO_Biological_Process_2023,Amine Transport (GO:0015837),0,0,1.0,,1.0
GO_Biological_Process_2023,Positive Regulation Of Macrophage Differentiation (GO:0045651),0,0,1.0,,1.0
GO_Biological_Process_2023,Positive Regulation Of Macrophage Derived Foam Cell Differentiation (GO:0010744),0,0,1.0,,1.0
GO_Biological_Process_2023,Positive Regulation Of Meiotic Nuclear Division (GO:0045836),0,0,1.0,,1.0
GO_Biological_Process_2023,Amide Biosynthetic Process (GO:0043604),1,0,1.0,,1.0
GO_Biological_Process_2023,Ameboidal-Type Cell Migration (GO:0001667),0,0,1.0,,1.0
GO_Biological_Process_2023,Positive Regulation Of miRNA-mediated Gene Silencing (GO:2000637),1,0,1.0,,1.0
GO_Biological_Process_2023,Positive Regulation Of Mitotic Cell Cycle Spindle Assembly Checkpoint (GO:0090267),7,0,1.0,,1.0
GO_Biological_Process_2023,Positive Regulation Of Mitotic Cell Cycle Phase Transition (GO:1901992),21,1,0.6542905527916845,CCND1,1.0
GO_Biological_Process_2023,"Alternative mRNA Splicing, Via Spliceosome (GO:0000380)",9,0,1.0,,1.0
GO_Biological_Process_2023,Positive Regulation Of Mitophagy In Response To Mitochondrial Depolarization (GO:0098779),1,0,1.0,,1.0
GO_Biological_Process_2023,Positive Regulation Of Mitophagy (GO:1901526),0,0,1.0,,1.0
GO_Biological_Process_2023,Positive Regulation Of Mitochondrion Organization (GO:0010822),1,0,1.0,,1.0
GO_Biological_Process_2023,Positive Regulation Of Mitochondrial Translation (GO:0070131),0,0,1.0,,1.0
GO_Biological_Process_2023,Positive Regulation Of Mitochondrial Outer Membrane Permeabilization Involved In Apoptotic Signaling Pathway (GO:1901030),1,0,1.0,,1.0
GO_Biological_Process_2023,Positive Regulation Of Mitochondrial Membrane Permeability Involved In Apoptotic Process (GO:1902110),0,0,1.0,,1.0
GO_Biological_Process_2023,Positive Regulation Of Mitochondrial Membrane Permeability (GO:0035794),0,0,1.0,,1.0
GO_Biological_Process_2023,Positive Regulation Of Mitochondrial Fission (GO:0090141),0,0,1.0,,1.0
GO_Biological_Process_2023,Positive Regulation Of Mitochondrial Calcium Ion Concentration (GO:0051561),0,0,1.0,,1.0
GO_Biological_Process_2023,Positive Regulation Of Microtubule Polymerization Or Depolymerization (GO:0031112),2,0,1.0,,1.0
GO_Biological_Process_2023,Positive Regulation Of Microtubule Polymerization (GO:0031116),3,0,1.0,,1.0
GO_Biological_Process_2023,Positive Regulation Of Microtubule Nucleation (GO:0090063),0,0,1.0,,1.0
GO_Biological_Process_2023,Positive Regulation Of Microglial Cell Migration (GO:1904141),0,0,1.0,,1.0
GO_Biological_Process_2023,Positive Regulation Of Microglial Cell Activation (GO:1903980),1,0,1.0,,1.0
GO_Biological_Process_2023,Adenylate Cyclase-Inhibiting G Protein-Coupled Acetylcholine Receptor Signaling Pathway (GO:0007197),0,0,1.0,,1.0
GO_Biological_Process_2023,Positive Regulation Of Sodium Ion Transmembrane Transporter Activity (GO:2000651),0,0,1.0,,1.0
GO_Biological_Process_2023,Positive Regulation Of Sodium Ion Transport (GO:0010765),0,0,1.0,,1.0
GO_Biological_Process_2023,Positive Regulation Of Spindle Assembly (GO:1905832),2,0,1.0,,1.0
GO_Biological_Process_2023,Protein Localization To Chromosome (GO:0034502),13,0,1.0,,1.0
GO_Biological_Process_2023,Protein Localization To Chromatin (GO:0071168),8,0,1.0,,1.0
GO_Biological_Process_2023,Protein Localization To Centrosome (GO:0071539),2,0,1.0,,1.0
GO_Biological_Process_2023,Protein Localization To Cell-Cell Junction (GO:0150105),1,0,1.0,,1.0
GO_Biological_Process_2023,Acylglycerol Catabolic Process (GO:0046464),0,0,1.0,,1.0
GO_Biological_Process_2023,Protein Localization To Cell Periphery (GO:1990778),3,1,0.13976587961154743,ATP1B3,1.0
GO_Biological_Process_2023,Protein Localization To Cell Junction (GO:1902414),2,1,0.09545541870343885,FERMT2,1.0
GO_Biological_Process_2023,"Protein Localization To Chromosome, Centromeric Region (GO:0071459)",9,0,1.0,,1.0
GO_Biological_Process_2023,Protein Localization To Basolateral Plasma Membrane (GO:1903361),1,0,1.0,,1.0
GO_Biological_Process_2023,Protein Localization (GO:0008104),27,3,0.14155172159218612,CDAN1;CTNNB1;FERMT2,1.0
GO_Biological_Process_2023,Protein Lipidation (GO:0006497),1,0,1.0,,1.0
GO_Biological_Process_2023,Protein Kinase C-activating G Protein-Coupled Receptor Signaling Pathway (GO:0007205),0,0,1.0,,1.0
GO_Biological_Process_2023,Protein Kinase C Signaling (GO:0070528),0,0,1.0,,1.0
GO_Biological_Process_2023,Protein Kinase B Signaling (GO:0043491),0,0,1.0,,1.0
GO_Biological_Process_2023,Protein Kinase A Signaling (GO:0010737),0,0,1.0,,1.0
GO_Biological_Process_2023,Protein Insertion Into Mitochondrial Outer Membrane (GO:0045040),2,0,1.0,,1.0
GO_Biological_Process_2023,Protein Localization To Golgi Apparatus (GO:0034067),2,0,1.0,,1.0
GO_Biological_Process_2023,Protein Insertion Into Mitochondrial Membrane (GO:0051204),5,0,1.0,,1.0
GO_Biological_Process_2023,"Protein Localization To Chromosome, Telomeric Region (GO:0070198)",4,0,1.0,,1.0
GO_Biological_Process_2023,Protein Localization To Ciliary Transition Zone (GO:1904491),0,0,1.0,,1.0
GO_Biological_Process_2023,Protein Localization To Nuclear Envelope (GO:0090435),3,0,1.0,,1.0
GO_Biological_Process_2023,Protein Localization To Non-Motile Cilium (GO:0097499),0,0,1.0,,1.0
GO_Biological_Process_2023,Protein Localization To Mitochondrion (GO:0070585),0,0,1.0,,1.0
GO_Biological_Process_2023,Protein Localization To Microtubule Organizing Center (GO:1905508),2,0,1.0,,1.0
GO_Biological_Process_2023,Protein Localization To Microtubule Cytoskeleton (GO:0072698),0,0,1.0,,1.0
GO_Biological_Process_2023,Protein Localization To Microtubule (GO:0035372),1,0,1.0,,1.0
GO_Biological_Process_2023,Protein Localization To Membrane Raft (GO:1903044),0,0,1.0,,1.0
GO_Biological_Process_2023,Protein Localization To Ciliary Membrane (GO:1903441),0,0,1.0,,1.0
GO_Biological_Process_2023,Acylglycerol Biosynthetic Process (GO:0046463),0,0,1.0,,1.0
GO_Biological_Process_2023,Protein Localization To Kinetochore (GO:0034501),6,0,1.0,,1.0
GO_Biological_Process_2023,Protein Localization To Endosome (GO:0036010),0,0,1.0,,1.0
GO_Biological_Process_2023,Protein Localization To Endoplasmic Reticulum Exit Site (GO:0070973),1,0,1.0,,1.0
GO_Biological_Process_2023,Protein Localization To Endoplasmic Reticulum (GO:0070972),2,0,1.0,,1.0
GO_Biological_Process_2023,Protein Localization To Cytoplasmic Stress Granule (GO:1903608),3,0,1.0,,1.0
GO_Biological_Process_2023,Protein Localization To Condensed Chromosome (GO:1903083),6,0,1.0,,1.0
GO_Biological_Process_2023,Protein Localization To Cilium (GO:0061512),0,0,1.0,,1.0
GO_Biological_Process_2023,Protein Localization To Lysosome (GO:0061462),1,0,1.0,,1.0
GO_Biological_Process_2023,Protein Localization To Nucleolus (GO:1902570),3,0,1.0,,1.0
GO_Biological_Process_2023,Protein Insertion Into Mitochondrial Inner Membrane (GO:0045039),3,0,1.0,,1.0
GO_Biological_Process_2023,Protein Insertion Into ER Membrane By Stop-Transfer Membrane-Anchor Sequence (GO:0045050),1,0,1.0,,1.0
GO_Biological_Process_2023,Acylglycerol Homeostasis (GO:0055090),0,0,1.0,,1.0
GO_Biological_Process_2023,Protein Depolymerization (GO:0051261),3,0,1.0,,1.0
GO_Biological_Process_2023,Protein Dephosphorylation (GO:0006470),7,0,1.0,,1.0
GO_Biological_Process_2023,Protein Depalmitoylation (GO:0002084),0,0,1.0,,1.0
GO_Biological_Process_2023,Protein Deneddylation (GO:0000338),6,0,1.0,,1.0
GO_Biological_Process_2023,Protein Deglycosylation (GO:0006517),0,0,1.0,,1.0
GO_Biological_Process_2023,Protein Deglutamylation (GO:0035608),0,0,1.0,,1.0
GO_Biological_Process_2023,Protein Desumoylation (GO:0016926),2,0,1.0,,1.0
GO_Biological_Process_2023,Protein Deacylation (GO:0035601),1,0,1.0,,1.0
GO_Biological_Process_2023,Protein Complex Oligomerization (GO:0051259),9,0,1.0,,1.0
GO_Biological_Process_2023,Protein Catabolic Process In The Vacuole (GO:0007039),0,0,1.0,,1.0
GO_Biological_Process_2023,Protein Catabolic Process (GO:0030163),7,1,0.2966459618332832,MDM2,1.0
GO_Biological_Process_2023,Protein Autoubiquitination (GO:0051865),3,1,0.13976587961154743,MDM2,1.0
GO_Biological_Process_2023,Protein Autoprocessing (GO:0016540),0,0,1.0,,1.0
GO_Biological_Process_2023,Protein Autophosphorylation (GO:0046777),6,1,0.26028719693696456,PTK2,1.0
GO_Biological_Process_2023,Protein auto-ADP-ribosylation (GO:0070213),0,0,1.0,,1.0
GO_Biological_Process_2023,Protein Deacetylation (GO:0006476),3,0,1.0,,1.0
GO_Biological_Process_2023,Protein Insertion Into Membrane (GO:0051205),2,0,1.0,,1.0
GO_Biological_Process_2023,Protein Deubiquitination (GO:0016579),7,0,1.0,,1.0
GO_Biological_Process_2023,Protein Exit From Endoplasmic Reticulum (GO:0032527),5,0,1.0,,1.0
GO_Biological_Process_2023,Protein Insertion Into ER Membrane (GO:0045048),3,0,1.0,,1.0
GO_Biological_Process_2023,"Protein Import Into Peroxisome Matrix, Receptor Recycling (GO:0016562)",0,0,1.0,,1.0
GO_Biological_Process_2023,Protein Import Into Peroxisome Matrix (GO:0016558),0,0,1.0,,1.0
GO_Biological_Process_2023,Protein Import Into Nucleus (GO:0006606),22,0,1.0,,1.0
GO_Biological_Process_2023,Protein Import Into Mitochondrial Matrix (GO:0030150),5,0,1.0,,1.0
GO_Biological_Process_2023,Protein Import (GO:0017038),0,0,1.0,,1.0
GO_Biological_Process_2023,Protein Hydroxylation (GO:0018126),0,0,1.0,,1.0
GO_Biological_Process_2023,Protein Deubiquitination Involved In Ubiquitin-Dependent Protein Catabolic Process (GO:0071947),0,0,1.0,,1.0
GO_Biological_Process_2023,Protein Homotrimerization (GO:0070207),1,0,1.0,,1.0
GO_Biological_Process_2023,Protein Homooligomerization (GO:0051260),9,0,1.0,,1.0
GO_Biological_Process_2023,Protein Hexamerization (GO:0034214),1,0,1.0,,1.0
GO_Biological_Process_2023,Protein Heterotetramerization (GO:0051290),3,0,1.0,,1.0
GO_Biological_Process_2023,Protein Heterooligomerization (GO:0051291),4,0,1.0,,1.0
GO_Biological_Process_2023,Protein Glycosylation (GO:0006486),11,0,1.0,,1.0
GO_Biological_Process_2023,Protein Geranylgeranylation (GO:0018344),3,0,1.0,,1.0
GO_Biological_Process_2023,Protein Export From Nucleus (GO:0006611),6,0,1.0,,1.0
GO_Biological_Process_2023,Protein Homotetramerization (GO:0051289),2,0,1.0,,1.0
GO_Biological_Process_2023,Protein Localization To Nucleus (GO:0034504),32,1,0.8033613028476946,MDM2,1.0
GO_Biological_Process_2023,Protein Localization To Organelle (GO:0033365),13,1,0.48067642914700753,MDM2,1.0
GO_Biological_Process_2023,Protein Localization To Perinuclear Region Of Cytoplasm (GO:1905719),0,0,1.0,,1.0
GO_Biological_Process_2023,Proteoglycan Biosynthetic Process (GO:0030166),0,0,1.0,,1.0
GO_Biological_Process_2023,Protein-Containing Complex Organization (GO:0043933),19,2,0.2370931902493581,ELOB;MDM2,1.0
GO_Biological_Process_2023,Protein-Containing Complex Disassembly (GO:0032984),12,1,0.4536864944610995,MYC,1.0
GO_Biological_Process_2023,Protein-Containing Complex Assembly (GO:0065003),51,4,0.2356552779190646,AP2S1;ELOB;FERMT2;MDM2,1.0
GO_Biological_Process_2023,protein-RNA Complex Disassembly (GO:0032988),3,0,1.0,,1.0
GO_Biological_Process_2023,protein-RNA Complex Assembly (GO:0022618),78,0,1.0,,1.0
GO_Biological_Process_2023,protein-DNA Covalent Cross-Linking Repair (GO:0106300),2,0,1.0,,1.0
GO_Biological_Process_2023,Proteoglycan Catabolic Process (GO:0030167),0,0,1.0,,1.0
GO_Biological_Process_2023,Acute-Phase Response (GO:0006953),0,0,1.0,,1.0
GO_Biological_Process_2023,protein-DNA Complex Assembly (GO:0065004),14,1,0.5063548324798921,DNAJC9,1.0
GO_Biological_Process_2023,Protein Ufmylation (GO:0071569),0,0,1.0,,1.0
GO_Biological_Process_2023,Protein Ubiquitination (GO:0016567),34,4,0.07988430876477987,CBFB;CTNNB1;CUL2;MDM2,1.0
GO_Biological_Process_2023,Protein Trimerization (GO:0070206),1,0,1.0,,1.0
GO_Biological_Process_2023,Protein Transport To Vacuole Involved In Ubiquitin-Dependent Protein Catabolic Process Via The Multivesicular Body Sorting Pathway (GO:0043328),5,0,1.0,,1.0
GO_Biological_Process_2023,Protein Transport (GO:0015031),29,2,0.4196366943000065,DNM2;TFRC,1.0
GO_Biological_Process_2023,Protein Transmembrane Import Into Intracellular Organelle (GO:0044743),7,0,1.0,,1.0
GO_Biological_Process_2023,protein-DNA Complex Disassembly (GO:0032986),7,1,0.2966459618332832,MYC,1.0
GO_Biological_Process_2023,Protein Tetramerization (GO:0051262),5,0,1.0,,1.0
GO_Biological_Process_2023,Proteoglycan Metabolic Process (GO:0006029),0,0,1.0,,1.0
GO_Biological_Process_2023,Proteolysis Involved In Protein Catabolic Process (GO:0051603),10,2,0.08218438755343886,MDM2;ZER1,1.0
GO_Biological_Process_2023,Purine Nucleoside Bisphosphate Biosynthetic Process (GO:0034033),1,0,1.0,,1.0
GO_Biological_Process_2023,Purine Nucleobase Transport (GO:0006863),0,0,1.0,,1.0
GO_Biological_Process_2023,Purine Nucleobase Transmembrane Transport (GO:1904823),0,0,1.0,,1.0
GO_Biological_Process_2023,Purine Nucleobase Metabolic Process (GO:0006144),2,1,0.09545541870343885,PAICS,1.0
GO_Biological_Process_2023,Purine Nucleobase Biosynthetic Process (GO:0009113),2,1,0.09545541870343885,PAICS,1.0
GO_Biological_Process_2023,Purine Deoxyribonucleotide Catabolic Process (GO:0009155),0,0,1.0,,1.0
GO_Biological_Process_2023,Pulmonary Valve Morphogenesis (GO:0003184),0,0,1.0,,1.0
GO_Biological_Process_2023,Proteolysis (GO:0006508),12,1,0.4536864944610995,MDM2,1.0
GO_Biological_Process_2023,Pulmonary Valve Development (GO:0003177),0,0,1.0,,1.0
GO_Biological_Process_2023,Pseudouridine Synthesis (GO:0001522),1,0,1.0,,1.0
GO_Biological_Process_2023,"Regulation Of mRNA Splicing, Via Spliceosome (GO:0048024)",28,0,1.0,,1.0
GO_Biological_Process_2023,Proton-Transporting V-type ATPase Complex Assembly (GO:0070070),0,0,1.0,,1.0
GO_Biological_Process_2023,Proton-Transporting ATP Synthase Complex Assembly (GO:0043461),0,0,1.0,,1.0
GO_Biological_Process_2023,Proton Transmembrane Transport (GO:1902600),12,0,1.0,,1.0
GO_Biological_Process_2023,Proton Motive Force-Driven Mitochondrial ATP Synthesis (GO:0042776),6,1,0.26028719693696456,SDHB,1.0
GO_Biological_Process_2023,Proton Motive Force-Driven ATP Synthesis (GO:0015986),6,1,0.26028719693696456,SDHB,1.0
GO_Biological_Process_2023,Pteridine-Containing Compound Metabolic Process (GO:0042558),0,0,1.0,,1.0
GO_Biological_Process_2023,Protein Targeting To Vacuole Involved In Autophagy (GO:0071211),0,0,1.0,,1.0
GO_Biological_Process_2023,Protein Targeting To Vacuole (GO:0006623),2,0,1.0,,1.0
GO_Biological_Process_2023,Protein Targeting To Peroxisome (GO:0006625),0,0,1.0,,1.0
GO_Biological_Process_2023,Protein Oxidation (GO:0018158),1,0,1.0,,1.0
GO_Biological_Process_2023,Protein Neddylation (GO:0045116),11,0,1.0,,1.0
GO_Biological_Process_2023,Protein Monoubiquitination (GO:0006513),3,0,1.0,,1.0
GO_Biological_Process_2023,Protein Modification By Small Protein Removal (GO:0070646),15,0,1.0,,1.0
GO_Biological_Process_2023,Protein Modification By Small Protein Conjugation Or Removal (GO:0070647),1,0,1.0,,1.0
GO_Biological_Process_2023,Protein Modification By Small Protein Conjugation (GO:0032446),43,3,0.3520453823523526,CUL2;MDM2;SUMO2,1.0
GO_Biological_Process_2023,Protein Methylation (GO:0006479),7,0,1.0,,1.0
GO_Biological_Process_2023,Protein Palmitoylation (GO:0018345),0,0,1.0,,1.0
GO_Biological_Process_2023,Protein Maturation By Iron-Sulfur Cluster Transfer (GO:0097428),4,0,1.0,,1.0
GO_Biological_Process_2023,Protein Mannosylation (GO:0035268),0,0,1.0,,1.0
GO_Biological_Process_2023,Protein Localization To Vacuole (GO:0072665),0,0,1.0,,1.0
GO_Biological_Process_2023,Protein Localization To Synapse (GO:0035418),1,0,1.0,,1.0
GO_Biological_Process_2023,Protein Localization To Site Of Double-Strand Break (GO:1990166),0,0,1.0,,1.0
GO_Biological_Process_2023,Protein Localization To Presynapse (GO:1905383),0,0,1.0,,1.0
GO_Biological_Process_2023,Protein Localization To Plasma Membrane (GO:0072659),3,1,0.13976587961154743,ATP1B3,1.0
GO_Biological_Process_2023,Protein Localization To Phagophore Assembly Site (GO:0034497),0,0,1.0,,1.0
GO_Biological_Process_2023,Protein Maturation (GO:0051604),10,0,1.0,,1.0
GO_Biological_Process_2023,Protein Peptidyl-Prolyl Isomerization (GO:0000413),2,0,1.0,,1.0
GO_Biological_Process_2023,Protein Phosphorylation (GO:0006468),33,3,0.21596373902453822,BRAF;CDK6;PTK2,1.0
GO_Biological_Process_2023,Protein poly-ADP-ribosylation (GO:0070212),0,0,1.0,,1.0
GO_Biological_Process_2023,Protein Targeting To Mitochondrion (GO:0006626),12,0,1.0,,1.0
GO_Biological_Process_2023,Protein Targeting To Membrane (GO:0006612),5,0,1.0,,1.0
GO_Biological_Process_2023,Protein Targeting To Lysosome (GO:0006622),1,0,1.0,,1.0
GO_Biological_Process_2023,Protein Targeting To ER (GO:0045047),7,0,1.0,,1.0
GO_Biological_Process_2023,Protein Targeting (GO:0006605),13,0,1.0,,1.0
GO_Biological_Process_2023,acyl-CoA Biosynthetic Process (GO:0071616),0,0,1.0,,1.0
GO_Biological_Process_2023,Protein Sulfation (GO:0006477),0,0,1.0,,1.0
GO_Biological_Process_2023,Protein Stabilization (GO:0050821),44,2,0.6460711012577799,ATP1B3;EP300,1.0
GO_Biological_Process_2023,Protein Secretion (GO:0009306),3,0,1.0,,1.0
GO_Biological_Process_2023,Protein Retention In ER Lumen (GO:0006621),0,0,1.0,,1.0
GO_Biological_Process_2023,Protein Repair (GO:0030091),0,0,1.0,,1.0
GO_Biological_Process_2023,Protein Quality Control For Misfolded Or Incompletely Synthesized Proteins (GO:0006515),4,1,0.18194134789770994,ZER1,1.0
GO_Biological_Process_2023,Protein Processing (GO:0016485),4,0,1.0,,1.0
GO_Biological_Process_2023,Protein Prenylation (GO:0018342),4,0,1.0,,1.0
GO_Biological_Process_2023,acyl-CoA Metabolic Process (GO:0006637),1,0,1.0,,1.0
GO_Biological_Process_2023,Protein Polymerization (GO:0051258),4,0,1.0,,1.0
GO_Biological_Process_2023,Protein Polyglutamylation (GO:0018095),0,0,1.0,,1.0
GO_Biological_Process_2023,"Protein Alpha-1,2-Demannosylation (GO:0036508)",0,0,1.0,,1.0
GO_Biological_Process_2023,Purine Nucleoside Bisphosphate Metabolic Process (GO:0034032),0,0,1.0,,1.0
GO_Biological_Process_2023,Protein Alkylation (GO:0008213),5,0,1.0,,1.0
GO_Biological_Process_2023,Protein Activation Cascade (GO:0072376),0,0,1.0,,1.0
GO_Biological_Process_2023,Positive Regulation Of Transport (GO:0051050),2,0,1.0,,1.0
GO_Biological_Process_2023,Adenylate Cyclase-Activating Dopamine Receptor Signaling Pathway (GO:0007191),0,0,1.0,,1.0
GO_Biological_Process_2023,Positive Regulation Of Transmembrane Receptor Protein Serine/Threonine Kinase Signaling Pathway (GO:0090100),6,1,0.26028719693696456,EP300,1.0
GO_Biological_Process_2023,Positive Regulation Of Translational Initiation (GO:0045948),5,0,1.0,,1.0
GO_Biological_Process_2023,Positive Regulation Of Translation In Response To Stress (GO:0032056),0,0,1.0,,1.0
GO_Biological_Process_2023,Positive Regulation Of Translation (GO:0045727),24,0,1.0,,1.0
GO_Biological_Process_2023,Positive Regulation Of Transforming Growth Factor Beta Receptor Signaling Pathway (GO:0030511),2,1,0.09545541870343885,EP300,1.0
GO_Biological_Process_2023,Positive Regulation Of Transporter Activity (GO:0032411),0,0,1.0,,1.0
GO_Biological_Process_2023,Positive Regulation Of Transforming Growth Factor Beta Production (GO:0071636),0,0,1.0,,1.0
GO_Biological_Process_2023,Positive Regulation Of Transcription Regulatory Region DNA Binding (GO:2000679),2,1,0.09545541870343885,EP300,1.0
GO_Biological_Process_2023,Positive Regulation Of Transcription Of Nucleolar Large rRNA By RNA Polymerase I (GO:1901838),3,0,1.0,,1.0
GO_Biological_Process_2023,Positive Regulation Of Transcription Of Notch Receptor Target (GO:0007221),0,0,1.0,,1.0
GO_Biological_Process_2023,Positive Regulation Of Transcription Initiation By RNA Polymerase II (GO:0060261),24,2,0.329847075019808,HNF1B;MED1,1.0
GO_Biological_Process_2023,Positive Regulation Of Transcription From RNA Polymerase II Promoter Involved In Cellular Response To Chemical Stimulus (GO:1901522),1,0,1.0,,1.0
GO_Biological_Process_2023,Positive Regulation Of Transcription From RNA Polymerase II Promoter In Response To Stress (GO:0036003),1,0,1.0,,1.0
GO_Biological_Process_2023,Positive Regulation Of Transcription From RNA Polymerase II Promoter In Response To Endoplasmic Reticulum Stress (GO:1990440),1,0,1.0,,1.0
GO_Biological_Process_2023,Positive Regulation Of Transferase Activity (GO:0051347),25,2,0.3481728917071057,CTNNB1;MYC,1.0
GO_Biological_Process_2023,Positive Regulation Of Transcription Elongation By RNA Polymerase II (GO:0032968),23,1,0.6878703036636113,MED1,1.0
GO_Biological_Process_2023,Positive Regulation Of Triglyceride Biosynthetic Process (GO:0010867),0,0,1.0,,1.0
GO_Biological_Process_2023,Positive Regulation Of Triglyceride Lipase Activity (GO:0061365),0,0,1.0,,1.0
GO_Biological_Process_2023,Positive Regulation Of Vacuole Organization (GO:0044090),0,0,1.0,,1.0
GO_Biological_Process_2023,Positive Regulation Of Urine Volume (GO:0035810),0,0,1.0,,1.0
GO_Biological_Process_2023,Positive Regulation Of Unsaturated Fatty Acid Biosynthetic Process (GO:2001280),0,0,1.0,,1.0
GO_Biological_Process_2023,Positive Regulation Of Ubiquitin-Protein Transferase Activity (GO:0051443),6,0,1.0,,1.0
GO_Biological_Process_2023,Adenylate Cyclase-Activating Adrenergic Receptor Signaling Pathway (GO:0071880),0,0,1.0,,1.0
GO_Biological_Process_2023,Positive Regulation Of Ubiquitin Protein Ligase Activity (GO:1904668),3,0,1.0,,1.0
GO_Biological_Process_2023,Positive Regulation Of Tyrosine Phosphorylation Of STAT Protein (GO:0042531),0,0,1.0,,1.0
GO_Biological_Process_2023,Positive Regulation Of Triglyceride Catabolic Process (GO:0010898),0,0,1.0,,1.0
GO_Biological_Process_2023,Positive Regulation Of Type II Interferon Production (GO:0032729),1,0,1.0,,1.0
GO_Biological_Process_2023,Positive Regulation Of Type I Interferon Production (GO:0032481),10,0,1.0,,1.0
GO_Biological_Process_2023,Positive Regulation Of Type 2 Immune Response (GO:0002830),0,0,1.0,,1.0
GO_Biological_Process_2023,Positive Regulation Of Tumor Necrosis Factor-Mediated Signaling Pathway (GO:1903265),0,0,1.0,,1.0
GO_Biological_Process_2023,Positive Regulation Of Tumor Necrosis Factor Superfamily Cytokine Production (GO:1903557),3,0,1.0,,1.0
GO_Biological_Process_2023,Positive Regulation Of Tumor Necrosis Factor Production (GO:0032760),3,0,1.0,,1.0
GO_Biological_Process_2023,Positive Regulation Of Trophoblast Cell Migration (GO:1901165),0,0,1.0,,1.0
GO_Biological_Process_2023,Positive Regulation Of Triglyceride Metabolic Process (GO:0090208),0,0,1.0,,1.0
GO_Biological_Process_2023,Positive Regulation Of Type I Interferon-Mediated Signaling Pathway (GO:0060340),0,0,1.0,,1.0
GO_Biological_Process_2023,Positive Regulation Of Vascular Associated Smooth Muscle Cell Differentiation (GO:1905065),1,0,1.0,,1.0
GO_Biological_Process_2023,Positive Regulation Of Transcription By RNA Polymerase III (GO:0045945),6,0,1.0,,1.0
GO_Biological_Process_2023,Positive Regulation Of Tooth Mineralization (GO:0070172),0,0,1.0,,1.0
GO_Biological_Process_2023,Positive Regulation Of Superoxide Anion Generation (GO:0032930),1,0,1.0,,1.0
GO_Biological_Process_2023,Positive Regulation Of Substrate Adhesion-Dependent Cell Spreading (GO:1900026),3,1,0.13976587961154743,FERMT2,1.0
GO_Biological_Process_2023,Positive Regulation Of Striated Muscle Contraction (GO:0045989),0,0,1.0,,1.0
GO_Biological_Process_2023,Positive Regulation Of Striated Muscle Cell Differentiation (GO:0051155),0,0,1.0,,1.0
GO_Biological_Process_2023,Positive Regulation Of Stress-Activated Protein Kinase Signaling Cascade (GO:0070304),0,0,1.0,,1.0
GO_Biological_Process_2023,Positive Regulation Of Stress-Activated MAPK Cascade (GO:0032874),2,0,1.0,,1.0
GO_Biological_Process_2023,Positive Regulation Of Stress Fiber Assembly (GO:0051496),2,1,0.09545541870343885,FERMT2,1.0
GO_Biological_Process_2023,Positive Regulation Of Supramolecular Fiber Organization (GO:1902905),3,0,1.0,,1.0
GO_Biological_Process_2023,Positive Regulation Of Sterol Transport (GO:0032373),0,0,1.0,,1.0
GO_Biological_Process_2023,Positive Regulation Of Steroid Metabolic Process (GO:0045940),0,0,1.0,,1.0
GO_Biological_Process_2023,Positive Regulation Of Steroid Biosynthetic Process (GO:0010893),0,0,1.0,,1.0
GO_Biological_Process_2023,Positive Regulation Of Stem Cell Proliferation (GO:2000648),3,1,0.13976587961154743,FERMT2,1.0
GO_Biological_Process_2023,Positive Regulation Of Stem Cell Population Maintenance (GO:1902459),6,0,1.0,,1.0
GO_Biological_Process_2023,Positive Regulation Of Stem Cell Differentiation (GO:2000738),1,0,1.0,,1.0
GO_Biological_Process_2023,Positive Regulation Of Sprouting Angiogenesis (GO:1903672),2,0,1.0,,1.0
GO_Biological_Process_2023,Positive Regulation Of Spindle Checkpoint (GO:0090232),7,0,1.0,,1.0
GO_Biological_Process_2023,Positive Regulation Of Sterol Biosynthetic Process (GO:0106120),0,0,1.0,,1.0
GO_Biological_Process_2023,Positive Regulation Of Transcription By RNA Polymerase I (GO:0045943),12,0,1.0,,1.0
GO_Biological_Process_2023,Positive Regulation Of Synapse Assembly (GO:0051965),0,0,1.0,,1.0
GO_Biological_Process_2023,Positive Regulation Of Synaptic Plasticity (GO:0031915),2,0,1.0,,1.0
GO_Biological_Process_2023,Positive Regulation Of Toll-Like Receptor 7 Signaling Pathway (GO:0034157),0,0,1.0,,1.0
GO_Biological_Process_2023,Positive Regulation Of Toll-Like Receptor 4 Signaling Pathway (GO:0034145),0,0,1.0,,1.0
GO_Biological_Process_2023,Positive Regulation Of Toll-Like Receptor 3 Signaling Pathway (GO:0034141),0,0,1.0,,1.0
GO_Biological_Process_2023,Positive Regulation Of Toll-Like Receptor 2 Signaling Pathway (GO:0034137),0,0,1.0,,1.0
GO_Biological_Process_2023,Positive Regulation Of Tissue Remodeling (GO:0034105),0,0,1.0,,1.0
GO_Biological_Process_2023,Positive Regulation Of Telomere Maintenance Via Telomere Lengthening (GO:1904358),11,1,0.425319275731237,CTNNB1,1.0
GO_Biological_Process_2023,Positive Regulation Of Telomere Maintenance Via Telomerase (GO:0032212),11,1,0.425319275731237,CTNNB1,1.0
GO_Biological_Process_2023,Positive Regulation Of Synapse Maturation (GO:0090129),2,0,1.0,,1.0
GO_Biological_Process_2023,Positive Regulation Of Telomere Maintenance In Response To DNA Damage (GO:1904507),2,0,1.0,,1.0
GO_Biological_Process_2023,Positive Regulation Of Telomere Capping (GO:1904355),0,0,1.0,,1.0
GO_Biological_Process_2023,Positive Regulation Of Telomerase RNA Localization To Cajal Body (GO:1904874),11,0,1.0,,1.0
GO_Biological_Process_2023,Positive Regulation Of Tau-Protein Kinase Activity (GO:1902949),0,0,1.0,,1.0
GO_Biological_Process_2023,Positive Regulation Of Syncytium Formation By Plasma Membrane Fusion (GO:0060143),0,0,1.0,,1.0
GO_Biological_Process_2023,"Positive Regulation Of Synaptic Transmission, Glutamatergic (GO:0051968)",0,0,1.0,,1.0
GO_Biological_Process_2023,"Positive Regulation Of Synaptic Transmission, GABAergic (GO:0032230)",0,0,1.0,,1.0
GO_Biological_Process_2023,Positive Regulation Of Synaptic Transmission (GO:0050806),0,0,1.0,,1.0
GO_Biological_Process_2023,Positive Regulation Of Telomere Maintenance (GO:0032206),8,0,1.0,,1.0
GO_Biological_Process_2023,Positive Regulation Of Vascular Associated Smooth Muscle Cell Migration (GO:1904754),0,0,1.0,,1.0
GO_Biological_Process_2023,Positive Regulation Of Vascular Associated Smooth Muscle Cell Proliferation (GO:1904707),0,0,1.0,,1.0
GO_Biological_Process_2023,Positive Regulation Of Vascular Endothelial Cell Proliferation (GO:1905564),1,0,1.0,,1.0
GO_Biological_Process_2023,Prostanoid Metabolic Process (GO:0006692),0,0,1.0,,1.0
GO_Biological_Process_2023,Prostanoid Biosynthetic Process (GO:0046457),0,0,1.0,,1.0
GO_Biological_Process_2023,Prostaglandin Transport (GO:0015732),0,0,1.0,,1.0
GO_Biological_Process_2023,Prostaglandin Metabolic Process (GO:0006693),0,0,1.0,,1.0
GO_Biological_Process_2023,Prostaglandin Biosynthetic Process (GO:0001516),0,0,1.0,,1.0
GO_Biological_Process_2023,Acylglycerol Metabolic Process (GO:0006639),1,0,1.0,,1.0
GO_Biological_Process_2023,Proline Transport (GO:0015824),0,0,1.0,,1.0
GO_Biological_Process_2023,Proteasomal Protein Catabolic Process (GO:0010498),40,3,0.310629034028579,CTNNB1;MDM2;SKP2,1.0
GO_Biological_Process_2023,Proline Metabolic Process (GO:0006560),0,0,1.0,,1.0
GO_Biological_Process_2023,Progesterone Receptor Signaling Pathway (GO:0050847),1,0,1.0,,1.0
GO_Biological_Process_2023,Primary Neural Tube Formation (GO:0014020),0,0,1.0,,1.0
GO_Biological_Process_2023,Primary miRNA Processing (GO:0031053),5,0,1.0,,1.0
GO_Biological_Process_2023,Primary Alcohol Metabolic Process (GO:0034308),0,0,1.0,,1.0
GO_Biological_Process_2023,Primary Alcohol Catabolic Process (GO:0034310),0,0,1.0,,1.0
GO_Biological_Process_2023,Presynaptic Membrane Organization (GO:0097090),0,0,1.0,,1.0
GO_Biological_Process_2023,Presynaptic Membrane Assembly (GO:0097105),0,0,1.0,,1.0
GO_Biological_Process_2023,Adaptive Immune Response Based On Somatic Recombination Of Immune Receptors Built From Immunoglobulin Superfamily Domains (GO:0002460),1,0,1.0,,1.0
GO_Biological_Process_2023,Adenine Nucleotide Transport (GO:0051503),0,0,1.0,,1.0
GO_Biological_Process_2023,Proteasome Assembly (GO:0043248),3,0,1.0,,1.0
GO_Biological_Process_2023,Protection From Natural Killer Cell Mediated Cytotoxicity (GO:0042270),0,0,1.0,,1.0
GO_Biological_Process_2023,Protein Acetylation (GO:0006473),6,1,0.26028719693696456,EP300,1.0
GO_Biological_Process_2023,Protein O-linked Mannosylation (GO:0035269),0,0,1.0,,1.0
GO_Biological_Process_2023,Protein O-linked Glycosylation Via Threonine (GO:0018243),0,0,1.0,,1.0
GO_Biological_Process_2023,Protein O-linked Glycosylation Via Serine (GO:0018242),0,0,1.0,,1.0
GO_Biological_Process_2023,Protein O-linked Glycosylation (GO:0006493),1,0,1.0,,1.0
GO_Biological_Process_2023,Protein N-linked Glycosylation Via Asparagine (GO:0018279),4,0,1.0,,1.0
GO_Biological_Process_2023,Protein N-linked Glycosylation (GO:0006487),8,0,1.0,,1.0
GO_Biological_Process_2023,Proteasome-Mediated Ubiquitin-Dependent Protein Catabolic Process (GO:0043161),54,4,0.26866750127731454,CTNNB1;CUL2;MDM2;SKP2,1.0
GO_Biological_Process_2023,Protein K63-linked Ubiquitination (GO:0070534),2,0,1.0,,1.0
GO_Biological_Process_2023,Protein K6-linked Ubiquitination (GO:0085020),0,0,1.0,,1.0
GO_Biological_Process_2023,Protein K48-linked Ubiquitination (GO:0070936),4,1,0.18194134789770994,SKP2,1.0
GO_Biological_Process_2023,Protein K48-linked Deubiquitination (GO:0071108),1,0,1.0,,1.0
GO_Biological_Process_2023,Protein K29-linked Ubiquitination (GO:0035519),0,0,1.0,,1.0
GO_Biological_Process_2023,Protein K27-linked Ubiquitination (GO:0044314),0,0,1.0,,1.0
GO_Biological_Process_2023,Protein K11-linked Ubiquitination (GO:0070979),10,0,1.0,,1.0
GO_Biological_Process_2023,Protein K11-linked Deubiquitination (GO:0035871),0,0,1.0,,1.0
GO_Biological_Process_2023,Protein K63-linked Deubiquitination (GO:0070536),1,0,1.0,,1.0
GO_Biological_Process_2023,Presynaptic Active Zone Organization (GO:1990709),0,0,1.0,,1.0
GO_Biological_Process_2023,Presynapse Organization (GO:0099172),0,0,1.0,,1.0
GO_Biological_Process_2023,Presynapse Assembly (GO:0099054),0,0,1.0,,1.0
GO_Biological_Process_2023,Adenosine To Inosine Editing (GO:0006382),0,0,1.0,,1.0
GO_Biological_Process_2023,Adenylate Cyclase-Activating G Protein-Coupled Receptor Signaling Pathway (GO:0007189),0,0,1.0,,1.0
GO_Biological_Process_2023,Positive Regulation Of Voltage-Gated Potassium Channel Activity (GO:1903818),0,0,1.0,,1.0
GO_Biological_Process_2023,Positive Regulation Of Voltage-Gated Calcium Channel Activity (GO:1901387),0,0,1.0,,1.0
GO_Biological_Process_2023,Positive Regulation Of Viral Process (GO:0048524),4,0,1.0,,1.0
GO_Biological_Process_2023,Positive Regulation Of Viral Life Cycle (GO:1903902),2,0,1.0,,1.0
GO_Biological_Process_2023,Positive Regulation Of Viral Genome Replication (GO:0045070),4,0,1.0,,1.0
GO_Biological_Process_2023,Post-Transcriptional Gene Silencing (GO:0016441),1,0,1.0,,1.0
GO_Biological_Process_2023,Positive Regulation Of Viral Entry Into Host Cell (GO:0046598),1,0,1.0,,1.0
GO_Biological_Process_2023,Positive Regulation Of Vasoconstriction (GO:0045907),0,0,1.0,,1.0
GO_Biological_Process_2023,Positive Regulation Of Vasculogenesis (GO:2001214),0,0,1.0,,1.0
GO_Biological_Process_2023,Positive Regulation Of Vasculature Development (GO:1904018),0,0,1.0,,1.0
GO_Biological_Process_2023,Positive Regulation Of Vascular Permeability (GO:0043117),0,0,1.0,,1.0
GO_Biological_Process_2023,Positive Regulation Of Vascular Endothelial Growth Factor Signaling Pathway (GO:1900748),0,0,1.0,,1.0
GO_Biological_Process_2023,Positive Regulation Of Vascular Endothelial Growth Factor Receptor Signaling Pathway (GO:0030949),0,0,1.0,,1.0
GO_Biological_Process_2023,Positive Regulation Of Vascular Endothelial Growth Factor Production (GO:0010575),0,0,1.0,,1.0
GO_Biological_Process_2023,Positive Regulation Of Vesicle Fusion (GO:0031340),0,0,1.0,,1.0
GO_Biological_Process_2023,Post-Transcriptional Regulation Of Gene Expression (GO:0010608),12,0,1.0,,1.0
GO_Biological_Process_2023,Post-Translational Protein Modification (GO:0043687),6,0,1.0,,1.0
GO_Biological_Process_2023,Post-Translational Protein Targeting To Endoplasmic Reticulum Membrane (GO:0006620),4,0,1.0,,1.0
GO_Biological_Process_2023,Prepulse Inhibition (GO:0060134),0,0,1.0,,1.0
GO_Biological_Process_2023,Preassembly Of GPI Anchor In ER Membrane (GO:0016254),0,0,1.0,,1.0
GO_Biological_Process_2023,pre-miRNA Processing (GO:0031054),1,0,1.0,,1.0
GO_Biological_Process_2023,pre-mRNA Cleavage Required For Polyadenylation (GO:0098789),6,0,1.0,,1.0
GO_Biological_Process_2023,Adenosine Metabolic Process (GO:0046085),0,0,1.0,,1.0
GO_Biological_Process_2023,Potassium Ion Transmembrane Transport (GO:0071805),3,1,0.13976587961154743,ATP1B3,1.0
GO_Biological_Process_2023,Potassium Ion Import Across Plasma Membrane (GO:1990573),2,1,0.09545541870343885,ATP1B3,1.0
GO_Biological_Process_2023,Potassium Ion Homeostasis (GO:0055075),2,1,0.09545541870343885,ATP1B3,1.0
GO_Biological_Process_2023,Potassium Ion Export Across Plasma Membrane (GO:0097623),0,0,1.0,,1.0
GO_Biological_Process_2023,Postsynaptic Neurotransmitter Receptor Diffusion Trapping (GO:0098970),0,0,1.0,,1.0
GO_Biological_Process_2023,Postsynaptic Membrane Organization (GO:0001941),0,0,1.0,,1.0
GO_Biological_Process_2023,Postsynaptic Membrane Assembly (GO:0097104),0,0,1.0,,1.0
GO_Biological_Process_2023,Postsynaptic Density Organization (GO:0097106),0,0,1.0,,1.0
GO_Biological_Process_2023,Postsynapse Organization (GO:0099173),0,0,1.0,,1.0
GO_Biological_Process_2023,Postsynapse Assembly (GO:0099068),0,0,1.0,,1.0
GO_Biological_Process_2023,Postreplication Repair (GO:0006301),4,0,1.0,,1.0
GO_Biological_Process_2023,"Post-Translational Protein Targeting To Membrane, Translocation (GO:0031204)",2,0,1.0,,1.0
GO_Biological_Process_2023,Protein Acylation (GO:0043543),4,1,0.18194134789770994,EP300,1.0
GO_Biological_Process_2023,Regulation Of mRNA Stability (GO:0043488),7,0,1.0,,1.0
GO_Biological_Process_2023,Regulation Of Mast Cell Activation (GO:0033003),0,0,1.0,,1.0
GO_Biological_Process_2023,Regulation Of Macromolecule Biosynthetic Process (GO:0010556),10,1,0.39550578556344795,MED1,1.0
GO_Biological_Process_2023,Translational Readthrough (GO:0006451),2,0,1.0,,1.0
GO_Biological_Process_2023,Translational Elongation (GO:0006414),7,0,1.0,,1.0
GO_Biological_Process_2023,Translation (GO:0006412),109,0,1.0,,1.0
GO_Biological_Process_2023,Transition Metal Ion Transport (GO:0000041),2,1,0.09545541870343885,TFRC,1.0
GO_Biological_Process_2023,Notch Signaling Involved In Heart Development (GO:0061314),0,0,1.0,,1.0
GO_Biological_Process_2023,Notch Signaling Pathway (GO:0007219),1,0,1.0,,1.0
GO_Biological_Process_2023,Transepithelial Transport (GO:0070633),0,0,1.0,,1.0
GO_Biological_Process_2023,Translational Termination (GO:0006415),2,0,1.0,,1.0
GO_Biological_Process_2023,Transepithelial Chloride Transport (GO:0030321),0,0,1.0,,1.0
GO_Biological_Process_2023,Transcription-Coupled Nucleotide-Excision Repair (GO:0006283),4,0,1.0,,1.0
GO_Biological_Process_2023,Transcription Preinitiation Complex Assembly (GO:0070897),23,1,0.6878703036636113,MED1,1.0
GO_Biological_Process_2023,Transcription Initiation-Coupled Chromatin Remodeling (GO:0045815),6,1,0.26028719693696456,EP300,1.0
GO_Biological_Process_2023,Transcription Initiation At RNA Polymerase II Promoter (GO:0006367),33,2,0.48710357155247835,ELOB;MED1,1.0
GO_Biological_Process_2023,Transcription Initiation At RNA Polymerase I Promoter (GO:0006361),3,0,1.0,,1.0
GO_Biological_Process_2023,Transcription Elongation By RNA Polymerase II (GO:0006368),11,0,1.0,,1.0
GO_Biological_Process_2023,Transcription By RNA Polymerase III (GO:0006383),14,0,1.0,,1.0
GO_Biological_Process_2023,Transcription-Dependent Tethering Of RNA Polymerase II Gene DNA At Nuclear Periphery (GO:0000972),5,0,1.0,,1.0
GO_Biological_Process_2023,Transcription By RNA Polymerase II (GO:0006366),61,3,0.584291059597176,CBFB;ELOB;MED1,1.0
GO_Biological_Process_2023,Translesion Synthesis (GO:0019985),7,0,1.0,,1.0
GO_Biological_Process_2023,Notch Receptor Processing (GO:0007220),0,0,1.0,,1.0
GO_Biological_Process_2023,Tumor Necrosis Factor-Mediated Signaling Pathway (GO:0033209),1,0,1.0,,1.0
GO_Biological_Process_2023,Tubulin Complex Assembly (GO:0007021),4,0,1.0,,1.0
GO_Biological_Process_2023,Tube Closure (GO:0060606),0,0,1.0,,1.0
GO_Biological_Process_2023,Tryptophan Metabolic Process (GO:0006568),0,0,1.0,,1.0
GO_Biological_Process_2023,Tryptophan Catabolic Process (GO:0006569),0,0,1.0,,1.0
GO_Biological_Process_2023,Triglyceride-Rich Lipoprotein Particle Remodeling (GO:0034370),0,0,1.0,,1.0
GO_Biological_Process_2023,Triglyceride Metabolic Process (GO:0006641),0,0,1.0,,1.0
GO_Biological_Process_2023,Translocation Of Molecules Into Host (GO:0044417),5,0,1.0,,1.0
GO_Biological_Process_2023,Triglyceride Homeostasis (GO:0070328),0,0,1.0,,1.0
GO_Biological_Process_2023,Triglyceride Biosynthetic Process (GO:0019432),0,0,1.0,,1.0
GO_Biological_Process_2023,Trigeminal Nerve Development (GO:0021559),0,0,1.0,,1.0
GO_Biological_Process_2023,Tricarboxylic Acid Metabolic Process (GO:0072350),0,0,1.0,,1.0
GO_Biological_Process_2023,Transport Along Microtubule (GO:0010970),3,0,1.0,,1.0
GO_Biological_Process_2023,Transport Across Blood-Brain Barrier (GO:0150104),2,1,0.09545541870343885,TFRC,1.0
GO_Biological_Process_2023,Transmembrane Receptor Protein Tyrosine Phosphatase Signaling Pathway (GO:0007185),0,0,1.0,,1.0
GO_Biological_Process_2023,NLS-bearing Protein Import Into Nucleus (GO:0006607),1,0,1.0,,1.0
GO_Biological_Process_2023,Triglyceride Catabolic Process (GO:0019433),0,0,1.0,,1.0
GO_Biological_Process_2023,NIK/NF-kappaB Signaling (GO:0038061),1,0,1.0,,1.0
GO_Biological_Process_2023,Transcription By RNA Polymerase I (GO:0006360),6,0,1.0,,1.0
GO_Biological_Process_2023,Tooth Mineralization (GO:0034505),0,0,1.0,,1.0
GO_Biological_Process_2023,Telomere Maintenance Via Telomere Trimming (GO:0090737),1,0,1.0,,1.0
GO_Biological_Process_2023,Telomere Maintenance Via Telomere Lengthening (GO:0010833),5,0,1.0,,1.0
GO_Biological_Process_2023,Telomere Maintenance Via Telomerase (GO:0007004),3,0,1.0,,1.0
GO_Biological_Process_2023,Telomere Maintenance Via Recombination (GO:0000722),1,0,1.0,,1.0
GO_Biological_Process_2023,Telomere Maintenance In Response To DNA Damage (GO:0043247),4,0,1.0,,1.0
GO_Biological_Process_2023,Telomere Maintenance (GO:0000723),17,0,1.0,,1.0
GO_Biological_Process_2023,Telomere Capping (GO:0016233),5,0,1.0,,1.0
GO_Biological_Process_2023,Telomere Organization (GO:0032200),16,0,1.0,,1.0
GO_Biological_Process_2023,Telencephalon Cell Migration (GO:0022029),0,0,1.0,,1.0
GO_Biological_Process_2023,Tail-Anchored Membrane Protein Insertion Into ER Membrane (GO:0071816),2,0,1.0,,1.0
GO_Biological_Process_2023,tRNA Wobble Uridine Modification (GO:0002098),6,0,1.0,,1.0
GO_Biological_Process_2023,tRNA Wobble Base Modification (GO:0002097),5,0,1.0,,1.0
GO_Biological_Process_2023,tRNA Transport (GO:0051031),1,0,1.0,,1.0
GO_Biological_Process_2023,tRNA Transcription By RNA Polymerase III (GO:0042797),2,0,1.0,,1.0
GO_Biological_Process_2023,tRNA Transcription (GO:0009304),2,0,1.0,,1.0
GO_Biological_Process_2023,tRNA Threonylcarbamoyladenosine Metabolic Process (GO:0070525),2,0,1.0,,1.0
GO_Biological_Process_2023,Taurine Metabolic Process (GO:0019530),0,0,1.0,,1.0
GO_Biological_Process_2023,Toxin Transport (GO:1901998),0,0,1.0,,1.0
GO_Biological_Process_2023,Telomeric D-loop Disassembly (GO:0061820),1,0,1.0,,1.0
GO_Biological_Process_2023,Termination Of RNA Polymerase II Transcription (GO:0006369),4,0,1.0,,1.0
GO_Biological_Process_2023,Toll-Like Receptor Signaling Pathway (GO:0002224),1,0,1.0,,1.0
GO_Biological_Process_2023,Toll-Like Receptor 9 Signaling Pathway (GO:0034162),0,0,1.0,,1.0
GO_Biological_Process_2023,Toll-Like Receptor 4 Signaling Pathway (GO:0034142),0,0,1.0,,1.0
GO_Biological_Process_2023,Toll-Like Receptor 3 Signaling Pathway (GO:0034138),0,0,1.0,,1.0
GO_Biological_Process_2023,Tight Junction Organization (GO:0120193),0,0,1.0,,1.0
GO_Biological_Process_2023,Tight Junction Assembly (GO:0120192),4,0,1.0,,1.0
GO_Biological_Process_2023,Thyroid Hormone Transport (GO:0070327),0,0,1.0,,1.0
GO_Biological_Process_2023,Telomeric Loop Disassembly (GO:0090657),1,0,1.0,,1.0
GO_Biological_Process_2023,Thyroid Hormone Generation (GO:0006590),0,0,1.0,,1.0
GO_Biological_Process_2023,Thymus Development (GO:0048538),1,0,1.0,,1.0
GO_Biological_Process_2023,Thiamine-Containing Compound Metabolic Process (GO:0042723),0,0,1.0,,1.0
GO_Biological_Process_2023,Thiamine Transmembrane Transport (GO:0071934),0,0,1.0,,1.0
GO_Biological_Process_2023,P-body Assembly (GO:0033962),3,0,1.0,,1.0
GO_Biological_Process_2023,PERK-mediated Unfolded Protein Response (GO:0036499),1,0,1.0,,1.0
GO_Biological_Process_2023,R-loop Processing (GO:0062176),1,0,1.0,,1.0
GO_Biological_Process_2023,Terpenoid Metabolic Process (GO:0006721),0,0,1.0,,1.0
GO_Biological_Process_2023,O-glycan Processing (GO:0016266),0,0,1.0,,1.0
GO_Biological_Process_2023,tRNA Surveillance (GO:0106354),4,0,1.0,,1.0
GO_Biological_Process_2023,NADPH Regeneration (GO:0006740),1,0,1.0,,1.0
GO_Biological_Process_2023,Type I Interferon-Mediated Signaling Pathway (GO:0060337),1,0,1.0,,1.0
GO_Biological_Process_2023,Vesicle Docking (GO:0048278),2,0,1.0,,1.0
GO_Biological_Process_2023,Vesicle Cytoskeletal Trafficking (GO:0099518),1,0,1.0,,1.0
GO_Biological_Process_2023,Vesicle Coating (GO:0006901),7,0,1.0,,1.0
GO_Biological_Process_2023,Vesicle Cargo Loading (GO:0035459),1,0,1.0,,1.0
GO_Biological_Process_2023,Vesicle Budding From Membrane (GO:0006900),8,0,1.0,,1.0
GO_Biological_Process_2023,Very-Low-Density Lipoprotein Particle Remodeling (GO:0034372),0,0,1.0,,1.0
GO_Biological_Process_2023,Very-Low-Density Lipoprotein Particle Assembly (GO:0034379),0,0,1.0,,1.0
GO_Biological_Process_2023,Vesicle Fusion (GO:0006906),8,0,1.0,,1.0
GO_Biological_Process_2023,Very Long-Chain Fatty Acid Metabolic Process (GO:0000038),0,0,1.0,,1.0
GO_Biological_Process_2023,Very Long-Chain Fatty Acid Biosynthetic Process (GO:0042761),0,0,1.0,,1.0
GO_Biological_Process_2023,Ventricular Trabecula Myocardium Morphogenesis (GO:0003222),0,0,1.0,,1.0
GO_Biological_Process_2023,Ventricular Septum Morphogenesis (GO:0060412),0,0,1.0,,1.0
GO_Biological_Process_2023,Ventricular Septum Development (GO:0003281),0,0,1.0,,1.0
GO_Biological_Process_2023,Ventricular Compact Myocardium Morphogenesis (GO:0003223),0,0,1.0,,1.0
GO_Biological_Process_2023,Ventricular Cardiac Muscle Tissue Morphogenesis (GO:0055010),0,0,1.0,,1.0
GO_Biological_Process_2023,Ventricular Cardiac Muscle Tissue Development (GO:0003229),0,0,1.0,,1.0
GO_Biological_Process_2023,Very Long-Chain Fatty Acid Catabolic Process (GO:0042760),0,0,1.0,,1.0
GO_Biological_Process_2023,Ventricular Cardiac Muscle Cell Membrane Repolarization (GO:0099625),0,0,1.0,,1.0
GO_Biological_Process_2023,Vesicle Fusion With Golgi Apparatus (GO:0048280),1,0,1.0,,1.0
GO_Biological_Process_2023,Vesicle Organization (GO:0016050),10,0,1.0,,1.0
GO_Biological_Process_2023,N-terminal Protein Amino Acid Modification (GO:0031365),4,0,1.0,,1.0
GO_Biological_Process_2023,Water Transport (GO:0006833),0,0,1.0,,1.0
GO_Biological_Process_2023,Vitamin Transport (GO:0051180),1,0,1.0,,1.0
GO_Biological_Process_2023,Vitamin K Metabolic Process (GO:0042373),0,0,1.0,,1.0
GO_Biological_Process_2023,Vitamin D Metabolic Process (GO:0042359),0,0,1.0,,1.0
GO_Biological_Process_2023,Vitamin A Metabolic Process (GO:0006776),0,0,1.0,,1.0
GO_Biological_Process_2023,Visual System Development (GO:0150063),1,0,1.0,,1.0
GO_Biological_Process_2023,Vesicle Fusion With Vacuole (GO:0051469),3,0,1.0,,1.0
GO_Biological_Process_2023,Visual Perception (GO:0007601),3,0,1.0,,1.0
GO_Biological_Process_2023,Viral mRNA Export From Host Cell Nucleus (GO:0046784),5,0,1.0,,1.0
GO_Biological_Process_2023,Vesicle-Mediated Transport To The Plasma Membrane (GO:0098876),3,0,1.0,,1.0
GO_Biological_Process_2023,Vesicle-Mediated Transport In Synapse (GO:0099003),0,0,1.0,,1.0
GO_Biological_Process_2023,Vesicle-Mediated Transport Between Endosomal Compartments (GO:0098927),3,0,1.0,,1.0
GO_Biological_Process_2023,Vesicle Transport Along Microtubule (GO:0047496),1,0,1.0,,1.0
GO_Biological_Process_2023,Vesicle Transport Along Actin Filament (GO:0030050),0,0,1.0,,1.0
GO_Biological_Process_2023,"Vesicle Targeting, Rough ER To cis-Golgi (GO:0048207)",7,0,1.0,,1.0
GO_Biological_Process_2023,Visual Learning (GO:0008542),0,0,1.0,,1.0
GO_Biological_Process_2023,Type B Pancreatic Cell Proliferation (GO:0044342),0,0,1.0,,1.0
GO_Biological_Process_2023,Ventricular Cardiac Muscle Cell Action Potential (GO:0086005),0,0,1.0,,1.0
GO_Biological_Process_2023,Venous Blood Vessel Development (GO:0060841),0,0,1.0,,1.0
GO_Biological_Process_2023,NADH Metabolic Process (GO:0006734),1,0,1.0,,1.0
GO_Biological_Process_2023,Ureteric Bud Development (GO:0001657),0,0,1.0,,1.0
GO_Biological_Process_2023,Ureter Development (GO:0072189),0,0,1.0,,1.0
GO_Biological_Process_2023,Urea Cycle (GO:0000050),0,0,1.0,,1.0
GO_Biological_Process_2023,Unsaturated Fatty Acid Metabolic Process (GO:0033559),2,1,0.09545541870343885,SCD,1.0
GO_Biological_Process_2023,NADP Metabolic Process (GO:0006739),0,0,1.0,,1.0
GO_Biological_Process_2023,Ubiquitin-Dependent Protein Catabolic Process Via The Multivesicular Body Sorting Pathway (GO:0043162),8,0,1.0,,1.0
GO_Biological_Process_2023,Uridine Transport (GO:0015862),0,0,1.0,,1.0
GO_Biological_Process_2023,Ubiquitin-Dependent Protein Catabolic Process Via The C-end Degron Rule Pathway (GO:0140627),0,0,1.0,,1.0
GO_Biological_Process_2023,Ubiquitin-Dependent ERAD Pathway (GO:0030433),5,0,1.0,,1.0
GO_Biological_Process_2023,Ubiquinone Metabolic Process (GO:0006743),0,0,1.0,,1.0
GO_Biological_Process_2023,Ubiquinone Biosynthetic Process (GO:0006744),0,0,1.0,,1.0
GO_Biological_Process_2023,Tyrosine Phosphorylation Of STAT Protein (GO:0007260),0,0,1.0,,1.0
GO_Biological_Process_2023,Tyrosine Metabolic Process (GO:0006570),0,0,1.0,,1.0
GO_Biological_Process_2023,Type III Interferon-Mediated Signaling Pathway (GO:0038196),0,0,1.0,,1.0
GO_Biological_Process_2023,Type II Interferon-Mediated Signaling Pathway (GO:0060333),0,0,1.0,,1.0
GO_Biological_Process_2023,Ubiquitin-Dependent Protein Catabolic Process (GO:0006511),61,3,0.584291059597176,CTNNB1;MDM2;SKP2,1.0
GO_Biological_Process_2023,Venous Blood Vessel Morphogenesis (GO:0048845),0,0,1.0,,1.0
GO_Biological_Process_2023,NADH Dehydrogenase Complex Assembly (GO:0010257),1,0,1.0,,1.0
GO_Biological_Process_2023,Vacuolar Transport (GO:0007034),4,0,1.0,,1.0
GO_Biological_Process_2023,Vasodilation (GO:0042311),2,0,1.0,,1.0
GO_Biological_Process_2023,Vasoconstriction (GO:0042310),0,0,1.0,,1.0
GO_Biological_Process_2023,Vasculogenesis (GO:0001570),0,0,1.0,,1.0
GO_Biological_Process_2023,Vasculature Development (GO:0001944),0,0,1.0,,1.0
GO_Biological_Process_2023,Vascular Wound Healing (GO:0061042),0,0,1.0,,1.0
GO_Biological_Process_2023,Vascular Transport (GO:0010232),2,1,0.09545541870343885,TFRC,1.0
GO_Biological_Process_2023,Vascular Process In Circulatory System (GO:0003018),0,0,1.0,,1.0
GO_Biological_Process_2023,Vacuolar Acidification (GO:0007035),7,0,1.0,,1.0
GO_Biological_Process_2023,Vascular Endothelial Growth Factor Signaling Pathway (GO:0038084),0,0,1.0,,1.0
GO_Biological_Process_2023,NAD Biosynthesis Via Nicotinamide Riboside Salvage Pathway (GO:0034356),0,0,1.0,,1.0
GO_Biological_Process_2023,Vascular Associated Smooth Muscle Contraction (GO:0014829),0,0,1.0,,1.0
GO_Biological_Process_2023,Vascular Associated Smooth Muscle Cell Differentiation (GO:0035886),0,0,1.0,,1.0
GO_Biological_Process_2023,Vascular Associated Smooth Muscle Cell Development (GO:0097084),0,0,1.0,,1.0
GO_Biological_Process_2023,Valine Metabolic Process (GO:0006573),0,0,1.0,,1.0
GO_Biological_Process_2023,Vacuole Organization (GO:0007033),0,0,1.0,,1.0
GO_Biological_Process_2023,Vacuole Fusion (GO:0097576),3,0,1.0,,1.0
GO_Biological_Process_2023,Vascular Endothelial Growth Factor Receptor-2 Signaling Pathway (GO:0036324),0,0,1.0,,1.0
GO_Biological_Process_2023,"tRNA Splicing, Via Endonucleolytic Cleavage And Ligation (GO:0006388)",3,0,1.0,,1.0
GO_Biological_Process_2023,tRNA Pseudouridine Synthesis (GO:0031119),0,0,1.0,,1.0
GO_Biological_Process_2023,tRNA Processing (GO:0008033),14,0,1.0,,1.0
GO_Biological_Process_2023,Sphingoid Metabolic Process (GO:0046519),0,0,1.0,,1.0
GO_Biological_Process_2023,Sphingoid Biosynthetic Process (GO:0046520),1,0,1.0,,1.0
GO_Biological_Process_2023,Spermidine Metabolic Process (GO:0008216),1,0,1.0,,1.0
GO_Biological_Process_2023,Spermatid Development (GO:0007286),0,0,1.0,,1.0
GO_Biological_Process_2023,Somite Development (GO:0061053),0,0,1.0,,1.0
GO_Biological_Process_2023,Somatic Recombination Of Immunoglobulin Genes Involved In Immune Response (GO:0002204),2,0,1.0,,1.0
GO_Biological_Process_2023,Somatic Recombination Of Immunoglobulin Gene Segments (GO:0016447),1,0,1.0,,1.0
GO_Biological_Process_2023,Sphingolipid Biosynthetic Process (GO:0030148),1,0,1.0,,1.0
GO_Biological_Process_2023,Somatic Hypermutation Of Immunoglobulin Genes (GO:0016446),1,0,1.0,,1.0
GO_Biological_Process_2023,Sodium-Dependent Phosphate Transport (GO:0044341),0,0,1.0,,1.0
GO_Biological_Process_2023,"RNA Phosphodiester Bond Hydrolysis, Endonucleolytic (GO:0090502)",3,0,1.0,,1.0
GO_Biological_Process_2023,Sodium Ion Transmembrane Transport (GO:0035725),2,1,0.09545541870343885,ATP1B3,1.0
GO_Biological_Process_2023,Sodium Ion Import Across Plasma Membrane (GO:0098719),0,0,1.0,,1.0
GO_Biological_Process_2023,Sodium Ion Homeostasis (GO:0055078),2,1,0.09545541870343885,ATP1B3,1.0
GO_Biological_Process_2023,Sodium Ion Export Across Plasma Membrane (GO:0036376),2,1,0.09545541870343885,ATP1B3,1.0
GO_Biological_Process_2023,snoRNA Localization (GO:0048254),2,0,1.0,,1.0
GO_Biological_Process_2023,Sodium-Independent Organic Anion Transport (GO:0043252),0,0,1.0,,1.0
GO_Biological_Process_2023,sno(s)RNA 3'-End Processing (GO:0031126),5,0,1.0,,1.0
GO_Biological_Process_2023,Sphingolipid Catabolic Process (GO:0030149),0,0,1.0,,1.0
GO_Biological_Process_2023,Sphingomyelin Biosynthetic Process (GO:0006686),0,0,1.0,,1.0
GO_Biological_Process_2023,Stem Cell Development (GO:0048864),0,0,1.0,,1.0
GO_Biological_Process_2023,Stabilization Of Membrane Potential (GO:0030322),0,0,1.0,,1.0
GO_Biological_Process_2023,Sprouting Angiogenesis (GO:0002040),0,0,1.0,,1.0
GO_Biological_Process_2023,Spontaneous Synaptic Transmission (GO:0098814),0,0,1.0,,1.0
GO_Biological_Process_2023,Spliceosomal tri-snRNP Complex Assembly (GO:0000244),8,0,1.0,,1.0
GO_Biological_Process_2023,Spliceosomal snRNP Assembly (GO:0000387),26,0,1.0,,1.0
GO_Biological_Process_2023,Spliceosomal Complex Assembly (GO:0000245),31,0,1.0,,1.0
GO_Biological_Process_2023,Sphingolipid Metabolic Process (GO:0006665),3,0,1.0,,1.0
GO_Biological_Process_2023,Spleen Development (GO:0048536),1,0,1.0,,1.0
GO_Biological_Process_2023,Spindle Assembly (GO:0051225),21,0,1.0,,1.0
GO_Biological_Process_2023,Spinal Cord Dorsal/Ventral Patterning (GO:0021513),0,0,1.0,,1.0
GO_Biological_Process_2023,Spinal Cord Development (GO:0021510),1,0,1.0,,1.0
GO_Biological_Process_2023,Sphingosine-1-Phosphate Receptor Signaling Pathway (GO:0003376),0,0,1.0,,1.0
GO_Biological_Process_2023,Sphingosine Metabolic Process (GO:0006670),1,0,1.0,,1.0
GO_Biological_Process_2023,Sphingosine Biosynthetic Process (GO:0046512),1,0,1.0,,1.0
GO_Biological_Process_2023,Sphingomyelin Metabolic Process (GO:0006684),0,0,1.0,,1.0
GO_Biological_Process_2023,Spindle Assembly Checkpoint Signaling (GO:0071173),14,0,1.0,,1.0
GO_Biological_Process_2023,Stem Cell Differentiation (GO:0048863),3,1,0.13976587961154743,CTNNB1,1.0
GO_Biological_Process_2023,snRNA Transcription By RNA Polymerase III (GO:0042796),5,0,1.0,,1.0
GO_Biological_Process_2023,snRNA Transcription (GO:0009301),7,0,1.0,,1.0
GO_Biological_Process_2023,"RNA Splicing, Via Endonucleolytic Cleavage And Ligation (GO:0000394)",3,0,1.0,,1.0
GO_Biological_Process_2023,Skeletal Muscle Fiber Development (GO:0048741),0,0,1.0,,1.0
GO_Biological_Process_2023,Skeletal Muscle Contraction (GO:0003009),0,0,1.0,,1.0
GO_Biological_Process_2023,Skeletal Muscle Cell Differentiation (GO:0035914),0,0,1.0,,1.0
GO_Biological_Process_2023,Sister Chromatid Segregation (GO:0000819),14,0,1.0,,1.0
GO_Biological_Process_2023,Sinoatrial Node Development (GO:0003163),0,0,1.0,,1.0
GO_Biological_Process_2023,Single Strand Break Repair (GO:0000012),0,0,1.0,,1.0
GO_Biological_Process_2023,Skeletal Muscle Thin Filament Assembly (GO:0030240),0,0,1.0,,1.0
GO_Biological_Process_2023,Signal Transduction In Response To DNA Damage (GO:0042770),13,1,0.48067642914700753,GRB2,1.0
GO_Biological_Process_2023,Signal Release From Synapse (GO:0099643),0,0,1.0,,1.0
GO_Biological_Process_2023,Signal Release (GO:0023061),0,0,1.0,,1.0
GO_Biological_Process_2023,Signal Peptide Processing (GO:0006465),1,0,1.0,,1.0
GO_Biological_Process_2023,Signal Complex Assembly (GO:0007172),0,0,1.0,,1.0
GO_Biological_Process_2023,Sialylation (GO:0097503),0,0,1.0,,1.0
GO_Biological_Process_2023,siRNA Processing (GO:0030422),1,0,1.0,,1.0
GO_Biological_Process_2023,Short-Chain Fatty Acid Metabolic Process (GO:0046459),0,0,1.0,,1.0
GO_Biological_Process_2023,Signal Transduction By P53 Class Mediator (GO:0072331),1,0,1.0,,1.0
GO_Biological_Process_2023,snRNA Transcription By RNA Polymerase II (GO:0042795),6,0,1.0,,1.0
GO_Biological_Process_2023,RNA Splicing (GO:0008380),57,0,1.0,,1.0
GO_Biological_Process_2023,RNA Processing (GO:0006396),82,0,1.0,,1.0
GO_Biological_Process_2023,snRNA Processing (GO:0016180),9,1,0.364173645762447,INTS6,1.0
GO_Biological_Process_2023,snRNA Modification (GO:0040031),3,0,1.0,,1.0
GO_Biological_Process_2023,snRNA Metabolic Process (GO:0016073),13,1,0.48067642914700753,INTS6,1.0
GO_Biological_Process_2023,snRNA 3'-End Processing (GO:0034472),11,1,0.425319275731237,INTS6,1.0
GO_Biological_Process_2023,Smoothened Signaling Pathway (GO:0007224),0,0,1.0,,1.0
GO_Biological_Process_2023,Smooth Muscle Tissue Development (GO:0048745),0,0,1.0,,1.0
GO_Biological_Process_2023,Smooth Muscle Contraction (GO:0006939),0,0,1.0,,1.0
GO_Biological_Process_2023,RNA Secondary Structure Unwinding (GO:0010501),2,0,1.0,,1.0
GO_Biological_Process_2023,Smooth Muscle Cell Migration (GO:0014909),0,0,1.0,,1.0
GO_Biological_Process_2023,Small Nucleolar Ribonucleoprotein Complex Assembly (GO:0000491),3,0,1.0,,1.0
GO_Biological_Process_2023,RNA Polyadenylation (GO:0043631),13,0,1.0,,1.0
GO_Biological_Process_2023,Skin Morphogenesis (GO:0043589),0,0,1.0,,1.0
GO_Biological_Process_2023,Skin Epidermis Development (GO:0098773),0,0,1.0,,1.0
GO_Biological_Process_2023,RNA Polymerase II Preinitiation Complex Assembly (GO:0051123),23,1,0.6878703036636113,MED1,1.0
GO_Biological_Process_2023,Skeletal System Morphogenesis (GO:0048705),0,0,1.0,,1.0
GO_Biological_Process_2023,Skeletal System Development (GO:0001501),3,0,1.0,,1.0
GO_Biological_Process_2023,Smooth Muscle Cell Differentiation (GO:0051145),0,0,1.0,,1.0
GO_Biological_Process_2023,Steroid Biosynthetic Process (GO:0006694),1,0,1.0,,1.0
GO_Biological_Process_2023,Steroid Catabolic Process (GO:0006706),0,0,1.0,,1.0
GO_Biological_Process_2023,RNA Phosphodiester Bond Hydrolysis (GO:0090501),5,0,1.0,,1.0
GO_Biological_Process_2023,RNA Catabolic Process (GO:0006401),18,0,1.0,,1.0
GO_Biological_Process_2023,RNA Decapping (GO:0110154),0,0,1.0,,1.0
GO_Biological_Process_2023,Synaptic Vesicle Docking (GO:0016081),0,0,1.0,,1.0
GO_Biological_Process_2023,Synaptic Vesicle Cycle (GO:0099504),0,0,1.0,,1.0
GO_Biological_Process_2023,Synaptic Vesicle Budding From Presynaptic Endocytic Zone Membrane (GO:0016185),0,0,1.0,,1.0
GO_Biological_Process_2023,"Synaptic Transmission, Glutamatergic (GO:0035249)",1,0,1.0,,1.0
GO_Biological_Process_2023,"Synaptic Transmission, Dopaminergic (GO:0001963)",0,0,1.0,,1.0
GO_Biological_Process_2023,RNA Capping (GO:0036260),6,0,1.0,,1.0
GO_Biological_Process_2023,"Synaptic Transmission, Cholinergic (GO:0007271)",0,0,1.0,,1.0
GO_Biological_Process_2023,Synaptic Signaling (GO:0099536),1,0,1.0,,1.0
GO_Biological_Process_2023,Synaptic Membrane Adhesion (GO:0099560),0,0,1.0,,1.0
GO_Biological_Process_2023,Synapse Pruning (GO:0098883),0,0,1.0,,1.0
GO_Biological_Process_2023,Synapse Organization (GO:0050808),1,0,1.0,,1.0
GO_Biological_Process_2023,Synapse Assembly (GO:0007416),0,0,1.0,,1.0
GO_Biological_Process_2023,RNA Destabilization (GO:0050779),1,0,1.0,,1.0
GO_Biological_Process_2023,RNA Export From Nucleus (GO:0006405),30,0,1.0,,1.0
GO_Biological_Process_2023,"Synaptic Transmission, GABAergic (GO:0051932)",0,0,1.0,,1.0
GO_Biological_Process_2023,Surfactant Homeostasis (GO:0043129),0,0,1.0,,1.0
GO_Biological_Process_2023,RNA Biosynthetic Process (GO:0032774),7,0,1.0,,1.0
GO_Biological_Process_2023,RISC Complex Assembly (GO:0070922),1,0,1.0,,1.0
GO_Biological_Process_2023,tRNA Modification (GO:0006400),7,0,1.0,,1.0
GO_Biological_Process_2023,tRNA Methylation (GO:0030488),1,0,1.0,,1.0
GO_Biological_Process_2023,tRNA Metabolic Process (GO:0006399),7,0,1.0,,1.0
GO_Biological_Process_2023,tRNA Catabolic Process (GO:0016078),3,0,1.0,,1.0
GO_Biological_Process_2023,tRNA Aminoacylation For Protein Translation (GO:0006418),20,0,1.0,,1.0
GO_Biological_Process_2023,tRNA Aminoacylation For Mitochondrial Protein Translation (GO:0070127),2,0,1.0,,1.0
GO_Biological_Process_2023,tRNA Aminoacylation (GO:0043039),12,0,1.0,,1.0
GO_Biological_Process_2023,RNA 3'-End Processing (GO:0031123),13,1,0.48067642914700753,INTS6,1.0
GO_Biological_Process_2023,tRNA 5'-Leader Removal (GO:0001682),5,0,1.0,,1.0
GO_Biological_Process_2023,tRNA 3'-End Processing (GO:0042780),2,0,1.0,,1.0
GO_Biological_Process_2023,T-Circle Formation (GO:0090656),1,0,1.0,,1.0
GO_Biological_Process_2023,Synaptonemal Complex Organization (GO:0070193),0,0,1.0,,1.0
GO_Biological_Process_2023,Synaptonemal Complex Assembly (GO:0007130),0,0,1.0,,1.0
GO_Biological_Process_2023,Synaptic Vesicle Uncoating (GO:0016191),0,0,1.0,,1.0
GO_Biological_Process_2023,Synaptic Vesicle Transport Along Microtubule (GO:0099517),0,0,1.0,,1.0
GO_Biological_Process_2023,RIG-I Signaling Pathway (GO:0039529),2,0,1.0,,1.0
GO_Biological_Process_2023,tRNA 5'-End Processing (GO:0099116),6,0,1.0,,1.0
GO_Biological_Process_2023,Supramolecular Fiber Organization (GO:0097435),16,1,0.5540247698248291,MDM2,1.0
GO_Biological_Process_2023,Suppression Of Viral Release By Host (GO:0044790),0,0,1.0,,1.0
GO_Biological_Process_2023,Superoxide Metabolic Process (GO:0006801),2,0,1.0,,1.0
GO_Biological_Process_2023,Striated Muscle Cell Differentiation (GO:0051146),0,0,1.0,,1.0
GO_Biological_Process_2023,Striated Muscle Cell Development (GO:0055002),0,0,1.0,,1.0
GO_Biological_Process_2023,Stress-Induced Premature Senescence (GO:0090400),0,0,1.0,,1.0
GO_Biological_Process_2023,Stress-Activated Protein Kinase Signaling Cascade (GO:0031098),0,0,1.0,,1.0
GO_Biological_Process_2023,Stress-Activated MAPK Cascade (GO:0051403),2,0,1.0,,1.0
GO_Biological_Process_2023,Stress Granule Assembly (GO:0034063),4,0,1.0,,1.0
GO_Biological_Process_2023,Stress Fiber Assembly (GO:0043149),0,0,1.0,,1.0
GO_Biological_Process_2023,Striated Muscle Contraction (GO:0006941),0,0,1.0,,1.0
GO_Biological_Process_2023,Store-Operated Calcium Entry (GO:0002115),0,0,1.0,,1.0
GO_Biological_Process_2023,Sterol Transport (GO:0015918),0,0,1.0,,1.0
GO_Biological_Process_2023,Sterol Metabolic Process (GO:0016125),1,0,1.0,,1.0
GO_Biological_Process_2023,Sterol Homeostasis (GO:0055092),0,0,1.0,,1.0
GO_Biological_Process_2023,Sterol Catabolic Process (GO:0016127),0,0,1.0,,1.0
GO_Biological_Process_2023,Sterol Biosynthetic Process (GO:0016126),3,0,1.0,,1.0
GO_Biological_Process_2023,Steroid Metabolic Process (GO:0008202),0,0,1.0,,1.0
GO_Biological_Process_2023,RNA Modification (GO:0009451),8,0,1.0,,1.0
GO_Biological_Process_2023,RNA Methylation (GO:0001510),13,0,1.0,,1.0
GO_Biological_Process_2023,Striated Muscle Hypertrophy (GO:0014897),0,0,1.0,,1.0
GO_Biological_Process_2023,Striated Muscle Tissue Development (GO:0014706),2,0,1.0,,1.0
GO_Biological_Process_2023,Substantia Nigra Development (GO:0021762),2,0,1.0,,1.0
GO_Biological_Process_2023,Superoxide Anion Generation (GO:0042554),0,0,1.0,,1.0
GO_Biological_Process_2023,Sulfur Compound Transport (GO:0072348),1,0,1.0,,1.0
GO_Biological_Process_2023,Sulfur Compound Catabolic Process (GO:0044273),0,0,1.0,,1.0
GO_Biological_Process_2023,Sulfur Compound Biosynthetic Process (GO:0044272),3,0,1.0,,1.0
GO_Biological_Process_2023,Sulfur Amino Acid Transport (GO:0000101),0,0,1.0,,1.0
GO_Biological_Process_2023,Sulfur Amino Acid Metabolic Process (GO:0000096),0,0,1.0,,1.0
GO_Biological_Process_2023,Sulfur Amino Acid Catabolic Process (GO:0000098),0,0,1.0,,1.0
GO_Biological_Process_2023,Sulfur Amino Acid Biosynthetic Process (GO:0000097),0,0,1.0,,1.0
GO_Biological_Process_2023,Sulfation (GO:0051923),0,0,1.0,,1.0
GO_Biological_Process_2023,Sulfate Transport (GO:0008272),0,0,1.0,,1.0
GO_Biological_Process_2023,succinyl-CoA Metabolic Process (GO:0006104),0,0,1.0,,1.0
GO_Biological_Process_2023,succinyl-CoA Catabolic Process (GO:1901289),0,0,1.0,,1.0
GO_Biological_Process_2023,Succinate Transport (GO:0015744),0,0,1.0,,1.0
GO_Biological_Process_2023,Subtelomeric Heterochromatin Formation (GO:0031509),0,0,1.0,,1.0
GO_Biological_Process_2023,"Substrate-Dependent Cell Migration, Cell Extension (GO:0006930)",0,0,1.0,,1.0
GO_Biological_Process_2023,Substrate-Dependent Cell Migration (GO:0006929),0,0,1.0,,1.0
GO_Biological_Process_2023,RNA Metabolic Process (GO:0016070),33,0,1.0,,1.0
GO_Biological_Process_2023,White Fat Cell Differentiation (GO:0050872),0,0,1.0,,1.0
GO_Biological_Process_2023,Short-Chain Fatty Acid Catabolic Process (GO:0019626),0,0,1.0,,1.0
GO_Biological_Process_2023,Wound Healing (GO:0042060),5,1,0.22208297380459047,CFLAR,1.0
GO_Biological_Process_2023,"Wound Healing, Spreading Of Epidermal Cells (GO:0035313)",0,0,1.0,,1.0
KEGG_2021_Human,"Phenylalanine, tyrosine and tryptophan biosynthesis",0,0,1.0,,1.0
KEGG_2021_Human,Phenylalanine metabolism,0,0,1.0,,1.0
GO_Biological_Process_2023,DNA Damage Checkpoint Signaling (GO:0000077),11,0,1.0,,1.0
GO_Biological_Process_2023,DNA Damage Response (GO:0006974),64,4,0.382995405797848,BCL2L1;CCND1;GRB2;MYC,1.0
KEGG_2021_Human,Peroxisome,3,0,1.0,,1.0
KEGG_2021_Human,Pentose phosphate pathway,2,0,1.0,,1.0
KEGG_2021_Human,Pentose and glucuronate interconversions,0,0,1.0,,1.0
KEGG_2021_Human,Phosphatidylinositol signaling system,3,0,1.0,,1.0
GO_Biological_Process_2023,"DNA Damage Response, Signal Transduction By P53 Class Mediator (GO:0030330)",3,1,0.13976587961154743,MDM2,1.0
KEGG_2021_Human,Pantothenate and CoA biosynthesis,1,0,1.0,,1.0
GO_Biological_Process_2023,"DNA Damage Response, Signal Transduction By P53 Class Mediator Resulting In Transcription Of P21 Class Mediator (GO:0006978)",0,0,1.0,,1.0
GO_Biological_Process_2023,"DNA Damage Response, Signal Transduction Resulting In Transcription (GO:0042772)",1,0,1.0,,1.0
GO_Biological_Process_2023,DNA Dealkylation (GO:0035510),0,0,1.0,,1.0
GO_Biological_Process_2023,DNA Dealkylation Involved In DNA Repair (GO:0006307),0,0,1.0,,1.0
GO_Biological_Process_2023,DNA Deamination (GO:0045006),3,0,1.0,,1.0
GO_Biological_Process_2023,DNA Double-Strand Break Processing (GO:0000729),3,0,1.0,,1.0
GO_Biological_Process_2023,"DNA Damage Response, Signal Transduction By P53 Class Mediator Resulting In Cell Cycle Arrest (GO:0006977)",3,1,0.13976587961154743,MDM2,1.0
KEGG_2021_Human,Oxidative phosphorylation,18,1,0.5971631311985761,SDHB,1.0
GO_Biological_Process_2023,DNA Cytosine Deamination (GO:0070383),0,0,1.0,,1.0
KEGG_2021_Human,Phototransduction,0,0,1.0,,1.0
GO_Biological_Process_2023,COPII Vesicle Coating (GO:0048208),7,0,1.0,,1.0
GO_Biological_Process_2023,COPII-coated Vesicle Budding (GO:0090114),8,0,1.0,,1.0
GO_Biological_Process_2023,COPII-coated Vesicle Cargo Loading (GO:0090110),1,0,1.0,,1.0
KEGG_2021_Human,Protein processing in endoplasmic reticulum,16,0,1.0,,1.0
KEGG_2021_Human,Protein export,8,0,1.0,,1.0
GO_Biological_Process_2023,CRD-mediated mRNA Stabilization (GO:0070934),4,0,1.0,,1.0
KEGG_2021_Human,Proteasome,31,0,1.0,,1.0
KEGG_2021_Human,Phosphonate and phosphinate metabolism,0,0,1.0,,1.0
GO_Biological_Process_2023,Cdc42 Protein Signal Transduction (GO:0032488),0,0,1.0,,1.0
GO_Biological_Process_2023,DNA Alkylation (GO:0006305),0,0,1.0,,1.0
GO_Biological_Process_2023,DNA Biosynthetic Process (GO:0071897),7,1,0.2966459618332832,TYMS,1.0
KEGG_2021_Human,Prion disease,46,2,0.6705215153185918,SDHB;TUBB4B,1.0
KEGG_2021_Human,Primary immunodeficiency,0,0,1.0,,1.0
KEGG_2021_Human,Primary bile acid biosynthesis,0,0,1.0,,1.0
GO_Biological_Process_2023,DNA Catabolic Process (GO:0006308),0,0,1.0,,1.0
GO_Biological_Process_2023,DNA Conformation Change (GO:0071103),4,0,1.0,,1.0
KEGG_2021_Human,Propanoate metabolism,0,0,1.0,,1.0
GO_Biological_Process_2023,COPI-coated Vesicle Budding (GO:0035964),1,0,1.0,,1.0
KEGG_2021_Human,Ovarian steroidogenesis,0,0,1.0,,1.0
KEGG_2021_Human,Other glycan degradation,0,0,1.0,,1.0
KEGG_2021_Human,N-Glycan biosynthesis,10,0,1.0,,1.0
KEGG_2021_Human,Mucin type O-glycan biosynthesis,0,0,1.0,,1.0
KEGG_2021_Human,Morphine addiction,0,0,1.0,,1.0
GO_Biological_Process_2023,DNA Repair-Dependent Chromatin Remodeling (GO:0140861),0,0,1.0,,1.0
KEGG_2021_Human,Mismatch repair,11,0,1.0,,1.0
GO_Biological_Process_2023,DNA Replication (GO:0006260),30,0,1.0,,1.0
GO_Biological_Process_2023,DNA Replication Checkpoint Signaling (GO:0000076),12,0,1.0,,1.0
GO_Biological_Process_2023,DNA Repair (GO:0006281),53,0,1.0,,1.0
KEGG_2021_Human,Metabolism of xenobiotics by cytochrome P450,0,0,1.0,,1.0
GO_Biological_Process_2023,DNA Replication-Dependent Chromatin Assembly (GO:0006335),3,0,1.0,,1.0
GO_Biological_Process_2023,DNA Strand Elongation (GO:0022616),7,0,1.0,,1.0
GO_Biological_Process_2023,DNA Strand Elongation Involved In DNA Replication (GO:0006271),9,0,1.0,,1.0
KEGG_2021_Human,Mannose type O-glycan biosynthesis,0,0,1.0,,1.0
KEGG_2021_Human,Malaria,0,0,1.0,,1.0
GO_Biological_Process_2023,DNA Strand Resection Involved In Replication Fork Processing (GO:0110025),1,0,1.0,,1.0
KEGG_2021_Human,Lysosome,5,0,1.0,,1.0
GO_Biological_Process_2023,DNA Replication Initiation (GO:0006270),11,0,1.0,,1.0
KEGG_2021_Human,Other types of O-glycan biosynthesis,1,0,1.0,,1.0
GO_Biological_Process_2023,DNA Recombination (GO:0006310),10,0,1.0,,1.0
GO_Biological_Process_2023,DNA Methylation-Dependent Heterochromatin Formation (GO:0006346),0,0,1.0,,1.0
GO_Biological_Process_2023,DNA Duplex Unwinding (GO:0032508),18,0,1.0,,1.0
KEGG_2021_Human,Oocyte meiosis,27,0,1.0,,1.0
GO_Biological_Process_2023,DNA Geometric Change (GO:0032392),6,0,1.0,,1.0
KEGG_2021_Human,Olfactory transduction,0,0,1.0,,1.0
KEGG_2021_Human,Nucleotide excision repair,21,0,1.0,,1.0
GO_Biological_Process_2023,DNA Integrity Checkpoint Signaling (GO:0031570),15,0,1.0,,1.0
GO_Biological_Process_2023,DNA Ligation (GO:0006266),2,0,1.0,,1.0
GO_Biological_Process_2023,DNA Modification (GO:0006304),2,0,1.0,,1.0
KEGG_2021_Human,Non-homologous end-joining,4,0,1.0,,1.0
KEGG_2021_Human,Nitrogen metabolism,0,0,1.0,,1.0
KEGG_2021_Human,Nicotine addiction,0,0,1.0,,1.0
GO_Biological_Process_2023,DNA Methylation (GO:0006306),0,0,1.0,,1.0
KEGG_2021_Human,Neutrophil extracellular trap formation,11,0,1.0,,1.0
GO_Biological_Process_2023,DNA Methylation Involved In Embryo Development (GO:0043045),0,0,1.0,,1.0
KEGG_2021_Human,Neuroactive ligand-receptor interaction,0,0,1.0,,1.0
KEGG_2021_Human,"Neomycin, kanamycin and gentamicin biosynthesis",0,0,1.0,,1.0
GO_Biological_Process_2023,DNA Metabolic Process (GO:0006259),76,1,0.9805492220543273,TYMS,1.0
KEGG_2021_Human,Lysine degradation,1,0,1.0,,1.0
KEGG_2021_Human,Pyruvate metabolism,1,0,1.0,,1.0
KEGG_2021_Human,RNA degradation,20,0,1.0,,1.0
KEGG_2021_Human,Type II diabetes mellitus,2,0,1.0,,1.0
KEGG_2021_Human,Type I diabetes mellitus,1,0,1.0,,1.0
KEGG_2021_Human,Tryptophan metabolism,0,0,1.0,,1.0
GO_Biological_Process_2023,AMP Metabolic Process (GO:0046033),0,0,1.0,,1.0
GO_Biological_Process_2023,ATF6-mediated Unfolded Protein Response (GO:0036500),0,0,1.0,,1.0
KEGG_2021_Human,Toll-like receptor signaling pathway,0,0,1.0,,1.0
GO_Biological_Process_2023,ATP Biosynthetic Process (GO:0006754),4,0,1.0,,1.0
KEGG_2021_Human,Tyrosine metabolism,0,0,1.0,,1.0
GO_Biological_Process_2023,ATP Metabolic Process (GO:0046034),3,1,0.13976587961154743,NMNAT1,1.0
KEGG_2021_Human,Thiamine metabolism,1,0,1.0,,1.0
GO_Biological_Process_2023,ATP Transport (GO:0015867),0,0,1.0,,1.0
GO_Biological_Process_2023,AV Node Cell Action Potential (GO:0086016),0,0,1.0,,1.0
KEGG_2021_Human,Th1 and Th2 cell differentiation,0,0,1.0,,1.0
KEGG_2021_Human,Terpenoid backbone biosynthesis,9,0,1.0,,1.0
KEGG_2021_Human,Taurine and hypotaurine metabolism,0,0,1.0,,1.0
KEGG_2021_Human,Taste transduction,0,0,1.0,,1.0
GO_Biological_Process_2023,ATP Synthesis Coupled Electron Transport (GO:0042773),0,0,1.0,,1.0
GO_Biological_Process_2023,AV Node Cell To Bundle Of His Cell Communication (GO:0086067),0,0,1.0,,1.0
KEGG_2021_Human,Ubiquinone and other terpenoid-quinone biosynthesis,0,0,1.0,,1.0
KEGG_2021_Human,"Valine, leucine and isoleucine degradation",1,0,1.0,,1.0
KEGG_2021_Human,mRNA surveillance pathway,41,0,1.0,,1.0
GO_Biological_Process_2023,'De Novo' Post-Translational Protein Folding (GO:0051084),5,0,1.0,,1.0
GO_Biological_Process_2023,2-Oxoglutarate Metabolic Process (GO:0006103),0,0,1.0,,1.0
KEGG_2021_Human,beta-Alanine metabolism,0,0,1.0,,1.0
KEGG_2021_Human,alpha-Linolenic acid metabolism,0,0,1.0,,1.0
GO_Biological_Process_2023,3'-UTR-mediated mRNA Destabilization (GO:0061158),2,0,1.0,,1.0
GO_Biological_Process_2023,3'-UTR-mediated mRNA Stabilization (GO:0070935),2,0,1.0,,1.0
GO_Biological_Process_2023,ADP Transport (GO:0015866),0,0,1.0,,1.0
KEGG_2021_Human,Vitamin digestion and absorption,0,0,1.0,,1.0
KEGG_2021_Human,Viral protein interaction with cytokine and cytokine receptor,0,0,1.0,,1.0
GO_Biological_Process_2023,3'-Phosphoadenosine 5'-Phosphosulfate Metabolic Process (GO:0050427),0,0,1.0,,1.0
GO_Biological_Process_2023,5S Class rRNA Transcription By RNA Polymerase III (GO:0042791),0,0,1.0,,1.0
KEGG_2021_Human,Vibrio cholerae infection,11,0,1.0,,1.0
KEGG_2021_Human,Vasopressin-regulated water reabsorption,6,0,1.0,,1.0
GO_Biological_Process_2023,7-Methylguanosine Cap Hypermethylation (GO:0036261),6,0,1.0,,1.0
KEGG_2021_Human,Various types of N-glycan biosynthesis,9,0,1.0,,1.0
KEGG_2021_Human,Vitamin B6 metabolism,0,0,1.0,,1.0
KEGG_2021_Human,RIG-I-like receptor signaling pathway,1,0,1.0,,1.0
GO_Biological_Process_2023,Arp2/3 Complex-Mediated Actin Nucleation (GO:0034314),1,0,1.0,,1.0
KEGG_2021_Human,Systemic lupus erythematosus,10,0,1.0,,1.0
KEGG_2021_Human,Ribosome biogenesis in eukaryotes,46,1,0.9048719810957172,WDR36,1.0
KEGG_2021_Human,Ribosome,80,0,1.0,,1.0
KEGG_2021_Human,Riboflavin metabolism,0,0,1.0,,1.0
KEGG_2021_Human,Rheumatoid arthritis,9,0,1.0,,1.0
KEGG_2021_Human,Retrograde endocannabinoid signaling,1,0,1.0,,1.0
KEGG_2021_Human,Retinol metabolism,0,0,1.0,,1.0
KEGG_2021_Human,Renin-angiotensin system,1,0,1.0,,1.0
GO_Biological_Process_2023,C-terminal Protein Lipidation (GO:0006501),0,0,1.0,,1.0
KEGG_2021_Human,Renin secretion,0,0,1.0,,1.0
GO_Biological_Process_2023,"CD4-positive, Alpha-Beta T Cell Activation (GO:0035710)",1,0,1.0,,1.0
KEGG_2021_Human,Regulation of lipolysis in adipocytes,0,0,1.0,,1.0
GO_Biological_Process_2023,CD40 Signaling Pathway (GO:0023035),2,0,1.0,,1.0
GO_Biological_Process_2023,CENP-A Containing Chromatin Assembly (GO:0034080),4,0,1.0,,1.0
GO_Biological_Process_2023,COPI Coating Of Golgi Vesicle (GO:0048205),1,0,1.0,,1.0
KEGG_2021_Human,RNA transport,81,1,0.9851343306605096,SUMO2,1.0
KEGG_2021_Human,RNA polymerase,21,0,1.0,,1.0
GO_Biological_Process_2023,C4-dicarboxylate Transport (GO:0015740),0,0,1.0,,1.0
GO_Biological_Process_2023,B Cell Activation (GO:0042113),6,1,0.26028719693696456,CTPS1,1.0
GO_Biological_Process_2023,C-terminal Protein Amino Acid Modification (GO:0018410),0,0,1.0,,1.0
GO_Biological_Process_2023,B Cell Receptor Signaling Pathway (GO:0050853),0,0,1.0,,1.0
KEGG_2021_Human,Synthesis and degradation of ketone bodies,1,0,1.0,,1.0
GO_Biological_Process_2023,B Cell Activation Involved In Immune Response (GO:0002312),2,0,1.0,,1.0
KEGG_2021_Human,Sulfur relay system,2,0,1.0,,1.0
KEGG_2021_Human,Sulfur metabolism,0,0,1.0,,1.0
KEGG_2021_Human,Steroid hormone biosynthesis,0,0,1.0,,1.0
KEGG_2021_Human,Steroid biosynthesis,0,0,1.0,,1.0
KEGG_2021_Human,Starch and sucrose metabolism,0,0,1.0,,1.0
GO_Biological_Process_2023,BMP Signaling Pathway (GO:0030509),1,0,1.0,,1.0
KEGG_2021_Human,Staphylococcus aureus infection,0,0,1.0,,1.0
KEGG_2021_Human,Spinocerebellar ataxia,38,0,1.0,,1.0
GO_Biological_Process_2023,B Cell Chemotaxis (GO:0035754),0,0,1.0,,1.0
KEGG_2021_Human,Sphingolipid metabolism,1,0,1.0,,1.0
GO_Biological_Process_2023,B Cell Differentiation (GO:0030183),2,0,1.0,,1.0
GO_Biological_Process_2023,B Cell Homeostasis (GO:0001782),0,0,1.0,,1.0
GO_Biological_Process_2023,B Cell Mediated Immunity (GO:0019724),0,0,1.0,,1.0
GO_Biological_Process_2023,B Cell Proliferation (GO:0042100),2,1,0.09545541870343885,CTPS1,1.0
KEGG_2021_Human,Spliceosome,94,0,1.0,,1.0
GO_Biological_Process_2023,DNA Synthesis Involved In DNA Repair (GO:0000731),7,0,1.0,,1.0
GO_Biological_Process_2023,DNA Topological Change (GO:0006265),3,0,1.0,,1.0
GO_Biological_Process_2023,DNA Unwinding Involved In DNA Replication (GO:0006268),13,0,1.0,,1.0
GO_Biological_Process_2023,L-alpha-amino Acid Transmembrane Transport (GO:1902475),0,0,1.0,,1.0
KEGG_2021_Human,Calcium signaling pathway,1,0,1.0,,1.0
KEGG_2021_Human,Caffeine metabolism,0,0,1.0,,1.0
GO_Biological_Process_2023,L-amino Acid Transport (GO:0015807),0,0,1.0,,1.0
KEGG_2021_Human,Butanoate metabolism,1,0,1.0,,1.0
GO_Biological_Process_2023,L-arginine Transmembrane Transport (GO:1903826),0,0,1.0,,1.0
GO_Biological_Process_2023,L-ascorbic Acid Metabolic Process (GO:0019852),1,0,1.0,,1.0
GO_Biological_Process_2023,L-alanine Transport (GO:0015808),0,0,1.0,,1.0
GO_Biological_Process_2023,L-aspartate Import Across Plasma Membrane (GO:0140009),0,0,1.0,,1.0
KEGG_2021_Human,Base excision repair,8,0,1.0,,1.0
KEGG_2021_Human,Basal transcription factors,15,0,1.0,,1.0
GO_Biological_Process_2023,L-fucose Catabolic Process (GO:0042355),0,0,1.0,,1.0
GO_Biological_Process_2023,L-fucose Metabolic Process (GO:0042354),0,0,1.0,,1.0
GO_Biological_Process_2023,L-glutamate Import (GO:0051938),0,0,1.0,,1.0
GO_Biological_Process_2023,L-glutamate Transmembrane Transport (GO:0015813),0,0,1.0,,1.0
GO_Biological_Process_2023,L-methionine Salvage (GO:0071267),0,0,1.0,,1.0
GO_Biological_Process_2023,L-aspartate Transmembrane Transport (GO:0070778),0,0,1.0,,1.0
KEGG_2021_Human,Autoimmune thyroid disease,0,0,1.0,,1.0
KEGG_2021_Human,Cell adhesion molecules,0,0,1.0,,1.0
GO_Biological_Process_2023,ISG15-protein Conjugation (GO:0032020),0,0,1.0,,1.0
KEGG_2021_Human,Cortisol synthesis and secretion,0,0,1.0,,1.0
KEGG_2021_Human,Coronavirus disease,73,0,1.0,,1.0
KEGG_2021_Human,Complement and coagulation cascades,0,0,1.0,,1.0
GO_Biological_Process_2023,Golgi To Vacuole Transport (GO:0006896),0,0,1.0,,1.0
KEGG_2021_Human,Collecting duct acid secretion,7,0,1.0,,1.0
KEGG_2021_Human,Cocaine addiction,0,0,1.0,,1.0
GO_Biological_Process_2023,Golgi Transport Vesicle Coating (GO:0048200),1,0,1.0,,1.0
GO_Biological_Process_2023,JNK Cascade (GO:0007254),2,0,1.0,,1.0
KEGG_2021_Human,Circadian rhythm,2,0,1.0,,1.0
GO_Biological_Process_2023,Golgi Vesicle Transport (GO:0048193),32,2,0.4706708544295732,DNM2;SNAP23,1.0
GO_Biological_Process_2023,His-Purkinje System Development (GO:0003164),0,0,1.0,,1.0
GO_Biological_Process_2023,I-kappaB kinase/NF-kappaB Signaling (GO:0007249),0,0,1.0,,1.0
KEGG_2021_Human,Cholesterol metabolism,0,0,1.0,,1.0
GO_Biological_Process_2023,I-kappaB Phosphorylation (GO:0007252),0,0,1.0,,1.0
GO_Biological_Process_2023,IMP Metabolic Process (GO:0046040),0,0,1.0,,1.0
GO_Biological_Process_2023,IRE1-mediated Unfolded Protein Response (GO:0036498),0,0,1.0,,1.0
KEGG_2021_Human,Circadian entrainment,0,0,1.0,,1.0
GO_Biological_Process_2023,Golgi To Plasma Membrane Transport (GO:0006893),3,0,1.0,,1.0
KEGG_2021_Human,Asthma,0,0,1.0,,1.0
GO_Biological_Process_2023,L-ornithine Transmembrane Transport (GO:1903352),0,0,1.0,,1.0
GO_Biological_Process_2023,N-acylphosphatidylethanolamine Metabolic Process (GO:0070292),0,0,1.0,,1.0
GO_Biological_Process_2023,N-glycan Processing (GO:0006491),0,0,1.0,,1.0
GO_Biological_Process_2023,N-terminal Peptidyl-Methionine Acetylation (GO:0017196),1,0,1.0,,1.0
GO_Biological_Process_2023,N-terminal Protein Amino Acid Acetylation (GO:0006474),5,1,0.22208297380459047,EP300,1.0
KEGG_2021_Human,ABC transporters,1,0,1.0,,1.0
GO_Biological_Process_2023,Zymogen Inhibition (GO:0097341),0,0,1.0,,1.0
GO_Biological_Process_2023,Zymogen Activation (GO:0031638),2,0,1.0,,1.0
KEGG_2021_Human,Adipocytokine signaling pathway,3,0,1.0,,1.0
GO_Biological_Process_2023,Zinc Ion Transport (GO:0006829),1,0,1.0,,1.0
GO_Biological_Process_2023,Zinc Ion Import Into Organelle (GO:0062111),0,0,1.0,,1.0
GO_Biological_Process_2023,Xenobiotic Transport Across Blood-Brain Barrier (GO:1990962),0,0,1.0,,1.0
GO_Biological_Process_2023,Xenobiotic Transport (GO:0042908),0,0,1.0,,1.0
GO_Biological_Process_2023,Xenobiotic Glucuronidation (GO:0052697),0,0,1.0,,1.0
GO_Biological_Process_2023,Xenobiotic Catabolic Process (GO:0042178),0,0,1.0,,1.0
GO_Biological_Process_2023,Wybutosine Metabolic Process (GO:0031590),0,0,1.0,,1.0
GO_Biological_Process_2023,Wybutosine Biosynthetic Process (GO:0031591),0,0,1.0,,1.0
GO_Biological_Process_2023,Zinc Ion Transmembrane Transport (GO:0071577),1,0,1.0,,1.0
KEGG_2021_Human,Ascorbate and aldarate metabolism,0,0,1.0,,1.0
GO_Biological_Process_2023,N-acetylneuraminate Metabolic Process (GO:0006054),0,0,1.0,,1.0
GO_Biological_Process_2023,N-acetylneuraminate Catabolic Process (GO:0019262),0,0,1.0,,1.0
KEGG_2021_Human,Arginine biosynthesis,0,0,1.0,,1.0
KEGG_2021_Human,Arginine and proline metabolism,0,0,1.0,,1.0
KEGG_2021_Human,Arachidonic acid metabolism,0,0,1.0,,1.0
GO_Biological_Process_2023,L-phenylalanine Catabolic Process (GO:0006559),0,0,1.0,,1.0
GO_Biological_Process_2023,L-phenylalanine Metabolic Process (GO:0006558),0,0,1.0,,1.0
KEGG_2021_Human,Antigen processing and presentation,2,0,1.0,,1.0
KEGG_2021_Human,Amyotrophic lateral sclerosis,77,3,0.7423302361652355,BCL2L1;SDHB;TUBB4B,1.0
KEGG_2021_Human,African trypanosomiasis,0,0,1.0,,1.0
KEGG_2021_Human,Amphetamine addiction,1,0,1.0,,1.0
KEGG_2021_Human,Aminoacyl-tRNA biosynthesis,23,0,1.0,,1.0
KEGG_2021_Human,Amino sugar and nucleotide sugar metabolism,1,0,1.0,,1.0
GO_Biological_Process_2023,MHC Class II Protein Complex Assembly (GO:0002399),0,0,1.0,,1.0
KEGG_2021_Human,Allograft rejection,0,0,1.0,,1.0
GO_Biological_Process_2023,MyD88-dependent Toll-Like Receptor Signaling Pathway (GO:0002755),1,0,1.0,,1.0
GO_Biological_Process_2023,MyD88-independent Toll-Like Receptor Signaling Pathway (GO:0002756),0,0,1.0,,1.0
GO_Biological_Process_2023,N-acetylglucosamine Metabolic Process (GO:0006044),0,0,1.0,,1.0
GO_Biological_Process_2023,L-serine Metabolic Process (GO:0006563),0,0,1.0,,1.0
KEGG_2021_Human,Cysteine and methionine metabolism,2,0,1.0,,1.0
KEGG_2021_Human,Cytokine-cytokine receptor interaction,0,0,1.0,,1.0
KEGG_2021_Human,Cytosolic DNA-sensing pathway,13,0,1.0,,1.0
GO_Biological_Process_2023,ERBB2-EGFR Signaling Pathway (GO:0038134),0,0,1.0,,1.0
KEGG_2021_Human,Homologous recombination,11,0,1.0,,1.0
KEGG_2021_Human,Histidine metabolism,0,0,1.0,,1.0
GO_Biological_Process_2023,ERK1 And ERK2 Cascade (GO:0070371),3,1,0.13976587961154743,MYC,1.0
KEGG_2021_Human,Herpes simplex virus 1 infection,19,1,0.6171670168068659,BCL2L1,1.0
GO_Biological_Process_2023,ESCRT III Complex Disassembly (GO:1904903),2,0,1.0,,1.0
GO_Biological_Process_2023,ESCRT Complex Disassembly (GO:1904896),2,0,1.0,,1.0
GO_Biological_Process_2023,ERBB2 Signaling Pathway (GO:0038128),0,0,1.0,,1.0
GO_Biological_Process_2023,Fc Receptor Signaling Pathway (GO:0038093),0,0,1.0,,1.0
KEGG_2021_Human,Graft-versus-host disease,0,0,1.0,,1.0
GO_Biological_Process_2023,G Protein-Coupled Acetylcholine Receptor Signaling Pathway (GO:0007213),0,0,1.0,,1.0
GO_Biological_Process_2023,G Protein-Coupled Glutamate Receptor Signaling Pathway (GO:0007216),0,0,1.0,,1.0
KEGG_2021_Human,Glyoxylate and dicarboxylate metabolism,1,0,1.0,,1.0
KEGG_2021_Human,Glycosylphosphatidylinositol (GPI)-anchor biosynthesis,0,0,1.0,,1.0
KEGG_2021_Human,Glycosphingolipid biosynthesis,0,0,1.0,,1.0
KEGG_2021_Human,Glycosaminoglycan degradation,0,0,1.0,,1.0
GO_Biological_Process_2023,Fc-epsilon Receptor Signaling Pathway (GO:0038095),0,0,1.0,,1.0
KEGG_2021_Human,Glycosaminoglycan biosynthesis,0,0,1.0,,1.0
GO_Biological_Process_2023,ERAD Pathway (GO:0036503),5,0,1.0,,1.0
KEGG_2021_Human,Hypertrophic cardiomyopathy,2,0,1.0,,1.0
GO_Biological_Process_2023,DNA-templated DNA Replication (GO:0006261),33,0,1.0,,1.0
KEGG_2021_Human,Linoleic acid metabolism,0,0,1.0,,1.0
GO_Biological_Process_2023,DNA-templated DNA Replication Maintenance Of Fidelity (GO:0045005),13,0,1.0,,1.0
KEGG_2021_Human,Leishmaniasis,1,0,1.0,,1.0
KEGG_2021_Human,Legionellosis,6,0,1.0,,1.0
GO_Biological_Process_2023,DNA-templated Transcription (GO:0006351),51,2,0.7258121972213152,CBFB;PAX8,1.0
GO_Biological_Process_2023,DNA-templated Transcription Elongation (GO:0006354),9,0,1.0,,1.0
GO_Biological_Process_2023,ER-associated Misfolded Protein Catabolic Process (GO:0071712),2,0,1.0,,1.0
KEGG_2021_Human,Intestinal immune network for IgA production,0,0,1.0,,1.0
GO_Biological_Process_2023,DNA-templated Transcription Termination (GO:0006353),6,0,1.0,,1.0
KEGG_2021_Human,Insulin resistance,6,0,1.0,,1.0
KEGG_2021_Human,Inositol phosphate metabolism,4,0,1.0,,1.0
GO_Biological_Process_2023,ER Overload Response (GO:0006983),0,0,1.0,,1.0
KEGG_2021_Human,Inflammatory mediator regulation of TRP channels,1,0,1.0,,1.0
KEGG_2021_Human,Inflammatory bowel disease,0,0,1.0,,1.0
KEGG_2021_Human,IL-17 signaling pathway,2,0,1.0,,1.0
GO_Biological_Process_2023,DNA-templated Transcription Initiation (GO:0006352),27,1,0.7456993346442498,ELOB,1.0
KEGG_2021_Human,Glycolysis / Gluconeogenesis,6,0,1.0,,1.0
KEGG_2021_Human,"Glycine, serine and threonine metabolism",1,0,1.0,,1.0
KEGG_2021_Human,Glycerophospholipid metabolism,2,0,1.0,,1.0
KEGG_2021_Human,Fat digestion and absorption,0,0,1.0,,1.0
KEGG_2021_Human,Fanconi anemia pathway,6,0,1.0,,1.0
KEGG_2021_Human,Ether lipid metabolism,1,0,1.0,,1.0
GO_Biological_Process_2023,Golgi Inheritance (GO:0048313),2,0,1.0,,1.0
GO_Biological_Process_2023,Golgi Lumen Acidification (GO:0061795),5,0,1.0,,1.0
GO_Biological_Process_2023,Golgi Organization (GO:0007030),12,0,1.0,,1.0
KEGG_2021_Human,Epithelial cell signaling in Helicobacter pylori infection,11,0,1.0,,1.0
KEGG_2021_Human,Fatty acid biosynthesis,0,0,1.0,,1.0
GO_Biological_Process_2023,Golgi Ribbon Formation (GO:0090161),1,0,1.0,,1.0
GO_Biological_Process_2023,Golgi To Lysosome Transport (GO:0090160),0,0,1.0,,1.0
KEGG_2021_Human,ECM-receptor interaction,0,0,1.0,,1.0
GO_Biological_Process_2023,Golgi To Plasma Membrane Protein Transport (GO:0043001),3,0,1.0,,1.0
KEGG_2021_Human,Dopaminergic synapse,3,0,1.0,,1.0
KEGG_2021_Human,Dilated cardiomyopathy,2,0,1.0,,1.0
KEGG_2021_Human,DNA replication,24,0,1.0,,1.0
KEGG_2021_Human,D-Glutamine and D-glutamate metabolism,0,0,1.0,,1.0
GO_Biological_Process_2023,Golgi To Endosome Transport (GO:0006895),2,0,1.0,,1.0
KEGG_2021_Human,Fatty acid degradation,0,0,1.0,,1.0
KEGG_2021_Human,Fatty acid elongation,0,0,1.0,,1.0
GO_Biological_Process_2023,Golgi Disassembly (GO:0090166),2,0,1.0,,1.0
KEGG_2021_Human,Glycerolipid metabolism,0,0,1.0,,1.0
KEGG_2021_Human,Glutathione metabolism,4,0,1.0,,1.0
KEGG_2021_Human,Glutamatergic synapse,0,0,1.0,,1.0
GO_Biological_Process_2023,G Protein-Coupled Receptor Internalization (GO:0002031),0,0,1.0,,1.0
GO_Biological_Process_2023,"G Protein-Coupled Receptor Signaling Pathway, Coupled To Cyclic Nucleotide Second Messenger (GO:0007187)",1,0,1.0,,1.0
GO_Biological_Process_2023,G Protein-Coupled Serotonin Receptor Signaling Pathway (GO:0098664),0,0,1.0,,1.0
GO_Biological_Process_2023,G-quadruplex DNA Unwinding (GO:0044806),3,0,1.0,,1.0
GO_Biological_Process_2023,G2/M Transition Of Mitotic Cell Cycle (GO:0000086),9,1,0.364173645762447,DNM2,1.0
KEGG_2021_Human,Galactose metabolism,0,0,1.0,,1.0
KEGG_2021_Human,GABAergic synapse,1,0,1.0,,1.0
KEGG_2021_Human,Fructose and mannose metabolism,3,0,1.0,,1.0
GO_Biological_Process_2023,GDP-mannose Metabolic Process (GO:0019673),1,0,1.0,,1.0
GO_Biological_Process_2023,GMP Biosynthetic Process (GO:0006177),2,1,0.09545541870343885,PAICS,1.0
GO_Biological_Process_2023,GMP Metabolic Process (GO:0046037),2,1,0.09545541870343885,PAICS,1.0
GO_Biological_Process_2023,GPI Anchor Biosynthetic Process (GO:0006506),0,0,1.0,,1.0
GO_Biological_Process_2023,GPI Anchor Metabolic Process (GO:0006505),0,0,1.0,,1.0
GO_Biological_Process_2023,GTP Metabolic Process (GO:0046039),2,0,1.0,,1.0
GO_Biological_Process_2023,"Wound Healing, Spreading Of Cells (GO:0044319)",1,0,1.0,,1.0
GO_Biological_Process_2023,Regulation Of Macroautophagy (GO:0016241),12,0,1.0,,1.0
GO_Biological_Process_2023,Serotonin Uptake (GO:0051610),0,0,1.0,,1.0
GO_Biological_Process_2023,Serine Transport (GO:0032329),0,0,1.0,,1.0
GO_Biological_Process_2023,Regulation Of Protein Import Into Nucleus (GO:0042306),8,1,0.3312469238465738,EP300,1.0
GO_Biological_Process_2023,Regulation Of Protein Glycosylation (GO:0060049),0,0,1.0,,1.0
GO_Biological_Process_2023,Regulation Of Protein Export From Nucleus (GO:0046825),3,0,1.0,,1.0
GO_Biological_Process_2023,Regulation Of Protein Exit From Endoplasmic Reticulum (GO:0070861),0,0,1.0,,1.0
GO_Biological_Process_2023,Regulation Of Protein Deubiquitination (GO:0090085),0,0,1.0,,1.0
GO_Biological_Process_2023,Regulation Of Protein Depolymerization (GO:1901879),1,0,1.0,,1.0
GO_Biological_Process_2023,Regulation Of Protein Dephosphorylation (GO:0035304),4,0,1.0,,1.0
GO_Biological_Process_2023,Regulation Of Protein Kinase A Signaling (GO:0010738),0,0,1.0,,1.0
GO_Biological_Process_2023,Regulation Of Protein Deacetylation (GO:0090311),2,1,0.09545541870343885,EP300,1.0
GO_Biological_Process_2023,Regulation Of Protein Binding (GO:0043393),12,0,1.0,,1.0
GO_Biological_Process_2023,Regulation Of Protein Autoubiquitination (GO:1902498),1,0,1.0,,1.0
GO_Biological_Process_2023,Regulation Of Protein Autophosphorylation (GO:0031952),1,0,1.0,,1.0
GO_Biological_Process_2023,Regulation Of Protein Acetylation (GO:1901983),1,0,1.0,,1.0
GO_Biological_Process_2023,Regulation Of Protein K63-linked Ubiquitination (GO:1900044),2,0,1.0,,1.0
GO_Biological_Process_2023,Regulation Of Protein ADP-ribosylation (GO:0010835),1,0,1.0,,1.0
GO_Biological_Process_2023,T Cell Differentiation (GO:0030217),0,0,1.0,,1.0
GO_Biological_Process_2023,Regulation Of Protein Catabolic Process (GO:0042176),20,1,0.6361938488764477,MDM2,1.0
GO_Biological_Process_2023,Regulation Of Proteasomal Protein Catabolic Process (GO:0061136),6,0,1.0,,1.0
GO_Biological_Process_2023,T Cell Chemotaxis (GO:0010818),0,0,1.0,,1.0
GO_Biological_Process_2023,Regulation Of Protein Kinase Activity (GO:0045859),9,1,0.364173645762447,PTK2,1.0
GO_Biological_Process_2023,Regulation Of Protein Modification Process (GO:0031399),2,1,0.09545541870343885,PTK2,1.0
GO_Biological_Process_2023,Regulation Of Protein Modification By Small Protein Conjugation Or Removal (GO:1903320),7,1,0.2966459618332832,CTNNB1,1.0
GO_Biological_Process_2023,Regulation Of Protein Metabolic Process (GO:0051246),14,1,0.5063548324798921,MDM2,1.0
GO_Biological_Process_2023,Regulation Of Protein Localization To Plasma Membrane (GO:1903076),5,1,0.22208297380459047,BCL2L1,1.0
GO_Biological_Process_2023,Regulation Of Protein Localization To Nucleolus (GO:1904749),3,0,1.0,,1.0
GO_Biological_Process_2023,Regulation Of Protein Localization To Membrane (GO:1905475),0,0,1.0,,1.0
GO_Biological_Process_2023,Regulation Of Protein Localization To Early Endosome (GO:1902965),0,0,1.0,,1.0
GO_Biological_Process_2023,Regulation Of Protein Kinase C Signaling (GO:0090036),0,0,1.0,,1.0
GO_Biological_Process_2023,Regulation Of Protein Localization To Cilium (GO:1903564),0,0,1.0,,1.0
GO_Biological_Process_2023,Regulation Of Protein Localization To Centrosome (GO:1904779),0,0,1.0,,1.0
GO_Biological_Process_2023,Regulation Of Protein Localization To Cell Surface (GO:2000008),2,1,0.09545541870343885,CTNNB1,1.0
GO_Biological_Process_2023,Regulation Of Protein Localization To Cell Periphery (GO:1904375),2,0,1.0,,1.0
GO_Biological_Process_2023,Regulation Of Protein Localization To Cell Cortex (GO:1904776),1,0,1.0,,1.0
GO_Biological_Process_2023,Regulation Of Protein Localization To Cajal Body (GO:1904869),8,0,1.0,,1.0
GO_Biological_Process_2023,Regulation Of Protein Localization (GO:0032880),7,1,0.2966459618332832,CTNNB1,1.0
GO_Biological_Process_2023,Regulation Of Protein Lipidation (GO:1903059),0,0,1.0,,1.0
GO_Biological_Process_2023,Regulation Of Protein Localization To Chromatin (GO:1905634),1,0,1.0,,1.0
GO_Biological_Process_2023,Regulation Of Protein Neddylation (GO:2000434),8,0,1.0,,1.0
GO_Biological_Process_2023,Regulation Of Prostaglandin Biosynthetic Process (GO:0031392),0,0,1.0,,1.0
GO_Biological_Process_2023,Regulation Of Programmed Cell Death (GO:0043067),23,2,0.31139560663581456,PAX8;SKP2,1.0
GO_Biological_Process_2023,Regulation Of Plasma Membrane Bounded Cell Projection Assembly (GO:0120032),2,0,1.0,,1.0
GO_Biological_Process_2023,Regulation Of Pinocytosis (GO:0048548),1,0,1.0,,1.0
GO_Biological_Process_2023,Regulation Of Phosphorylation (GO:0042325),6,1,0.26028719693696456,PTK2,1.0
GO_Biological_Process_2023,Regulation Of Phosphoprotein Phosphatase Activity (GO:0043666),8,0,1.0,,1.0
GO_Biological_Process_2023,Regulation Of Phospholipid Transport (GO:2001138),2,0,1.0,,1.0
GO_Biological_Process_2023,Regulation Of Phospholipid Metabolic Process (GO:1903725),1,0,1.0,,1.0
GO_Biological_Process_2023,Regulation Of Phospholipase Activity (GO:0010517),0,0,1.0,,1.0
GO_Biological_Process_2023,Regulation Of Plasma Membrane Bounded Cell Projection Organization (GO:0120035),0,0,1.0,,1.0
GO_Biological_Process_2023,Regulation Of Phospholipase C Activity (GO:1900274),0,0,1.0,,1.0
GO_Biological_Process_2023,T Cell Mediated Cytotoxicity (GO:0001913),0,0,1.0,,1.0
GO_Biological_Process_2023,T Cell Mediated Immunity (GO:0002456),0,0,1.0,,1.0
GO_Biological_Process_2023,Regulation Of Phosphate Metabolic Process (GO:0019220),5,0,1.0,,1.0
GO_Biological_Process_2023,Regulation Of Phosphatase Activity (GO:0010921),3,0,1.0,,1.0
GO_Biological_Process_2023,"Regulation Of Phagocytosis, Engulfment (GO:0060099)",1,0,1.0,,1.0
GO_Biological_Process_2023,Regulation Of Phagocytosis (GO:0050764),1,0,1.0,,1.0
GO_Biological_Process_2023,Regulation Of Peroxisome Proliferator Activated Receptor Signaling Pathway (GO:0035358),0,0,1.0,,1.0
GO_Biological_Process_2023,Regulation Of Phospholipase A2 Activity (GO:0032429),0,0,1.0,,1.0
GO_Biological_Process_2023,Regulation Of Programmed Necrotic Cell Death (GO:0062098),2,1,0.09545541870343885,CFLAR,1.0
GO_Biological_Process_2023,Regulation Of Plasma Membrane Repair (GO:1905684),1,0,1.0,,1.0
GO_Biological_Process_2023,Regulation Of Platelet Activation (GO:0010543),0,0,1.0,,1.0
GO_Biological_Process_2023,Regulation Of pro-B Cell Differentiation (GO:2000973),1,0,1.0,,1.0
GO_Biological_Process_2023,Regulation Of Primary Metabolic Process (GO:0080090),0,0,1.0,,1.0
GO_Biological_Process_2023,Regulation Of Presynapse Organization (GO:0099174),0,0,1.0,,1.0
GO_Biological_Process_2023,Regulation Of Presynapse Assembly (GO:1905606),0,0,1.0,,1.0
GO_Biological_Process_2023,Regulation Of Potassium Ion Transport (GO:0043266),0,0,1.0,,1.0
GO_Biological_Process_2023,T Cell Differentiation In Thymus (GO:0033077),0,0,1.0,,1.0
GO_Biological_Process_2023,Regulation Of Potassium Ion Transmembrane Transport (GO:1901379),0,0,1.0,,1.0
GO_Biological_Process_2023,Regulation Of Plasminogen Activation (GO:0010755),0,0,1.0,,1.0
GO_Biological_Process_2023,Regulation Of Potassium Ion Export Across Plasma Membrane (GO:1903764),0,0,1.0,,1.0
GO_Biological_Process_2023,Regulation Of Postsynaptic Membrane Potential (GO:0060078),0,0,1.0,,1.0
GO_Biological_Process_2023,T Cell Homeostasis (GO:0043029),2,0,1.0,,1.0
GO_Biological_Process_2023,Regulation Of Post-Transcriptional Gene Silencing By RNA (GO:1900368),0,0,1.0,,1.0
GO_Biological_Process_2023,Regulation Of Positive Chemotaxis (GO:0050926),0,0,1.0,,1.0
GO_Biological_Process_2023,Regulation Of Podosome Assembly (GO:0071801),0,0,1.0,,1.0
GO_Biological_Process_2023,Regulation Of Platelet-Derived Growth Factor Receptor Signaling Pathway (GO:0010640),0,0,1.0,,1.0
GO_Biological_Process_2023,Regulation Of Platelet Aggregation (GO:0090330),0,0,1.0,,1.0
GO_Biological_Process_2023,Regulation Of Postsynaptic Neurotransmitter Receptor Activity (GO:0098962),0,0,1.0,,1.0
GO_Biological_Process_2023,Regulation Of Peptidyl-Tyrosine Phosphorylation (GO:0050730),1,0,1.0,,1.0
GO_Biological_Process_2023,T Cell Apoptotic Process (GO:0070231),0,0,1.0,,1.0
GO_Biological_Process_2023,Regulation Of Protein Processing (GO:0070613),0,0,1.0,,1.0
GO_Biological_Process_2023,Regulation Of Secretion By Cell (GO:1903530),1,0,1.0,,1.0
GO_Biological_Process_2023,Regulation Of Secretion (GO:0051046),0,0,1.0,,1.0
GO_Biological_Process_2023,Regulation Of Sarcomere Organization (GO:0060297),0,0,1.0,,1.0
GO_Biological_Process_2023,Regulation Of Saliva Secretion (GO:0046877),0,0,1.0,,1.0
GO_Biological_Process_2023,Regulation Of Ryanodine-Sensitive Calcium-Release Channel Activity (GO:0060314),0,0,1.0,,1.0
GO_Biological_Process_2023,Regulation Of Ruffle Assembly (GO:1900027),2,0,1.0,,1.0
GO_Biological_Process_2023,Regulation Of Ribonucleoprotein Complex Localization (GO:2000197),2,0,1.0,,1.0
GO_Biological_Process_2023,Regulation Of Sensory Perception (GO:0051931),0,0,1.0,,1.0
GO_Biological_Process_2023,Regulation Of Ribonuclease Activity (GO:0060700),0,0,1.0,,1.0
GO_Biological_Process_2023,"Regulation Of Retrograde Transport, Endosome To Golgi (GO:1905279)",1,0,1.0,,1.0
GO_Biological_Process_2023,"Regulation Of Retrograde Protein Transport, ER To Cytosol (GO:1904152)",0,0,1.0,,1.0
GO_Biological_Process_2023,Regulation Of Retinoic Acid Receptor Signaling Pathway (GO:0048385),2,0,1.0,,1.0
GO_Biological_Process_2023,Regulation Of Retinal Ganglion Cell Axon Guidance (GO:0090259),0,0,1.0,,1.0
GO_Biological_Process_2023,Regulation Of Resting Membrane Potential (GO:0060075),0,0,1.0,,1.0
GO_Biological_Process_2023,Regulation Of Response To Wounding (GO:1903034),0,0,1.0,,1.0
GO_Biological_Process_2023,Regulation Of Response To Stress (GO:0080134),0,0,1.0,,1.0
GO_Biological_Process_2023,Regulation Of Rhodopsin Mediated Signaling Pathway (GO:0022400),1,0,1.0,,1.0
GO_Biological_Process_2023,Regulation Of Response To Oxidative Stress (GO:1902882),0,0,1.0,,1.0
GO_Biological_Process_2023,Regulation Of Sensory Perception Of Pain (GO:0051930),0,0,1.0,,1.0
GO_Biological_Process_2023,Regulation Of Sequestering Of Triglyceride (GO:0010889),0,0,1.0,,1.0
GO_Biological_Process_2023,Regulation Of Smooth Muscle Cell Proliferation (GO:0048660),5,1,0.22208297380459047,CTNNB1,1.0
GO_Biological_Process_2023,Regulation Of Smooth Muscle Cell Migration (GO:0014910),0,0,1.0,,1.0
GO_Biological_Process_2023,Regulation Of Smooth Muscle Cell Differentiation (GO:0051150),0,0,1.0,,1.0
GO_Biological_Process_2023,Regulation Of Smooth Muscle Cell Apoptotic Process (GO:0034391),0,0,1.0,,1.0
GO_Biological_Process_2023,Regulation Of Small Molecule Metabolic Process (GO:0062012),5,1,0.22208297380459047,EP300,1.0
GO_Biological_Process_2023,Regulation Of Small GTPase Mediated Signal Transduction (GO:0051056),2,0,1.0,,1.0
GO_Biological_Process_2023,T Cell Activation Involved In Immune Response (GO:0002286),0,0,1.0,,1.0
GO_Biological_Process_2023,Regulation Of Sequestering Of Calcium Ion (GO:0051282),0,0,1.0,,1.0
GO_Biological_Process_2023,Regulation Of Skeletal Muscle Fiber Development (GO:0048742),0,0,1.0,,1.0
GO_Biological_Process_2023,Regulation Of Skeletal Muscle Cell Differentiation (GO:2001014),0,0,1.0,,1.0
GO_Biological_Process_2023,Regulation Of Sister Chromatid Cohesion (GO:0007063),6,1,0.26028719693696456,CTNNB1,1.0
GO_Biological_Process_2023,Regulation Of Single Stranded Viral RNA Replication Via Double Stranded DNA Intermediate (GO:0045091),1,0,1.0,,1.0
GO_Biological_Process_2023,Regulation Of Signal Transduction By P53 Class Mediator (GO:1901796),19,2,0.2370931902493581,EP300;MDM2,1.0
GO_Biological_Process_2023,Regulation Of Signal Transduction (GO:0009966),7,0,1.0,,1.0
GO_Biological_Process_2023,Regulation Of Short-Term Neuronal Synaptic Plasticity (GO:0048172),0,0,1.0,,1.0
GO_Biological_Process_2023,Regulation Of Serine-Type Endopeptidase Activity (GO:1900003),0,0,1.0,,1.0
GO_Biological_Process_2023,Regulation Of Skeletal Muscle Contraction (GO:0014819),0,0,1.0,,1.0
GO_Biological_Process_2023,Regulation Of Protein Polymerization (GO:0032271),2,0,1.0,,1.0
GO_Biological_Process_2023,Regulation Of Response To External Stimulus (GO:0032101),3,0,1.0,,1.0
GO_Biological_Process_2023,Regulation Of Response To Cytokine Stimulus (GO:0060759),1,0,1.0,,1.0
GO_Biological_Process_2023,Regulation Of rRNA Processing (GO:2000232),8,0,1.0,,1.0
GO_Biological_Process_2023,Regulation Of Pyruvate Dehydrogenase Activity (GO:1904182),0,0,1.0,,1.0
GO_Biological_Process_2023,Regulation Of Pseudopodium Assembly (GO:0031272),1,0,1.0,,1.0
GO_Biological_Process_2023,Regulation Of Proteolysis Involved In Protein Catabolic Process (GO:1903050),1,0,1.0,,1.0
GO_Biological_Process_2023,Regulation Of Proteolysis (GO:0030162),3,0,1.0,,1.0
GO_Biological_Process_2023,Regulation Of Protein-Containing Complex Disassembly (GO:0043244),3,0,1.0,,1.0
GO_Biological_Process_2023,Regulation Of Protein-Containing Complex Assembly (GO:0043254),19,2,0.2370931902493581,EP300;TFRC,1.0
GO_Biological_Process_2023,Regulation Of Reactive Oxygen Species Biosynthetic Process (GO:1903426),0,0,1.0,,1.0
GO_Biological_Process_2023,Regulation Of Protein Ubiquitination (GO:0031396),11,1,0.425319275731237,CTNNB1,1.0
GO_Biological_Process_2023,Regulation Of Protein Transport (GO:0051223),1,0,1.0,,1.0
GO_Biological_Process_2023,Regulation Of Protein Targeting To Mitochondrion (GO:1903214),5,0,1.0,,1.0
GO_Biological_Process_2023,Regulation Of Protein Targeting To Membrane (GO:0090313),0,0,1.0,,1.0
GO_Biological_Process_2023,Regulation Of Protein Targeting (GO:1903533),0,0,1.0,,1.0
GO_Biological_Process_2023,Regulation Of Protein Sumoylation (GO:0033233),4,1,0.18194134789770994,CTNNB1,1.0
GO_Biological_Process_2023,Regulation Of Protein Serine/Threonine Kinase Activity (GO:0071900),16,1,0.5540247698248291,CCND1,1.0
GO_Biological_Process_2023,Regulation Of Protein Secretion (GO:0050708),2,0,1.0,,1.0
GO_Biological_Process_2023,Regulation Of Protein Tyrosine Kinase Activity (GO:0061097),0,0,1.0,,1.0
GO_Biological_Process_2023,Regulation Of Response To Endoplasmic Reticulum Stress (GO:1905897),0,0,1.0,,1.0
GO_Biological_Process_2023,Regulation Of Reactive Oxygen Species Metabolic Process (GO:2000377),3,1,0.13976587961154743,GRB2,1.0
GO_Biological_Process_2023,Regulation Of Receptor Internalization (GO:0002090),0,0,1.0,,1.0
GO_Biological_Process_2023,Regulation Of Response To Biotic Stimulus (GO:0002831),0,0,1.0,,1.0
GO_Biological_Process_2023,Regulation Of Respiratory System Process (GO:0044065),0,0,1.0,,1.0
GO_Biological_Process_2023,Regulation Of Respiratory Gaseous Exchange (GO:0043576),0,0,1.0,,1.0
GO_Biological_Process_2023,Regulation Of Respiratory Burst (GO:0060263),0,0,1.0,,1.0
GO_Biological_Process_2023,Regulation Of Renal Sodium Excretion (GO:0035813),0,0,1.0,,1.0
GO_Biological_Process_2023,Regulation Of Release Of Sequestered Calcium Ion Into Cytosol By Sarcoplasmic Reticulum (GO:0010880),0,0,1.0,,1.0
GO_Biological_Process_2023,Regulation Of Release Of Sequestered Calcium Ion Into Cytosol (GO:0051279),0,0,1.0,,1.0
GO_Biological_Process_2023,Regulation Of Receptor Binding (GO:1900120),1,0,1.0,,1.0
GO_Biological_Process_2023,Regulation Of Release Of Cytochrome C From Mitochondria (GO:0090199),3,1,0.13976587961154743,BCL2L1,1.0
GO_Biological_Process_2023,Regulation Of Relaxation Of Cardiac Muscle (GO:1901897),0,0,1.0,,1.0
GO_Biological_Process_2023,Regulation Of Regulatory T Cell Differentiation (GO:0045589),0,0,1.0,,1.0
GO_Biological_Process_2023,Regulation Of Regulated Secretory Pathway (GO:1903305),1,0,1.0,,1.0
GO_Biological_Process_2023,Regulation Of Receptor-Mediated Endocytosis (GO:0048259),1,0,1.0,,1.0
GO_Biological_Process_2023,Regulation Of Receptor Signaling Pathway Via STAT (GO:1904892),0,0,1.0,,1.0
GO_Biological_Process_2023,Regulation Of Receptor Signaling Pathway Via JAK-STAT (GO:0046425),2,1,0.09545541870343885,EP300,1.0
GO_Biological_Process_2023,Regulation Of Receptor Recycling (GO:0001919),1,0,1.0,,1.0
GO_Biological_Process_2023,Regulation Of Relaxation Of Muscle (GO:1901077),0,0,1.0,,1.0
GO_Biological_Process_2023,Regulation Of Peptidyl-Threonine Phosphorylation (GO:0010799),2,0,1.0,,1.0
GO_Biological_Process_2023,Regulation Of Peptidyl-Serine Phosphorylation Of STAT Protein (GO:0033139),0,0,1.0,,1.0
GO_Biological_Process_2023,T Cell Migration (GO:0072678),0,0,1.0,,1.0
GO_Biological_Process_2023,Regulation Of Mitotic Cell Cycle Spindle Assembly Checkpoint (GO:0090266),8,0,1.0,,1.0
GO_Biological_Process_2023,Regulation Of Mitotic Cell Cycle Phase Transition (GO:1901990),15,1,0.5307843714868599,CDK6,1.0
GO_Biological_Process_2023,Regulation Of Mitotic Cell Cycle (GO:0007346),29,3,0.1653144286159322,CKS1B;FOXA1;MDM2,1.0
GO_Biological_Process_2023,Regulation Of Mitophagy (GO:1901524),0,0,1.0,,1.0
GO_Biological_Process_2023,Regulation Of Mitochondrion Organization (GO:0010821),2,1,0.09545541870343885,EP300,1.0
GO_Biological_Process_2023,Regulation Of Mitochondrial Translation (GO:0070129),0,0,1.0,,1.0
GO_Biological_Process_2023,Regulation Of Mitochondrial Outer Membrane Permeabilization Involved In Apoptotic Signaling Pathway (GO:1901028),0,0,1.0,,1.0
GO_Biological_Process_2023,Regulation Of Mitotic Centrosome Separation (GO:0046602),2,0,1.0,,1.0
GO_Biological_Process_2023,Regulation Of Mitochondrial Membrane Potential (GO:0051881),4,1,0.18194134789770994,BCL2L1,1.0
GO_Biological_Process_2023,TORC1 Signaling (GO:0038202),3,0,1.0,,1.0
GO_Biological_Process_2023,Regulation Of Mitochondrial mRNA Stability (GO:0044528),0,0,1.0,,1.0
GO_Biological_Process_2023,Regulation Of Mitochondrial Gene Expression (GO:0062125),0,0,1.0,,1.0
GO_Biological_Process_2023,Regulation Of Mitochondrial Fusion (GO:0010635),2,1,0.09545541870343885,TFRC,1.0
GO_Biological_Process_2023,Regulation Of Mitochondrial Fission (GO:0090140),0,0,1.0,,1.0
GO_Biological_Process_2023,Regulation Of Mitochondrial Depolarization (GO:0051900),1,0,1.0,,1.0
GO_Biological_Process_2023,Regulation Of Microvillus Organization (GO:0032530),0,0,1.0,,1.0
GO_Biological_Process_2023,Regulation Of Mitochondrial Membrane Permeability Involved In Apoptotic Process (GO:1902108),0,0,1.0,,1.0
GO_Biological_Process_2023,Regulation Of Microtubule-Based Process (GO:0032886),3,0,1.0,,1.0
GO_Biological_Process_2023,Regulation Of Mitotic Cytokinesis (GO:1902412),4,0,1.0,,1.0
GO_Biological_Process_2023,Regulation Of Mitotic Nuclear Division (GO:0007088),7,0,1.0,,1.0
GO_Biological_Process_2023,Regulation Of Morphogenesis Of An Epithelium (GO:1905330),0,0,1.0,,1.0
GO_Biological_Process_2023,Regulation Of Morphogenesis Of A Branching Structure (GO:0060688),0,0,1.0,,1.0
GO_Biological_Process_2023,Regulation Of Monooxygenase Activity (GO:0032768),0,0,1.0,,1.0
GO_Biological_Process_2023,TOR Signaling (GO:0031929),4,0,1.0,,1.0
GO_Biological_Process_2023,Regulation Of Monocyte Chemotaxis (GO:0090025),1,0,1.0,,1.0
GO_Biological_Process_2023,Regulation Of Monocyte Chemotactic Protein-1 Production (GO:0071637),0,0,1.0,,1.0
GO_Biological_Process_2023,Regulation Of Monoatomic Ion Transport (GO:0043269),0,0,1.0,,1.0
GO_Biological_Process_2023,Regulation Of Mitotic Metaphase/Anaphase Transition (GO:0030071),11,0,1.0,,1.0
GO_Biological_Process_2023,Regulation Of Monoatomic Ion Transmembrane Transporter Activity (GO:0032412),1,0,1.0,,1.0
GO_Biological_Process_2023,Regulation Of Monoatomic Cation Transmembrane Transport (GO:1904062),1,0,1.0,,1.0
GO_Biological_Process_2023,Regulation Of Monoatomic Anion Transport (GO:0044070),0,0,1.0,,1.0
GO_Biological_Process_2023,Regulation Of Mitotic Spindle Organization (GO:0060236),12,0,1.0,,1.0
GO_Biological_Process_2023,Regulation Of Mitotic Spindle Checkpoint (GO:1903504),0,0,1.0,,1.0
GO_Biological_Process_2023,Regulation Of Mitotic Spindle Assembly (GO:1901673),6,0,1.0,,1.0
GO_Biological_Process_2023,Regulation Of Mitotic Sister Chromatid Separation (GO:0010965),5,0,1.0,,1.0
GO_Biological_Process_2023,Regulation Of Mitotic Sister Chromatid Segregation (GO:0033047),2,0,1.0,,1.0
GO_Biological_Process_2023,Regulation Of Monoatomic Ion Transmembrane Transport (GO:0034765),1,0,1.0,,1.0
GO_Biological_Process_2023,Regulation Of Multicellular Organism Growth (GO:0040014),1,0,1.0,,1.0
GO_Biological_Process_2023,Regulation Of Microtubule-Based Movement (GO:0060632),2,0,1.0,,1.0
GO_Biological_Process_2023,Regulation Of Microtubule Polymerization (GO:0031113),3,0,1.0,,1.0
GO_Biological_Process_2023,Regulation Of Megakaryocyte Differentiation (GO:0045652),3,1,0.13976587961154743,MYB,1.0
GO_Biological_Process_2023,Regulation Of Mast Cell Degranulation (GO:0043304),0,0,1.0,,1.0
GO_Biological_Process_2023,Regulation Of Mast Cell Chemotaxis (GO:0060753),0,0,1.0,,1.0
GO_Biological_Process_2023,Regulation Of Mast Cell Activation Involved In Immune Response (GO:0033006),0,0,1.0,,1.0
GO_Biological_Process_2023,Positive Regulation Of Insulin Secretion Involved In Cellular Response To Glucose Stimulus (GO:0035774),0,0,1.0,,1.0
GO_Biological_Process_2023,Regulation Of Mammary Gland Epithelial Cell Proliferation (GO:0033599),0,0,1.0,,1.0
GO_Biological_Process_2023,Regulation Of Male Gonad Development (GO:2000018),1,0,1.0,,1.0
GO_Biological_Process_2023,Regulation Of Meiotic Cell Cycle (GO:0051445),9,0,1.0,,1.0
GO_Biological_Process_2023,TRIF-dependent Toll-Like Receptor Signaling Pathway (GO:0035666),0,0,1.0,,1.0
GO_Biological_Process_2023,Regulation Of Macrophage Differentiation (GO:0045649),0,0,1.0,,1.0
GO_Biological_Process_2023,Regulation Of Macrophage Derived Foam Cell Differentiation (GO:0010743),0,0,1.0,,1.0
GO_Biological_Process_2023,Regulation Of Macrophage Cytokine Production (GO:0010935),0,0,1.0,,1.0
GO_Biological_Process_2023,Regulation Of Macrophage Chemotaxis (GO:0010758),2,1,0.09545541870343885,PTK2,1.0
GO_Biological_Process_2023,Regulation Of Macrophage Apoptotic Process (GO:2000109),0,0,1.0,,1.0
GO_Biological_Process_2023,Regulation Of Macrophage Activation (GO:0043030),2,0,1.0,,1.0
GO_Biological_Process_2023,U2-type Prespliceosome Assembly (GO:1903241),19,0,1.0,,1.0
GO_Biological_Process_2023,Regulation Of Macrophage Migration (GO:1905521),0,0,1.0,,1.0
GO_Biological_Process_2023,Regulation Of Microtubule Polymerization Or Depolymerization (GO:0031110),1,0,1.0,,1.0
GO_Biological_Process_2023,Regulation Of Meiotic Nuclear Division (GO:0040020),1,0,1.0,,1.0
GO_Biological_Process_2023,Regulation Of Membrane Depolarization (GO:0003254),0,0,1.0,,1.0
GO_Biological_Process_2023,Regulation Of Microtubule Nucleation (GO:0010968),1,0,1.0,,1.0
GO_Biological_Process_2023,Regulation Of Microtubule Depolymerization (GO:0031114),1,0,1.0,,1.0
GO_Biological_Process_2023,Regulation Of Microtubule Cytoskeleton Organization (GO:0070507),0,0,1.0,,1.0
GO_Biological_Process_2023,Regulation Of Microtubule Binding (GO:1904526),1,0,1.0,,1.0
GO_Biological_Process_2023,Regulation Of Microglial Cell Migration (GO:1904139),0,0,1.0,,1.0
GO_Biological_Process_2023,Regulation Of Microglial Cell Activation (GO:1903978),1,0,1.0,,1.0
GO_Biological_Process_2023,Regulation Of miRNA-mediated Gene Silencing (GO:0060964),1,0,1.0,,1.0
GO_Biological_Process_2023,Regulation Of Melanin Biosynthetic Process (GO:0048021),0,0,1.0,,1.0
GO_Biological_Process_2023,TORC2 Signaling (GO:0038203),0,0,1.0,,1.0
GO_Biological_Process_2023,Regulation Of Metaphase/Anaphase Transition Of Cell Cycle (GO:1902099),5,0,1.0,,1.0
GO_Biological_Process_2023,Regulation Of Metallopeptidase Activity (GO:1905048),0,0,1.0,,1.0
GO_Biological_Process_2023,Regulation Of Metal Ion Transport (GO:0010959),2,0,1.0,,1.0
GO_Biological_Process_2023,Regulation Of Mesenchymal Stem Cell Differentiation (GO:2000739),0,0,1.0,,1.0
GO_Biological_Process_2023,TRAIL-activated Apoptotic Signaling Pathway (GO:0036462),0,0,1.0,,1.0
GO_Biological_Process_2023,Regulation Of Memory T Cell Differentiation (GO:0043380),0,0,1.0,,1.0
GO_Biological_Process_2023,Regulation Of Membrane Protein Ectodomain Proteolysis (GO:0051043),0,0,1.0,,1.0
GO_Biological_Process_2023,Regulation Of miRNA Metabolic Process (GO:2000628),0,0,1.0,,1.0
GO_Biological_Process_2023,Regulation Of Multicellular Organismal Development (GO:2000026),5,0,1.0,,1.0
GO_Biological_Process_2023,Regulation Of Muscle Cell Differentiation (GO:0051147),2,0,1.0,,1.0
GO_Biological_Process_2023,Regulation Of Muscle Contraction (GO:0006937),0,0,1.0,,1.0
GO_Biological_Process_2023,Regulation Of Opsonization (GO:1903027),0,0,1.0,,1.0
GO_Biological_Process_2023,Regulation Of Oligodendrocyte Differentiation (GO:0048713),0,0,1.0,,1.0
GO_Biological_Process_2023,Regulation Of Nucleotide-Excision Repair (GO:2000819),2,0,1.0,,1.0
GO_Biological_Process_2023,Regulation Of Nucleocytoplasmic Transport (GO:0046822),2,0,1.0,,1.0
GO_Biological_Process_2023,Regulation Of Nucleic Acid-Templated Transcription (GO:1903506),29,2,0.4196366943000065,DNM2;MYB,1.0
GO_Biological_Process_2023,Regulation Of Nuclease Activity (GO:0032069),0,0,1.0,,1.0
GO_Biological_Process_2023,Regulation Of Nuclear-Transcribed mRNA poly(A) Tail Shortening (GO:0060211),3,0,1.0,,1.0
GO_Biological_Process_2023,Regulation Of Organ Growth (GO:0046620),1,0,1.0,,1.0
GO_Biological_Process_2023,"Regulation Of Nuclear-Transcribed mRNA Catabolic Process, Nonsense-Mediated Decay (GO:2000622)",4,0,1.0,,1.0
GO_Biological_Process_2023,Regulation Of Nuclear Division (GO:0051783),4,0,1.0,,1.0
GO_Biological_Process_2023,Regulation Of Nuclear Cell Cycle DNA Replication (GO:0033262),2,0,1.0,,1.0
GO_Biological_Process_2023,Regulation Of Norepinephrine Secretion (GO:0014061),0,0,1.0,,1.0
GO_Biological_Process_2023,Regulation Of Non-Motile Cilium Assembly (GO:1902855),0,0,1.0,,1.0
GO_Biological_Process_2023,Regulation Of Non-Canonical Wnt Signaling Pathway (GO:2000050),0,0,1.0,,1.0
GO_Biological_Process_2023,Regulation Of Nitrogen Compound Metabolic Process (GO:0051171),0,0,1.0,,1.0
GO_Biological_Process_2023,T-helper 1 Type Immune Response (GO:0042088),1,0,1.0,,1.0
GO_Biological_Process_2023,"Regulation Of Nuclear-Transcribed mRNA Catabolic Process, Deadenylation-Dependent Decay (GO:1900151)",5,0,1.0,,1.0
GO_Biological_Process_2023,Regulation Of Nitric-Oxide Synthase Activity (GO:0050999),2,1,0.09545541870343885,DHFR,1.0
GO_Biological_Process_2023,Regulation Of Organelle Assembly (GO:1902115),4,0,1.0,,1.0
GO_Biological_Process_2023,Regulation Of Ossification (GO:0030278),1,0,1.0,,1.0
GO_Biological_Process_2023,Regulation Of Peptidyl-Lysine Acetylation (GO:2000756),1,0,1.0,,1.0
GO_Biological_Process_2023,Regulation Of Peptidyl-Cysteine S-nitrosylation (GO:2000169),1,0,1.0,,1.0
GO_Biological_Process_2023,Regulation Of Peptidase Activity (GO:0052547),1,0,1.0,,1.0
GO_Biological_Process_2023,Regulation Of Pentose-Phosphate Shunt (GO:0043456),3,0,1.0,,1.0
GO_Biological_Process_2023,Regulation Of Pattern Recognition Receptor Signaling Pathway (GO:0062207),0,0,1.0,,1.0
GO_Biological_Process_2023,Regulation Of Pathway-Restricted SMAD Protein Phosphorylation (GO:0060393),2,0,1.0,,1.0
GO_Biological_Process_2023,Regulation Of p38MAPK Cascade (GO:1900744),1,0,1.0,,1.0
GO_Biological_Process_2023,T-helper 1 Cell Differentiation (GO:0045063),0,0,1.0,,1.0
GO_Biological_Process_2023,Regulation Of Oxidoreductase Activity (GO:0051341),0,0,1.0,,1.0
GO_Biological_Process_2023,Regulation Of Oxidative Stress-Induced Intrinsic Apoptotic Signaling Pathway (GO:1902175),3,0,1.0,,1.0
GO_Biological_Process_2023,Regulation Of Oxidative Stress-Induced Cell Death (GO:1903201),0,0,1.0,,1.0
GO_Biological_Process_2023,Regulation Of Oxidative Phosphorylation (GO:0002082),1,0,1.0,,1.0
GO_Biological_Process_2023,Regulation Of Osteoclast Differentiation (GO:0045670),1,0,1.0,,1.0
GO_Biological_Process_2023,Regulation Of Osteoclast Development (GO:2001204),0,0,1.0,,1.0
GO_Biological_Process_2023,Regulation Of Osteoblast Proliferation (GO:0033688),1,0,1.0,,1.0
GO_Biological_Process_2023,T Cell Receptor Signaling Pathway (GO:0050852),7,0,1.0,,1.0
GO_Biological_Process_2023,Regulation Of Oxidative Stress-Induced Neuron Intrinsic Apoptotic Signaling Pathway (GO:1903376),1,0,1.0,,1.0
GO_Biological_Process_2023,Regulation Of Nitric Oxide Metabolic Process (GO:0080164),0,0,1.0,,1.0
GO_Biological_Process_2023,Regulation Of Nitric Oxide Mediated Signal Transduction (GO:0010749),0,0,1.0,,1.0
GO_Biological_Process_2023,Regulation Of Nitric Oxide Biosynthetic Process (GO:0045428),0,0,1.0,,1.0
GO_Biological_Process_2023,Regulation Of Natural Killer Cell Mediated Immunity (GO:0002715),0,0,1.0,,1.0
GO_Biological_Process_2023,Regulation Of Natural Killer Cell Mediated Cytotoxicity Directed Against Tumor Cell Target (GO:0002858),0,0,1.0,,1.0
GO_Biological_Process_2023,Regulation Of Natural Killer Cell Mediated Cytotoxicity (GO:0042269),0,0,1.0,,1.0
GO_Biological_Process_2023,Regulation Of Natural Killer Cell Cytokine Production (GO:0002727),0,0,1.0,,1.0
GO_Biological_Process_2023,Regulation Of Natural Killer Cell Chemotaxis (GO:2000501),0,0,1.0,,1.0
GO_Biological_Process_2023,Regulation Of Natural Killer Cell Activation (GO:0032814),0,0,1.0,,1.0
GO_Biological_Process_2023,Regulation Of Myotube Differentiation (GO:0010830),1,0,1.0,,1.0
GO_Biological_Process_2023,Regulation Of Natural Killer Cell Proliferation (GO:0032817),0,0,1.0,,1.0
GO_Biological_Process_2023,Regulation Of Myosin-Light-Chain-Phosphatase Activity (GO:0035507),1,0,1.0,,1.0
GO_Biological_Process_2023,Regulation Of Myoblast Differentiation (GO:0045661),2,0,1.0,,1.0
GO_Biological_Process_2023,Regulation Of Myeloid Leukocyte Mediated Immunity (GO:0002886),0,0,1.0,,1.0
GO_Biological_Process_2023,Regulation Of Myeloid Leukocyte Differentiation (GO:0002761),1,0,1.0,,1.0
GO_Biological_Process_2023,Regulation Of Myeloid Cell Differentiation (GO:0045637),4,1,0.18194134789770994,CDK6,1.0
GO_Biological_Process_2023,Regulation Of Myelination (GO:0031641),1,0,1.0,,1.0
GO_Biological_Process_2023,Regulation Of Muscle System Process (GO:0090257),0,0,1.0,,1.0
GO_Biological_Process_2023,Regulation Of Muscle Organ Development (GO:0048634),0,0,1.0,,1.0
GO_Biological_Process_2023,T-helper Cell Differentiation (GO:0042093),2,1,0.09545541870343885,MYB,1.0
GO_Biological_Process_2023,Regulation Of Necroptotic Process (GO:0060544),2,1,0.09545541870343885,CFLAR,1.0
GO_Biological_Process_2023,Regulation Of Necrotic Cell Death (GO:0010939),0,0,1.0,,1.0
GO_Biological_Process_2023,Regulation Of Nervous System Development (GO:0051960),2,1,0.09545541870343885,CTNNB1,1.0
GO_Biological_Process_2023,Regulation Of Neutrophil Migration (GO:1902622),0,0,1.0,,1.0
GO_Biological_Process_2023,Regulation Of Neutrophil Extravasation (GO:2000389),0,0,1.0,,1.0
GO_Biological_Process_2023,Regulation Of Neutrophil Chemotaxis (GO:0090022),0,0,1.0,,1.0
GO_Biological_Process_2023,Regulation Of Neutrophil Activation (GO:1902563),0,0,1.0,,1.0
GO_Biological_Process_2023,Regulation Of Neurotransmitter Transport (GO:0051588),0,0,1.0,,1.0
GO_Biological_Process_2023,Regulation Of Neurotransmitter Secretion (GO:0046928),1,0,1.0,,1.0
GO_Biological_Process_2023,Regulation Of Neurotransmitter Receptor Activity (GO:0099601),0,0,1.0,,1.0
GO_Biological_Process_2023,Regulation Of Neuronal Synaptic Plasticity (GO:0048168),0,0,1.0,,1.0
GO_Biological_Process_2023,Regulation Of Neuron Projection Arborization (GO:0150011),0,0,1.0,,1.0
GO_Biological_Process_2023,Regulation Of Neuron Migration (GO:2001222),0,0,1.0,,1.0
GO_Biological_Process_2023,Regulation Of Neuron Differentiation (GO:0045664),3,1,0.13976587961154743,MED1,1.0
GO_Biological_Process_2023,Regulation Of Neuron Death (GO:1901214),1,0,1.0,,1.0
GO_Biological_Process_2023,Regulation Of Neuron Apoptotic Process (GO:0043523),4,1,0.18194134789770994,CTNNB1,1.0
GO_Biological_Process_2023,Regulation Of Neuroinflammatory Response (GO:0150077),0,0,1.0,,1.0
GO_Biological_Process_2023,Regulation Of Neurogenesis (GO:0050767),2,1,0.09545541870343885,CTNNB1,1.0
GO_Biological_Process_2023,Regulation Of Neural Precursor Cell Proliferation (GO:2000177),0,0,1.0,,1.0
GO_Biological_Process_2023,Regulation Of Nervous System Process (GO:0031644),0,0,1.0,,1.0
GO_Biological_Process_2023,Regulation Of Smooth Muscle Contraction (GO:0006940),0,0,1.0,,1.0
GO_Biological_Process_2023,Serotonin Transport (GO:0006837),0,0,1.0,,1.0
GO_Biological_Process_2023,Regulation Of Smoothened Signaling Pathway (GO:0008589),2,0,1.0,,1.0
GO_Biological_Process_2023,Regulation Of Sodium Ion Transmembrane Transporter Activity (GO:2000649),0,0,1.0,,1.0
GO_Biological_Process_2023,RNA-templated DNA Biosynthetic Process (GO:0006278),3,0,1.0,,1.0
GO_Biological_Process_2023,Response To Light Stimulus (GO:0009416),3,0,1.0,,1.0
GO_Biological_Process_2023,Response To Leucine (GO:0043201),3,0,1.0,,1.0
GO_Biological_Process_2023,Response To Leptin (GO:0044321),0,0,1.0,,1.0
GO_Biological_Process_2023,Response To Lead Ion (GO:0010288),1,0,1.0,,1.0
GO_Biological_Process_2023,Response To Laminar Fluid Shear Stress (GO:0034616),0,0,1.0,,1.0
GO_Biological_Process_2023,Response To Ketone (GO:1901654),0,0,1.0,,1.0
GO_Biological_Process_2023,Response To Lipopolysaccharide (GO:0032496),6,0,1.0,,1.0
GO_Biological_Process_2023,Response To Iron Ion (GO:0010039),0,0,1.0,,1.0
GO_Biological_Process_2023,Response To Interleukin-4 (GO:0070670),0,0,1.0,,1.0
GO_Biological_Process_2023,Response To Interleukin-1 (GO:0070555),4,0,1.0,,1.0
GO_Biological_Process_2023,Response To Interferon-Beta (GO:0035456),2,0,1.0,,1.0
GO_Biological_Process_2023,Response To Interferon-Alpha (GO:0035455),2,0,1.0,,1.0
GO_Biological_Process_2023,Response To Insulin (GO:0032868),8,0,1.0,,1.0
GO_Biological_Process_2023,Response To Hydroxyurea (GO:0072710),4,0,1.0,,1.0
GO_Biological_Process_2023,Response To Hydroperoxide (GO:0033194),0,0,1.0,,1.0
GO_Biological_Process_2023,Response To Interleukin-6 (GO:0070741),1,0,1.0,,1.0
GO_Biological_Process_2023,Response To Hydrogen Peroxide (GO:0042542),3,0,1.0,,1.0
GO_Biological_Process_2023,Response To Lipoteichoic Acid (GO:0070391),0,0,1.0,,1.0
GO_Biological_Process_2023,Response To Magnesium Ion (GO:0032026),0,0,1.0,,1.0
GO_Biological_Process_2023,Response To Platelet-Derived Growth Factor (GO:0036119),1,0,1.0,,1.0
GO_Biological_Process_2023,Response To Peptidoglycan (GO:0032494),0,0,1.0,,1.0
GO_Biological_Process_2023,Response To Peptide Hormone (GO:0043434),8,0,1.0,,1.0
GO_Biological_Process_2023,Response To Peptide (GO:1901652),5,0,1.0,,1.0
GO_Biological_Process_2023,Response To Organophosphorus (GO:0046683),2,1,0.09545541870343885,TYMS,1.0
GO_Biological_Process_2023,Response To Organonitrogen Compound (GO:0010243),2,0,1.0,,1.0
GO_Biological_Process_2023,RNA Transport (GO:0050658),8,0,1.0,,1.0
GO_Biological_Process_2023,Response To Lithium Ion (GO:0010226),0,0,1.0,,1.0
GO_Biological_Process_2023,Response To Nutrient Levels (GO:0031667),3,0,1.0,,1.0
GO_Biological_Process_2023,Response To Nerve Growth Factor (GO:1990089),0,0,1.0,,1.0
GO_Biological_Process_2023,RNA-mediated Gene Silencing (GO:0031047),3,0,1.0,,1.0
GO_Biological_Process_2023,Response To Muramyl Dipeptide (GO:0032495),0,0,1.0,,1.0
GO_Biological_Process_2023,Response To Molecule Of Bacterial Origin (GO:0002237),0,0,1.0,,1.0
GO_Biological_Process_2023,Response To Misfolded Protein (GO:0051788),0,0,1.0,,1.0
GO_Biological_Process_2023,Response To Metal Ion (GO:0010038),1,0,1.0,,1.0
GO_Biological_Process_2023,Response To Manganese Ion (GO:0010042),0,0,1.0,,1.0
GO_Biological_Process_2023,Response To Nitric Oxide (GO:0071731),1,0,1.0,,1.0
GO_Biological_Process_2023,Response To Potassium Ion (GO:0035864),0,0,1.0,,1.0
GO_Biological_Process_2023,Response To Histamine (GO:0034776),1,0,1.0,,1.0
GO_Biological_Process_2023,Response To Hepatocyte Growth Factor (GO:0035728),0,0,1.0,,1.0
GO_Biological_Process_2023,Response To Cocaine (GO:0042220),0,0,1.0,,1.0
GO_Biological_Process_2023,Response To Cholesterol (GO:0070723),0,0,1.0,,1.0
GO_Biological_Process_2023,Response To Chemokine (GO:1990868),1,0,1.0,,1.0
GO_Biological_Process_2023,Response To Catecholamine (GO:0071869),0,0,1.0,,1.0
GO_Biological_Process_2023,Response To Calcium Ion (GO:0051592),2,1,0.09545541870343885,BRAF,1.0
GO_Biological_Process_2023,Response To Caffeine (GO:0031000),0,0,1.0,,1.0
GO_Biological_Process_2023,Response To Cadmium Ion (GO:0046686),0,0,1.0,,1.0
GO_Biological_Process_2023,Response To Copper Ion (GO:0046688),0,0,1.0,,1.0
GO_Biological_Process_2023,Response To cGMP (GO:0070305),0,0,1.0,,1.0
GO_Biological_Process_2023,Response To Bile Acid (GO:1903412),0,0,1.0,,1.0
GO_Biological_Process_2023,Response To Axon Injury (GO:0048678),2,1,0.09545541870343885,DHFR,1.0
GO_Biological_Process_2023,Response To Auditory Stimulus (GO:0010996),0,0,1.0,,1.0
GO_Biological_Process_2023,Response To Angiotensin (GO:1990776),0,0,1.0,,1.0
GO_Biological_Process_2023,Response To Amyloid-Beta (GO:1904645),0,0,1.0,,1.0
GO_Biological_Process_2023,Response To Amino Acid Starvation (GO:1990928),4,0,1.0,,1.0
GO_Biological_Process_2023,Response To Amino Acid (GO:0043200),3,0,1.0,,1.0
GO_Biological_Process_2023,Response To cAMP (GO:0051591),0,0,1.0,,1.0
GO_Biological_Process_2023,Response To Hexose (GO:0009746),5,0,1.0,,1.0
GO_Biological_Process_2023,Response To Corticosteroid (GO:0031960),0,0,1.0,,1.0
GO_Biological_Process_2023,Response To dsRNA (GO:0043331),0,0,1.0,,1.0
GO_Biological_Process_2023,Response To Heparin (GO:0071503),0,0,1.0,,1.0
GO_Biological_Process_2023,Response To Granulocyte Macrophage Colony-Stimulating Factor (GO:0097012),0,0,1.0,,1.0
GO_Biological_Process_2023,Rac Protein Signal Transduction (GO:0016601),0,0,1.0,,1.0
GO_Biological_Process_2023,Response To Glucose (GO:0009749),7,0,1.0,,1.0
GO_Biological_Process_2023,Response To Glucocorticoid (GO:0051384),2,0,1.0,,1.0
GO_Biological_Process_2023,Rap Protein Signal Transduction (GO:0032486),0,0,1.0,,1.0
GO_Biological_Process_2023,Response To Forskolin (GO:1904321),0,0,1.0,,1.0
GO_Biological_Process_2023,Response To Cytokine (GO:0034097),6,1,0.26028719693696456,BCL2L1,1.0
GO_Biological_Process_2023,Response To Fibroblast Growth Factor (GO:0071774),0,0,1.0,,1.0
GO_Biological_Process_2023,Response To Exogenous dsRNA (GO:0043330),1,0,1.0,,1.0
GO_Biological_Process_2023,Response To Ethanol (GO:0045471),1,0,1.0,,1.0
GO_Biological_Process_2023,Response To Estrogen (GO:0043627),3,1,0.13976587961154743,EP300,1.0
GO_Biological_Process_2023,SA Node Cell Action Potential (GO:0086015),0,0,1.0,,1.0
GO_Biological_Process_2023,Response To Epinephrine (GO:0071871),0,0,1.0,,1.0
GO_Biological_Process_2023,Response To Epidermal Growth Factor (GO:0070849),6,1,0.26028719693696456,MED1,1.0
GO_Biological_Process_2023,Response To Endoplasmic Reticulum Stress (GO:0034976),7,0,1.0,,1.0
GO_Biological_Process_2023,Rho Protein Signal Transduction (GO:0007266),3,1,0.13976587961154743,CFL1,1.0
GO_Biological_Process_2023,Response To Alkaloid (GO:0043279),0,0,1.0,,1.0
GO_Biological_Process_2023,Response To Progesterone (GO:0032570),0,0,1.0,,1.0
GO_Biological_Process_2023,Response To Purine-Containing Compound (GO:0014074),0,0,1.0,,1.0
GO_Biological_Process_2023,Self Proteolysis (GO:0097264),0,0,1.0,,1.0
GO_Biological_Process_2023,Selenocysteine Incorporation (GO:0001514),2,0,1.0,,1.0
GO_Biological_Process_2023,Selective Autophagy (GO:0061912),4,0,1.0,,1.0
GO_Biological_Process_2023,Secretory Granule Organization (GO:0033363),0,0,1.0,,1.0
GO_Biological_Process_2023,Secretion (GO:0046903),0,0,1.0,,1.0
GO_Biological_Process_2023,Secondary Palate Development (GO:0062009),0,0,1.0,,1.0
GO_Biological_Process_2023,Secondary Alcohol Metabolic Process (GO:1902652),0,0,1.0,,1.0
GO_Biological_Process_2023,Semaphorin-Plexin Signaling Pathway (GO:0071526),0,0,1.0,,1.0
GO_Biological_Process_2023,Secondary Alcohol Biosynthetic Process (GO:1902653),3,0,1.0,,1.0
GO_Biological_Process_2023,Sarcoplasmic Reticulum Calcium Ion Transport (GO:0070296),1,0,1.0,,1.0
GO_Biological_Process_2023,Sarcomere Organization (GO:0045214),1,0,1.0,,1.0
GO_Biological_Process_2023,Ruffle Organization (GO:0031529),0,0,1.0,,1.0
GO_Biological_Process_2023,Ruffle Assembly (GO:0097178),0,0,1.0,,1.0
GO_Biological_Process_2023,Ribosome-Associated Ubiquitin-Dependent Protein Catabolic Process (GO:1990116),0,0,1.0,,1.0
GO_Biological_Process_2023,Ribosome Disassembly (GO:0032790),2,0,1.0,,1.0
GO_Biological_Process_2023,Ribosome Biogenesis (GO:0042254),95,1,0.9930438633783903,WDR36,1.0
GO_Biological_Process_2023,Second-Messenger-Mediated Signaling (GO:0019932),3,0,1.0,,1.0
GO_Biological_Process_2023,Ribosome Assembly (GO:0042255),26,0,1.0,,1.0
GO_Biological_Process_2023,Semaphorin-Plexin Signaling Pathway Involved In Axon Guidance (GO:1902287),0,0,1.0,,1.0
GO_Biological_Process_2023,Sensory Organ Development (GO:0007423),2,1,0.09545541870343885,PAX8,1.0
GO_Biological_Process_2023,"RNA Splicing, Via Transesterification Reactions (GO:0000375)",17,0,1.0,,1.0
GO_Biological_Process_2023,Serine Family Amino Acid Catabolic Process (GO:0009071),0,0,1.0,,1.0
GO_Biological_Process_2023,"RNA Splicing, Via Transesterification Reactions With Bulged Adenosine As Nucleophile (GO:0000377)",104,0,1.0,,1.0
GO_Biological_Process_2023,Sequestering Of Extracellular Ligand From Receptor (GO:0035581),0,0,1.0,,1.0
GO_Biological_Process_2023,Sequestering Of Actin Monomers (GO:0042989),0,0,1.0,,1.0
GO_Biological_Process_2023,Sensory Perception Of Taste (GO:0050909),0,0,1.0,,1.0
GO_Biological_Process_2023,Sensory Perception Of Sour Taste (GO:0050915),0,0,1.0,,1.0
GO_Biological_Process_2023,Semaphorin-Plexin Signaling Pathway Involved In Neuron Projection Guidance (GO:1902285),0,0,1.0,,1.0
GO_Biological_Process_2023,Sensory Perception Of Sound (GO:0007605),5,0,1.0,,1.0
GO_Biological_Process_2023,Sensory Perception Of Pain (GO:0019233),0,0,1.0,,1.0
GO_Biological_Process_2023,Sensory Perception Of Mechanical Stimulus (GO:0050954),5,0,1.0,,1.0
GO_Biological_Process_2023,Sensory Perception Of Light Stimulus (GO:0050953),3,0,1.0,,1.0
GO_Biological_Process_2023,Sensory Perception Of Chemical Stimulus (GO:0007606),0,0,1.0,,1.0
GO_Biological_Process_2023,Sensory Perception Of Bitter Taste (GO:0050913),0,0,1.0,,1.0
GO_Biological_Process_2023,Sensory Perception (GO:0007600),0,0,1.0,,1.0
GO_Biological_Process_2023,Sensory Organ Morphogenesis (GO:0090596),0,0,1.0,,1.0
GO_Biological_Process_2023,Sensory Perception Of Smell (GO:0007608),0,0,1.0,,1.0
GO_Biological_Process_2023,Response To Prostaglandin E (GO:0034695),0,0,1.0,,1.0
GO_Biological_Process_2023,Ribosomal Small Subunit Export From Nucleus (GO:0000056),5,0,1.0,,1.0
GO_Biological_Process_2023,Ribosomal Small Subunit Assembly (GO:0000028),9,0,1.0,,1.0
GO_Biological_Process_2023,Retina Homeostasis (GO:0001895),1,0,1.0,,1.0
GO_Biological_Process_2023,Reticulophagy (GO:0061709),0,0,1.0,,1.0
GO_Biological_Process_2023,Response To Zinc Ion (GO:0010043),0,0,1.0,,1.0
GO_Biological_Process_2023,Response To Vitamin D (GO:0033280),0,0,1.0,,1.0
GO_Biological_Process_2023,Response To Vitamin (GO:0033273),0,0,1.0,,1.0
GO_Biological_Process_2023,Response To Unfolded Protein (GO:0006986),2,0,1.0,,1.0
GO_Biological_Process_2023,Response To Type II Interferon (GO:0034341),4,0,1.0,,1.0
GO_Biological_Process_2023,Retinal Ganglion Cell Axon Guidance (GO:0031290),0,0,1.0,,1.0
GO_Biological_Process_2023,Response To Type I Interferon (GO:0034340),0,0,1.0,,1.0
GO_Biological_Process_2023,Response To Transforming Growth Factor Beta (GO:0071559),1,0,1.0,,1.0
GO_Biological_Process_2023,RNA Stabilization (GO:0043489),6,0,1.0,,1.0
GO_Biological_Process_2023,Response To Testosterone (GO:0033574),0,0,1.0,,1.0
GO_Biological_Process_2023,Response To Sterol (GO:0036314),0,0,1.0,,1.0
GO_Biological_Process_2023,Response To Steroid Hormone (GO:0048545),4,1,0.18194134789770994,MED1,1.0
GO_Biological_Process_2023,Response To Retinoic Acid (GO:0032526),2,0,1.0,,1.0
GO_Biological_Process_2023,Response To Reactive Oxygen Species (GO:0000302),3,0,1.0,,1.0
GO_Biological_Process_2023,Response To Tumor Necrosis Factor (GO:0034612),4,0,1.0,,1.0
GO_Biological_Process_2023,Ribosomal Small Subunit Biogenesis (GO:0042274),51,1,0.9267654976720956,WDR36,1.0
GO_Biological_Process_2023,Retinal Metabolic Process (GO:0042574),0,0,1.0,,1.0
GO_Biological_Process_2023,Retinoic Acid Receptor Signaling Pathway (GO:0048384),1,0,1.0,,1.0
GO_Biological_Process_2023,Ribosomal Large Subunit Export From Nucleus (GO:0000055),5,0,1.0,,1.0
GO_Biological_Process_2023,Ribosomal Large Subunit Biogenesis (GO:0042273),37,0,1.0,,1.0
GO_Biological_Process_2023,Ribosomal Large Subunit Assembly (GO:0000027),13,0,1.0,,1.0
GO_Biological_Process_2023,Ribose Phosphate Biosynthetic Process (GO:0046390),0,0,1.0,,1.0
GO_Biological_Process_2023,Ribonucleoside Bisphosphate Metabolic Process (GO:0033875),0,0,1.0,,1.0
GO_Biological_Process_2023,Ribonucleoside Bisphosphate Catabolic Process (GO:0034031),0,0,1.0,,1.0
GO_Biological_Process_2023,Ribonucleoside Bisphosphate Biosynthetic Process (GO:0034030),1,0,1.0,,1.0
GO_Biological_Process_2023,Retinal Rod Cell Differentiation (GO:0060221),0,0,1.0,,1.0
GO_Biological_Process_2023,Ribonucleoprotein Complex Biogenesis (GO:0022613),76,1,0.9805492220543273,WDR36,1.0
GO_Biological_Process_2023,Retrotransposon Silencing (GO:0010526),0,0,1.0,,1.0
GO_Biological_Process_2023,"Retrograde Vesicle-Mediated Transport, Golgi To Endoplasmic Reticulum (GO:0006890)",8,0,1.0,,1.0
GO_Biological_Process_2023,"Retrograde Transport, Vesicle Recycling Within Golgi (GO:0000301)",1,0,1.0,,1.0
GO_Biological_Process_2023,"Retrograde Transport, Endosome To Golgi (GO:0042147)",4,0,1.0,,1.0
GO_Biological_Process_2023,"Retrograde Protein Transport, ER To Cytosol (GO:0030970)",3,0,1.0,,1.0
GO_Biological_Process_2023,Retrograde Axonal Transport (GO:0008090),3,0,1.0,,1.0
GO_Biological_Process_2023,Retinoid Metabolic Process (GO:0001523),0,0,1.0,,1.0
GO_Biological_Process_2023,Reverse Cholesterol Transport (GO:0043691),0,0,1.0,,1.0
GO_Biological_Process_2023,Response To Alcohol (GO:0097305),1,0,1.0,,1.0
GO_Biological_Process_2023,Response To Acidic pH (GO:0010447),0,0,1.0,,1.0
GO_Biological_Process_2023,Response To X-ray (GO:0010165),0,0,1.0,,1.0
GO_Biological_Process_2023,Regulation Of Transcription Initiation By RNA Polymerase II (GO:0060260),25,2,0.3481728917071057,HNF1B;MED1,1.0
GO_Biological_Process_2023,Regulation Of Transcription From RNA Polymerase II Promoter In Response To Stress (GO:0043618),0,0,1.0,,1.0
GO_Biological_Process_2023,Regulation Of Transcription From RNA Polymerase II Promoter In Response To Hypoxia (GO:0061418),1,0,1.0,,1.0
GO_Biological_Process_2023,Regulation Of Transcription Elongation By RNA Polymerase II (GO:0034243),39,2,0.5789246014859304,INTS6;MED1,1.0
GO_Biological_Process_2023,Regulation Of Transcription By RNA Polymerase III (GO:0006359),8,0,1.0,,1.0
GO_Biological_Process_2023,Regulation Of Transcription By RNA Polymerase I (GO:0006356),10,0,1.0,,1.0
GO_Biological_Process_2023,Regulation Of Trans-Synaptic Signaling (GO:0099177),0,0,1.0,,1.0
GO_Biological_Process_2023,Regulation Of Transcription Involved In G1/S Transition Of Mitotic Cell Cycle (GO:0000083),3,0,1.0,,1.0
GO_Biological_Process_2023,Regulation Of Toll-Like Receptor Signaling Pathway (GO:0034121),1,0,1.0,,1.0
GO_Biological_Process_2023,Regulation Of Toll-Like Receptor 7 Signaling Pathway (GO:0034155),0,0,1.0,,1.0
GO_Biological_Process_2023,Regulation Of Toll-Like Receptor 4 Signaling Pathway (GO:0034143),0,0,1.0,,1.0
GO_Biological_Process_2023,Regulation Of Toll-Like Receptor 3 Signaling Pathway (GO:0034139),0,0,1.0,,1.0
GO_Biological_Process_2023,Regulation Of Toll-Like Receptor 2 Signaling Pathway (GO:0034135),0,0,1.0,,1.0
GO_Biological_Process_2023,Regulation Of Tissue Remodeling (GO:0034103),0,0,1.0,,1.0
GO_Biological_Process_2023,Regulation Of Thymocyte Apoptotic Process (GO:0070243),0,0,1.0,,1.0
GO_Biological_Process_2023,Regulation Of Telomere Maintenance Via Telomere Lengthening (GO:1904356),4,0,1.0,,1.0
GO_Biological_Process_2023,Regulation Of Toll-Like Receptor 9 Signaling Pathway (GO:0034163),1,0,1.0,,1.0
GO_Biological_Process_2023,Regulation Of Telomere Maintenance Via Telomerase (GO:0032210),18,1,0.5971631311985761,CTNNB1,1.0
GO_Biological_Process_2023,Regulation Of Transcription Of Nucleolar Large rRNA By RNA Polymerase I (GO:1901836),3,0,1.0,,1.0
GO_Biological_Process_2023,Regulation Of Transferase Activity (GO:0051338),1,0,1.0,,1.0
GO_Biological_Process_2023,Regulation Of Triglyceride Biosynthetic Process (GO:0010866),0,0,1.0,,1.0
GO_Biological_Process_2023,Regulation Of Transposition (GO:0010528),0,0,1.0,,1.0
GO_Biological_Process_2023,Regulation Of Transport (GO:0051049),2,0,1.0,,1.0
GO_Biological_Process_2023,Regulation Of Transmission Of Nerve Impulse (GO:0051969),0,0,1.0,,1.0
GO_Biological_Process_2023,Regulation Of Transmembrane Transporter Activity (GO:0022898),1,0,1.0,,1.0
GO_Biological_Process_2023,Regulation Of Transmembrane Transport (GO:0034762),1,0,1.0,,1.0
GO_Biological_Process_2023,Regulation Of Transmembrane Receptor Protein Serine/Threonine Kinase Signaling Pathway (GO:0090092),0,0,1.0,,1.0
GO_Biological_Process_2023,Regulation Of Transcription Regulatory Region DNA Binding (GO:2000677),2,0,1.0,,1.0
GO_Biological_Process_2023,Regulation Of Translational Termination (GO:0006449),2,0,1.0,,1.0
GO_Biological_Process_2023,Regulation Of Translation In Response To Endoplasmic Reticulum Stress (GO:0036490),1,0,1.0,,1.0
GO_Biological_Process_2023,Regulation Of Translation (GO:0006417),45,2,0.6584665469101543,DHFR;TYMS,1.0
GO_Biological_Process_2023,Regulation Of Transforming Growth Factor Beta2 Production (GO:0032909),0,0,1.0,,1.0
GO_Biological_Process_2023,Regulation Of Transforming Growth Factor Beta1 Production (GO:0032908),0,0,1.0,,1.0
GO_Biological_Process_2023,Regulation Of Transforming Growth Factor Beta Receptor Signaling Pathway (GO:0017015),7,1,0.2966459618332832,EP300,1.0
GO_Biological_Process_2023,Regulation Of Transforming Growth Factor Beta Production (GO:0071634),0,0,1.0,,1.0
GO_Biological_Process_2023,Regulation Of Transforming Growth Factor Beta Activation (GO:1901388),0,0,1.0,,1.0
GO_Biological_Process_2023,Regulation Of Translational Initiation (GO:0006446),16,0,1.0,,1.0
GO_Biological_Process_2023,Regulation Of Triglyceride Catabolic Process (GO:0010896),0,0,1.0,,1.0
GO_Biological_Process_2023,Regulation Of Telomere Maintenance In Response To DNA Damage (GO:1904505),2,0,1.0,,1.0
GO_Biological_Process_2023,Regulation Of Telomere Capping (GO:1904353),4,0,1.0,,1.0
GO_Biological_Process_2023,Regulation Of Stress-Activated Protein Kinase Signaling Cascade (GO:0070302),0,0,1.0,,1.0
GO_Biological_Process_2023,Regulation Of Stress-Activated MAPK Cascade (GO:0032872),4,1,0.18194134789770994,MYC,1.0
GO_Biological_Process_2023,Regulation Of Stress Granule Assembly (GO:0062028),0,0,1.0,,1.0
GO_Biological_Process_2023,Regulation Of Stress Fiber Assembly (GO:0051492),3,1,0.13976587961154743,FERMT2,1.0
GO_Biological_Process_2023,Regulation Of Store-Operated Calcium Entry (GO:2001256),0,0,1.0,,1.0
GO_Biological_Process_2023,Regulation Of Sterol Biosynthetic Process (GO:0106118),0,0,1.0,,1.0
GO_Biological_Process_2023,Regulation Of Steroid Metabolic Process (GO:0019218),0,0,1.0,,1.0
GO_Biological_Process_2023,Regulation Of Striated Muscle Cell Differentiation (GO:0051153),0,0,1.0,,1.0
GO_Biological_Process_2023,Regulation Of Steroid Biosynthetic Process (GO:0050810),0,0,1.0,,1.0
GO_Biological_Process_2023,Regulation Of Stem Cell Population Maintenance (GO:2000036),10,1,0.39550578556344795,MYC,1.0
GO_Biological_Process_2023,Regulation Of Stem Cell Division (GO:2000035),0,0,1.0,,1.0
GO_Biological_Process_2023,Regulation Of Stem Cell Differentiation (GO:2000736),7,0,1.0,,1.0
GO_Biological_Process_2023,Regulation Of Sprouting Angiogenesis (GO:1903670),2,0,1.0,,1.0
GO_Biological_Process_2023,Regulation Of Spindle Organization (GO:0090224),7,0,1.0,,1.0
GO_Biological_Process_2023,Regulation Of Spindle Assembly (GO:0090169),9,0,1.0,,1.0
GO_Biological_Process_2023,Regulation Of Sodium Ion Transport (GO:0002028),2,0,1.0,,1.0
GO_Biological_Process_2023,Regulation Of Stem Cell Proliferation (GO:0072091),1,0,1.0,,1.0
GO_Biological_Process_2023,Regulation Of Telomere Maintenance (GO:0032204),12,1,0.4536864944610995,MYC,1.0
GO_Biological_Process_2023,Regulation Of Striated Muscle Contraction (GO:0006942),0,0,1.0,,1.0
GO_Biological_Process_2023,Schwann Cell Development (GO:0014044),0,0,1.0,,1.0
GO_Biological_Process_2023,Regulation Of Telomerase Activity (GO:0051972),10,2,0.08218438755343886,CTNNB1;MYC,1.0
GO_Biological_Process_2023,Regulation Of Telomerase RNA Localization To Cajal Body (GO:1904872),11,0,1.0,,1.0
GO_Biological_Process_2023,Regulation Of Tau-Protein Kinase Activity (GO:1902947),0,0,1.0,,1.0
GO_Biological_Process_2023,Regulation Of Systemic Arterial Blood Pressure By Renin-Angiotensin (GO:0003081),0,0,1.0,,1.0
GO_Biological_Process_2023,Regulation Of Systemic Arterial Blood Pressure By Hormone (GO:0001990),0,0,1.0,,1.0
GO_Biological_Process_2023,Regulation Of Systemic Arterial Blood Pressure (GO:0003073),0,0,1.0,,1.0
GO_Biological_Process_2023,Regulation Of System Process (GO:0044057),0,0,1.0,,1.0
GO_Biological_Process_2023,Regulation Of Striated Muscle Tissue Development (GO:0016202),0,0,1.0,,1.0
GO_Biological_Process_2023,Regulation Of Synaptic Vesicle Exocytosis (GO:2000300),1,0,1.0,,1.0
GO_Biological_Process_2023,"Regulation Of Synaptic Transmission, GABAergic (GO:0032228)",0,0,1.0,,1.0
GO_Biological_Process_2023,Regulation Of Synapse Organization (GO:0050807),0,0,1.0,,1.0
GO_Biological_Process_2023,Regulation Of Synapse Maturation (GO:0090128),2,0,1.0,,1.0
GO_Biological_Process_2023,Regulation Of Synapse Assembly (GO:0051963),0,0,1.0,,1.0
GO_Biological_Process_2023,Regulation Of Supramolecular Fiber Organization (GO:1902903),1,0,1.0,,1.0
GO_Biological_Process_2023,SRP-dependent Cotranslational Protein Targeting To Membrane (GO:0006614),4,0,1.0,,1.0
GO_Biological_Process_2023,Regulation Of Superoxide Anion Generation (GO:0032928),1,0,1.0,,1.0
GO_Biological_Process_2023,"Regulation Of Synaptic Transmission, Glutamatergic (GO:0051966)",0,0,1.0,,1.0
GO_Biological_Process_2023,Regulation Of Triglyceride Metabolic Process (GO:0090207),0,0,1.0,,1.0
GO_Biological_Process_2023,Regulation Of Trophoblast Cell Migration (GO:1901163),0,0,1.0,,1.0
GO_Biological_Process_2023,Regulation Of Tube Diameter (GO:0035296),0,0,1.0,,1.0
GO_Biological_Process_2023,Renal Filtration (GO:0097205),0,0,1.0,,1.0
GO_Biological_Process_2023,Renal Absorption (GO:0070293),0,0,1.0,,1.0
GO_Biological_Process_2023,Removal Of Superoxide Radicals (GO:0019430),2,0,1.0,,1.0
GO_Biological_Process_2023,Release Of Sequestered Calcium Ion Into Cytosol By Sarcoplasmic Reticulum (GO:0014808),0,0,1.0,,1.0
GO_Biological_Process_2023,Release Of Sequestered Calcium Ion Into Cytosol By Endoplasmic Reticulum (GO:1903514),0,0,1.0,,1.0
GO_Biological_Process_2023,Release Of Sequestered Calcium Ion Into Cytosol (GO:0051209),2,0,1.0,,1.0
GO_Biological_Process_2023,Release Of Cytochrome C From Mitochondria (GO:0001836),3,1,0.13976587961154743,BCL2L1,1.0
GO_Biological_Process_2023,Renal Filtration Cell Differentiation (GO:0061318),0,0,1.0,,1.0
GO_Biological_Process_2023,Relaxation Of Muscle (GO:0090075),0,0,1.0,,1.0
GO_Biological_Process_2023,Regulatory ncRNA Processing (GO:0070918),2,0,1.0,,1.0
GO_Biological_Process_2023,"Regulation Of Wound Healing, Spreading Of Epidermal Cells (GO:1903689)",2,1,0.09545541870343885,FERMT2,1.0
GO_Biological_Process_2023,SREBP Signaling Pathway (GO:0032933),0,0,1.0,,1.0
GO_Biological_Process_2023,Regulation Of Voltage-Gated Sodium Channel Activity (GO:1905150),0,0,1.0,,1.0
GO_Biological_Process_2023,Regulation Of Voltage-Gated Calcium Channel Activity (GO:1901385),0,0,1.0,,1.0
GO_Biological_Process_2023,Regulation Of Vitamin D Receptor Signaling Pathway (GO:0070562),1,0,1.0,,1.0
GO_Biological_Process_2023,Regulation Of Vitamin D Biosynthetic Process (GO:0060556),0,0,1.0,,1.0
GO_Biological_Process_2023,Relaxation Of Cardiac Muscle (GO:0055119),0,0,1.0,,1.0
GO_Biological_Process_2023,Regulation Of Viral-Induced Cytoplasmic Pattern Recognition Receptor Signaling Pathway (GO:0039531),0,0,1.0,,1.0
GO_Biological_Process_2023,SNARE Complex Assembly (GO:0035493),0,0,1.0,,1.0
GO_Biological_Process_2023,Renal Water Homeostasis (GO:0003091),0,0,1.0,,1.0
GO_Biological_Process_2023,Response To UV-C (GO:0010225),0,0,1.0,,1.0
GO_Biological_Process_2023,Response To UV-B (GO:0010224),0,0,1.0,,1.0
GO_Biological_Process_2023,SMAD Protein Complex Assembly (GO:0007183),1,0,1.0,,1.0
GO_Biological_Process_2023,Response To DNA Damage Checkpoint Signaling (GO:0072423),1,0,1.0,,1.0
GO_Biological_Process_2023,Response To BMP (GO:0071772),0,0,1.0,,1.0
GO_Biological_Process_2023,Response To ATP (GO:0033198),0,0,1.0,,1.0
GO_Biological_Process_2023,Respiratory Tube Development (GO:0030323),1,0,1.0,,1.0
GO_Biological_Process_2023,Renal System Process Involved In Regulation Of Blood Volume (GO:0001977),0,0,1.0,,1.0
GO_Biological_Process_2023,Respiratory System Development (GO:0060541),1,0,1.0,,1.0
GO_Biological_Process_2023,Respiratory Chain Complex IV Assembly (GO:0008535),1,0,1.0,,1.0
GO_Biological_Process_2023,Respiratory Chain Complex III Assembly (GO:0017062),0,0,1.0,,1.0
GO_Biological_Process_2023,Resolution Of Recombination Intermediates (GO:0071139),1,0,1.0,,1.0
GO_Biological_Process_2023,Resolution Of Meiotic Recombination Intermediates (GO:0000712),1,0,1.0,,1.0
GO_Biological_Process_2023,Rescue Of Stalled Ribosome (GO:0072344),2,0,1.0,,1.0
GO_Biological_Process_2023,Reproductive System Development (GO:0061458),0,0,1.0,,1.0
GO_Biological_Process_2023,Replication Fork Processing (GO:0031297),12,0,1.0,,1.0
GO_Biological_Process_2023,SMAD Protein Signal Transduction (GO:0060395),2,0,1.0,,1.0
GO_Biological_Process_2023,Regulation Of Viral Transcription (GO:0046782),1,0,1.0,,1.0
GO_Biological_Process_2023,Regulation Of Viral Life Cycle (GO:1903900),0,0,1.0,,1.0
GO_Biological_Process_2023,Regulation Of Viral Genome Replication (GO:0045069),6,0,1.0,,1.0
GO_Biological_Process_2023,Regulation Of Urine Volume (GO:0035809),0,0,1.0,,1.0
GO_Biological_Process_2023,Regulation Of Ubiquitin-Protein Transferase Activity (GO:0051438),9,0,1.0,,1.0
GO_Biological_Process_2023,Regulation Of Ubiquitin-Dependent Protein Catabolic Process (GO:2000058),6,1,0.26028719693696456,PTK2,1.0
GO_Biological_Process_2023,Regulation Of Ubiquitin Protein Ligase Activity (GO:1904666),10,0,1.0,,1.0
GO_Biological_Process_2023,Regulation Of Tyrosine Phosphorylation Of STAT Protein (GO:0042509),2,0,1.0,,1.0
GO_Biological_Process_2023,Regulation Of Type II Interferon-Mediated Signaling Pathway (GO:0060334),1,0,1.0,,1.0
GO_Biological_Process_2023,Regulation Of Type II Interferon Production (GO:0032649),2,0,1.0,,1.0
GO_Biological_Process_2023,Regulation Of Vacuole Organization (GO:0044088),0,0,1.0,,1.0
GO_Biological_Process_2023,Regulation Of Type I Interferon-Mediated Signaling Pathway (GO:0060338),2,0,1.0,,1.0
GO_Biological_Process_2023,Regulation Of Type B Pancreatic Cell Proliferation (GO:0061469),0,0,1.0,,1.0
GO_Biological_Process_2023,Regulation Of Type B Pancreatic Cell Development (GO:2000074),0,0,1.0,,1.0
GO_Biological_Process_2023,Regulation Of Type 2 Immune Response (GO:0002828),0,0,1.0,,1.0
GO_Biological_Process_2023,Regulation Of Tumor Necrosis Factor-Mediated Signaling Pathway (GO:0010803),2,0,1.0,,1.0
GO_Biological_Process_2023,Regulation Of Tumor Necrosis Factor Superfamily Cytokine Production (GO:1903555),0,0,1.0,,1.0
GO_Biological_Process_2023,Regulation Of Tumor Necrosis Factor Production (GO:0032680),4,0,1.0,,1.0
GO_Biological_Process_2023,Regulation Of Tubulin Deacetylation (GO:0090043),3,1,0.13976587961154743,EP300,1.0
GO_Biological_Process_2023,Regulation Of Type I Interferon Production (GO:0032479),9,0,1.0,,1.0
GO_Biological_Process_2023,Regulation Of Vascular Associated Smooth Muscle Cell Apoptotic Process (GO:1905459),1,0,1.0,,1.0
GO_Biological_Process_2023,Regulation Of Vascular Associated Smooth Muscle Cell Differentiation (GO:1905063),0,0,1.0,,1.0
GO_Biological_Process_2023,Regulation Of Vascular Associated Smooth Muscle Cell Migration (GO:1904752),0,0,1.0,,1.0
GO_Biological_Process_2023,Regulation Of Viral Entry Into Host Cell (GO:0046596),2,0,1.0,,1.0
GO_Biological_Process_2023,Regulation Of Vesicle-Mediated Transport (GO:0060627),4,1,0.18194134789770994,AP2S1,1.0
GO_Biological_Process_2023,Regulation Of Vesicle Size (GO:0097494),1,0,1.0,,1.0
GO_Biological_Process_2023,Regulation Of Vesicle Fusion (GO:0031338),0,0,1.0,,1.0
GO_Biological_Process_2023,Regulation Of Very-Low-Density Lipoprotein Particle Remodeling (GO:0010901),0,0,1.0,,1.0
GO_Biological_Process_2023,Regulation Of Ventricular Cardiac Muscle Cell Membrane Repolarization (GO:0060307),0,0,1.0,,1.0
GO_Biological_Process_2023,Regulation Of Ventricular Cardiac Muscle Cell Membrane Depolarization (GO:0060373),0,0,1.0,,1.0
GO_Biological_Process_2023,Regulation Of Ventricular Cardiac Muscle Cell Action Potential (GO:0098911),0,0,1.0,,1.0
GO_Biological_Process_2023,Regulation Of Vasoconstriction (GO:0019229),0,0,1.0,,1.0
GO_Biological_Process_2023,Regulation Of Vasculogenesis (GO:2001212),0,0,1.0,,1.0
GO_Biological_Process_2023,Regulation Of Vasculature Development (GO:1901342),2,1,0.09545541870343885,CTNNB1,1.0
GO_Biological_Process_2023,Regulation Of Vascular Wound Healing (GO:0061043),0,0,1.0,,1.0
GO_Biological_Process_2023,Regulation Of Vascular Endothelial Growth Factor Signaling Pathway (GO:1900746),0,0,1.0,,1.0
GO_Biological_Process_2023,Regulation Of Vascular Endothelial Growth Factor Receptor Signaling Pathway (GO:0030947),0,0,1.0,,1.0
GO_Biological_Process_2023,Regulation Of Vascular Endothelial Growth Factor Production (GO:0010574),1,0,1.0,,1.0
GO_Biological_Process_2023,Regulation Of Vascular Endothelial Cell Proliferation (GO:1905562),1,0,1.0,,1.0
GO_Biological_Process_2023,Regulation Of Vascular Associated Smooth Muscle Cell Proliferation (GO:1904705),1,0,1.0,,1.0
GO_Biological_Process_2023,Regulation Of Sodium Ion Transmembrane Transport (GO:1902305),0,0,1.0,,1.0
GO_Biological_Process_2023,Positive Regulation Of Insulin Secretion (GO:0032024),1,0,1.0,,1.0
GO_Biological_Process_2023,Positive Regulation Of Immune Effector Process (GO:0002699),2,0,1.0,,1.0
GO_Biological_Process_2023,Positive Regulation Of Inositol Phosphate Biosynthetic Process (GO:0060732),1,0,1.0,,1.0
GO_Biological_Process_2023,Insulin Secretion (GO:0030073),0,0,1.0,,1.0
GO_Biological_Process_2023,Axo-Dendritic Transport (GO:0008088),0,0,1.0,,1.0
GO_Biological_Process_2023,Insulin Processing (GO:0030070),0,0,1.0,,1.0
GO_Biological_Process_2023,Insulin Metabolic Process (GO:1901142),0,0,1.0,,1.0
GO_Biological_Process_2023,Inositol Phosphate-Mediated Signaling (GO:0048016),1,0,1.0,,1.0
GO_Biological_Process_2023,Inositol Phosphate Metabolic Process (GO:0043647),0,0,1.0,,1.0
GO_Biological_Process_2023,Inositol Phosphate Biosynthetic Process (GO:0032958),0,0,1.0,,1.0
GO_Biological_Process_2023,Insulin Secretion Involved In Cellular Response To Glucose Stimulus (GO:0035773),0,0,1.0,,1.0
GO_Biological_Process_2023,Inositol Metabolic Process (GO:0006020),0,0,1.0,,1.0
GO_Biological_Process_2023,Inorganic Cation Transmembrane Transport (GO:0098662),16,2,0.18217839641731962,ATP1B3;TRPM7,1.0
GO_Biological_Process_2023,Inorganic Cation Import Across Plasma Membrane (GO:0098659),2,1,0.09545541870343885,ATP1B3,1.0
GO_Biological_Process_2023,Inorganic Anion Transport (GO:0015698),1,0,1.0,,1.0
GO_Biological_Process_2023,Inorganic Anion Transmembrane Transport (GO:0098661),0,0,1.0,,1.0
GO_Biological_Process_2023,Inner Mitochondrial Membrane Organization (GO:0007007),5,0,1.0,,1.0
GO_Biological_Process_2023,Inner Ear Receptor Cell Stereocilium Organization (GO:0060122),1,0,1.0,,1.0
GO_Biological_Process_2023,Inner Ear Receptor Cell Differentiation (GO:0060113),0,0,1.0,,1.0
GO_Biological_Process_2023,Inositol Lipid-Mediated Signaling (GO:0048017),2,0,1.0,,1.0
GO_Biological_Process_2023,Inner Ear Receptor Cell Development (GO:0060119),0,0,1.0,,1.0
GO_Biological_Process_2023,Insulin-Like Growth Factor Receptor Signaling Pathway (GO:0048009),0,0,1.0,,1.0
GO_Biological_Process_2023,Axo-Dendritic Protein Transport (GO:0099640),0,0,1.0,,1.0
GO_Biological_Process_2023,Intermembrane Lipid Transfer (GO:0120009),0,0,1.0,,1.0
GO_Biological_Process_2023,Intermediate Filament Organization (GO:0045109),0,0,1.0,,1.0
GO_Biological_Process_2023,Intermediate Filament Bundle Assembly (GO:0045110),0,0,1.0,,1.0
GO_Biological_Process_2023,Interleukin-9-Mediated Signaling Pathway (GO:0038113),0,0,1.0,,1.0
GO_Biological_Process_2023,Interleukin-6-Mediated Signaling Pathway (GO:0070102),0,0,1.0,,1.0
GO_Biological_Process_2023,Interleukin-5-Mediated Signaling Pathway (GO:0038043),0,0,1.0,,1.0
GO_Biological_Process_2023,Interleukin-4-Mediated Signaling Pathway (GO:0035771),0,0,1.0,,1.0
GO_Biological_Process_2023,Integrated Stress Response Signaling (GO:0140467),1,0,1.0,,1.0
GO_Biological_Process_2023,Interleukin-3-Mediated Signaling Pathway (GO:0038156),0,0,1.0,,1.0
GO_Biological_Process_2023,Interleukin-2-Mediated Signaling Pathway (GO:0038110),0,0,1.0,,1.0
GO_Biological_Process_2023,interleukin-17A-mediated Signaling Pathway (GO:0038173),0,0,1.0,,1.0
GO_Biological_Process_2023,Interleukin-15-Mediated Signaling Pathway (GO:0035723),0,0,1.0,,1.0
GO_Biological_Process_2023,Interleukin-12-Mediated Signaling Pathway (GO:0035722),0,0,1.0,,1.0
GO_Biological_Process_2023,Interleukin-1-Mediated Signaling Pathway (GO:0070498),0,0,1.0,,1.0
GO_Biological_Process_2023,Interferon-Mediated Signaling Pathway (GO:0140888),1,0,1.0,,1.0
GO_Biological_Process_2023,Autophagy Of Peroxisome (GO:0030242),1,0,1.0,,1.0
GO_Biological_Process_2023,Interleukin-27-Mediated Signaling Pathway (GO:0070106),0,0,1.0,,1.0
GO_Biological_Process_2023,Internal Peptidyl-Lysine Acetylation (GO:0018393),8,1,0.3312469238465738,EP300,1.0
GO_Biological_Process_2023,Axon Development (GO:0061564),4,1,0.18194134789770994,DHFR,1.0
GO_Biological_Process_2023,Innate Immune Response-Activating Signaling Pathway (GO:0002758),0,0,1.0,,1.0
GO_Biological_Process_2023,Icosanoid Secretion (GO:0032309),0,0,1.0,,1.0
GO_Biological_Process_2023,Icosanoid Metabolic Process (GO:0006690),1,0,1.0,,1.0
GO_Biological_Process_2023,Icosanoid Biosynthetic Process (GO:0046456),0,0,1.0,,1.0
GO_Biological_Process_2023,Hypotonic Response (GO:0006971),0,0,1.0,,1.0
GO_Biological_Process_2023,Hyperosmotic Response (GO:0006972),0,0,1.0,,1.0
GO_Biological_Process_2023,Hydrogen Peroxide Catabolic Process (GO:0042744),0,0,1.0,,1.0
GO_Biological_Process_2023,Hydrogen Peroxide Biosynthetic Process (GO:0050665),1,0,1.0,,1.0
GO_Biological_Process_2023,Icosanoid Transport (GO:0071715),0,0,1.0,,1.0
GO_Biological_Process_2023,Hyaluronan Metabolic Process (GO:0030212),0,0,1.0,,1.0
GO_Biological_Process_2023,Hyaluronan Biosynthetic Process (GO:0030213),0,0,1.0,,1.0
GO_Biological_Process_2023,Humoral Immune Response Mediated By Circulating Immunoglobulin (GO:0002455),0,0,1.0,,1.0
GO_Biological_Process_2023,Hormone Transport (GO:0009914),0,0,1.0,,1.0
GO_Biological_Process_2023,Homotypic Cell-Cell Adhesion (GO:0034109),1,0,1.0,,1.0
GO_Biological_Process_2023,Homophilic Cell Adhesion Via Plasma Membrane Adhesion Molecules (GO:0007156),0,0,1.0,,1.0
GO_Biological_Process_2023,Homologous Recombination (GO:0035825),2,0,1.0,,1.0
GO_Biological_Process_2023,Homologous Chromosome Segregation (GO:0045143),0,0,1.0,,1.0
GO_Biological_Process_2023,Hyaluronan Catabolic Process (GO:0030214),0,0,1.0,,1.0
GO_Biological_Process_2023,Inner Dynein Arm Assembly (GO:0036159),0,0,1.0,,1.0
GO_Biological_Process_2023,Immune Response-Activating Cell Surface Receptor Signaling Pathway (GO:0002429),0,0,1.0,,1.0
GO_Biological_Process_2023,Immune Response-Regulating Cell Surface Receptor Signaling Pathway (GO:0002768),0,0,1.0,,1.0
GO_Biological_Process_2023,Innate Immune Response In Mucosa (GO:0002227),2,0,1.0,,1.0
GO_Biological_Process_2023,Inhibitory Synapse Assembly (GO:1904862),0,0,1.0,,1.0
GO_Biological_Process_2023,Inhibitory Postsynaptic Potential (GO:0060080),0,0,1.0,,1.0
GO_Biological_Process_2023,Inhibition Of Cysteine-Type Endopeptidase Activity (GO:0097340),0,0,1.0,,1.0
GO_Biological_Process_2023,Inflammatory Response To Wounding (GO:0090594),0,0,1.0,,1.0
GO_Biological_Process_2023,Inflammatory Response (GO:0006954),2,0,1.0,,1.0
GO_Biological_Process_2023,Induction Of Positive Chemotaxis (GO:0050930),0,0,1.0,,1.0
GO_Biological_Process_2023,Immune Response-Inhibiting Cell Surface Receptor Signaling Pathway (GO:0002767),0,0,1.0,,1.0
GO_Biological_Process_2023,Induction Of Bacterial Agglutination (GO:0043152),0,0,1.0,,1.0
GO_Biological_Process_2023,In Utero Embryonic Development (GO:0001701),1,0,1.0,,1.0
GO_Biological_Process_2023,Import Into Nucleus (GO:0051170),23,1,0.6878703036636113,CDAN1,1.0
GO_Biological_Process_2023,Import Into Cell (GO:0098657),0,0,1.0,,1.0
GO_Biological_Process_2023,Immunological Synapse Formation (GO:0001771),0,0,1.0,,1.0
GO_Biological_Process_2023,Immunoglobulin Production Involved In Immunoglobulin-Mediated Immune Response (GO:0002381),1,0,1.0,,1.0
GO_Biological_Process_2023,Immunoglobulin Mediated Immune Response (GO:0016064),0,0,1.0,,1.0
GO_Biological_Process_2023,Immunoglobulin V(D)J Recombination (GO:0033152),1,0,1.0,,1.0
GO_Biological_Process_2023,Inclusion Body Assembly (GO:0070841),0,0,1.0,,1.0
GO_Biological_Process_2023,Internal Protein Amino Acid Acetylation (GO:0006475),2,1,0.09545541870343885,EP300,1.0
GO_Biological_Process_2023,Interstrand Cross-Link Repair (GO:0036297),3,0,1.0,,1.0
GO_Biological_Process_2023,Intestinal Absorption (GO:0050892),0,0,1.0,,1.0
GO_Biological_Process_2023,Killing By Host Of Symbiont Cells (GO:0051873),2,0,1.0,,1.0
GO_Biological_Process_2023,Kidney Morphogenesis (GO:0060993),0,0,1.0,,1.0
GO_Biological_Process_2023,Kidney Mesenchyme Development (GO:0072074),0,0,1.0,,1.0
GO_Biological_Process_2023,Autophagosome Assembly (GO:0000045),3,0,1.0,,1.0
GO_Biological_Process_2023,Autophagosome Maturation (GO:0097352),8,0,1.0,,1.0
GO_Biological_Process_2023,Ketone Body Metabolic Process (GO:1902224),0,0,1.0,,1.0
GO_Biological_Process_2023,Ketone Body Biosynthetic Process (GO:0046951),0,0,1.0,,1.0
GO_Biological_Process_2023,Kinetochore Assembly (GO:0051382),1,0,1.0,,1.0
GO_Biological_Process_2023,Ketone Biosynthetic Process (GO:0042181),1,0,1.0,,1.0
GO_Biological_Process_2023,Autophagosome Membrane Docking (GO:0016240),2,0,1.0,,1.0
GO_Biological_Process_2023,Keratan Sulfate Metabolic Process (GO:0042339),0,0,1.0,,1.0
GO_Biological_Process_2023,Keratan Sulfate Biosynthetic Process (GO:0018146),0,0,1.0,,1.0
GO_Biological_Process_2023,Isotype Switching (GO:0045190),3,0,1.0,,1.0
GO_Biological_Process_2023,Isoprenoid Metabolic Process (GO:0006720),2,0,1.0,,1.0
GO_Biological_Process_2023,Isoprenoid Biosynthetic Process (GO:0008299),3,0,1.0,,1.0
GO_Biological_Process_2023,Isoleucine Metabolic Process (GO:0006549),0,0,1.0,,1.0
GO_Biological_Process_2023,Keratinocyte Proliferation (GO:0043616),0,0,1.0,,1.0
GO_Biological_Process_2023,Iron-Sulfur Cluster Assembly (GO:0016226),11,0,1.0,,1.0
GO_Biological_Process_2023,Kinetochore Organization (GO:0051383),2,0,1.0,,1.0
GO_Biological_Process_2023,Lactate Metabolic Process (GO:0006089),0,0,1.0,,1.0
GO_Biological_Process_2023,Leukocyte Adhesion To Vascular Endothelial Cell (GO:0061756),0,0,1.0,,1.0
GO_Biological_Process_2023,Leucine Transport (GO:0015820),0,0,1.0,,1.0
GO_Biological_Process_2023,Leucine Metabolic Process (GO:0006551),0,0,1.0,,1.0
GO_Biological_Process_2023,Leptin-Mediated Signaling Pathway (GO:0033210),0,0,1.0,,1.0
GO_Biological_Process_2023,Lens Fiber Cell Differentiation (GO:0070306),0,0,1.0,,1.0
GO_Biological_Process_2023,Lens Fiber Cell Development (GO:0070307),0,0,1.0,,1.0
GO_Biological_Process_2023,Left/Right Pattern Formation (GO:0060972),0,0,1.0,,1.0
GO_Biological_Process_2023,Kynurenine Metabolic Process (GO:0070189),0,0,1.0,,1.0
GO_Biological_Process_2023,Learning (GO:0007612),0,0,1.0,,1.0
GO_Biological_Process_2023,Late Nucleophagy (GO:0044805),0,0,1.0,,1.0
GO_Biological_Process_2023,Late Endosome To Vacuole Transport Via Multivesicular Body Sorting Pathway (GO:0032511),7,0,1.0,,1.0
GO_Biological_Process_2023,Late Endosome To Vacuole Transport (GO:0045324),3,0,1.0,,1.0
GO_Biological_Process_2023,Late Endosome To Lysosome Transport (GO:1902774),4,0,1.0,,1.0
GO_Biological_Process_2023,Lamellipodium Organization (GO:0097581),0,0,1.0,,1.0
GO_Biological_Process_2023,Lamellipodium Assembly (GO:0030032),0,0,1.0,,1.0
GO_Biological_Process_2023,Lactation (GO:0007595),0,0,1.0,,1.0
GO_Biological_Process_2023,Learned Vocalization Behavior Or Vocal Learning (GO:0098598),0,0,1.0,,1.0
GO_Biological_Process_2023,Autophagosome Organization (GO:1905037),3,0,1.0,,1.0
GO_Biological_Process_2023,Iron Ion Transmembrane Transport (GO:0034755),1,0,1.0,,1.0
GO_Biological_Process_2023,Iron Coordination Entity Transport (GO:1901678),0,0,1.0,,1.0
GO_Biological_Process_2023,Intracellular pH Reduction (GO:0051452),7,0,1.0,,1.0
GO_Biological_Process_2023,Intracellular pH Elevation (GO:0051454),0,0,1.0,,1.0
GO_Biological_Process_2023,Intracellular Oxygen Homeostasis (GO:0032364),2,0,1.0,,1.0
GO_Biological_Process_2023,Intracellular Monoatomic Ion Homeostasis (GO:0006873),1,0,1.0,,1.0
GO_Biological_Process_2023,Autophagy Of Nucleus (GO:0044804),0,0,1.0,,1.0
GO_Biological_Process_2023,Intracellular Lipid Transport (GO:0032365),0,0,1.0,,1.0
GO_Biological_Process_2023,Intracellular Iron Ion Homeostasis (GO:0006879),10,2,0.08218438755343886,MYC;TFRC,1.0
GO_Biological_Process_2023,Intracellular Phosphate Ion Homeostasis (GO:0030643),0,0,1.0,,1.0
GO_Biological_Process_2023,Intracellular Glucose Homeostasis (GO:0001678),2,0,1.0,,1.0
GO_Biological_Process_2023,Intracellular Copper Ion Homeostasis (GO:0006878),0,0,1.0,,1.0
GO_Biological_Process_2023,Intracellular Cholesterol Transport (GO:0032367),0,0,1.0,,1.0
GO_Biological_Process_2023,Intracellular Calcium Ion Homeostasis (GO:0006874),5,0,1.0,,1.0
GO_Biological_Process_2023,intra-Golgi Vesicle-Mediated Transport (GO:0006891),12,0,1.0,,1.0
GO_Biological_Process_2023,Intestinal Lipid Absorption (GO:0098856),0,0,1.0,,1.0
GO_Biological_Process_2023,Intestinal Epithelial Cell Differentiation (GO:0060575),0,0,1.0,,1.0
GO_Biological_Process_2023,Intestinal Cholesterol Absorption (GO:0030299),0,0,1.0,,1.0
GO_Biological_Process_2023,Intracellular Estrogen Receptor Signaling Pathway (GO:0030520),1,0,1.0,,1.0
GO_Biological_Process_2023,Intracellular Potassium Ion Homeostasis (GO:0030007),2,1,0.09545541870343885,ATP1B3,1.0
GO_Biological_Process_2023,Intracellular Protein Transmembrane Transport (GO:0065002),11,0,1.0,,1.0
GO_Biological_Process_2023,Intracellular Protein Transport (GO:0006886),50,0,1.0,,1.0
GO_Biological_Process_2023,Ionotropic Glutamate Receptor Signaling Pathway (GO:0035235),0,0,1.0,,1.0
GO_Biological_Process_2023,Intrinsic Apoptotic Signaling Pathway In Response To Oxidative Stress (GO:0008631),0,0,1.0,,1.0
GO_Biological_Process_2023,Intrinsic Apoptotic Signaling Pathway In Response To Endoplasmic Reticulum Stress (GO:0070059),0,0,1.0,,1.0
GO_Biological_Process_2023,Intrinsic Apoptotic Signaling Pathway In Response To DNA Damage By P53 Class Mediator (GO:0042771),2,1,0.09545541870343885,EP300,1.0
GO_Biological_Process_2023,Autophagosome-Lysosome Fusion (GO:0061909),0,0,1.0,,1.0
GO_Biological_Process_2023,Intrinsic Apoptotic Signaling Pathway By P53 Class Mediator (GO:0072332),2,1,0.09545541870343885,EP300,1.0
GO_Biological_Process_2023,Autophagy Of Mitochondrion (GO:0000422),2,0,1.0,,1.0
GO_Biological_Process_2023,Intraciliary Transport Involved In Cilium Assembly (GO:0035735),0,0,1.0,,1.0
GO_Biological_Process_2023,Intraciliary Retrograde Transport (GO:0035721),0,0,1.0,,1.0
GO_Biological_Process_2023,Intraciliary Anterograde Transport (GO:0035720),0,0,1.0,,1.0
GO_Biological_Process_2023,Intracellular Zinc Ion Homeostasis (GO:0006882),1,0,1.0,,1.0
GO_Biological_Process_2023,Intracellular Water Homeostasis (GO:0009992),0,0,1.0,,1.0
GO_Biological_Process_2023,Intracellular Triglyceride Homeostasis (GO:0035356),0,0,1.0,,1.0
GO_Biological_Process_2023,Intracellular Sterol Transport (GO:0032366),0,0,1.0,,1.0
GO_Biological_Process_2023,Intracellular Steroid Hormone Receptor Signaling Pathway (GO:0030518),3,1,0.13976587961154743,MED1,1.0
GO_Biological_Process_2023,Intracellular Sodium Ion Homeostasis (GO:0006883),2,1,0.09545541870343885,ATP1B3,1.0
GO_Biological_Process_2023,Intracellular Sequestering Of Iron Ion (GO:0006880),0,0,1.0,,1.0
GO_Biological_Process_2023,Homologous Chromosome Pairing At Meiosis (GO:0007129),0,0,1.0,,1.0
GO_Biological_Process_2023,Leukocyte Aggregation (GO:0070486),0,0,1.0,,1.0
GO_Biological_Process_2023,Homocysteine Metabolic Process (GO:0050667),0,0,1.0,,1.0
GO_Biological_Process_2023,Histone Monoubiquitination (GO:0010390),1,0,1.0,,1.0
GO_Biological_Process_2023,Glycerol-3-Phosphate Metabolic Process (GO:0006072),0,0,1.0,,1.0
GO_Biological_Process_2023,Glycerol Transmembrane Transport (GO:0015793),0,0,1.0,,1.0
GO_Biological_Process_2023,Glycerol Metabolic Process (GO:0006071),1,0,1.0,,1.0
GO_Biological_Process_2023,Glycerol Ether Biosynthetic Process (GO:0046504),0,0,1.0,,1.0
GO_Biological_Process_2023,Glutathione Catabolic Process (GO:0006751),0,0,1.0,,1.0
GO_Biological_Process_2023,Glutathione Biosynthetic Process (GO:0006750),0,0,1.0,,1.0
GO_Biological_Process_2023,Glutamine Transport (GO:0006868),0,0,1.0,,1.0
GO_Biological_Process_2023,Glycerolipid Catabolic Process (GO:0046503),0,0,1.0,,1.0
GO_Biological_Process_2023,Glutamine Metabolic Process (GO:0006541),0,0,1.0,,1.0
GO_Biological_Process_2023,Glutamine Family Amino Acid Biosynthetic Process (GO:0009084),0,0,1.0,,1.0
GO_Biological_Process_2023,Glutamate Receptor Signaling Pathway (GO:0007215),0,0,1.0,,1.0
GO_Biological_Process_2023,Axonal Fasciculation (GO:0007413),0,0,1.0,,1.0
GO_Biological_Process_2023,Glutamate Catabolic Process (GO:0006538),0,0,1.0,,1.0
GO_Biological_Process_2023,Glucuronate Metabolic Process (GO:0019585),0,0,1.0,,1.0
GO_Biological_Process_2023,Glucose Transmembrane Transport (GO:1904659),1,0,1.0,,1.0
GO_Biological_Process_2023,Glucose Metabolic Process (GO:0006006),4,0,1.0,,1.0
GO_Biological_Process_2023,Glutamine Family Amino Acid Catabolic Process (GO:0009065),0,0,1.0,,1.0
GO_Biological_Process_2023,Glucose Import (GO:0046323),1,0,1.0,,1.0
GO_Biological_Process_2023,Glycerolipid Metabolic Process (GO:0046486),0,0,1.0,,1.0
GO_Biological_Process_2023,Glycerophospholipid Catabolic Process (GO:0046475),0,0,1.0,,1.0
GO_Biological_Process_2023,Glycosaminoglycan Metabolic Process (GO:0030203),0,0,1.0,,1.0
GO_Biological_Process_2023,Glycosaminoglycan Catabolic Process (GO:0006027),0,0,1.0,,1.0
GO_Biological_Process_2023,Glycosaminoglycan Biosynthetic Process (GO:0006024),0,0,1.0,,1.0
GO_Biological_Process_2023,Glycoprotein Metabolic Process (GO:0009100),0,0,1.0,,1.0
GO_Biological_Process_2023,Glycoprotein Catabolic Process (GO:0006516),0,0,1.0,,1.0
GO_Biological_Process_2023,Glycoprotein Biosynthetic Process (GO:0009101),5,0,1.0,,1.0
GO_Biological_Process_2023,Glycolytic Process (GO:0006096),5,0,1.0,,1.0
GO_Biological_Process_2023,Glycerophospholipid Biosynthetic Process (GO:0046474),5,0,1.0,,1.0
GO_Biological_Process_2023,Glycolipid Transport (GO:0046836),0,0,1.0,,1.0
GO_Biological_Process_2023,Glycolipid Biosynthetic Process (GO:0009247),0,0,1.0,,1.0
GO_Biological_Process_2023,Glycogen Metabolic Process (GO:0005977),0,0,1.0,,1.0
GO_Biological_Process_2023,Glycogen Catabolic Process (GO:0005980),0,0,1.0,,1.0
GO_Biological_Process_2023,Glycogen Biosynthetic Process (GO:0005978),0,0,1.0,,1.0
GO_Biological_Process_2023,Glycine Transport (GO:0015816),0,0,1.0,,1.0
GO_Biological_Process_2023,Glycine Metabolic Process (GO:0006544),0,0,1.0,,1.0
GO_Biological_Process_2023,Glycerophospholipid Metabolic Process (GO:0006650),1,0,1.0,,1.0
GO_Biological_Process_2023,Glycolipid Metabolic Process (GO:0006664),0,0,1.0,,1.0
GO_Biological_Process_2023,Glycoside Catabolic Process (GO:0016139),0,0,1.0,,1.0
GO_Biological_Process_2023,Glucose Homeostasis (GO:0042593),2,0,1.0,,1.0
GO_Biological_Process_2023,Glucosamine-Containing Compound Metabolic Process (GO:1901071),0,0,1.0,,1.0
GO_Biological_Process_2023,Gastrulation (GO:0007369),0,0,1.0,,1.0
GO_Biological_Process_2023,Gas Transport (GO:0015669),1,0,1.0,,1.0
GO_Biological_Process_2023,Gap Junction Assembly (GO:0016264),0,0,1.0,,1.0
GO_Biological_Process_2023,Ganglioside Metabolic Process (GO:0001573),0,0,1.0,,1.0
GO_Biological_Process_2023,Ganglioside Catabolic Process (GO:0006689),0,0,1.0,,1.0
GO_Biological_Process_2023,Ganglioside Biosynthetic Process (GO:0001574),0,0,1.0,,1.0
GO_Biological_Process_2023,Axoneme Assembly (GO:0035082),1,0,1.0,,1.0
GO_Biological_Process_2023,Gene Expression (GO:0010467),135,0,1.0,,1.0
GO_Biological_Process_2023,Gamma-Delta T Cell Activation (GO:0046629),0,0,1.0,,1.0
GO_Biological_Process_2023,Gamma-Aminobutyric Acid Signaling Pathway (GO:0007214),0,0,1.0,,1.0
GO_Biological_Process_2023,Gamma-Aminobutyric Acid Metabolic Process (GO:0009448),0,0,1.0,,1.0
GO_Biological_Process_2023,Galactosylceramide Metabolic Process (GO:0006681),0,0,1.0,,1.0
GO_Biological_Process_2023,Galactosylceramide Biosynthetic Process (GO:0006682),0,0,1.0,,1.0
GO_Biological_Process_2023,Galactose Metabolic Process (GO:0006012),0,0,1.0,,1.0
GO_Biological_Process_2023,Galactolipid Biosynthetic Process (GO:0019375),0,0,1.0,,1.0
GO_Biological_Process_2023,Fucose Catabolic Process (GO:0019317),0,0,1.0,,1.0
GO_Biological_Process_2023,Gamma-Aminobutyric Acid Transport (GO:0015812),0,0,1.0,,1.0
GO_Biological_Process_2023,Glucose 6-Phosphate Metabolic Process (GO:0051156),1,0,1.0,,1.0
GO_Biological_Process_2023,Axonemal Dynein Complex Assembly (GO:0070286),1,0,1.0,,1.0
GO_Biological_Process_2023,Gland Development (GO:0048732),3,1,0.13976587961154743,PAX8,1.0
GO_Biological_Process_2023,Glucosamine-Containing Compound Catabolic Process (GO:1901072),0,0,1.0,,1.0
GO_Biological_Process_2023,Gluconeogenesis (GO:0006094),4,0,1.0,,1.0
GO_Biological_Process_2023,Glucocorticoid Metabolic Process (GO:0008211),0,0,1.0,,1.0
GO_Biological_Process_2023,Glucocorticoid Biosynthetic Process (GO:0006704),0,0,1.0,,1.0
GO_Biological_Process_2023,Glucan Metabolic Process (GO:0044042),0,0,1.0,,1.0
GO_Biological_Process_2023,Glucan Catabolic Process (GO:0009251),0,0,1.0,,1.0
GO_Biological_Process_2023,Glucan Biosynthetic Process (GO:0009250),0,0,1.0,,1.0
GO_Biological_Process_2023,Genitalia Development (GO:0048806),1,0,1.0,,1.0
GO_Biological_Process_2023,Glomerulus Vasculature Development (GO:0072012),0,0,1.0,,1.0
GO_Biological_Process_2023,Glomerular Epithelial Cell Differentiation (GO:0072311),0,0,1.0,,1.0
GO_Biological_Process_2023,Glomerular Epithelial Cell Development (GO:0072310),0,0,1.0,,1.0
GO_Biological_Process_2023,Axonal Transport (GO:0098930),3,0,1.0,,1.0
GO_Biological_Process_2023,Glial Cell Differentiation (GO:0010001),2,1,0.09545541870343885,SOX10,1.0
GO_Biological_Process_2023,Axonal Transport Of Mitochondrion (GO:0019896),0,0,1.0,,1.0
GO_Biological_Process_2023,Axonemal Central Apparatus Assembly (GO:1904158),0,0,1.0,,1.0
GO_Biological_Process_2023,Gland Morphogenesis (GO:0022612),0,0,1.0,,1.0
GO_Biological_Process_2023,Glomerular Filtration (GO:0003094),0,0,1.0,,1.0
GO_Biological_Process_2023,Glycosphingolipid Biosynthetic Process (GO:0006688),0,0,1.0,,1.0
GO_Biological_Process_2023,Glycosphingolipid Catabolic Process (GO:0046479),0,0,1.0,,1.0
GO_Biological_Process_2023,Glycosphingolipid Metabolic Process (GO:0006687),0,0,1.0,,1.0
GO_Biological_Process_2023,Histone H2A Monoubiquitination (GO:0035518),1,0,1.0,,1.0
GO_Biological_Process_2023,Histone H2A Acetylation (GO:0043968),7,0,1.0,,1.0
GO_Biological_Process_2023,Histone H2A K63-linked Deubiquitination (GO:0070537),0,0,1.0,,1.0
GO_Biological_Process_2023,Histidine Metabolic Process (GO:0006547),0,0,1.0,,1.0
GO_Biological_Process_2023,Histidine Catabolic Process (GO:0006548),0,0,1.0,,1.0
GO_Biological_Process_2023,Histamine Metabolic Process (GO:0001692),0,0,1.0,,1.0
GO_Biological_Process_2023,Hippo Signaling (GO:0035329),0,0,1.0,,1.0
GO_Biological_Process_2023,Histone H2A Ubiquitination (GO:0033522),1,0,1.0,,1.0
GO_Biological_Process_2023,Hindlimb Morphogenesis (GO:0035137),0,0,1.0,,1.0
GO_Biological_Process_2023,High-Density Lipoprotein Particle Assembly (GO:0034380),0,0,1.0,,1.0
GO_Biological_Process_2023,Hexose Transmembrane Transport (GO:0008645),1,0,1.0,,1.0
GO_Biological_Process_2023,Hexose Metabolic Process (GO:0019318),1,0,1.0,,1.0
GO_Biological_Process_2023,Hexose Import Across Plasma Membrane (GO:0140271),0,0,1.0,,1.0
GO_Biological_Process_2023,Hexose Catabolic Process (GO:0019320),0,0,1.0,,1.0
GO_Biological_Process_2023,Hexose Biosynthetic Process (GO:0019319),4,0,1.0,,1.0
GO_Biological_Process_2023,Heterotypic Cell-Cell Adhesion (GO:0034113),0,0,1.0,,1.0
GO_Biological_Process_2023,High-Density Lipoprotein Particle Remodeling (GO:0034375),0,0,1.0,,1.0
GO_Biological_Process_2023,Heterophilic Cell-Cell Adhesion Via Plasma Membrane Cell Adhesion Molecules (GO:0007157),0,0,1.0,,1.0
GO_Biological_Process_2023,Histone H2A-K119 Monoubiquitination (GO:0036353),0,0,1.0,,1.0
GO_Biological_Process_2023,Histone H3-K14 Acetylation (GO:0044154),1,0,1.0,,1.0
GO_Biological_Process_2023,Histone Modification (GO:0016570),13,1,0.48067642914700753,EP300,1.0
GO_Biological_Process_2023,Histone Methylation (GO:0016571),2,0,1.0,,1.0
GO_Biological_Process_2023,Histone mRNA Metabolic Process (GO:0008334),9,0,1.0,,1.0
GO_Biological_Process_2023,Histone mRNA Catabolic Process (GO:0071044),4,0,1.0,,1.0
GO_Biological_Process_2023,Histone Lysine Methylation (GO:0034968),5,0,1.0,,1.0
GO_Biological_Process_2023,Histone Lysine Demethylation (GO:0070076),0,0,1.0,,1.0
GO_Biological_Process_2023,Histone Deubiquitination (GO:0016578),7,0,1.0,,1.0
GO_Biological_Process_2023,Histone H3 Acetylation (GO:0043966),8,0,1.0,,1.0
GO_Biological_Process_2023,Histone Deacetylation (GO:0016575),3,0,1.0,,1.0
GO_Biological_Process_2023,Histone Acetylation (GO:0016573),15,1,0.5307843714868599,EP300,1.0
GO_Biological_Process_2023,Histone H4-K8 Acetylation (GO:0043982),5,0,1.0,,1.0
GO_Biological_Process_2023,Histone H4-K5 Acetylation (GO:0043981),5,0,1.0,,1.0
GO_Biological_Process_2023,Histone H4-K16 Acetylation (GO:0043984),5,0,1.0,,1.0
GO_Biological_Process_2023,Histone H4-K12 Acetylation (GO:0043983),0,0,1.0,,1.0
GO_Biological_Process_2023,Histone H4 Acetylation (GO:0043967),13,0,1.0,,1.0
GO_Biological_Process_2023,Histone H3-K4 Methylation (GO:0051568),6,0,1.0,,1.0
GO_Biological_Process_2023,Histone Arginine Methylation (GO:0034969),2,0,1.0,,1.0
GO_Biological_Process_2023,Heterocycle Catabolic Process (GO:0046700),0,0,1.0,,1.0
GO_Biological_Process_2023,Heterocycle Biosynthetic Process (GO:0018130),0,0,1.0,,1.0
GO_Biological_Process_2023,Heterochromatin Organization (GO:0070828),2,0,1.0,,1.0
GO_Biological_Process_2023,Heart Process (GO:0003015),1,0,1.0,,1.0
GO_Biological_Process_2023,Axon Extension Involved In Axon Guidance (GO:0048846),0,0,1.0,,1.0
GO_Biological_Process_2023,Heart Looping (GO:0001947),0,0,1.0,,1.0
GO_Biological_Process_2023,Heart Development (GO:0007507),4,1,0.18194134789770994,PTK2,1.0
GO_Biological_Process_2023,Heart Contraction (GO:0060047),1,0,1.0,,1.0
GO_Biological_Process_2023,Hair Cell Differentiation (GO:0035315),2,0,1.0,,1.0
GO_Biological_Process_2023,Guanine Nucleotide Transmembrane Transport (GO:1903790),0,0,1.0,,1.0
GO_Biological_Process_2023,Heart Trabecula Formation (GO:0060347),1,0,1.0,,1.0
GO_Biological_Process_2023,Growth Hormone Receptor Signaling Pathway Via JAK-STAT (GO:0060397),0,0,1.0,,1.0
GO_Biological_Process_2023,Granulocyte Differentiation (GO:0030851),1,0,1.0,,1.0
GO_Biological_Process_2023,Granulocyte Chemotaxis (GO:0071621),2,0,1.0,,1.0
GO_Biological_Process_2023,Granulocyte Activation (GO:0036230),0,0,1.0,,1.0
GO_Biological_Process_2023,Gonad Development (GO:0008406),1,0,1.0,,1.0
GO_Biological_Process_2023,Glyoxylate Metabolic Process (GO:0046487),0,0,1.0,,1.0
GO_Biological_Process_2023,Glycosylceramide Biosynthetic Process (GO:0046476),0,0,1.0,,1.0
GO_Biological_Process_2023,Glycosyl Compound Biosynthetic Process (GO:1901659),0,0,1.0,,1.0
GO_Biological_Process_2023,Granulocyte Migration (GO:0097530),0,0,1.0,,1.0
GO_Biological_Process_2023,Heart Trabecula Morphogenesis (GO:0061384),1,0,1.0,,1.0
GO_Biological_Process_2023,Hematopoietic Progenitor Cell Differentiation (GO:0002244),1,0,1.0,,1.0
GO_Biological_Process_2023,Hematopoietic Stem Cell Differentiation (GO:0060218),0,0,1.0,,1.0
GO_Biological_Process_2023,Heterochromatin Formation (GO:0031507),2,0,1.0,,1.0
GO_Biological_Process_2023,Hepoxilin Metabolic Process (GO:0051121),0,0,1.0,,1.0
GO_Biological_Process_2023,Hepoxilin Biosynthetic Process (GO:0051122),0,0,1.0,,1.0
GO_Biological_Process_2023,Hepatocyte Growth Factor Receptor Signaling Pathway (GO:0048012),0,0,1.0,,1.0
GO_Biological_Process_2023,Hepatocyte Differentiation (GO:0070365),0,0,1.0,,1.0
GO_Biological_Process_2023,Hepaticobiliary System Development (GO:0061008),0,0,1.0,,1.0
GO_Biological_Process_2023,Heparan Sulfate Proteoglycan Metabolic Process (GO:0030201),0,0,1.0,,1.0
GO_Biological_Process_2023,Heparan Sulfate Proteoglycan Catabolic Process (GO:0030200),0,0,1.0,,1.0
GO_Biological_Process_2023,"Heparan Sulfate Proteoglycan Biosynthetic Process, Polysaccharide Chain Biosynthetic Process (GO:0015014)",0,0,1.0,,1.0
GO_Biological_Process_2023,"Heparan Sulfate Proteoglycan Biosynthetic Process, Enzymatic Modification (GO:0015015)",0,0,1.0,,1.0
GO_Biological_Process_2023,Heparan Sulfate Proteoglycan Biosynthetic Process (GO:0015012),0,0,1.0,,1.0
GO_Biological_Process_2023,Hemostasis (GO:0007599),0,0,1.0,,1.0
GO_Biological_Process_2023,Hemopoiesis (GO:0030097),4,1,0.18194134789770994,MYB,1.0
GO_Biological_Process_2023,Heme Transport (GO:0015886),0,0,1.0,,1.0
GO_Biological_Process_2023,Heme Catabolic Process (GO:0042167),0,0,1.0,,1.0
GO_Biological_Process_2023,Axon Extension (GO:0048675),0,0,1.0,,1.0
GO_Biological_Process_2023,Hematopoietic Stem Cell Proliferation (GO:0071425),0,0,1.0,,1.0
GO_Biological_Process_2023,Histone Ubiquitination (GO:0016574),1,0,1.0,,1.0
GO_Biological_Process_2023,Fructose Transmembrane Transport (GO:0015755),0,0,1.0,,1.0
GO_Biological_Process_2023,Leukocyte Apoptotic Process (GO:0071887),0,0,1.0,,1.0
GO_Biological_Process_2023,Leukocyte Chemotaxis Involved In Inflammatory Response (GO:0002232),0,0,1.0,,1.0
GO_Biological_Process_2023,Mitochondrial Genome Maintenance (GO:0000002),2,0,1.0,,1.0
GO_Biological_Process_2023,Mitochondrial Gene Expression (GO:0140053),13,0,1.0,,1.0
GO_Biological_Process_2023,Mitochondrial Fusion (GO:0008053),1,0,1.0,,1.0
GO_Biological_Process_2023,Mitochondrial Fragmentation Involved In Apoptotic Process (GO:0043653),0,0,1.0,,1.0
GO_Biological_Process_2023,Mitochondrial Fission (GO:0000266),0,0,1.0,,1.0
GO_Biological_Process_2023,"Mitochondrial Electron Transport, Ubiquinol To Cytochrome C (GO:0006122)",1,0,1.0,,1.0
GO_Biological_Process_2023,"Mitochondrial Electron Transport, Cytochrome C To Oxygen (GO:0006123)",2,0,1.0,,1.0
GO_Biological_Process_2023,Mitochondrial Membrane Organization (GO:0007006),3,1,0.13976587961154743,BCL2L1,1.0
GO_Biological_Process_2023,"Mitochondrial Electron Transport, NADH To Ubiquinone (GO:0006120)",1,0,1.0,,1.0
GO_Biological_Process_2023,Mitochondrial Calcium Ion Transmembrane Transport (GO:0006851),2,0,1.0,,1.0
GO_Biological_Process_2023,Mitochondrial Calcium Ion Homeostasis (GO:0051560),1,0,1.0,,1.0
GO_Biological_Process_2023,Mitochondrial RNA Processing (GO:0000963),2,0,1.0,,1.0
GO_Biological_Process_2023,Mitochondrial RNA Metabolic Process (GO:0000959),1,0,1.0,,1.0
GO_Biological_Process_2023,Mitochondrial RNA 3'-End Processing (GO:0000965),3,0,1.0,,1.0
GO_Biological_Process_2023,Mitochondrial DNA Replication (GO:0006264),1,0,1.0,,1.0
GO_Biological_Process_2023,Mitochondrial DNA Metabolic Process (GO:0032042),3,0,1.0,,1.0
GO_Biological_Process_2023,Mitochondrial Cytochrome C Oxidase Assembly (GO:0033617),1,0,1.0,,1.0
GO_Biological_Process_2023,Mitochondrial ATP Synthesis Coupled Electron Transport (GO:0042775),5,1,0.22208297380459047,SDHB,1.0
GO_Biological_Process_2023,Mitochondrial Outer Membrane Permeabilization (GO:0097345),0,0,1.0,,1.0
GO_Biological_Process_2023,Mitochondrial Protein Processing (GO:0034982),2,0,1.0,,1.0
GO_Biological_Process_2023,Mitochondrion Organization (GO:0007005),15,1,0.5307843714868599,BCL2L1,1.0
GO_Biological_Process_2023,Mitochondrion Morphogenesis (GO:0070584),2,0,1.0,,1.0
GO_Biological_Process_2023,Mitochondrion Distribution (GO:0048311),1,0,1.0,,1.0
GO_Biological_Process_2023,Mitochondrion Disassembly (GO:0061726),0,0,1.0,,1.0
GO_Biological_Process_2023,Mitochondrial Transport (GO:0006839),6,1,0.26028719693696456,BCL2L1,1.0
GO_Biological_Process_2023,Mitochondrial Translational Elongation (GO:0070125),0,0,1.0,,1.0
GO_Biological_Process_2023,Mitochondrial Translation (GO:0032543),13,0,1.0,,1.0
GO_Biological_Process_2023,Mitochondrial Protein Catabolic Process (GO:0035694),0,0,1.0,,1.0
GO_Biological_Process_2023,Mitochondrial Transcription (GO:0006390),0,0,1.0,,1.0
GO_Biological_Process_2023,Mitochondrial tRNA Modification (GO:0070900),0,0,1.0,,1.0
GO_Biological_Process_2023,Mitochondrial Ribosome Assembly (GO:0061668),0,0,1.0,,1.0
GO_Biological_Process_2023,Mitochondrial Respiratory Chain Complex Assembly (GO:0033108),3,0,1.0,,1.0
GO_Biological_Process_2023,Mitochondrial Respiratory Chain Complex III Assembly (GO:0034551),0,0,1.0,,1.0
GO_Biological_Process_2023,Mitochondrial Respiratory Chain Complex I Assembly (GO:0032981),1,0,1.0,,1.0
GO_Biological_Process_2023,Mitochondrial Respirasome Assembly (GO:0097250),0,0,1.0,,1.0
GO_Biological_Process_2023,Mitochondrial Proton-Transporting ATP Synthase Complex Assembly (GO:0033615),0,0,1.0,,1.0
GO_Biological_Process_2023,Mitochondrial tRNA Processing (GO:0090646),1,0,1.0,,1.0
GO_Biological_Process_2023,Mitochondrion Transport Along Microtubule (GO:0047497),1,0,1.0,,1.0
GO_Biological_Process_2023,Mismatch Repair (GO:0006298),5,0,1.0,,1.0
GO_Biological_Process_2023,Midbody Abscission (GO:0061952),3,0,1.0,,1.0
GO_Biological_Process_2023,Metaphase Plate Congression (GO:0051310),15,0,1.0,,1.0
GO_Biological_Process_2023,Atrioventricular Valve Development (GO:0003171),0,0,1.0,,1.0
GO_Biological_Process_2023,Atrioventricular Valve Formation (GO:0003190),0,0,1.0,,1.0
GO_Biological_Process_2023,Metanephric Mesenchyme Development (GO:0072075),0,0,1.0,,1.0
GO_Biological_Process_2023,Metanephric Collecting Duct Development (GO:0072205),0,0,1.0,,1.0
GO_Biological_Process_2023,Metallo-Sulfur Cluster Assembly (GO:0031163),11,0,1.0,,1.0
GO_Biological_Process_2023,Metal Ion Transport (GO:0030001),2,1,0.09545541870343885,TRPM7,1.0
GO_Biological_Process_2023,Methionine Metabolic Process (GO:0006555),0,0,1.0,,1.0
GO_Biological_Process_2023,Atrioventricular Valve Morphogenesis (GO:0003181),0,0,1.0,,1.0
GO_Biological_Process_2023,Mesodermal Cell Fate Commitment (GO:0001710),0,0,1.0,,1.0
GO_Biological_Process_2023,Mesodermal Cell Differentiation (GO:0048333),0,0,1.0,,1.0
GO_Biological_Process_2023,Mesoderm Morphogenesis (GO:0048332),0,0,1.0,,1.0
GO_Biological_Process_2023,Mesoderm Formation (GO:0001707),0,0,1.0,,1.0
GO_Biological_Process_2023,Mesoderm Development (GO:0007498),0,0,1.0,,1.0
GO_Biological_Process_2023,Mesenchyme Morphogenesis (GO:0072132),0,0,1.0,,1.0
GO_Biological_Process_2023,Mesenchyme Development (GO:0060485),0,0,1.0,,1.0
GO_Biological_Process_2023,Mesonephric Tubule Development (GO:0072164),0,0,1.0,,1.0
GO_Biological_Process_2023,Midbrain Dopaminergic Neuron Differentiation (GO:1904948),0,0,1.0,,1.0
GO_Biological_Process_2023,Methylguanosine-Cap Decapping (GO:0110156),0,0,1.0,,1.0
GO_Biological_Process_2023,miRNA Metabolic Process (GO:0010586),0,0,1.0,,1.0
GO_Biological_Process_2023,Microvillus Organization (GO:0032528),0,0,1.0,,1.0
GO_Biological_Process_2023,Microvillus Assembly (GO:0030033),0,0,1.0,,1.0
GO_Biological_Process_2023,Microtubule-Based Transport (GO:0099111),1,0,1.0,,1.0
GO_Biological_Process_2023,Microtubule Polymerization Or Depolymerization (GO:0031109),3,0,1.0,,1.0
GO_Biological_Process_2023,Microtubule Polymerization (GO:0046785),9,0,1.0,,1.0
GO_Biological_Process_2023,Microtubule Nucleation (GO:0007020),7,0,1.0,,1.0
GO_Biological_Process_2023,Microtubule Depolymerization (GO:0007019),2,0,1.0,,1.0
GO_Biological_Process_2023,miRNA Catabolic Process (GO:0010587),2,1,0.09545541870343885,ELOB,1.0
GO_Biological_Process_2023,Microtubule Cytoskeleton Organization Involved In Mitosis (GO:1902850),23,0,1.0,,1.0
GO_Biological_Process_2023,Microtubule Anchoring At Microtubule Organizing Center (GO:0072393),0,0,1.0,,1.0
GO_Biological_Process_2023,Microtubule Anchoring At Centrosome (GO:0034454),0,0,1.0,,1.0
GO_Biological_Process_2023,Microtubule Anchoring (GO:0034453),0,0,1.0,,1.0
GO_Biological_Process_2023,Microglial Cell Activation (GO:0001774),0,0,1.0,,1.0
GO_Biological_Process_2023,miRNA-mediated Gene Silencing By Inhibition Of Translation (GO:0035278),1,0,1.0,,1.0
GO_Biological_Process_2023,miRNA-mediated Gene Silencing (GO:0035195),5,0,1.0,,1.0
GO_Biological_Process_2023,miRNA Processing (GO:0035196),7,0,1.0,,1.0
GO_Biological_Process_2023,Microtubule Bundle Formation (GO:0001578),2,0,1.0,,1.0
GO_Biological_Process_2023,Mitochondrion-Endoplasmic Reticulum Membrane Tethering (GO:1990456),2,0,1.0,,1.0
GO_Biological_Process_2023,Mitophagy (GO:0000423),2,0,1.0,,1.0
GO_Biological_Process_2023,Mitotic DNA Damage Checkpoint Signaling (GO:0044773),14,1,0.5063548324798921,CCND1,1.0
GO_Biological_Process_2023,Mononuclear Cell Differentiation (GO:1903131),2,0,1.0,,1.0
GO_Biological_Process_2023,Monocyte Differentiation (GO:0030224),2,0,1.0,,1.0
GO_Biological_Process_2023,Monocyte Chemotaxis (GO:0002548),1,0,1.0,,1.0
GO_Biological_Process_2023,Monocyte Activation (GO:0042117),0,0,1.0,,1.0
GO_Biological_Process_2023,Monocarboxylic Acid Transport (GO:0015718),0,0,1.0,,1.0
GO_Biological_Process_2023,Monocarboxylic Acid Metabolic Process (GO:0032787),0,0,1.0,,1.0
GO_Biological_Process_2023,Monocarboxylic Acid Catabolic Process (GO:0072329),0,0,1.0,,1.0
GO_Biological_Process_2023,Monosaccharide Biosynthetic Process (GO:0046364),0,0,1.0,,1.0
GO_Biological_Process_2023,Monocarboxylic Acid Biosynthetic Process (GO:0072330),0,0,1.0,,1.0
GO_Biological_Process_2023,Atrial Cardiac Muscle Tissue Development (GO:0003228),0,0,1.0,,1.0
GO_Biological_Process_2023,Monoatomic Cation Transmembrane Transport (GO:0098655),16,2,0.18217839641731962,ATP1B3;TRPM7,1.0
GO_Biological_Process_2023,Monoatomic Cation Homeostasis (GO:0055080),2,0,1.0,,1.0
GO_Biological_Process_2023,Monoatomic Anion Transport (GO:0006820),0,0,1.0,,1.0
GO_Biological_Process_2023,Monoatomic Anion Transmembrane Transport (GO:0098656),0,0,1.0,,1.0
GO_Biological_Process_2023,Monoatomic Anion Homeostasis (GO:0055081),0,0,1.0,,1.0
GO_Biological_Process_2023,Monoamine Transport (GO:0015844),0,0,1.0,,1.0
GO_Biological_Process_2023,Monoatomic Ion Transport (GO:0006811),1,0,1.0,,1.0
GO_Biological_Process_2023,Monoacylglycerol Metabolic Process (GO:0046462),0,0,1.0,,1.0
GO_Biological_Process_2023,Monosaccharide Transmembrane Transport (GO:0015749),0,0,1.0,,1.0
GO_Biological_Process_2023,Monoubiquitinated Histone Deubiquitination (GO:0035521),7,0,1.0,,1.0
GO_Biological_Process_2023,Multivesicular Body Sorting Pathway (GO:0071985),4,0,1.0,,1.0
GO_Biological_Process_2023,Multivesicular Body Organization (GO:0036257),7,0,1.0,,1.0
GO_Biological_Process_2023,Multivesicular Body Assembly (GO:0036258),7,0,1.0,,1.0
GO_Biological_Process_2023,Multinuclear Osteoclast Differentiation (GO:0072674),0,0,1.0,,1.0
GO_Biological_Process_2023,Multicellular Organismal-Level Water Homeostasis (GO:0050891),0,0,1.0,,1.0
GO_Biological_Process_2023,Multicellular Organismal-Level Iron Ion Homeostasis (GO:0060586),0,0,1.0,,1.0
GO_Biological_Process_2023,Multi-Pass Transmembrane Protein Insertion Into ER Membrane (GO:0160063),0,0,1.0,,1.0
GO_Biological_Process_2023,Monoubiquitinated Histone H2A Deubiquitination (GO:0035522),7,0,1.0,,1.0
GO_Biological_Process_2023,Multi-Ciliated Epithelial Cell Differentiation (GO:1903251),1,0,1.0,,1.0
GO_Biological_Process_2023,Motor Neuron Axon Guidance (GO:0008045),0,0,1.0,,1.0
GO_Biological_Process_2023,Motile Cilium Assembly (GO:0044458),0,0,1.0,,1.0
GO_Biological_Process_2023,Morphogenesis Of An Epithelium (GO:0002009),2,1,0.09545541870343885,SOX10,1.0
GO_Biological_Process_2023,Morphogenesis Of An Epithelial Sheet (GO:0002011),0,0,1.0,,1.0
GO_Biological_Process_2023,Morphogenesis Of An Endothelium (GO:0003159),2,1,0.09545541870343885,CTNNB1,1.0
GO_Biological_Process_2023,Morphogenesis Of A Polarized Epithelium (GO:0001738),1,0,1.0,,1.0
GO_Biological_Process_2023,Monoubiquitinated Protein Deubiquitination (GO:0035520),8,0,1.0,,1.0
GO_Biological_Process_2023,Mucosal Immune Response (GO:0002385),2,0,1.0,,1.0
GO_Biological_Process_2023,Monoacylglycerol Catabolic Process (GO:0052651),0,0,1.0,,1.0
GO_Biological_Process_2023,Monoacylglycerol Biosynthetic Process (GO:0006640),0,0,1.0,,1.0
GO_Biological_Process_2023,Modulation Of Excitatory Postsynaptic Potential (GO:0098815),0,0,1.0,,1.0
GO_Biological_Process_2023,Mitotic Nuclear Membrane Disassembly (GO:0007077),1,0,1.0,,1.0
GO_Biological_Process_2023,Mitotic Nuclear Division (GO:0140014),16,0,1.0,,1.0
GO_Biological_Process_2023,Mitotic Metaphase Plate Congression (GO:0007080),16,0,1.0,,1.0
GO_Biological_Process_2023,Mitotic intra-S DNA Damage Checkpoint Signaling (GO:0031573),2,0,1.0,,1.0
GO_Biological_Process_2023,Mitotic Cytokinetic Process (GO:1902410),3,0,1.0,,1.0
GO_Biological_Process_2023,Mitotic Cytokinesis (GO:0000281),12,1,0.4536864944610995,CFL1,1.0
GO_Biological_Process_2023,Mitotic Chromosome Condensation (GO:0007076),9,1,0.364173645762447,NCAPD3,1.0
GO_Biological_Process_2023,Mitotic Nuclear Membrane Organization (GO:0101024),3,0,1.0,,1.0
GO_Biological_Process_2023,Atrial Septum Development (GO:0003283),0,0,1.0,,1.0
GO_Biological_Process_2023,Mitotic G2/M Transition Checkpoint (GO:0044818),13,0,1.0,,1.0
GO_Biological_Process_2023,Mitotic G2 DNA Damage Checkpoint Signaling (GO:0007095),7,0,1.0,,1.0
GO_Biological_Process_2023,Mitotic G1/S Transition Checkpoint Signaling (GO:0044819),3,0,1.0,,1.0
GO_Biological_Process_2023,Atrial Septum Morphogenesis (GO:0060413),0,0,1.0,,1.0
GO_Biological_Process_2023,Mitotic DNA Replication Checkpoint Signaling (GO:0033314),6,0,1.0,,1.0
GO_Biological_Process_2023,Mitotic DNA Replication (GO:1902969),6,0,1.0,,1.0
GO_Biological_Process_2023,Mitotic DNA Integrity Checkpoint Signaling (GO:0044774),6,0,1.0,,1.0
GO_Biological_Process_2023,Mitotic Cell Cycle Checkpoint Signaling (GO:0007093),4,0,1.0,,1.0
GO_Biological_Process_2023,Mitotic Nuclear Membrane Reassembly (GO:0007084),3,0,1.0,,1.0
GO_Biological_Process_2023,Mitotic Recombination (GO:0006312),1,0,1.0,,1.0
GO_Biological_Process_2023,Mitotic Sister Chromatid Cohesion (GO:0007064),6,0,1.0,,1.0
GO_Biological_Process_2023,Modulation Of Chemical Synaptic Transmission (GO:0050804),0,0,1.0,,1.0
GO_Biological_Process_2023,Modulation By Symbiont Of Entry Into Host (GO:0052372),0,0,1.0,,1.0
GO_Biological_Process_2023,Modulation By Host Of Viral Process (GO:0044788),2,1,0.09545541870343885,CFL1,1.0
GO_Biological_Process_2023,Modulation By Host Of Viral Genome Replication (GO:0044827),5,0,1.0,,1.0
GO_Biological_Process_2023,Modulation By Host Of Symbiont Process (GO:0051851),8,1,0.3312469238465738,EP300,1.0
GO_Biological_Process_2023,Modified Amino Acid Transport (GO:0072337),0,0,1.0,,1.0
GO_Biological_Process_2023,Modification-Dependent Protein Catabolic Process (GO:0019941),28,1,0.758425338605107,MDM2,1.0
GO_Biological_Process_2023,Modification-Dependent Macromolecule Catabolic Process (GO:0043632),3,0,1.0,,1.0
GO_Biological_Process_2023,Mitral Valve Morphogenesis (GO:0003183),0,0,1.0,,1.0
GO_Biological_Process_2023,Mitral Valve Development (GO:0003174),0,0,1.0,,1.0
GO_Biological_Process_2023,Mitotic Spindle Organization (GO:0007052),31,0,1.0,,1.0
GO_Biological_Process_2023,Mitotic Spindle Midzone Assembly (GO:0051256),6,0,1.0,,1.0
GO_Biological_Process_2023,Mitotic Spindle Elongation (GO:0000022),6,0,1.0,,1.0
GO_Biological_Process_2023,Mitotic Spindle Checkpoint Signaling (GO:0071174),14,0,1.0,,1.0
GO_Biological_Process_2023,Mitotic Spindle Assembly Checkpoint Signaling (GO:0007094),14,0,1.0,,1.0
GO_Biological_Process_2023,Mitotic Spindle Assembly (GO:0090307),15,0,1.0,,1.0
GO_Biological_Process_2023,Mitotic Sister Chromatid Segregation (GO:0000070),38,1,0.8557892131580693,NCAPD3,1.0
GO_Biological_Process_2023,Attachment Of GPI Anchor To Protein (GO:0016255),0,0,1.0,,1.0
GO_Biological_Process_2023,Leukocyte Cell-Cell Adhesion (GO:0007159),0,0,1.0,,1.0
GO_Biological_Process_2023,Attachment Of Mitotic Spindle Microtubules To Kinetochore (GO:0051315),4,0,1.0,,1.0
GO_Biological_Process_2023,Mesenchymal Cell Differentiation Involved In Kidney Development (GO:0072161),0,0,1.0,,1.0
GO_Biological_Process_2023,Lysosomal Microautophagy (GO:0016237),0,0,1.0,,1.0
GO_Biological_Process_2023,Lysosomal Membrane Organization (GO:0097212),3,0,1.0,,1.0
GO_Biological_Process_2023,Lysosomal Lumen Acidification (GO:0007042),5,0,1.0,,1.0
GO_Biological_Process_2023,Lymphoid Progenitor Cell Differentiation (GO:0002320),0,0,1.0,,1.0
GO_Biological_Process_2023,Lymphocyte Proliferation (GO:0046651),2,1,0.09545541870343885,CTPS1,1.0
GO_Biological_Process_2023,Lymphocyte Migration Into Lymphoid Organs (GO:0097021),1,0,1.0,,1.0
GO_Biological_Process_2023,Lymphocyte Migration (GO:0072676),0,0,1.0,,1.0
GO_Biological_Process_2023,Lysosomal Transport (GO:0007041),7,0,1.0,,1.0
GO_Biological_Process_2023,Lymphocyte Mediated Immunity (GO:0002449),0,0,1.0,,1.0
GO_Biological_Process_2023,Lymphocyte Chemotaxis (GO:0048247),0,0,1.0,,1.0
GO_Biological_Process_2023,Lymphocyte Apoptotic Process (GO:0070227),0,0,1.0,,1.0
GO_Biological_Process_2023,Lymphocyte Activation Involved In Immune Response (GO:0002285),0,0,1.0,,1.0
GO_Biological_Process_2023,Lymphatic Endothelial Cell Differentiation (GO:0060836),0,0,1.0,,1.0
GO_Biological_Process_2023,Lung Epithelium Development (GO:0060428),0,0,1.0,,1.0
GO_Biological_Process_2023,Lung Development (GO:0030324),1,0,1.0,,1.0
GO_Biological_Process_2023,Low-Density Lipoprotein Particle Remodeling (GO:0034374),0,0,1.0,,1.0
GO_Biological_Process_2023,Lymphocyte Differentiation (GO:0030098),2,0,1.0,,1.0
GO_Biological_Process_2023,Long-Term Synaptic Potentiation (GO:0060291),0,0,1.0,,1.0
GO_Biological_Process_2023,Lysosome Localization (GO:0032418),1,0,1.0,,1.0
GO_Biological_Process_2023,Lytic Vacuole Organization (GO:0080171),2,0,1.0,,1.0
GO_Biological_Process_2023,mRNA Splice Site Recognition (GO:0006376),10,0,1.0,,1.0
GO_Biological_Process_2023,mRNA Pseudouridine Synthesis (GO:1990481),0,0,1.0,,1.0
GO_Biological_Process_2023,mRNA Processing (GO:0006397),114,0,1.0,,1.0
GO_Biological_Process_2023,mRNA Polyadenylation (GO:0006378),13,0,1.0,,1.0
GO_Biological_Process_2023,mRNA Modification (GO:0016556),4,0,1.0,,1.0
GO_Biological_Process_2023,mRNA Methylation (GO:0080009),3,0,1.0,,1.0
GO_Biological_Process_2023,mRNA Metabolic Process (GO:0016071),31,0,1.0,,1.0
GO_Biological_Process_2023,Lysosome Organization (GO:0007040),2,0,1.0,,1.0
GO_Biological_Process_2023,mRNA Export From Nucleus (GO:0006406),31,0,1.0,,1.0
GO_Biological_Process_2023,mRNA Cleavage Involved In mRNA Processing (GO:0098787),6,0,1.0,,1.0
GO_Biological_Process_2023,"mRNA Cis Splicing, Via Spliceosome (GO:0045292)",11,0,1.0,,1.0
GO_Biological_Process_2023,mRNA Catabolic Process (GO:0006402),10,0,1.0,,1.0
GO_Biological_Process_2023,mRNA 5'-Splice Site Recognition (GO:0000395),2,0,1.0,,1.0
GO_Biological_Process_2023,mRNA 3'-Splice Site Recognition (GO:0000389),4,0,1.0,,1.0
GO_Biological_Process_2023,mRNA 3'-End Processing By Stem-Loop Binding And Cleavage (GO:0006398),2,0,1.0,,1.0
GO_Biological_Process_2023,mRNA 3'-End Processing (GO:0031124),17,0,1.0,,1.0
GO_Biological_Process_2023,mRNA Destabilization (GO:0061157),4,0,1.0,,1.0
GO_Biological_Process_2023,"mRNA Splicing, Via Spliceosome (GO:0000398)",117,0,1.0,,1.0
GO_Biological_Process_2023,Long-Term Synaptic Depression (GO:0060292),0,0,1.0,,1.0
GO_Biological_Process_2023,Long-Chain fatty-acyl-CoA Metabolic Process (GO:0035336),0,0,1.0,,1.0
GO_Biological_Process_2023,Lipid Import Into Cell (GO:0140354),0,0,1.0,,1.0
GO_Biological_Process_2023,Lipid Hydroxylation (GO:0002933),0,0,1.0,,1.0
GO_Biological_Process_2023,Lipid Droplet Organization (GO:0034389),0,0,1.0,,1.0
GO_Biological_Process_2023,Lipid Droplet Formation (GO:0140042),0,0,1.0,,1.0
GO_Biological_Process_2023,Lipid Droplet Disassembly (GO:1905691),0,0,1.0,,1.0
GO_Biological_Process_2023,Lipid Catabolic Process (GO:0016042),0,0,1.0,,1.0
GO_Biological_Process_2023,Lipid Biosynthetic Process (GO:0008610),3,0,1.0,,1.0
GO_Biological_Process_2023,Lipid Modification (GO:0030258),0,0,1.0,,1.0
GO_Biological_Process_2023,Linoleic Acid Metabolic Process (GO:0043651),0,0,1.0,,1.0
GO_Biological_Process_2023,Limb Development (GO:0060173),0,0,1.0,,1.0
GO_Biological_Process_2023,Leukotriene Transport (GO:0071716),0,0,1.0,,1.0
GO_Biological_Process_2023,Leukotriene Metabolic Process (GO:0006691),0,0,1.0,,1.0
GO_Biological_Process_2023,Leukotriene Biosynthetic Process (GO:0019370),1,0,1.0,,1.0
GO_Biological_Process_2023,Leukotriene D4 Metabolic Process (GO:1901748),1,0,1.0,,1.0
GO_Biological_Process_2023,Leukotriene D4 Biosynthetic Process (GO:1901750),1,0,1.0,,1.0
GO_Biological_Process_2023,Leukocyte Tethering Or Rolling (GO:0050901),0,0,1.0,,1.0
GO_Biological_Process_2023,Limb Morphogenesis (GO:0035108),0,0,1.0,,1.0
GO_Biological_Process_2023,Long-Term Memory (GO:0007616),0,0,1.0,,1.0
GO_Biological_Process_2023,Lipid Oxidation (GO:0034440),0,0,1.0,,1.0
GO_Biological_Process_2023,Lipid Translocation (GO:0034204),1,0,1.0,,1.0
GO_Biological_Process_2023,Long-Chain fatty-acyl-CoA Biosynthetic Process (GO:0035338),0,0,1.0,,1.0
GO_Biological_Process_2023,Long-Chain Fatty Acid Transport (GO:0015909),0,0,1.0,,1.0
GO_Biological_Process_2023,Long-Chain Fatty Acid Metabolic Process (GO:0001676),1,0,1.0,,1.0
GO_Biological_Process_2023,Long-Chain Fatty Acid Import Into Cell (GO:0044539),1,0,1.0,,1.0
GO_Biological_Process_2023,Long-Chain Fatty Acid Catabolic Process (GO:0042758),0,0,1.0,,1.0
GO_Biological_Process_2023,Long-Chain Fatty Acid Biosynthetic Process (GO:0042759),1,0,1.0,,1.0
GO_Biological_Process_2023,Locomotor Rhythm (GO:0045475),0,0,1.0,,1.0
GO_Biological_Process_2023,Lipid Phosphorylation (GO:0046834),0,0,1.0,,1.0
GO_Biological_Process_2023,Liver Development (GO:0001889),1,0,1.0,,1.0
GO_Biological_Process_2023,Lipoprotein Transport (GO:0042953),1,0,1.0,,1.0
GO_Biological_Process_2023,Lipoprotein Metabolic Process (GO:0042157),0,0,1.0,,1.0
GO_Biological_Process_2023,Lipoprotein Localization (GO:0044872),1,0,1.0,,1.0
GO_Biological_Process_2023,Lipoprotein Catabolic Process (GO:0042159),0,0,1.0,,1.0
GO_Biological_Process_2023,Lipoprotein Biosynthetic Process (GO:0042158),1,0,1.0,,1.0
GO_Biological_Process_2023,Lipopolysaccharide-Mediated Signaling Pathway (GO:0031663),0,0,1.0,,1.0
GO_Biological_Process_2023,Lipid Transport (GO:0006869),3,0,1.0,,1.0
GO_Biological_Process_2023,Lipoxygenase Pathway (GO:0019372),1,0,1.0,,1.0
GO_Biological_Process_2023,mRNA Stabilization (GO:0048255),7,0,1.0,,1.0
GO_Biological_Process_2023,mRNA Transcription (GO:0009299),9,1,0.364173645762447,MED1,1.0
GO_Biological_Process_2023,mRNA Transcription By RNA Polymerase II (GO:0042789),9,1,0.364173645762447,MED1,1.0
GO_Biological_Process_2023,Membrane Assembly (GO:0071709),3,0,1.0,,1.0
GO_Biological_Process_2023,Melanosome Transport (GO:0032402),0,0,1.0,,1.0
GO_Biological_Process_2023,Melanosome Organization (GO:0032438),0,0,1.0,,1.0
GO_Biological_Process_2023,Melanosome Localization (GO:0032400),0,0,1.0,,1.0
GO_Biological_Process_2023,Melanosome Assembly (GO:1903232),0,0,1.0,,1.0
GO_Biological_Process_2023,Melanocyte Differentiation (GO:0030318),0,0,1.0,,1.0
GO_Biological_Process_2023,Melanin Biosynthetic Process (GO:0042438),0,0,1.0,,1.0
GO_Biological_Process_2023,Membrane Biogenesis (GO:0044091),0,0,1.0,,1.0
GO_Biological_Process_2023,Meiotic Sister Chromatid Cohesion (GO:0051177),4,0,1.0,,1.0
GO_Biological_Process_2023,Meiosis I (GO:0007127),0,0,1.0,,1.0
GO_Biological_Process_2023,Autocrine Signaling (GO:0035425),0,0,1.0,,1.0
GO_Biological_Process_2023,Medium-Chain fatty-acyl-CoA Metabolic Process (GO:0036112),0,0,1.0,,1.0
GO_Biological_Process_2023,Medium-Chain Fatty Acid Metabolic Process (GO:0051791),0,0,1.0,,1.0
GO_Biological_Process_2023,Medium-Chain Fatty Acid Biosynthetic Process (GO:0051792),0,0,1.0,,1.0
GO_Biological_Process_2023,Mature B Cell Differentiation Involved In Immune Response (GO:0002313),0,0,1.0,,1.0
GO_Biological_Process_2023,"Maturation Of SSU-rRNA From Tricistronic rRNA Transcript (SSU-rRNA, 5.8S rRNA, LSU-rRNA) (GO:0000462)",21,0,1.0,,1.0
GO_Biological_Process_2023,Meiotic DNA Double-Strand Break Formation (GO:0042138),0,0,1.0,,1.0
GO_Biological_Process_2023,Maturation Of SSU-rRNA (GO:0030490),23,0,1.0,,1.0
GO_Biological_Process_2023,Membrane Depolarization (GO:0051899),0,0,1.0,,1.0
GO_Biological_Process_2023,Membrane Depolarization During Cardiac Muscle Cell Action Potential (GO:0086012),0,0,1.0,,1.0
GO_Biological_Process_2023,Auditory Receptor Cell Morphogenesis (GO:0002093),1,0,1.0,,1.0
GO_Biological_Process_2023,Memory (GO:0007613),0,0,1.0,,1.0
GO_Biological_Process_2023,Membrane Repolarization During Cardiac Muscle Cell Action Potential (GO:0086013),0,0,1.0,,1.0
GO_Biological_Process_2023,Membrane Repolarization During Action Potential (GO:0086011),0,0,1.0,,1.0
GO_Biological_Process_2023,Auditory Receptor Cell Stereocilium Organization (GO:0060088),1,0,1.0,,1.0
GO_Biological_Process_2023,Membrane Raft Organization (GO:0031579),0,0,1.0,,1.0
GO_Biological_Process_2023,Membrane Protein Proteolysis (GO:0033619),3,0,1.0,,1.0
GO_Biological_Process_2023,Membrane Depolarization During Action Potential (GO:0086010),0,0,1.0,,1.0
GO_Biological_Process_2023,Membrane Protein Intracellular Domain Proteolysis (GO:0031293),0,0,1.0,,1.0
GO_Biological_Process_2023,Membrane Organization (GO:0061024),17,2,0.2002939889679418,DNM2;SNAP23,1.0
GO_Biological_Process_2023,Membrane Lipid Metabolic Process (GO:0006643),1,0,1.0,,1.0
GO_Biological_Process_2023,Membrane Lipid Catabolic Process (GO:0046466),0,0,1.0,,1.0
GO_Biological_Process_2023,Membrane Lipid Biosynthetic Process (GO:0046467),1,0,1.0,,1.0
GO_Biological_Process_2023,Membrane Invagination (GO:0010324),0,0,1.0,,1.0
GO_Biological_Process_2023,Membrane Fusion (GO:0061025),6,1,0.26028719693696456,SNAP23,1.0
GO_Biological_Process_2023,Membrane Fission (GO:0090148),7,0,1.0,,1.0
GO_Biological_Process_2023,Membrane Protein Ectodomain Proteolysis (GO:0006509),2,0,1.0,,1.0
GO_Biological_Process_2023,"Maturation Of LSU-rRNA From Tricistronic rRNA Transcript (SSU-rRNA, 5.8S rRNA, LSU-rRNA) (GO:0000463)",10,0,1.0,,1.0
GO_Biological_Process_2023,Maturation Of LSU-rRNA (GO:0000470),14,0,1.0,,1.0
GO_Biological_Process_2023,"Maturation Of 5.8S rRNA From Tricistronic rRNA Transcript (SSU-rRNA, 5.8S rRNA, LSU-rRNA) (GO:0000466)",13,0,1.0,,1.0
GO_Biological_Process_2023,Maintenance Of Apical/Basal Cell Polarity (GO:0035090),1,0,1.0,,1.0
GO_Biological_Process_2023,Maintenance Of DNA Repeat Elements (GO:0043570),0,0,1.0,,1.0
GO_Biological_Process_2023,Magnesium Ion Transport (GO:0015693),0,0,1.0,,1.0
GO_Biological_Process_2023,Macropinocytosis (GO:0044351),0,0,1.0,,1.0
GO_Biological_Process_2023,Macrophage Migration (GO:1905517),0,0,1.0,,1.0
GO_Biological_Process_2023,Macrophage Differentiation (GO:0030225),1,0,1.0,,1.0
GO_Biological_Process_2023,Macrophage Derived Foam Cell Differentiation (GO:0010742),0,0,1.0,,1.0
GO_Biological_Process_2023,Maintenance Of Blood-Brain Barrier (GO:0035633),0,0,1.0,,1.0
GO_Biological_Process_2023,Macrophage Chemotaxis (GO:0048246),0,0,1.0,,1.0
GO_Biological_Process_2023,Macrophage Activation (GO:0042116),0,0,1.0,,1.0
GO_Biological_Process_2023,Macromolecule Modification (GO:0043412),10,0,1.0,,1.0
GO_Biological_Process_2023,Macromolecule Depalmitoylation (GO:0098734),0,0,1.0,,1.0
GO_Biological_Process_2023,Macromolecule Catabolic Process (GO:0009057),12,0,1.0,,1.0
GO_Biological_Process_2023,Macromolecule Biosynthetic Process (GO:0009059),92,1,0.9918076672939441,TYMS,1.0
GO_Biological_Process_2023,Macroautophagy (GO:0016236),11,0,1.0,,1.0
GO_Biological_Process_2023,mRNA Transport (GO:0051028),28,0,1.0,,1.0
GO_Biological_Process_2023,Macrophage Activation Involved In Immune Response (GO:0002281),0,0,1.0,,1.0
GO_Biological_Process_2023,Maintenance Of Epithelial Cell Apical/Basal Polarity (GO:0045199),1,0,1.0,,1.0
GO_Biological_Process_2023,Maintenance Of Gastrointestinal Epithelium (GO:0030277),2,0,1.0,,1.0
GO_Biological_Process_2023,Maintenance Of Lens Transparency (GO:0036438),0,0,1.0,,1.0
GO_Biological_Process_2023,Maturation Of 5.8S rRNA (GO:0000460),11,0,1.0,,1.0
GO_Biological_Process_2023,Mast Cell Mediated Immunity (GO:0002448),0,0,1.0,,1.0
GO_Biological_Process_2023,Mast Cell Degranulation (GO:0043303),0,0,1.0,,1.0
GO_Biological_Process_2023,Mast Cell Activation Involved In Immune Response (GO:0002279),0,0,1.0,,1.0
GO_Biological_Process_2023,Marginal Zone B Cell Differentiation (GO:0002315),0,0,1.0,,1.0
GO_Biological_Process_2023,Manganese Ion Transport (GO:0006828),0,0,1.0,,1.0
GO_Biological_Process_2023,Mammary Gland Epithelium Development (GO:0061180),0,0,1.0,,1.0
GO_Biological_Process_2023,Mammary Gland Epithelial Cell Differentiation (GO:0060644),0,0,1.0,,1.0
GO_Biological_Process_2023,Mammary Gland Development (GO:0030879),0,0,1.0,,1.0
GO_Biological_Process_2023,Male Meiosis I (GO:0007141),0,0,1.0,,1.0
GO_Biological_Process_2023,Male Gonad Development (GO:0008584),0,0,1.0,,1.0
GO_Biological_Process_2023,Malate Metabolic Process (GO:0006108),0,0,1.0,,1.0
GO_Biological_Process_2023,Maintenance Of Synapse Structure (GO:0099558),0,0,1.0,,1.0
GO_Biological_Process_2023,Maintenance Of Protein Location In Nucleus (GO:0051457),4,0,1.0,,1.0
GO_Biological_Process_2023,Maintenance Of Protein Location In Extracellular Region (GO:0071694),0,0,1.0,,1.0
GO_Biological_Process_2023,Maintenance Of Protein Localization In Organelle (GO:0072595),5,0,1.0,,1.0
GO_Biological_Process_2023,Maintenance Of Protein Localization In Endoplasmic Reticulum (GO:0035437),1,0,1.0,,1.0
GO_Biological_Process_2023,Auditory Behavior (GO:0031223),0,0,1.0,,1.0
GO_Biological_Process_2023,Fructose Metabolic Process (GO:0006000),1,0,1.0,,1.0
GO_Biological_Process_2023,Fructose 6-Phosphate Metabolic Process (GO:0006002),0,0,1.0,,1.0
GO_Biological_Process_2023,"Fructose 1,6-Bisphosphate Metabolic Process (GO:0030388)",0,0,1.0,,1.0
GO_Biological_Process_2023,Cellular Response To Osmotic Stress (GO:0071470),4,0,1.0,,1.0
GO_Biological_Process_2023,Cellular Response To Organonitrogen Compound (GO:0071417),6,1,0.26028719693696456,CTNNB1,1.0
GO_Biological_Process_2023,Cellular Response To Organic Substance (GO:0071310),1,0,1.0,,1.0
GO_Biological_Process_2023,Cellular Response To Organic Cyclic Compound (GO:0071407),10,2,0.08218438755343886,CTNNB1;MED1,1.0
GO_Biological_Process_2023,Cellular Response To Nutrient Levels (GO:0031669),4,0,1.0,,1.0
GO_Biological_Process_2023,Cellular Response To Nitrogen Starvation (GO:0006995),0,0,1.0,,1.0
GO_Biological_Process_2023,Cellular Response To Nitrogen Levels (GO:0043562),0,0,1.0,,1.0
GO_Biological_Process_2023,Cellular Response To Oxidative Stress (GO:0034599),6,0,1.0,,1.0
GO_Biological_Process_2023,Cellular Response To Nitrogen Compound (GO:1901699),4,0,1.0,,1.0
GO_Biological_Process_2023,Cellular Response To Nerve Growth Factor Stimulus (GO:1990090),0,0,1.0,,1.0
GO_Biological_Process_2023,Cellular Response To Muramyl Dipeptide (GO:0071225),0,0,1.0,,1.0
GO_Biological_Process_2023,Cellular Response To Monoamine Stimulus (GO:0071868),0,0,1.0,,1.0
GO_Biological_Process_2023,Cellular Response To Molecule Of Bacterial Origin (GO:0071219),6,0,1.0,,1.0
GO_Biological_Process_2023,Cellular Response To Misfolded Protein (GO:0071218),2,0,1.0,,1.0
GO_Biological_Process_2023,Cellular Response To Metal Ion (GO:0071248),2,1,0.09545541870343885,BRAF,1.0
GO_Biological_Process_2023,Cellular Response To Mechanical Stimulus (GO:0071260),1,0,1.0,,1.0
GO_Biological_Process_2023,Cellular Response To Nitric Oxide (GO:0071732),0,0,1.0,,1.0
GO_Biological_Process_2023,Cellular Response To Magnesium Ion (GO:0071286),0,0,1.0,,1.0
GO_Biological_Process_2023,Cellular Response To Oxidised Low-Density Lipoprotein Particle Stimulus (GO:0140052),0,0,1.0,,1.0
GO_Biological_Process_2023,Cellular Response To Oxygen-Containing Compound (GO:1901701),18,1,0.5971631311985761,BRAF,1.0
GO_Biological_Process_2023,Cellular Response To Sterol (GO:0036315),0,0,1.0,,1.0
GO_Biological_Process_2023,Cellular Response To Steroid Hormone Stimulus (GO:0071383),4,1,0.18194134789770994,MED1,1.0
GO_Biological_Process_2023,Cellular Response To Starvation (GO:0009267),8,0,1.0,,1.0
GO_Biological_Process_2023,Cellular Response To Salt (GO:1902075),2,1,0.09545541870343885,BRAF,1.0
GO_Biological_Process_2023,Cellular Response To Retinoic Acid (GO:0071300),1,0,1.0,,1.0
GO_Biological_Process_2023,Cellular Response To Reactive Oxygen Species (GO:0034614),3,0,1.0,,1.0
GO_Biological_Process_2023,Cellular Response To Reactive Nitrogen Species (GO:1902170),0,0,1.0,,1.0
GO_Biological_Process_2023,Cellular Response To Oxygen Levels (GO:0071453),3,0,1.0,,1.0
GO_Biological_Process_2023,Cellular Response To Radiation (GO:0071478),6,1,0.26028719693696456,GRB2,1.0
GO_Biological_Process_2023,Cellular Response To Prostaglandin Stimulus (GO:0071379),0,0,1.0,,1.0
GO_Biological_Process_2023,Cellular Response To Prostaglandin E Stimulus (GO:0071380),0,0,1.0,,1.0
GO_Biological_Process_2023,Cellular Response To Potassium Ion (GO:0035865),0,0,1.0,,1.0
GO_Biological_Process_2023,Cellular Response To Platelet-Derived Growth Factor Stimulus (GO:0036120),1,0,1.0,,1.0
GO_Biological_Process_2023,Cellular Response To Peptide Hormone Stimulus (GO:0071375),5,0,1.0,,1.0
GO_Biological_Process_2023,Cellular Response To Peptide (GO:1901653),4,1,0.18194134789770994,MDM2,1.0
GO_Biological_Process_2023,Cellular Response To pH (GO:0071467),0,0,1.0,,1.0
GO_Biological_Process_2023,Cellular Response To Purine-Containing Compound (GO:0071415),0,0,1.0,,1.0
GO_Biological_Process_2023,Cellular Response To Sterol Depletion (GO:0071501),0,0,1.0,,1.0
GO_Biological_Process_2023,Cellular Response To Low-Density Lipoprotein Particle Stimulus (GO:0071404),0,0,1.0,,1.0
GO_Biological_Process_2023,Cellular Response To Lipopolysaccharide (GO:0071222),6,0,1.0,,1.0
GO_Biological_Process_2023,Cellular Response To Inorganic Substance (GO:0071241),4,0,1.0,,1.0
GO_Biological_Process_2023,Cellular Response To Increased Oxygen Levels (GO:0036295),4,0,1.0,,1.0
GO_Biological_Process_2023,Cellular Response To Hydroxyurea (GO:0072711),4,0,1.0,,1.0
GO_Biological_Process_2023,Cellular Response To Hydrogen Peroxide (GO:0070301),2,0,1.0,,1.0
GO_Biological_Process_2023,Bone Development (GO:0060348),2,0,1.0,,1.0
GO_Biological_Process_2023,Cellular Response To Histamine (GO:0071420),1,0,1.0,,1.0
GO_Biological_Process_2023,Cellular Response To Hexose Stimulus (GO:0071331),2,0,1.0,,1.0
GO_Biological_Process_2023,Body Fluid Secretion (GO:0007589),0,0,1.0,,1.0
GO_Biological_Process_2023,Cellular Response To Hepatocyte Growth Factor Stimulus (GO:0035729),0,0,1.0,,1.0
GO_Biological_Process_2023,Bone Morphogenesis (GO:0060349),0,0,1.0,,1.0
GO_Biological_Process_2023,Cellular Response To Granulocyte Macrophage Colony-Stimulating Factor Stimulus (GO:0097011),0,0,1.0,,1.0
GO_Biological_Process_2023,Bone Resorption (GO:0045453),0,0,1.0,,1.0
GO_Biological_Process_2023,Cellular Response To Glucose Stimulus (GO:0071333),2,0,1.0,,1.0
GO_Biological_Process_2023,Cellular Response To Glucose Starvation (GO:0042149),2,0,1.0,,1.0
GO_Biological_Process_2023,Cellular Response To Glucocorticoid Stimulus (GO:0071385),2,0,1.0,,1.0
GO_Biological_Process_2023,Cellular Response To Gamma Radiation (GO:0071480),5,1,0.22208297380459047,MDM2,1.0
GO_Biological_Process_2023,Cellular Response To Heat (GO:0034605),3,0,1.0,,1.0
GO_Biological_Process_2023,Cellular Response To Lipoteichoic Acid (GO:0071223),0,0,1.0,,1.0
GO_Biological_Process_2023,Cellular Response To Interferon-Alpha (GO:0035457),1,0,1.0,,1.0
GO_Biological_Process_2023,Cellular Response To Interleukin-1 (GO:0071347),3,0,1.0,,1.0
GO_Biological_Process_2023,Cellular Response To Lipid (GO:0071396),13,1,0.48067642914700753,MED1,1.0
GO_Biological_Process_2023,Cellular Response To Light Stimulus (GO:0071482),15,2,0.164341286382343,EP300;MYC,1.0
GO_Biological_Process_2023,Cellular Response To Leucine Starvation (GO:1990253),2,0,1.0,,1.0
GO_Biological_Process_2023,Cellular Response To Leucine (GO:0071233),3,0,1.0,,1.0
GO_Biological_Process_2023,Cellular Response To Leptin Stimulus (GO:0044320),0,0,1.0,,1.0
GO_Biological_Process_2023,Blood Vessel Morphogenesis (GO:0048514),0,0,1.0,,1.0
GO_Biological_Process_2023,Cellular Response To Laminar Fluid Shear Stress (GO:0071499),0,0,1.0,,1.0
GO_Biological_Process_2023,Cellular Response To Interferon-Beta (GO:0035458),1,0,1.0,,1.0
GO_Biological_Process_2023,Cellular Response To Ketone (GO:1901655),0,0,1.0,,1.0
GO_Biological_Process_2023,Cellular Response To Ionizing Radiation (GO:0071479),10,2,0.08218438755343886,GRB2;MDM2,1.0
GO_Biological_Process_2023,Cellular Response To Interleukin-9 (GO:0071355),0,0,1.0,,1.0
GO_Biological_Process_2023,Cellular Response To Interleukin-6 (GO:0071354),1,0,1.0,,1.0
GO_Biological_Process_2023,Cellular Response To Interleukin-4 (GO:0071353),0,0,1.0,,1.0
GO_Biological_Process_2023,Cellular Response To Interleukin-2 (GO:0071352),0,0,1.0,,1.0
GO_Biological_Process_2023,Cellular Response To Interleukin-15 (GO:0071350),0,0,1.0,,1.0
GO_Biological_Process_2023,Cellular Response To Interleukin-12 (GO:0071349),0,0,1.0,,1.0
GO_Biological_Process_2023,Cellular Response To Iron Ion (GO:0071281),0,0,1.0,,1.0
GO_Biological_Process_2023,Cellular Response To Superoxide (GO:0071451),2,0,1.0,,1.0
GO_Biological_Process_2023,Blood Vessel Endothelial Cell Proliferation Involved In Sprouting Angiogenesis (GO:0002043),0,0,1.0,,1.0
GO_Biological_Process_2023,Cellular Response To Topologically Incorrect Protein (GO:0035967),0,0,1.0,,1.0
GO_Biological_Process_2023,Cilium Disassembly (GO:0061523),0,0,1.0,,1.0
GO_Biological_Process_2023,Cilium Assembly (GO:0060271),6,0,1.0,,1.0
GO_Biological_Process_2023,Chromosome Organization (GO:0051276),10,1,0.39550578556344795,MYC,1.0
GO_Biological_Process_2023,Chromosome Condensation (GO:0030261),10,1,0.39550578556344795,NCAPD3,1.0
GO_Biological_Process_2023,Chromatin Remodeling At Centromere (GO:0031055),4,0,1.0,,1.0
GO_Biological_Process_2023,Chromatin Remodeling (GO:0006338),26,2,0.3663415209773687,FOXA1;MYC,1.0
GO_Biological_Process_2023,"Blood Coagulation, Fibrin Clot Formation (GO:0072378)",0,0,1.0,,1.0
GO_Biological_Process_2023,Cilium Movement (GO:0003341),0,0,1.0,,1.0
GO_Biological_Process_2023,Chordate Embryonic Development (GO:0043009),2,0,1.0,,1.0
GO_Biological_Process_2023,Chondroitin Sulfate Proteoglycan Biosynthetic Process (GO:0050650),0,0,1.0,,1.0
GO_Biological_Process_2023,Chondroitin Sulfate Metabolic Process (GO:0030204),0,0,1.0,,1.0
GO_Biological_Process_2023,Chondroitin Sulfate Biosynthetic Process (GO:0030206),0,0,1.0,,1.0
GO_Biological_Process_2023,Chondrocyte Differentiation (GO:0002062),0,0,1.0,,1.0
GO_Biological_Process_2023,Chondrocyte Development (GO:0002063),0,0,1.0,,1.0
GO_Biological_Process_2023,Choline Transport (GO:0015871),0,0,1.0,,1.0
GO_Biological_Process_2023,Choline Metabolic Process (GO:0019695),0,0,1.0,,1.0
GO_Biological_Process_2023,Chondroitin Sulfate Proteoglycan Metabolic Process (GO:0050654),0,0,1.0,,1.0
GO_Biological_Process_2023,Cholesterol Transport (GO:0030301),0,0,1.0,,1.0
GO_Biological_Process_2023,Cilium Movement Involved In Cell Motility (GO:0060294),0,0,1.0,,1.0
GO_Biological_Process_2023,Cilium-Dependent Cell Motility (GO:0060285),0,0,1.0,,1.0
GO_Biological_Process_2023,Collagen-Activated Signaling Pathway (GO:0038065),0,0,1.0,,1.0
GO_Biological_Process_2023,Collagen Fibril Organization (GO:0030199),0,0,1.0,,1.0
GO_Biological_Process_2023,Cognition (GO:0050890),0,0,1.0,,1.0
GO_Biological_Process_2023,Coenzyme A Metabolic Process (GO:0015936),1,0,1.0,,1.0
GO_Biological_Process_2023,Coenzyme A Biosynthetic Process (GO:0015937),1,0,1.0,,1.0
GO_Biological_Process_2023,Cochlea Morphogenesis (GO:0090103),0,0,1.0,,1.0
GO_Biological_Process_2023,Cobalamin Transport (GO:0015889),0,0,1.0,,1.0
GO_Biological_Process_2023,Cilium Organization (GO:0044782),7,0,1.0,,1.0
GO_Biological_Process_2023,Cobalamin Metabolic Process (GO:0009235),0,0,1.0,,1.0
GO_Biological_Process_2023,Clathrin-Dependent Endocytosis (GO:0072583),3,1,0.13976587961154743,AP2S1,1.0
GO_Biological_Process_2023,"Clathrin-Coated Vesicle Cargo Loading, AP-3-mediated (GO:0035654)",0,0,1.0,,1.0
GO_Biological_Process_2023,Clathrin-Coated Vesicle Cargo Loading (GO:0035652),0,0,1.0,,1.0
GO_Biological_Process_2023,Clathrin Coat Disassembly (GO:0072318),0,0,1.0,,1.0
GO_Biological_Process_2023,Clathrin Coat Assembly (GO:0048268),1,0,1.0,,1.0
GO_Biological_Process_2023,Citrulline Metabolic Process (GO:0000052),0,0,1.0,,1.0
GO_Biological_Process_2023,Circulatory System Development (GO:0072359),2,0,1.0,,1.0
GO_Biological_Process_2023,Cleavage Furrow Formation (GO:0036089),0,0,1.0,,1.0
GO_Biological_Process_2023,Cholesterol Metabolic Process (GO:0008203),3,0,1.0,,1.0
GO_Biological_Process_2023,Cholesterol Import (GO:0070508),0,0,1.0,,1.0
GO_Biological_Process_2023,Cholesterol Homeostasis (GO:0042632),0,0,1.0,,1.0
GO_Biological_Process_2023,Central Nervous System Projection Neuron Axonogenesis (GO:0021952),1,0,1.0,,1.0
GO_Biological_Process_2023,Central Nervous System Neuron Differentiation (GO:0021953),1,0,1.0,,1.0
GO_Biological_Process_2023,Central Nervous System Neuron Development (GO:0021954),0,0,1.0,,1.0
GO_Biological_Process_2023,Central Nervous System Neuron Axonogenesis (GO:0021955),0,0,1.0,,1.0
GO_Biological_Process_2023,"Blood Coagulation, Intrinsic Pathway (GO:0007597)",0,0,1.0,,1.0
GO_Biological_Process_2023,Central Nervous System Development (GO:0007417),15,2,0.164341286382343,PAX8;SOX10,1.0
GO_Biological_Process_2023,Cellular Response To Zinc Ion (GO:0071294),0,0,1.0,,1.0
GO_Biological_Process_2023,Centromere Complex Assembly (GO:0034508),4,0,1.0,,1.0
GO_Biological_Process_2023,Blood Vessel Diameter Maintenance (GO:0097746),0,0,1.0,,1.0
GO_Biological_Process_2023,Cellular Response To Vascular Endothelial Growth Factor Stimulus (GO:0035924),0,0,1.0,,1.0
GO_Biological_Process_2023,Cellular Response To Unfolded Protein (GO:0034620),1,0,1.0,,1.0
GO_Biological_Process_2023,Cellular Response To Type III Interferon (GO:0071358),0,0,1.0,,1.0
GO_Biological_Process_2023,Cellular Response To Type II Interferon (GO:0071346),3,0,1.0,,1.0
GO_Biological_Process_2023,Cellular Response To Type I Interferon (GO:0071357),1,0,1.0,,1.0
GO_Biological_Process_2023,Cellular Response To Tumor Necrosis Factor (GO:0071356),4,0,1.0,,1.0
GO_Biological_Process_2023,Blood Vessel Endothelial Cell Migration (GO:0043534),1,0,1.0,,1.0
GO_Biological_Process_2023,Cellular Response To Virus (GO:0098586),3,0,1.0,,1.0
GO_Biological_Process_2023,Centromeric Sister Chromatid Cohesion (GO:0070601),3,0,1.0,,1.0
GO_Biological_Process_2023,Ceramide Biosynthetic Process (GO:0046513),1,0,1.0,,1.0
GO_Biological_Process_2023,Ceramide Catabolic Process (GO:0046514),0,0,1.0,,1.0
GO_Biological_Process_2023,Cholesterol Efflux (GO:0033344),0,0,1.0,,1.0
GO_Biological_Process_2023,Cholesterol Catabolic Process (GO:0006707),0,0,1.0,,1.0
GO_Biological_Process_2023,Cholesterol Biosynthetic Process (GO:0006695),3,0,1.0,,1.0
GO_Biological_Process_2023,Chloride Transport (GO:0006821),0,0,1.0,,1.0
GO_Biological_Process_2023,Chloride Transmembrane Transport (GO:1902476),0,0,1.0,,1.0
GO_Biological_Process_2023,Chloride Ion Homeostasis (GO:0055064),0,0,1.0,,1.0
GO_Biological_Process_2023,Chitin Metabolic Process (GO:0006030),0,0,1.0,,1.0
GO_Biological_Process_2023,Chitin Catabolic Process (GO:0006032),0,0,1.0,,1.0
GO_Biological_Process_2023,Chemokine-Mediated Signaling Pathway (GO:0070098),1,0,1.0,,1.0
GO_Biological_Process_2023,Chemokine (C-X-C Motif) Ligand 12 Signaling Pathway (GO:0038146),0,0,1.0,,1.0
GO_Biological_Process_2023,"Chemical Synaptic Transmission, Postsynaptic (GO:0099565)",0,0,1.0,,1.0
GO_Biological_Process_2023,Chemical Synaptic Transmission (GO:0007268),3,0,1.0,,1.0
GO_Biological_Process_2023,Chaperone-Mediated Protein Complex Assembly (GO:0051131),7,0,1.0,,1.0
GO_Biological_Process_2023,Chaperone Cofactor-Dependent Protein Refolding (GO:0051085),3,0,1.0,,1.0
GO_Biological_Process_2023,Cerebral Cortex Cell Migration (GO:0021795),0,0,1.0,,1.0
GO_Biological_Process_2023,Ceramide Transport (GO:0035627),0,0,1.0,,1.0
GO_Biological_Process_2023,Ceramide Metabolic Process (GO:0006672),3,0,1.0,,1.0
GO_Biological_Process_2023,Cellular Response To Forskolin (GO:1904322),0,0,1.0,,1.0
GO_Biological_Process_2023,Collecting Duct Development (GO:0072044),0,0,1.0,,1.0
GO_Biological_Process_2023,Cellular Response To Fluid Shear Stress (GO:0071498),1,0,1.0,,1.0
GO_Biological_Process_2023,Cellular Response To Fatty Acid (GO:0071398),0,0,1.0,,1.0
GO_Biological_Process_2023,Cardiac Muscle Cell Myoblast Differentiation (GO:0060379),0,0,1.0,,1.0
GO_Biological_Process_2023,Cardiac Muscle Cell Membrane Repolarization (GO:0099622),0,0,1.0,,1.0
GO_Biological_Process_2023,Cardiac Muscle Cell Differentiation (GO:0055007),0,0,1.0,,1.0
GO_Biological_Process_2023,Cardiac Muscle Cell Development (GO:0055013),0,0,1.0,,1.0
GO_Biological_Process_2023,Cardiac Muscle Cell Contraction (GO:0086003),0,0,1.0,,1.0
GO_Biological_Process_2023,Cardiac Muscle Cell Action Potential Involved In Contraction (GO:0086002),1,0,1.0,,1.0
GO_Biological_Process_2023,Cardiac Muscle Cell Action Potential (GO:0086001),1,0,1.0,,1.0
GO_Biological_Process_2023,Cardiac Muscle Cell-Cardiac Muscle Cell Adhesion (GO:0086042),0,0,1.0,,1.0
GO_Biological_Process_2023,Cardiac Left Ventricle Morphogenesis (GO:0003214),0,0,1.0,,1.0
GO_Biological_Process_2023,Cardiac Conduction System Development (GO:0003161),1,0,1.0,,1.0
GO_Biological_Process_2023,Cardiac Conduction (GO:0061337),0,0,1.0,,1.0
GO_Biological_Process_2023,Cardiac Cell Development (GO:0055006),0,0,1.0,,1.0
GO_Biological_Process_2023,Cardiac Atrium Morphogenesis (GO:0003209),0,0,1.0,,1.0
GO_Biological_Process_2023,Cardiac Atrium Development (GO:0003230),0,0,1.0,,1.0
GO_Biological_Process_2023,Carboxylic Acid Transport (GO:0046942),0,0,1.0,,1.0
GO_Biological_Process_2023,Carboxylic Acid Transmembrane Transport (GO:1905039),0,0,1.0,,1.0
GO_Biological_Process_2023,Cardiac Epithelial To Mesenchymal Transition (GO:0060317),0,0,1.0,,1.0
GO_Biological_Process_2023,Carboxylic Acid Metabolic Process (GO:0019752),1,0,1.0,,1.0
GO_Biological_Process_2023,Cardiac Muscle Contraction (GO:0060048),0,0,1.0,,1.0
GO_Biological_Process_2023,Cardiac Muscle Tissue Development (GO:0048738),3,0,1.0,,1.0
GO_Biological_Process_2023,Catecholamine Transport (GO:0051937),0,0,1.0,,1.0
GO_Biological_Process_2023,Catecholamine Metabolic Process (GO:0006584),0,0,1.0,,1.0
GO_Biological_Process_2023,Catecholamine Biosynthetic Process (GO:0042423),0,0,1.0,,1.0
GO_Biological_Process_2023,Cartilage Development (GO:0051216),0,0,1.0,,1.0
GO_Biological_Process_2023,Carnitine Metabolic Process (GO:0009437),0,0,1.0,,1.0
GO_Biological_Process_2023,Cardiolipin Metabolic Process (GO:0032048),2,0,1.0,,1.0
GO_Biological_Process_2023,Cardiolipin Biosynthetic Process (GO:0032049),2,0,1.0,,1.0
GO_Biological_Process_2023,Cardiac Muscle Hypertrophy (GO:0003300),0,0,1.0,,1.0
GO_Biological_Process_2023,Cardiolipin Acyl-Chain Remodeling (GO:0035965),0,0,1.0,,1.0
GO_Biological_Process_2023,Cardioblast Differentiation (GO:0010002),0,0,1.0,,1.0
GO_Biological_Process_2023,Cardiac Ventricle Morphogenesis (GO:0003208),0,0,1.0,,1.0
GO_Biological_Process_2023,Cardiac Ventricle Development (GO:0003231),0,0,1.0,,1.0
GO_Biological_Process_2023,Cardiac Right Ventricle Morphogenesis (GO:0003215),0,0,1.0,,1.0
GO_Biological_Process_2023,Cardiac Pacemaker Cell Development (GO:0060926),0,0,1.0,,1.0
GO_Biological_Process_2023,Cardiac Myofibril Assembly (GO:0055003),0,0,1.0,,1.0
GO_Biological_Process_2023,Cardiac Muscle Tissue Morphogenesis (GO:0055008),0,0,1.0,,1.0
GO_Biological_Process_2023,Cardiocyte Differentiation (GO:0035051),0,0,1.0,,1.0
GO_Biological_Process_2023,Catecholamine Uptake (GO:0090493),0,0,1.0,,1.0
GO_Biological_Process_2023,Carboxylic Acid Catabolic Process (GO:0046395),0,0,1.0,,1.0
GO_Biological_Process_2023,Carbon Dioxide Transport (GO:0015670),0,0,1.0,,1.0
GO_Biological_Process_2023,Calcium Ion Import Across Plasma Membrane (GO:0098703),0,0,1.0,,1.0
GO_Biological_Process_2023,Calcium Ion Import (GO:0070509),0,0,1.0,,1.0
GO_Biological_Process_2023,Calcium Ion Homeostasis (GO:0055074),3,0,1.0,,1.0
GO_Biological_Process_2023,Calcium Import Into The Mitochondrion (GO:0036444),0,0,1.0,,1.0
GO_Biological_Process_2023,Calcitonin Family Receptor Signaling Pathway (GO:0097646),0,0,1.0,,1.0
GO_Biological_Process_2023,Calcineurin-Mediated Signaling (GO:0097720),0,0,1.0,,1.0
GO_Biological_Process_2023,calcineurin-NFAT Signaling Cascade (GO:0033173),0,0,1.0,,1.0
GO_Biological_Process_2023,Calcium Ion Transmembrane Import Into Cytosol (GO:0097553),1,0,1.0,,1.0
GO_Biological_Process_2023,cGMP-mediated Signaling (GO:0019934),0,0,1.0,,1.0
GO_Biological_Process_2023,cGMP Biosynthetic Process (GO:0006182),0,0,1.0,,1.0
GO_Biological_Process_2023,cAMP-mediated Signaling (GO:0019933),0,0,1.0,,1.0
GO_Biological_Process_2023,cAMP Metabolic Process (GO:0046058),0,0,1.0,,1.0
GO_Biological_Process_2023,cAMP Biosynthetic Process (GO:0006171),0,0,1.0,,1.0
GO_Biological_Process_2023,Bundle Of His cell-Purkinje Myocyte Adhesion Involved In Cell Communication (GO:0086073),0,0,1.0,,1.0
GO_Biological_Process_2023,Bundle Of His Cell To Purkinje Myocyte Communication (GO:0086069),0,0,1.0,,1.0
GO_Biological_Process_2023,Brown Fat Cell Differentiation (GO:0050873),0,0,1.0,,1.0
GO_Biological_Process_2023,cGMP Metabolic Process (GO:0046068),0,0,1.0,,1.0
GO_Biological_Process_2023,Carboxylic Acid Biosynthetic Process (GO:0046394),0,0,1.0,,1.0
GO_Biological_Process_2023,Calcium Ion Transmembrane Transport (GO:0070588),4,1,0.18194134789770994,TRPM7,1.0
GO_Biological_Process_2023,Calcium Ion Transport Into Cytosol (GO:0060402),0,0,1.0,,1.0
GO_Biological_Process_2023,Carbohydrate Phosphorylation (GO:0046835),0,0,1.0,,1.0
GO_Biological_Process_2023,Carbohydrate Derivative Transport (GO:1901264),0,0,1.0,,1.0
GO_Biological_Process_2023,Carbohydrate Derivative Catabolic Process (GO:1901136),0,0,1.0,,1.0
GO_Biological_Process_2023,Carbohydrate Derivative Biosynthetic Process (GO:1901137),4,0,1.0,,1.0
GO_Biological_Process_2023,Carbohydrate Catabolic Process (GO:0016052),5,0,1.0,,1.0
GO_Biological_Process_2023,Carbohydrate Biosynthetic Process (GO:0016051),0,0,1.0,,1.0
GO_Biological_Process_2023,Cap-Dependent Translational Initiation (GO:0002191),2,0,1.0,,1.0
GO_Biological_Process_2023,Calcium Ion Transport (GO:0006816),3,1,0.13976587961154743,TRPM7,1.0
GO_Biological_Process_2023,Branched-Chain Amino Acid Metabolic Process (GO:0009081),0,0,1.0,,1.0
GO_Biological_Process_2023,Camera-Type Eye Development (GO:0043010),0,0,1.0,,1.0
GO_Biological_Process_2023,Calcium-Mediated Signaling Using Intracellular Calcium Source (GO:0035584),0,0,1.0,,1.0
GO_Biological_Process_2023,Calcium-Mediated Signaling (GO:0019722),1,0,1.0,,1.0
GO_Biological_Process_2023,Calcium-Ion Regulated Exocytosis (GO:0017156),0,0,1.0,,1.0
GO_Biological_Process_2023,Calcium-Independent Cell-Cell Adhesion Via Plasma Membrane Cell-Adhesion Molecules (GO:0016338),0,0,1.0,,1.0
GO_Biological_Process_2023,Calcium-Dependent Cell-Cell Adhesion Via Plasma Membrane Cell Adhesion Molecules (GO:0016339),0,0,1.0,,1.0
GO_Biological_Process_2023,Calcium Ion-Regulated Exocytosis Of Neurotransmitter (GO:0048791),0,0,1.0,,1.0
GO_Biological_Process_2023,Camera-Type Eye Morphogenesis (GO:0048593),0,0,1.0,,1.0
GO_Biological_Process_2023,Cell Chemotaxis (GO:0060326),0,0,1.0,,1.0
GO_Biological_Process_2023,Cell Communication By Electrical Coupling Involved In Cardiac Conduction (GO:0086064),0,0,1.0,,1.0
GO_Biological_Process_2023,Branched-Chain Amino Acid Catabolic Process (GO:0009083),0,0,1.0,,1.0
GO_Biological_Process_2023,Cellular Response To Angiotensin (GO:1904385),0,0,1.0,,1.0
GO_Biological_Process_2023,Cellular Response To Amyloid-Beta (GO:1904646),0,0,1.0,,1.0
GO_Biological_Process_2023,Cellular Response To Amino Acid Stimulus (GO:0071230),3,0,1.0,,1.0
GO_Biological_Process_2023,Cellular Response To Amino Acid Starvation (GO:0034198),4,0,1.0,,1.0
GO_Biological_Process_2023,Cellular Response To Alkaloid (GO:0071312),1,0,1.0,,1.0
GO_Biological_Process_2023,Cellular Response To Alcohol (GO:0097306),2,1,0.09545541870343885,CTNNB1,1.0
GO_Biological_Process_2023,Cellular Response To Acidic pH (GO:0071468),0,0,1.0,,1.0
GO_Biological_Process_2023,Cellular Response To Arsenic-Containing Substance (GO:0071243),2,0,1.0,,1.0
GO_Biological_Process_2023,Cellular Response To Acid Chemical (GO:0071229),3,0,1.0,,1.0
GO_Biological_Process_2023,Cellular Response To UV-B (GO:0071493),0,0,1.0,,1.0
GO_Biological_Process_2023,Cellular Response To UV-A (GO:0071492),0,0,1.0,,1.0
GO_Biological_Process_2023,Cellular Response To UV (GO:0034644),15,2,0.164341286382343,EP300;MYC,1.0
GO_Biological_Process_2023,Cellular Response To BMP Stimulus (GO:0071773),1,0,1.0,,1.0
GO_Biological_Process_2023,Cellular Response To ATP (GO:0071318),0,0,1.0,,1.0
GO_Biological_Process_2023,Cellular Respiration (GO:0045333),5,1,0.22208297380459047,SDHB,1.0
GO_Biological_Process_2023,Cellular Nitrogen Compound Biosynthetic Process (GO:0044271),1,0,1.0,,1.0
GO_Biological_Process_2023,Cellular Response To Acetylcholine (GO:1905145),0,0,1.0,,1.0
GO_Biological_Process_2023,Cellular Modified Amino Acid Catabolic Process (GO:0042219),0,0,1.0,,1.0
GO_Biological_Process_2023,Cellular Response To Bacterial Lipopeptide (GO:0071221),0,0,1.0,,1.0
GO_Biological_Process_2023,Cellular Response To Cadmium Ion (GO:0071276),0,0,1.0,,1.0
GO_Biological_Process_2023,Cellular Response To Exogenous dsRNA (GO:0071360),1,0,1.0,,1.0
GO_Biological_Process_2023,Cellular Response To Estrogen Stimulus (GO:0071391),1,0,1.0,,1.0
GO_Biological_Process_2023,Cellular Response To Estradiol Stimulus (GO:0071392),2,0,1.0,,1.0
GO_Biological_Process_2023,Cellular Response To Epinephrine Stimulus (GO:0071872),0,0,1.0,,1.0
GO_Biological_Process_2023,Cellular Response To Epidermal Growth Factor Stimulus (GO:0071364),5,1,0.22208297380459047,MED1,1.0
GO_Biological_Process_2023,Cellular Response To dsRNA (GO:0071359),2,0,1.0,,1.0
GO_Biological_Process_2023,Cellular Response To Cytokine Stimulus (GO:0071345),15,0,1.0,,1.0
GO_Biological_Process_2023,Cellular Response To cAMP (GO:0071320),0,0,1.0,,1.0
GO_Biological_Process_2023,Cellular Response To Corticosteroid Stimulus (GO:0071384),2,0,1.0,,1.0
GO_Biological_Process_2023,Cellular Response To Cold (GO:0070417),0,0,1.0,,1.0
GO_Biological_Process_2023,Cellular Response To Cholesterol (GO:0071397),0,0,1.0,,1.0
GO_Biological_Process_2023,Cellular Response To Chemokine (GO:1990869),1,0,1.0,,1.0
GO_Biological_Process_2023,Cellular Response To Chemical Stress (GO:0062197),9,0,1.0,,1.0
GO_Biological_Process_2023,Cellular Response To Catecholamine Stimulus (GO:0071870),0,0,1.0,,1.0
GO_Biological_Process_2023,Cellular Response To Calcium Ion (GO:0071277),2,1,0.09545541870343885,BRAF,1.0
GO_Biological_Process_2023,Cellular Response To Caffeine (GO:0071313),0,0,1.0,,1.0
GO_Biological_Process_2023,Cellular Response To Copper Ion (GO:0071280),0,0,1.0,,1.0
GO_Biological_Process_2023,Cellular Modified Amino Acid Biosynthetic Process (GO:0042398),0,0,1.0,,1.0
GO_Biological_Process_2023,Cellular Lipid Catabolic Process (GO:0044242),0,0,1.0,,1.0
GO_Biological_Process_2023,Cellular Lipid Biosynthetic Process (GO:0097384),0,0,1.0,,1.0
GO_Biological_Process_2023,Cell Proliferation In Forebrain (GO:0021846),0,0,1.0,,1.0
GO_Biological_Process_2023,Cell Projection Organization (GO:0030030),0,0,1.0,,1.0
GO_Biological_Process_2023,Cell Projection Assembly (GO:0030031),0,0,1.0,,1.0
GO_Biological_Process_2023,Cell Part Morphogenesis (GO:0032990),2,0,1.0,,1.0
GO_Biological_Process_2023,Cell Morphogenesis Involved In Neuron Differentiation (GO:0048667),3,0,1.0,,1.0
GO_Biological_Process_2023,Cell Morphogenesis Involved In Differentiation (GO:0000904),1,0,1.0,,1.0
GO_Biological_Process_2023,Cell Migration Involved In Sprouting Angiogenesis (GO:0002042),0,0,1.0,,1.0
GO_Biological_Process_2023,Cell Surface Pattern Recognition Receptor Signaling Pathway (GO:0002752),0,0,1.0,,1.0
GO_Biological_Process_2023,Cell Migration Involved In Heart Development (GO:0060973),0,0,1.0,,1.0
GO_Biological_Process_2023,Cell Junction Maintenance (GO:0034331),0,0,1.0,,1.0
GO_Biological_Process_2023,Cell Junction Disassembly (GO:0150146),0,0,1.0,,1.0
GO_Biological_Process_2023,Cell Junction Assembly (GO:0034329),2,0,1.0,,1.0
GO_Biological_Process_2023,Brain Morphogenesis (GO:0048854),1,0,1.0,,1.0
GO_Biological_Process_2023,Cell Differentiation In Spinal Cord (GO:0021515),0,0,1.0,,1.0
GO_Biological_Process_2023,Cell Differentiation In Hindbrain (GO:0021533),0,0,1.0,,1.0
GO_Biological_Process_2023,Cell Cycle G2/M Phase Transition (GO:0044839),10,1,0.39550578556344795,DNM2,1.0
GO_Biological_Process_2023,Cell Junction Organization (GO:0034330),2,0,1.0,,1.0
GO_Biological_Process_2023,Cell Surface Receptor Signaling Pathway Involved In Cell-Cell Signaling (GO:1905114),2,1,0.09545541870343885,FERMT2,1.0
GO_Biological_Process_2023,Cell Surface Receptor Signaling Pathway Involved In Heart Development (GO:0061311),0,0,1.0,,1.0
GO_Biological_Process_2023,Cell Surface Toll-Like Receptor Signaling Pathway (GO:0140895),0,0,1.0,,1.0
GO_Biological_Process_2023,Cellular Hypotonic Response (GO:0071476),0,0,1.0,,1.0
GO_Biological_Process_2023,Cellular Hyperosmotic Response (GO:0071474),0,0,1.0,,1.0
GO_Biological_Process_2023,Cellular Glucuronidation (GO:0052695),0,0,1.0,,1.0
GO_Biological_Process_2023,Cellular Defense Response (GO:0006968),0,0,1.0,,1.0
GO_Biological_Process_2023,Cellular Component Maintenance (GO:0043954),0,0,1.0,,1.0
GO_Biological_Process_2023,Cellular Component Disassembly (GO:0022411),0,0,1.0,,1.0
GO_Biological_Process_2023,Cellular Component Assembly (GO:0022607),18,2,0.21861975493513192,ELOB;MDM2,1.0
GO_Biological_Process_2023,Cellular Biogenic Amine Catabolic Process (GO:0042402),0,0,1.0,,1.0
GO_Biological_Process_2023,Box C/D snoRNP Assembly (GO:0000492),2,0,1.0,,1.0
GO_Biological_Process_2023,Bradykinin Catabolic Process (GO:0010815),0,0,1.0,,1.0
GO_Biological_Process_2023,Cell-Cell Signaling Involved In Cardiac Conduction (GO:0086019),0,0,1.0,,1.0
GO_Biological_Process_2023,Cell-Cell Signaling By Wnt (GO:0198738),2,1,0.09545541870343885,FERMT2,1.0
GO_Biological_Process_2023,Cell-Cell Junction Organization (GO:0045216),0,0,1.0,,1.0
GO_Biological_Process_2023,Brain Development (GO:0007420),7,0,1.0,,1.0
GO_Biological_Process_2023,Cell-Cell Junction Assembly (GO:0007043),3,1,0.13976587961154743,CTNNB1,1.0
GO_Biological_Process_2023,Cell-Cell Adhesion Via Plasma-Membrane Adhesion Molecules (GO:0098742),0,0,1.0,,1.0
GO_Biological_Process_2023,Cell-Cell Adhesion Mediated By Cadherin (GO:0044331),0,0,1.0,,1.0
GO_Biological_Process_2023,Cellular Response To Fibroblast Growth Factor Stimulus (GO:0044344),1,0,1.0,,1.0
GO_Biological_Process_2023,Columnar/Cuboidal Epithelial Cell Differentiation (GO:0002065),0,0,1.0,,1.0
GO_Biological_Process_2023,Commissural Neuron Axon Guidance (GO:0071679),0,0,1.0,,1.0
GO_Biological_Process_2023,"Complement Activation, Lectin Pathway (GO:0001867)",0,0,1.0,,1.0
GO_Biological_Process_2023,Erythrose 4-Phosphate/Phosphoenolpyruvate Family Amino Acid Catabolic Process (GO:1902222),0,0,1.0,,1.0
GO_Biological_Process_2023,"Base-Excision Repair, AP Site Formation (GO:0006285)",0,0,1.0,,1.0
GO_Biological_Process_2023,"Base-Excision Repair, Gap-Filling (GO:0006287)",3,0,1.0,,1.0
GO_Biological_Process_2023,Error-Prone Translesion Synthesis (GO:0042276),3,0,1.0,,1.0
GO_Biological_Process_2023,Equilibrioception (GO:0050957),0,0,1.0,,1.0
GO_Biological_Process_2023,Epoxygenase P450 Pathway (GO:0019373),0,0,1.0,,1.0
GO_Biological_Process_2023,Basement Membrane Organization (GO:0071711),0,0,1.0,,1.0
GO_Biological_Process_2023,Establishment Of Golgi Localization (GO:0051683),2,0,1.0,,1.0
GO_Biological_Process_2023,Epithelial Tube Morphogenesis (GO:0060562),2,1,0.09545541870343885,CTNNB1,1.0
GO_Biological_Process_2023,Epithelial Tube Branching Involved In Lung Morphogenesis (GO:0060441),0,0,1.0,,1.0
GO_Biological_Process_2023,Epithelial To Mesenchymal Transition Involved In Endocardial Cushion Formation (GO:0003198),0,0,1.0,,1.0
GO_Biological_Process_2023,Basic Amino Acid Transmembrane Transport (GO:1990822),0,0,1.0,,1.0
GO_Biological_Process_2023,Epithelial Structure Maintenance (GO:0010669),2,0,1.0,,1.0
GO_Biological_Process_2023,Epithelial Cilium Movement Involved In Extracellular Fluid Movement (GO:0003351),0,0,1.0,,1.0
GO_Biological_Process_2023,Epithelial Cilium Movement Involved In Determination Of Left/Right Asymmetry (GO:0060287),0,0,1.0,,1.0
GO_Biological_Process_2023,Epithelial Cell-Cell Adhesion (GO:0090136),0,0,1.0,,1.0
GO_Biological_Process_2023,Epithelial Tube Formation (GO:0072175),0,0,1.0,,1.0
GO_Biological_Process_2023,Epithelial Cell Morphogenesis (GO:0003382),0,0,1.0,,1.0
GO_Biological_Process_2023,Establishment Of Apical/Basal Cell Polarity (GO:0035089),1,0,1.0,,1.0
GO_Biological_Process_2023,Establishment Of Chromosome Localization (GO:0051303),2,0,1.0,,1.0
GO_Biological_Process_2023,Establishment Of Protein Localization To Membrane (GO:0090150),3,1,0.13976587961154743,BRAF,1.0
GO_Biological_Process_2023,Establishment Of Protein Localization To Extracellular Region (GO:0035592),3,0,1.0,,1.0
GO_Biological_Process_2023,Establishment Of Protein Localization To Endoplasmic Reticulum (GO:0072599),5,0,1.0,,1.0
GO_Biological_Process_2023,Establishment Of Protein Localization To Chromosome (GO:0070199),1,0,1.0,,1.0
GO_Biological_Process_2023,Establishment Of Protein Localization To Chromatin (GO:0071169),1,0,1.0,,1.0
GO_Biological_Process_2023,Establishment Of Planar Polarity (GO:0001736),0,0,1.0,,1.0
GO_Biological_Process_2023,Establishment Of Mitotic Spindle Orientation (GO:0000132),7,0,1.0,,1.0
GO_Biological_Process_2023,Establishment Of Centrosome Localization (GO:0051660),1,0,1.0,,1.0
GO_Biological_Process_2023,Establishment Of Mitotic Spindle Localization (GO:0040001),9,0,1.0,,1.0
GO_Biological_Process_2023,"Establishment Of Mitochondrion Localization, Microtubule-Mediated (GO:0034643)",1,0,1.0,,1.0
GO_Biological_Process_2023,Establishment Of Melanosome Localization (GO:0032401),0,0,1.0,,1.0
GO_Biological_Process_2023,Establishment Of Lymphocyte Polarity (GO:0001767),0,0,1.0,,1.0
GO_Biological_Process_2023,Establishment Of Epithelial Cell Polarity (GO:0090162),1,0,1.0,,1.0
GO_Biological_Process_2023,Establishment Of Epithelial Cell Apical/Basal Polarity (GO:0045198),1,0,1.0,,1.0
GO_Biological_Process_2023,Establishment Of Endothelial Intestinal Barrier (GO:0090557),0,0,1.0,,1.0
GO_Biological_Process_2023,Establishment Of Endothelial Barrier (GO:0061028),0,0,1.0,,1.0
GO_Biological_Process_2023,Establishment Of Mitotic Sister Chromatid Cohesion (GO:0034087),3,0,1.0,,1.0
GO_Biological_Process_2023,Establishment Of Protein Localization To Mitochondrion (GO:0072655),10,0,1.0,,1.0
GO_Biological_Process_2023,Epithelial Cell Migration (GO:0010631),0,0,1.0,,1.0
GO_Biological_Process_2023,Epithelial Cell Differentiation (GO:0030855),4,0,1.0,,1.0
GO_Biological_Process_2023,Endothelial Cell Differentiation (GO:0045446),0,0,1.0,,1.0
GO_Biological_Process_2023,Endothelial Cell Development (GO:0001885),0,0,1.0,,1.0
GO_Biological_Process_2023,Endothelial Cell Chemotaxis (GO:0035767),0,0,1.0,,1.0
GO_Biological_Process_2023,Endosome Transport Via Multivesicular Body Sorting Pathway (GO:0032509),4,0,1.0,,1.0
GO_Biological_Process_2023,Endosome To Pigment Granule Transport (GO:0043485),0,0,1.0,,1.0
GO_Biological_Process_2023,Endosome To Melanosome Transport (GO:0035646),0,0,1.0,,1.0
GO_Biological_Process_2023,Endosome To Lysosome Transport Via Multivesicular Body Sorting Pathway (GO:0032510),4,0,1.0,,1.0
GO_Biological_Process_2023,Endothelial Cell Migration (GO:0043542),1,0,1.0,,1.0
GO_Biological_Process_2023,Endosome To Lysosome Transport (GO:0008333),4,0,1.0,,1.0
GO_Biological_Process_2023,Endosomal Vesicle Fusion (GO:0034058),2,0,1.0,,1.0
GO_Biological_Process_2023,Endosomal Transport (GO:0016197),8,0,1.0,,1.0
GO_Biological_Process_2023,Endosomal Lumen Acidification (GO:0048388),5,0,1.0,,1.0
GO_Biological_Process_2023,Endoplasmic Reticulum Tubular Network Organization (GO:0071786),2,0,1.0,,1.0
GO_Biological_Process_2023,Endoplasmic Reticulum To Cytosol Transport (GO:1903513),3,0,1.0,,1.0
GO_Biological_Process_2023,Endoplasmic Reticulum To Golgi Vesicle-Mediated Transport (GO:0006888),25,0,1.0,,1.0
GO_Biological_Process_2023,Endoplasmic Reticulum Organization (GO:0007029),5,0,1.0,,1.0
GO_Biological_Process_2023,Endosome Organization (GO:0007032),7,0,1.0,,1.0
GO_Biological_Process_2023,Basic Amino Acid Transport (GO:0015802),0,0,1.0,,1.0
GO_Biological_Process_2023,Endothelial Cell Proliferation (GO:0001935),1,0,1.0,,1.0
GO_Biological_Process_2023,Endothelium Development (GO:0003158),0,0,1.0,,1.0
GO_Biological_Process_2023,Epithelial Cell Development (GO:0002064),0,0,1.0,,1.0
GO_Biological_Process_2023,Epithelial Cell Apoptotic Process (GO:1904019),0,0,1.0,,1.0
GO_Biological_Process_2023,Epigenetic Regulation Of Gene Expression (GO:0040029),9,1,0.364173645762447,EP300,1.0
GO_Biological_Process_2023,Epidermis Development (GO:0008544),2,0,1.0,,1.0
GO_Biological_Process_2023,Behavioral Fear Response (GO:0001662),0,0,1.0,,1.0
GO_Biological_Process_2023,Benzene-Containing Compound Metabolic Process (GO:0042537),0,0,1.0,,1.0
GO_Biological_Process_2023,Epiboly Involved In Wound Healing (GO:0090505),1,0,1.0,,1.0
GO_Biological_Process_2023,Endothelial Tube Morphogenesis (GO:0061154),2,1,0.09545541870343885,CTNNB1,1.0
GO_Biological_Process_2023,Ephrin Receptor Signaling Pathway (GO:0048013),2,1,0.09545541870343885,PTK2,1.0
GO_Biological_Process_2023,Eosinophil Chemotaxis (GO:0048245),0,0,1.0,,1.0
GO_Biological_Process_2023,Enzyme-Linked Receptor Protein Signaling Pathway (GO:0007167),1,0,1.0,,1.0
GO_Biological_Process_2023,Entrainment Of Circadian Clock By Photoperiod (GO:0043153),1,0,1.0,,1.0
GO_Biological_Process_2023,Bicarbonate Transport (GO:0015701),0,0,1.0,,1.0
GO_Biological_Process_2023,Engulfment Of Apoptotic Cell (GO:0043652),0,0,1.0,,1.0
GO_Biological_Process_2023,Energy Reserve Metabolic Process (GO:0006112),0,0,1.0,,1.0
GO_Biological_Process_2023,Energy Derivation By Oxidation Of Organic Compounds (GO:0015980),2,0,1.0,,1.0
GO_Biological_Process_2023,Eosinophil Migration (GO:0072677),0,0,1.0,,1.0
GO_Biological_Process_2023,Establishment Of Protein Localization To Organelle (GO:0072594),21,0,1.0,,1.0
GO_Biological_Process_2023,Establishment Of Protein Localization To Peroxisome (GO:0072663),0,0,1.0,,1.0
GO_Biological_Process_2023,Establishment Of Protein Localization To Plasma Membrane (GO:0061951),4,0,1.0,,1.0
GO_Biological_Process_2023,Fatty Acid Transport (GO:0015908),0,0,1.0,,1.0
GO_Biological_Process_2023,Fatty Acid Transmembrane Transport (GO:1902001),1,0,1.0,,1.0
GO_Biological_Process_2023,Fatty Acid Oxidation (GO:0019395),0,0,1.0,,1.0
GO_Biological_Process_2023,Fatty Acid Metabolic Process (GO:0006631),1,0,1.0,,1.0
GO_Biological_Process_2023,Fatty Acid Homeostasis (GO:0055089),1,0,1.0,,1.0
GO_Biological_Process_2023,"Fatty Acid Elongation, Unsaturated Fatty Acid (GO:0019368)",0,0,1.0,,1.0
GO_Biological_Process_2023,"Fatty Acid Elongation, Saturated Fatty Acid (GO:0019367)",0,0,1.0,,1.0
GO_Biological_Process_2023,fatty-acyl-CoA Biosynthetic Process (GO:0046949),0,0,1.0,,1.0
GO_Biological_Process_2023,"Fatty Acid Elongation, Polyunsaturated Fatty Acid (GO:0034626)",0,0,1.0,,1.0
GO_Biological_Process_2023,Fatty Acid Elongation (GO:0030497),0,0,1.0,,1.0
GO_Biological_Process_2023,Fatty Acid Derivative Biosynthetic Process (GO:1901570),1,0,1.0,,1.0
GO_Biological_Process_2023,Fatty Acid Catabolic Process (GO:0009062),0,0,1.0,,1.0
GO_Biological_Process_2023,Fatty Acid Biosynthetic Process (GO:0006633),2,1,0.09545541870343885,SCD,1.0
GO_Biological_Process_2023,Fatty Acid Beta-Oxidation Using acyl-CoA Oxidase (GO:0033540),0,0,1.0,,1.0
GO_Biological_Process_2023,Fatty Acid Beta-Oxidation Using acyl-CoA Dehydrogenase (GO:0033539),0,0,1.0,,1.0
GO_Biological_Process_2023,Fatty Acid Beta-Oxidation (GO:0006635),0,0,1.0,,1.0
GO_Biological_Process_2023,"Fatty Acid Elongation, Monounsaturated Fatty Acid (GO:0034625)",0,0,1.0,,1.0
GO_Biological_Process_2023,Fatty Acid Alpha-Oxidation (GO:0001561),0,0,1.0,,1.0
GO_Biological_Process_2023,fatty-acyl-CoA Catabolic Process (GO:0036115),0,0,1.0,,1.0
GO_Biological_Process_2023,Female Gamete Generation (GO:0007292),0,0,1.0,,1.0
GO_Biological_Process_2023,Free Ubiquitin Chain Polymerization (GO:0010994),0,0,1.0,,1.0
GO_Biological_Process_2023,Formation Of Translation Preinitiation Complex (GO:0001731),3,0,1.0,,1.0
GO_Biological_Process_2023,Formation Of Extrachromosomal Circular DNA (GO:0001325),1,0,1.0,,1.0
GO_Biological_Process_2023,Formation Of Cytoplasmic Translation Initiation Complex (GO:0001732),10,0,1.0,,1.0
GO_Biological_Process_2023,Forelimb Morphogenesis (GO:0035136),0,0,1.0,,1.0
GO_Biological_Process_2023,Forebrain Neuron Development (GO:0021884),0,0,1.0,,1.0
GO_Biological_Process_2023,Axonogenesis (GO:0007409),3,1,0.13976587961154743,PTK2,1.0
GO_Biological_Process_2023,fatty-acyl-CoA Metabolic Process (GO:0035337),0,0,1.0,,1.0
GO_Biological_Process_2023,Folic Acid Transport (GO:0015884),0,0,1.0,,1.0
GO_Biological_Process_2023,Base Conversion Or Substitution Editing (GO:0016553),0,0,1.0,,1.0
GO_Biological_Process_2023,Foam Cell Differentiation (GO:0090077),0,0,1.0,,1.0
GO_Biological_Process_2023,Fluid Transport (GO:0042044),0,0,1.0,,1.0
GO_Biological_Process_2023,Filopodium Assembly (GO:0046847),0,0,1.0,,1.0
GO_Biological_Process_2023,Fibroblast Growth Factor Receptor Signaling Pathway (GO:0008543),1,0,1.0,,1.0
GO_Biological_Process_2023,Fibrinolysis (GO:0042730),0,0,1.0,,1.0
GO_Biological_Process_2023,Female Gonad Development (GO:0008585),1,0,1.0,,1.0
GO_Biological_Process_2023,Barbed-End Actin Filament Capping (GO:0051016),1,0,1.0,,1.0
GO_Biological_Process_2023,Fat-Soluble Vitamin Metabolic Process (GO:0006775),0,0,1.0,,1.0
GO_Biological_Process_2023,Fat-Soluble Vitamin Catabolic Process (GO:0042363),0,0,1.0,,1.0
GO_Biological_Process_2023,Base-Excision Repair (GO:0006284),8,0,1.0,,1.0
GO_Biological_Process_2023,Excitatory Postsynaptic Potential (GO:0060079),0,0,1.0,,1.0
GO_Biological_Process_2023,Excitatory Chemical Synaptic Transmission (GO:0098976),0,0,1.0,,1.0
GO_Biological_Process_2023,Ether Lipid Metabolic Process (GO:0046485),1,0,1.0,,1.0
GO_Biological_Process_2023,Ether Lipid Biosynthetic Process (GO:0008611),0,0,1.0,,1.0
GO_Biological_Process_2023,Ethanol Oxidation (GO:0006069),0,0,1.0,,1.0
GO_Biological_Process_2023,Ethanol Metabolic Process (GO:0006067),0,0,1.0,,1.0
GO_Biological_Process_2023,Ethanol Catabolic Process (GO:0006068),0,0,1.0,,1.0
GO_Biological_Process_2023,Excitatory Synapse Assembly (GO:1904861),0,0,1.0,,1.0
GO_Biological_Process_2023,Estrogen Biosynthetic Process (GO:0006703),0,0,1.0,,1.0
GO_Biological_Process_2023,Establishment Or Maintenance Of Apical/Basal Cell Polarity (GO:0035088),0,0,1.0,,1.0
GO_Biological_Process_2023,Establishment Of Vesicle Localization (GO:0051650),2,1,0.09545541870343885,DNM2,1.0
GO_Biological_Process_2023,Establishment Of Spindle Orientation (GO:0051294),7,0,1.0,,1.0
GO_Biological_Process_2023,Establishment Of Spindle Localization (GO:0051293),3,0,1.0,,1.0
GO_Biological_Process_2023,Establishment Of Skin Barrier (GO:0061436),0,0,1.0,,1.0
GO_Biological_Process_2023,Establishment Of Protein Localization To Vacuole (GO:0072666),6,0,1.0,,1.0
GO_Biological_Process_2023,Establishment Of Protein Localization To Telomere (GO:0070200),0,0,1.0,,1.0
GO_Biological_Process_2023,Establishment Or Maintenance Of Epithelial Cell Apical/Basal Polarity (GO:0045197),2,0,1.0,,1.0
GO_Biological_Process_2023,Exit From Mitosis (GO:0010458),2,0,1.0,,1.0
GO_Biological_Process_2023,Exocrine System Development (GO:0035272),1,0,1.0,,1.0
GO_Biological_Process_2023,Exocytosis (GO:0006887),6,1,0.26028719693696456,SNAP23,1.0
GO_Biological_Process_2023,Facultative Heterochromatin Formation (GO:0140718),0,0,1.0,,1.0
GO_Biological_Process_2023,Eye Photoreceptor Cell Differentiation (GO:0001754),0,0,1.0,,1.0
GO_Biological_Process_2023,Eye Photoreceptor Cell Development (GO:0042462),0,0,1.0,,1.0
GO_Biological_Process_2023,Eye Morphogenesis (GO:0048592),0,0,1.0,,1.0
GO_Biological_Process_2023,Eye Development (GO:0001654),1,0,1.0,,1.0
GO_Biological_Process_2023,Extrinsic Apoptotic Signaling Pathway Via Death Domain Receptors (GO:0008625),2,0,1.0,,1.0
GO_Biological_Process_2023,Extrinsic Apoptotic Signaling Pathway In Absence Of Ligand (GO:0097192),2,1,0.09545541870343885,BCL2L1,1.0
GO_Biological_Process_2023,Extrinsic Apoptotic Signaling Pathway (GO:0097191),4,1,0.18194134789770994,BCL2L1,1.0
GO_Biological_Process_2023,Extracellular Transport (GO:0006858),1,0,1.0,,1.0
GO_Biological_Process_2023,Extracellular Structure Organization (GO:0043062),0,0,1.0,,1.0
GO_Biological_Process_2023,Extracellular Matrix Organization (GO:0030198),0,0,1.0,,1.0
GO_Biological_Process_2023,Extracellular Matrix Disassembly (GO:0022617),0,0,1.0,,1.0
GO_Biological_Process_2023,Extracellular Matrix Assembly (GO:0085029),0,0,1.0,,1.0
GO_Biological_Process_2023,External Encapsulating Structure Organization (GO:0045229),0,0,1.0,,1.0
GO_Biological_Process_2023,"Exonucleolytic Trimming To Generate Mature 3'-End Of 5.8S rRNA From Tricistronic rRNA Transcript (SSU-rRNA, 5.8S rRNA, LSU-rRNA) (GO:0000467)",3,0,1.0,,1.0
GO_Biological_Process_2023,Exonucleolytic Trimming Involved In rRNA Processing (GO:0000459),3,0,1.0,,1.0
GO_Biological_Process_2023,Exonucleolytic Catabolism Of Deadenylated mRNA (GO:0043928),3,0,1.0,,1.0
GO_Biological_Process_2023,Endoplasmic Reticulum Membrane Organization (GO:0090158),2,0,1.0,,1.0
GO_Biological_Process_2023,Endoplasmic Reticulum Mannose Trimming (GO:1904380),0,0,1.0,,1.0
GO_Biological_Process_2023,Endoplasmic Reticulum Calcium Ion Homeostasis (GO:0032469),1,0,1.0,,1.0
GO_Biological_Process_2023,"Endonucleolytic Cleavage Of Tricistronic rRNA Transcript (SSU-rRNA, 5.8S rRNA, LSU-rRNA) (GO:0000479)",12,0,1.0,,1.0
GO_Biological_Process_2023,Dephosphorylation (GO:0016311),6,0,1.0,,1.0
GO_Biological_Process_2023,Dense Core Granule Cytoskeletal Transport (GO:0099519),0,0,1.0,,1.0
GO_Biological_Process_2023,Dendritic Spine Organization (GO:0097061),1,0,1.0,,1.0
GO_Biological_Process_2023,Dendritic Spine Morphogenesis (GO:0060997),0,0,1.0,,1.0
GO_Biological_Process_2023,Dendritic Spine Maintenance (GO:0097062),0,0,1.0,,1.0
GO_Biological_Process_2023,Dendritic Cell Migration (GO:0036336),1,0,1.0,,1.0
GO_Biological_Process_2023,Dendritic Cell Differentiation (GO:0097028),0,0,1.0,,1.0
GO_Biological_Process_2023,Depyrimidination (GO:0045008),0,0,1.0,,1.0
GO_Biological_Process_2023,Dendritic Cell Chemotaxis (GO:0002407),1,0,1.0,,1.0
GO_Biological_Process_2023,Dendrite Morphogenesis (GO:0048813),1,0,1.0,,1.0
GO_Biological_Process_2023,Dendrite Extension (GO:0097484),0,0,1.0,,1.0
GO_Biological_Process_2023,Dendrite Arborization (GO:0140059),0,0,1.0,,1.0
GO_Biological_Process_2023,Delamination (GO:0060232),0,0,1.0,,1.0
GO_Biological_Process_2023,Dehydroascorbic Acid Transport (GO:0070837),1,0,1.0,,1.0
GO_Biological_Process_2023,Definitive Hemopoiesis (GO:0060216),0,0,1.0,,1.0
GO_Biological_Process_2023,Defense Response To Virus (GO:0051607),12,2,0.11327986970275135,BCL2L1;SKP2,1.0
GO_Biological_Process_2023,Dendrite Self-Avoidance (GO:0070593),0,0,1.0,,1.0
GO_Biological_Process_2023,Defense Response To Tumor Cell (GO:0002357),0,0,1.0,,1.0
GO_Biological_Process_2023,Dermatan Sulfate Metabolic Process (GO:0030205),0,0,1.0,,1.0
GO_Biological_Process_2023,Dermatan Sulfate Proteoglycan Metabolic Process (GO:0050655),0,0,1.0,,1.0
GO_Biological_Process_2023,Detection Of Stimulus Involved In Sensory Perception Of Pain (GO:0062149),0,0,1.0,,1.0
GO_Biological_Process_2023,Biogenic Amine Metabolic Process (GO:0006576),0,0,1.0,,1.0
GO_Biological_Process_2023,Detection Of Molecule Of Bacterial Origin (GO:0032490),0,0,1.0,,1.0
GO_Biological_Process_2023,Detection Of Mechanical Stimulus Involved In Sensory Perception Of Sound (GO:0050910),0,0,1.0,,1.0
GO_Biological_Process_2023,Detection Of Mechanical Stimulus Involved In Sensory Perception (GO:0050974),0,0,1.0,,1.0
GO_Biological_Process_2023,Biomineral Tissue Development (GO:0031214),0,0,1.0,,1.0
GO_Biological_Process_2023,Detection Of Light Stimulus Involved In Visual Perception (GO:0050908),0,0,1.0,,1.0
GO_Biological_Process_2023,Dermatan Sulfate Proteoglycan Biosynthetic Process (GO:0050651),0,0,1.0,,1.0
GO_Biological_Process_2023,Detection Of Light Stimulus Involved In Sensory Perception (GO:0050962),0,0,1.0,,1.0
GO_Biological_Process_2023,Detection Of Chemical Stimulus Involved In Sensory Perception Of Smell (GO:0050911),0,0,1.0,,1.0
GO_Biological_Process_2023,Detection Of Chemical Stimulus Involved In Sensory Perception Of Bitter Taste (GO:0001580),0,0,1.0,,1.0
GO_Biological_Process_2023,Detection Of Chemical Stimulus Involved In Sensory Perception (GO:0050907),0,0,1.0,,1.0
GO_Biological_Process_2023,Detection Of Calcium Ion (GO:0005513),0,0,1.0,,1.0
GO_Biological_Process_2023,Detection Of Bacterium (GO:0016045),0,0,1.0,,1.0
GO_Biological_Process_2023,Desmosome Organization (GO:0002934),0,0,1.0,,1.0
GO_Biological_Process_2023,Desensitization Of G Protein-Coupled Receptor Signaling Pathway (GO:0002029),0,0,1.0,,1.0
GO_Biological_Process_2023,Detection Of Chemical Stimulus Involved In Sensory Perception Of Taste (GO:0050912),0,0,1.0,,1.0
GO_Biological_Process_2023,Bleb Assembly (GO:0032060),0,0,1.0,,1.0
GO_Biological_Process_2023,Defense Response To Fungus (GO:0050832),1,0,1.0,,1.0
GO_Biological_Process_2023,Defense Response To Bacterium (GO:0042742),7,0,1.0,,1.0
GO_Biological_Process_2023,Cyclic Nucleotide Biosynthetic Process (GO:0009190),0,0,1.0,,1.0
GO_Biological_Process_2023,Cristae Formation (GO:0042407),1,0,1.0,,1.0
GO_Biological_Process_2023,Cranial Nerve Development (GO:0021545),0,0,1.0,,1.0
GO_Biological_Process_2023,Cotranslational Protein Targeting To Membrane (GO:0006613),6,0,1.0,,1.0
GO_Biological_Process_2023,Cortical Cytoskeleton Organization (GO:0030865),1,0,1.0,,1.0
GO_Biological_Process_2023,Cortical Actin Cytoskeleton Organization (GO:0030866),1,0,1.0,,1.0
GO_Biological_Process_2023,Coronary Vasculature Morphogenesis (GO:0060977),0,0,1.0,,1.0
GO_Biological_Process_2023,Cyclic Nucleotide Transport (GO:0070729),0,0,1.0,,1.0
GO_Biological_Process_2023,Coronary Vasculature Development (GO:0060976),0,0,1.0,,1.0
GO_Biological_Process_2023,Copper Ion Import (GO:0015677),0,0,1.0,,1.0
GO_Biological_Process_2023,Copper Ion Homeostasis (GO:0055070),0,0,1.0,,1.0
GO_Biological_Process_2023,Contractile Actin Filament Bundle Assembly (GO:0030038),0,0,1.0,,1.0
GO_Biological_Process_2023,Contact Inhibition (GO:0060242),0,0,1.0,,1.0
GO_Biological_Process_2023,Constitutive Heterochromatin Formation (GO:0140719),0,0,1.0,,1.0
GO_Biological_Process_2023,Blood Circulation (GO:0008015),1,0,1.0,,1.0
GO_Biological_Process_2023,Complement Receptor Mediated Signaling Pathway (GO:0002430),0,0,1.0,,1.0
GO_Biological_Process_2023,Copper Ion Transport (GO:0006825),1,0,1.0,,1.0
GO_Biological_Process_2023,Cyclic-Nucleotide-Mediated Signaling (GO:0019935),0,0,1.0,,1.0
GO_Biological_Process_2023,Cyclooxygenase Pathway (GO:0019371),0,0,1.0,,1.0
GO_Biological_Process_2023,Cytidine To Uridine Editing (GO:0016554),0,0,1.0,,1.0
GO_Biological_Process_2023,Defense Response To Gram-positive Bacterium (GO:0050830),4,0,1.0,,1.0
GO_Biological_Process_2023,Defense Response To Gram-negative Bacterium (GO:0050829),4,0,1.0,,1.0
GO_Biological_Process_2023,Deadenylation-Dependent Decapping Of Nuclear-Transcribed mRNA (GO:0000290),0,0,1.0,,1.0
GO_Biological_Process_2023,Cytosolic Transport (GO:0016482),8,0,1.0,,1.0
GO_Biological_Process_2023,Cytosolic Pattern Recognition Receptor Signaling Pathway (GO:0002753),2,0,1.0,,1.0
GO_Biological_Process_2023,Cytoskeleton-Dependent Intracellular Transport (GO:0030705),3,0,1.0,,1.0
GO_Biological_Process_2023,Cytoskeleton-Dependent Cytokinesis (GO:0061640),12,1,0.4536864944610995,CFL1,1.0
GO_Biological_Process_2023,Cytoskeleton Organization (GO:0007010),5,1,0.22208297380459047,CFL1,1.0
GO_Biological_Process_2023,Cytoplasmic Translational Initiation (GO:0002183),16,0,1.0,,1.0
GO_Biological_Process_2023,Cytoplasmic Translation (GO:0002181),77,0,1.0,,1.0
GO_Biological_Process_2023,Cytoplasmic Sequestering Of Transcription Factor (GO:0042994),0,0,1.0,,1.0
GO_Biological_Process_2023,Cytoplasmic Sequestering Of Protein (GO:0051220),0,0,1.0,,1.0
GO_Biological_Process_2023,Cytoplasmic Sequestering Of NF-kappaB (GO:0007253),0,0,1.0,,1.0
GO_Biological_Process_2023,Cytoplasmic Microtubule Organization (GO:0031122),8,0,1.0,,1.0
GO_Biological_Process_2023,Cytolysis By Host Of Symbiont Cells (GO:0051838),1,0,1.0,,1.0
GO_Biological_Process_2023,Cytokine-Mediated Signaling Pathway (GO:0019221),3,0,1.0,,1.0
GO_Biological_Process_2023,Cytochrome Complex Assembly (GO:0017004),0,0,1.0,,1.0
GO_Biological_Process_2023,Detection Of Virus (GO:0009597),0,0,1.0,,1.0
GO_Biological_Process_2023,Multivesicular Body-Lysosome Fusion (GO:0061763),3,0,1.0,,1.0
GO_Biological_Process_2023,Detection Of Visible Light (GO:0009584),0,0,1.0,,1.0
GO_Biological_Process_2023,Determination Of Digestive Tract Left/Right Asymmetry (GO:0071907),0,0,1.0,,1.0
GO_Biological_Process_2023,Embryonic Organ Development (GO:0048568),4,0,1.0,,1.0
GO_Biological_Process_2023,Bile Acid And Bile Salt Transport (GO:0015721),0,0,1.0,,1.0
GO_Biological_Process_2023,Embryonic Hindlimb Morphogenesis (GO:0035116),0,0,1.0,,1.0
GO_Biological_Process_2023,Embryonic Hemopoiesis (GO:0035162),1,0,1.0,,1.0
GO_Biological_Process_2023,Embryonic Heart Tube Morphogenesis (GO:0003143),0,0,1.0,,1.0
GO_Biological_Process_2023,Embryonic Heart Tube Development (GO:0035050),0,0,1.0,,1.0
GO_Biological_Process_2023,Embryonic Forelimb Morphogenesis (GO:0035115),0,0,1.0,,1.0
GO_Biological_Process_2023,Embryonic Organ Morphogenesis (GO:0048562),1,0,1.0,,1.0
GO_Biological_Process_2023,Embryonic Eye Morphogenesis (GO:0048048),0,0,1.0,,1.0
GO_Biological_Process_2023,Embryonic Digestive Tract Morphogenesis (GO:0048557),0,0,1.0,,1.0
GO_Biological_Process_2023,Embryonic Digestive Tract Development (GO:0048566),0,0,1.0,,1.0
GO_Biological_Process_2023,Embryonic Cranial Skeleton Morphogenesis (GO:0048701),0,0,1.0,,1.0
GO_Biological_Process_2023,Embryonic Brain Development (GO:1990403),2,0,1.0,,1.0
GO_Biological_Process_2023,Embryonic Axis Specification (GO:0000578),0,0,1.0,,1.0
GO_Biological_Process_2023,Embryonic Appendage Morphogenesis (GO:0035113),0,0,1.0,,1.0
GO_Biological_Process_2023,Embryo Development Ending In Birth Or Egg Hatching (GO:0009792),0,0,1.0,,1.0
GO_Biological_Process_2023,Embryonic Digit Morphogenesis (GO:0042733),0,0,1.0,,1.0
GO_Biological_Process_2023,Electron Transport Chain (GO:0022900),2,1,0.09545541870343885,SDHB,1.0
GO_Biological_Process_2023,Embryonic Placenta Development (GO:0001892),0,0,1.0,,1.0
GO_Biological_Process_2023,Embryonic Skeletal System Development (GO:0048706),1,0,1.0,,1.0
GO_Biological_Process_2023,"Endonucleolytic Cleavage In ITS1 To Separate SSU-rRNA From 5.8S rRNA And LSU-rRNA From Tricistronic rRNA Transcript (SSU-rRNA, 5.8S rRNA, LSU-rRNA) (GO:0000447)",6,0,1.0,,1.0
GO_Biological_Process_2023,Endomembrane System Organization (GO:0010256),12,0,1.0,,1.0
GO_Biological_Process_2023,Endolysosomal Toll-Like Receptor Signaling Pathway (GO:0140894),0,0,1.0,,1.0
GO_Biological_Process_2023,Endodermal Cell Fate Commitment (GO:0001711),0,0,1.0,,1.0
GO_Biological_Process_2023,Endodermal Cell Differentiation (GO:0035987),0,0,1.0,,1.0
GO_Biological_Process_2023,Endoderm Formation (GO:0001706),0,0,1.0,,1.0
GO_Biological_Process_2023,Endoderm Development (GO:0007492),0,0,1.0,,1.0
GO_Biological_Process_2023,Embryonic Skeletal Joint Development (GO:0072498),0,0,1.0,,1.0
GO_Biological_Process_2023,Endocytosis (GO:0006897),5,1,0.22208297380459047,DNM2,1.0
GO_Biological_Process_2023,Bicellular Tight Junction Assembly (GO:0070830),4,0,1.0,,1.0
GO_Biological_Process_2023,Endochondral Ossification (GO:0001958),0,0,1.0,,1.0
GO_Biological_Process_2023,Endochondral Bone Morphogenesis (GO:0060350),0,0,1.0,,1.0
GO_Biological_Process_2023,Endocardial Cushion Morphogenesis (GO:0003203),0,0,1.0,,1.0
GO_Biological_Process_2023,Endocardial Cushion Development (GO:0003197),0,0,1.0,,1.0
GO_Biological_Process_2023,Enamel Mineralization (GO:0070166),0,0,1.0,,1.0
GO_Biological_Process_2023,Embryonic Skeletal System Morphogenesis (GO:0048704),1,0,1.0,,1.0
GO_Biological_Process_2023,Endocytic Recycling (GO:0032456),3,0,1.0,,1.0
GO_Biological_Process_2023,Elastic Fiber Assembly (GO:0048251),0,0,1.0,,1.0
GO_Biological_Process_2023,Ectoderm Development (GO:0007398),0,0,1.0,,1.0
GO_Biological_Process_2023,Early Endosome To Late Endosome Transport (GO:0045022),3,0,1.0,,1.0
GO_Biological_Process_2023,Diol Metabolic Process (GO:0034311),0,0,1.0,,1.0
GO_Biological_Process_2023,Diol Biosynthetic Process (GO:0034312),2,1,0.09545541870343885,DHFR,1.0
GO_Biological_Process_2023,Digestive Tract Morphogenesis (GO:0048546),0,0,1.0,,1.0
GO_Biological_Process_2023,Digestive Tract Development (GO:0048565),0,0,1.0,,1.0
GO_Biological_Process_2023,Digestive System Development (GO:0055123),1,0,1.0,,1.0
GO_Biological_Process_2023,Dicarboxylic Acid Transport (GO:0006835),0,0,1.0,,1.0
GO_Biological_Process_2023,Biogenic Amine Biosynthetic Process (GO:0042401),0,0,1.0,,1.0
GO_Biological_Process_2023,Diterpenoid Metabolic Process (GO:0016101),0,0,1.0,,1.0
GO_Biological_Process_2023,Dicarboxylic Acid Catabolic Process (GO:0043649),0,0,1.0,,1.0
GO_Biological_Process_2023,Diacylglycerol Metabolic Process (GO:0046339),1,0,1.0,,1.0
GO_Biological_Process_2023,Diacylglycerol Biosynthetic Process (GO:0006651),0,0,1.0,,1.0
GO_Biological_Process_2023,Development Of Primary Male Sexual Characteristics (GO:0046546),0,0,1.0,,1.0
GO_Biological_Process_2023,Development Of Primary Female Sexual Characteristics (GO:0046545),1,0,1.0,,1.0
GO_Biological_Process_2023,Determination Of Liver Left/Right Asymmetry (GO:0071910),0,0,1.0,,1.0
GO_Biological_Process_2023,Determination Of Left/Right Symmetry (GO:0007368),0,0,1.0,,1.0
GO_Biological_Process_2023,Determination Of Heart Left/Right Asymmetry (GO:0061371),0,0,1.0,,1.0
GO_Biological_Process_2023,Dicarboxylic Acid Biosynthetic Process (GO:0043650),0,0,1.0,,1.0
GO_Biological_Process_2023,Dolichol Metabolic Process (GO:0019348),2,0,1.0,,1.0
GO_Biological_Process_2023,Dolichol-Linked Oligosaccharide Biosynthetic Process (GO:0006488),3,0,1.0,,1.0
GO_Biological_Process_2023,Dopamine Metabolic Process (GO:0042417),0,0,1.0,,1.0
GO_Biological_Process_2023,Early Endosome To Golgi Transport (GO:0034498),1,0,1.0,,1.0
GO_Biological_Process_2023,Bile Acid Biosynthetic Process (GO:0006699),0,0,1.0,,1.0
GO_Biological_Process_2023,Ear Development (GO:0043583),0,0,1.0,,1.0
GO_Biological_Process_2023,Double-Strand Break Repair Via Synthesis-Dependent Strand Annealing (GO:0045003),1,0,1.0,,1.0
GO_Biological_Process_2023,Double-Strand Break Repair Via Nonhomologous End Joining (GO:0006303),7,0,1.0,,1.0
GO_Biological_Process_2023,Double-Strand Break Repair Via Homologous Recombination (GO:0000724),28,0,1.0,,1.0
GO_Biological_Process_2023,Double-Strand Break Repair Via Classical Nonhomologous End Joining (GO:0097680),1,0,1.0,,1.0
GO_Biological_Process_2023,Double-Strand Break Repair Via Break-Induced Replication (GO:0000727),9,0,1.0,,1.0
GO_Biological_Process_2023,Double-Strand Break Repair (GO:0006302),28,0,1.0,,1.0
GO_Biological_Process_2023,Dosage Compensation By Inactivation Of X Chromosome (GO:0009048),1,0,1.0,,1.0
GO_Biological_Process_2023,Dosage Compensation (GO:0007549),1,0,1.0,,1.0
GO_Biological_Process_2023,Dorsal/Ventral Pattern Formation (GO:0009953),0,0,1.0,,1.0
GO_Biological_Process_2023,Dorsal Aorta Morphogenesis (GO:0035912),0,0,1.0,,1.0
GO_Biological_Process_2023,Dorsal Aorta Development (GO:0035907),0,0,1.0,,1.0
GO_Biological_Process_2023,Bile Acid Metabolic Process (GO:0008206),0,0,1.0,,1.0
GO_Biological_Process_2023,Dopamine Uptake (GO:0090494),0,0,1.0,,1.0
GO_Biological_Process_2023,Dopamine Transport (GO:0015872),0,0,1.0,,1.0
GO_Biological_Process_2023,Determination Of Bilateral Symmetry (GO:0009855),0,0,1.0,,1.0
GO_Biological_Process_2023,Positive Regulation Of Insulin Receptor Signaling Pathway (GO:0046628),1,0,1.0,,1.0
GO_Biological_Process_2023,Muscle Cell Development (GO:0055001),0,0,1.0,,1.0
GO_Biological_Process_2023,Muscle Cell Fate Commitment (GO:0042693),0,0,1.0,,1.0
GO_Biological_Process_2023,Phosphatidylcholine Metabolic Process (GO:0046470),0,0,1.0,,1.0
GO_Biological_Process_2023,Phosphatidylcholine Catabolic Process (GO:0034638),0,0,1.0,,1.0
GO_Biological_Process_2023,Phosphatidylcholine Biosynthetic Process (GO:0006656),0,0,1.0,,1.0
GO_Biological_Process_2023,Phosphatidylcholine Acyl-Chain Remodeling (GO:0036151),0,0,1.0,,1.0
GO_Biological_Process_2023,Phosphatidic Acid Metabolic Process (GO:0046473),0,0,1.0,,1.0
GO_Biological_Process_2023,Phosphatidic Acid Biosynthetic Process (GO:0006654),0,0,1.0,,1.0
GO_Biological_Process_2023,Phosphate-Containing Compound Metabolic Process (GO:0006796),7,0,1.0,,1.0
GO_Biological_Process_2023,Phosphatidylethanolamine Acyl-Chain Remodeling (GO:0036152),0,0,1.0,,1.0
GO_Biological_Process_2023,Phosphate Ion Transport (GO:0006817),0,0,1.0,,1.0
GO_Biological_Process_2023,Phosphate Ion Homeostasis (GO:0055062),0,0,1.0,,1.0
GO_Biological_Process_2023,Phenol-Containing Compound Biosynthetic Process (GO:0046189),0,0,1.0,,1.0
GO_Biological_Process_2023,Phasic Smooth Muscle Contraction (GO:0014821),0,0,1.0,,1.0
GO_Biological_Process_2023,Pharyngeal System Development (GO:0060037),0,0,1.0,,1.0
GO_Biological_Process_2023,Pharyngeal Arch Artery Morphogenesis (GO:0061626),0,0,1.0,,1.0
GO_Biological_Process_2023,Phagosome-Lysosome Fusion (GO:0090385),0,0,1.0,,1.0
GO_Biological_Process_2023,Phagosome Maturation (GO:0090382),0,0,1.0,,1.0
GO_Biological_Process_2023,Phosphate Ion Transmembrane Transport (GO:0035435),0,0,1.0,,1.0
GO_Biological_Process_2023,Phagosome Acidification (GO:0090383),0,0,1.0,,1.0
GO_Biological_Process_2023,Phosphatidylethanolamine Biosynthetic Process (GO:0006646),0,0,1.0,,1.0
GO_Biological_Process_2023,Phosphatidylglycerol Acyl-Chain Remodeling (GO:0036148),0,0,1.0,,1.0
GO_Biological_Process_2023,Phospholipid Catabolic Process (GO:0009395),0,0,1.0,,1.0
GO_Biological_Process_2023,Phospholipid Biosynthetic Process (GO:0008654),2,0,1.0,,1.0
GO_Biological_Process_2023,Phospholipase C-activating Dopamine Receptor Signaling Pathway (GO:0060158),0,0,1.0,,1.0
GO_Biological_Process_2023,Phospholipase C-activating G Protein-Coupled Receptor Signaling Pathway (GO:0007200),1,0,1.0,,1.0
GO_Biological_Process_2023,Phosphatidylserine Metabolic Process (GO:0006658),0,0,1.0,,1.0
GO_Biological_Process_2023,Phosphatidylserine Acyl-Chain Remodeling (GO:0036150),0,0,1.0,,1.0
GO_Biological_Process_2023,Phosphatidylinositol-Mediated Signaling (GO:0048015),2,0,1.0,,1.0
GO_Biological_Process_2023,Phosphatidylethanolamine Metabolic Process (GO:0046337),0,0,1.0,,1.0
GO_Biological_Process_2023,Phosphatidylinositol-3-Phosphate Biosynthetic Process (GO:0036092),1,0,1.0,,1.0
GO_Biological_Process_2023,Phosphatidylinositol Metabolic Process (GO:0046488),3,0,1.0,,1.0
GO_Biological_Process_2023,Phosphatidylinositol Dephosphorylation (GO:0046856),2,0,1.0,,1.0
GO_Biological_Process_2023,Phosphatidylinositol Biosynthetic Process (GO:0006661),5,0,1.0,,1.0
GO_Biological_Process_2023,Phosphatidylinositol Acyl-Chain Remodeling (GO:0036149),0,0,1.0,,1.0
GO_Biological_Process_2023,Phosphatidylinositol 3-Kinase Signaling (GO:0014065),0,0,1.0,,1.0
GO_Biological_Process_2023,Phosphatidylglycerol Metabolic Process (GO:0046471),1,0,1.0,,1.0
GO_Biological_Process_2023,Phosphatidylglycerol Biosynthetic Process (GO:0006655),2,0,1.0,,1.0
GO_Biological_Process_2023,Phosphatidylinositol Phosphate Biosynthetic Process (GO:0046854),2,0,1.0,,1.0
GO_Biological_Process_2023,Phospholipid Dephosphorylation (GO:0046839),2,0,1.0,,1.0
GO_Biological_Process_2023,Phagolysosome Assembly (GO:0001845),0,0,1.0,,1.0
GO_Biological_Process_2023,Phagocytosis (GO:0006909),3,0,1.0,,1.0
GO_Biological_Process_2023,Peptidyl-Serine Autophosphorylation (GO:0036289),0,0,1.0,,1.0
GO_Biological_Process_2023,Peptidyl-Proline Modification (GO:0018208),2,0,1.0,,1.0
GO_Biological_Process_2023,Peptidyl-Proline Hydroxylation To 4-hydroxy-L-proline (GO:0018401),0,0,1.0,,1.0
GO_Biological_Process_2023,Peptidyl-Proline Hydroxylation (GO:0019511),0,0,1.0,,1.0
GO_Biological_Process_2023,Peptidyl-Methionine Modification (GO:0018206),3,0,1.0,,1.0
GO_Biological_Process_2023,Peptidyl-Lysine Trimethylation (GO:0018023),1,0,1.0,,1.0
GO_Biological_Process_2023,Peptidyl-Lysine Monomethylation (GO:0018026),0,0,1.0,,1.0
GO_Biological_Process_2023,Peptidyl-Serine Dephosphorylation (GO:0070262),2,0,1.0,,1.0
GO_Biological_Process_2023,Antigen Processing And Presentation Of Peptide Antigen Via MHC Class Ib (GO:0002428),0,0,1.0,,1.0
GO_Biological_Process_2023,Peptidyl-Lysine Hydroxylation (GO:0017185),0,0,1.0,,1.0
GO_Biological_Process_2023,Peptidyl-Lysine Dimethylation (GO:0018027),0,0,1.0,,1.0
GO_Biological_Process_2023,Peptidyl-Lysine Deacetylation (GO:0034983),0,0,1.0,,1.0
GO_Biological_Process_2023,Antigen Receptor-Mediated Signaling Pathway (GO:0050851),7,0,1.0,,1.0
GO_Biological_Process_2023,Peptidyl-Glutamic Acid Modification (GO:0018200),0,0,1.0,,1.0
GO_Biological_Process_2023,Peptidyl-Diphthamide Metabolic Process (GO:0017182),1,0,1.0,,1.0
GO_Biological_Process_2023,Peptidyl-Diphthamide Biosynthetic Process From Peptidyl-Histidine (GO:0017183),1,0,1.0,,1.0
GO_Biological_Process_2023,Peptidyl-Lysine Methylation (GO:0018022),0,0,1.0,,1.0
GO_Biological_Process_2023,"Phagocytosis, Engulfment (GO:0006911)",2,0,1.0,,1.0
GO_Biological_Process_2023,Peptidyl-Serine Modification (GO:0018209),12,0,1.0,,1.0
GO_Biological_Process_2023,Peptidyl-Threonine Dephosphorylation (GO:0035970),1,0,1.0,,1.0
GO_Biological_Process_2023,Pexophagy (GO:0000425),0,0,1.0,,1.0
GO_Biological_Process_2023,Peroxisome Proliferator Activated Receptor Signaling Pathway (GO:0035357),0,0,1.0,,1.0
GO_Biological_Process_2023,Peroxisome Organization (GO:0007031),0,0,1.0,,1.0
GO_Biological_Process_2023,Peroxisome Fission (GO:0016559),0,0,1.0,,1.0
GO_Biological_Process_2023,Peroxisomal Transport (GO:0043574),0,0,1.0,,1.0
GO_Biological_Process_2023,Peroxisomal Membrane Transport (GO:0015919),0,0,1.0,,1.0
GO_Biological_Process_2023,Peripheral Nervous System Neuron Development (GO:0048935),0,0,1.0,,1.0
GO_Biological_Process_2023,Peptidyl-Serine Phosphorylation (GO:0018105),12,0,1.0,,1.0
GO_Biological_Process_2023,Peripheral Nervous System Axon Ensheathment (GO:0032292),0,0,1.0,,1.0
GO_Biological_Process_2023,Pericardium Development (GO:0060039),0,0,1.0,,1.0
GO_Biological_Process_2023,Antigen Processing And Presentation Of Peptide Antigen Via MHC Class I (GO:0002474),0,0,1.0,,1.0
GO_Biological_Process_2023,Peptidyl-Tyrosine Dephosphorylation Involved In Inactivation Of Protein Kinase Activity (GO:1990264),0,0,1.0,,1.0
GO_Biological_Process_2023,Peptidyl-Tyrosine Dephosphorylation (GO:0035335),1,0,1.0,,1.0
GO_Biological_Process_2023,Peptidyl-Tyrosine Autophosphorylation (GO:0038083),0,0,1.0,,1.0
GO_Biological_Process_2023,Peptidyl-Threonine Phosphorylation (GO:0018107),5,0,1.0,,1.0
GO_Biological_Process_2023,Peptidyl-Threonine Modification (GO:0018210),5,0,1.0,,1.0
GO_Biological_Process_2023,Pericardium Morphogenesis (GO:0003344),0,0,1.0,,1.0
GO_Biological_Process_2023,Phospholipid Efflux (GO:0033700),0,0,1.0,,1.0
GO_Biological_Process_2023,Phospholipid Homeostasis (GO:0055091),0,0,1.0,,1.0
GO_Biological_Process_2023,Phospholipid Metabolic Process (GO:0006644),1,0,1.0,,1.0
GO_Biological_Process_2023,Positive Regulation Of B Cell Differentiation (GO:0045579),0,0,1.0,,1.0
GO_Biological_Process_2023,Positive Regulation Of B Cell Activation (GO:0050871),2,1,0.09545541870343885,TFRC,1.0
GO_Biological_Process_2023,Positive Regulation Of Arp2/3 Complex-Mediated Actin Nucleation (GO:2000601),0,0,1.0,,1.0
GO_Biological_Process_2023,"Antigen Processing And Presentation Of Endogenous Peptide Antigen Via MHC Class I Via ER Pathway, TAP-independent (GO:0002486)",0,0,1.0,,1.0
GO_Biological_Process_2023,Positive Regulation Of ATP Metabolic Process (GO:1903580),1,0,1.0,,1.0
GO_Biological_Process_2023,Positive Regulation Of ATP Biosynthetic Process (GO:2001171),1,0,1.0,,1.0
GO_Biological_Process_2023,Positive Regulation By Symbiont Of Entry Into Host (GO:0075294),1,0,1.0,,1.0
GO_Biological_Process_2023,Antigen Processing And Presentation Of Endogenous Peptide Antigen Via MHC Class I Via ER Pathway (GO:0002484),0,0,1.0,,1.0
GO_Biological_Process_2023,Positive Regulation By Host Of Viral Transcription (GO:0043923),5,1,0.22208297380459047,EP300,1.0
GO_Biological_Process_2023,Positive Regulation By Host Of Viral Genome Replication (GO:0044829),1,0,1.0,,1.0
GO_Biological_Process_2023,Positive Chemotaxis (GO:0050918),0,0,1.0,,1.0
GO_Biological_Process_2023,Antigen Processing And Presentation Of Endogenous Peptide Antigen Via MHC Class Ib (GO:0002476),0,0,1.0,,1.0
GO_Biological_Process_2023,Pore Complex Assembly (GO:0046931),5,0,1.0,,1.0
GO_Biological_Process_2023,Polysaccharide Biosynthetic Process (GO:0000271),0,0,1.0,,1.0
GO_Biological_Process_2023,Polyol Metabolic Process (GO:0019751),0,0,1.0,,1.0
GO_Biological_Process_2023,Polyol Biosynthetic Process (GO:0046173),0,0,1.0,,1.0
GO_Biological_Process_2023,Positive Regulation By Host Of Viral Process (GO:0044794),3,1,0.13976587961154743,CFL1,1.0
GO_Biological_Process_2023,Polyamine Transport (GO:0015846),1,0,1.0,,1.0
GO_Biological_Process_2023,Positive Regulation Of B Cell Receptor Signaling Pathway (GO:0050861),1,0,1.0,,1.0
GO_Biological_Process_2023,"Positive Regulation Of CD4-positive, CD25-positive, Alpha-Beta Regulatory T Cell Differentiation (GO:0032831)",0,0,1.0,,1.0
GO_Biological_Process_2023,Positive Regulation Of DNA-directed DNA Polymerase Activity (GO:1900264),9,0,1.0,,1.0
GO_Biological_Process_2023,Antigen Processing And Presentation Of Endogenous Peptide Antigen Via MHC Class I (GO:0019885),0,0,1.0,,1.0
GO_Biological_Process_2023,Positive Regulation Of DNA Replication (GO:0045740),4,0,1.0,,1.0
GO_Biological_Process_2023,Positive Regulation Of DNA Repair (GO:0045739),12,0,1.0,,1.0
GO_Biological_Process_2023,Positive Regulation Of DNA Recombination (GO:0045911),13,1,0.48067642914700753,TFRC,1.0
GO_Biological_Process_2023,Positive Regulation Of DNA Methylation-Dependent Heterochromatin Formation (GO:0090309),0,0,1.0,,1.0
GO_Biological_Process_2023,Positive Regulation Of DNA Metabolic Process (GO:0051054),22,1,0.6715018385754461,MYC,1.0
GO_Biological_Process_2023,Positive Regulation Of BMP Signaling Pathway (GO:0030513),1,0,1.0,,1.0
GO_Biological_Process_2023,Positive Regulation Of DNA Demethylation (GO:1901537),1,0,1.0,,1.0
GO_Biological_Process_2023,Positive Regulation Of DNA Biosynthetic Process (GO:2000573),23,2,0.31139560663581456,CTNNB1;MYC,1.0
GO_Biological_Process_2023,Positive Regulation Of DNA Binding (GO:0043388),2,0,1.0,,1.0
GO_Biological_Process_2023,Positive Regulation Of CoA-transferase Activity (GO:1905920),0,0,1.0,,1.0
GO_Biological_Process_2023,Positive Regulation Of CREB Transcription Factor Activity (GO:0032793),0,0,1.0,,1.0
GO_Biological_Process_2023,"Positive Regulation Of CD8-positive, Alpha-Beta T Cell Activation (GO:2001187)",0,0,1.0,,1.0
GO_Biological_Process_2023,"Positive Regulation Of CD4-positive, Alpha-Beta T Cell Differentiation (GO:0043372)",0,0,1.0,,1.0
GO_Biological_Process_2023,"Positive Regulation Of CD4-positive, Alpha-Beta T Cell Activation (GO:2000516)",0,0,1.0,,1.0
GO_Biological_Process_2023,"Positive Regulation Of DNA Damage Response, Signal Transduction By P53 Class Mediator (GO:0043517)",2,0,1.0,,1.0
GO_Biological_Process_2023,Polyamine Metabolic Process (GO:0006595),1,0,1.0,,1.0
GO_Biological_Process_2023,Polyamine Biosynthetic Process (GO:0006596),0,0,1.0,,1.0
GO_Biological_Process_2023,Polyadenylation-Dependent snoRNA 3'-End Processing (GO:0071051),4,0,1.0,,1.0
GO_Biological_Process_2023,Antigen Processing And Presentation Of Exogenous Peptide Antigen Via MHC Class I (GO:0042590),0,0,1.0,,1.0
GO_Biological_Process_2023,Plasma Membrane Bounded Cell Projection Assembly (GO:0120031),6,0,1.0,,1.0
GO_Biological_Process_2023,Placenta Development (GO:0001890),2,1,0.09545541870343885,PTK2,1.0
GO_Biological_Process_2023,Placenta Blood Vessel Development (GO:0060674),0,0,1.0,,1.0
GO_Biological_Process_2023,Pituitary Gland Development (GO:0021983),0,0,1.0,,1.0
GO_Biological_Process_2023,Pinocytosis (GO:0006907),0,0,1.0,,1.0
GO_Biological_Process_2023,Pigment Granule Transport (GO:0051904),0,0,1.0,,1.0
GO_Biological_Process_2023,Plasma Membrane Bounded Cell Projection Organization (GO:0120036),2,0,1.0,,1.0
GO_Biological_Process_2023,Piecemeal Microautophagy Of The Nucleus (GO:0034727),0,0,1.0,,1.0
GO_Biological_Process_2023,"Phototransduction, Visible Light (GO:0007603)",0,0,1.0,,1.0
GO_Biological_Process_2023,Photoreceptor Cell Differentiation (GO:0046530),0,0,1.0,,1.0
GO_Biological_Process_2023,Photoreceptor Cell Development (GO:0042461),0,0,1.0,,1.0
GO_Biological_Process_2023,Photoperiodism (GO:0009648),1,0,1.0,,1.0
GO_Biological_Process_2023,Phosphorylation (GO:0016310),32,3,0.20297321219149458,BRAF;CDK6;PTK2,1.0
GO_Biological_Process_2023,Phospholipid Transport (GO:0015914),3,0,1.0,,1.0
GO_Biological_Process_2023,Phospholipid Translocation (GO:0045332),1,0,1.0,,1.0
GO_Biological_Process_2023,piRNA Processing (GO:0034587),0,0,1.0,,1.0
GO_Biological_Process_2023,Plasma Membrane Invagination (GO:0099024),3,0,1.0,,1.0
GO_Biological_Process_2023,Plasma Membrane Organization (GO:0007009),5,0,1.0,,1.0
GO_Biological_Process_2023,Plasma Membrane Phospholipid Scrambling (GO:0017121),0,0,1.0,,1.0
GO_Biological_Process_2023,poly-N-acetyllactosamine Metabolic Process (GO:0030309),0,0,1.0,,1.0
GO_Biological_Process_2023,poly(A)+ mRNA Export From Nucleus (GO:0016973),7,0,1.0,,1.0
GO_Biological_Process_2023,Polarized Epithelial Cell Differentiation (GO:0030859),2,0,1.0,,1.0
GO_Biological_Process_2023,Podocyte Differentiation (GO:0072112),0,0,1.0,,1.0
GO_Biological_Process_2023,Podocyte Development (GO:0072015),0,0,1.0,,1.0
GO_Biological_Process_2023,Podocyte Cell Migration (GO:0090521),0,0,1.0,,1.0
GO_Biological_Process_2023,Plus-End-Directed Organelle Transport Along Microtubule (GO:0072386),0,0,1.0,,1.0
GO_Biological_Process_2023,Platelet-Derived Growth Factor Receptor Signaling Pathway (GO:0048008),0,0,1.0,,1.0
GO_Biological_Process_2023,Platelet Dense Granule Organization (GO:0060155),0,0,1.0,,1.0
GO_Biological_Process_2023,Platelet Aggregation (GO:0070527),1,0,1.0,,1.0
GO_Biological_Process_2023,Platelet Activating Factor Metabolic Process (GO:0046469),1,0,1.0,,1.0
GO_Biological_Process_2023,Plasminogen Activation (GO:0031639),1,0,1.0,,1.0
GO_Biological_Process_2023,Plasma Membrane Tubulation (GO:0097320),0,0,1.0,,1.0
GO_Biological_Process_2023,Plasma Membrane To Endosome Transport (GO:0048227),0,0,1.0,,1.0
GO_Biological_Process_2023,Plasma Membrane Repair (GO:0001778),4,0,1.0,,1.0
GO_Biological_Process_2023,Plasma Membrane Raft Organization (GO:0044857),0,0,1.0,,1.0
GO_Biological_Process_2023,Plasma Membrane Raft Assembly (GO:0044854),0,0,1.0,,1.0
GO_Biological_Process_2023,Peptidyl-Cysteine Modification (GO:0018198),0,0,1.0,,1.0
GO_Biological_Process_2023,Positive Regulation Of DNA-templated DNA Replication (GO:2000105),3,0,1.0,,1.0
GO_Biological_Process_2023,Peptidyl-Arginine Modification (GO:0018195),2,0,1.0,,1.0
GO_Biological_Process_2023,peptidyl-S-diacylglycerol-L-cysteine Biosynthetic Process From Peptidyl-Cysteine (GO:0018231),0,0,1.0,,1.0
GO_Biological_Process_2023,Nuclear Transport (GO:0051169),18,0,1.0,,1.0
GO_Biological_Process_2023,Nuclear Pore Organization (GO:0006999),6,0,1.0,,1.0
GO_Biological_Process_2023,Nuclear Pore Complex Assembly (GO:0051292),4,0,1.0,,1.0
GO_Biological_Process_2023,Nuclear Polyadenylation-Dependent tRNA Catabolic Process (GO:0071038),3,0,1.0,,1.0
GO_Biological_Process_2023,Nuclear Polyadenylation-Dependent rRNA Catabolic Process (GO:0071035),3,0,1.0,,1.0
GO_Biological_Process_2023,Nuclear Polyadenylation-Dependent ncRNA Catabolic Process (GO:0071046),3,0,1.0,,1.0
GO_Biological_Process_2023,Nuclear Migration (GO:0007097),2,0,1.0,,1.0
GO_Biological_Process_2023,Nuclear-Transcribed mRNA Catabolic Process (GO:0000956),24,0,1.0,,1.0
GO_Biological_Process_2023,Nuclear Membrane Reassembly (GO:0031468),6,0,1.0,,1.0
GO_Biological_Process_2023,Nuclear Membrane Disassembly (GO:0051081),1,0,1.0,,1.0
GO_Biological_Process_2023,Nuclear mRNA Surveillance (GO:0071028),3,0,1.0,,1.0
GO_Biological_Process_2023,Nuclear Export (GO:0051168),11,0,1.0,,1.0
GO_Biological_Process_2023,Nuclear Envelope Organization (GO:0006998),2,0,1.0,,1.0
GO_Biological_Process_2023,Nuclear Chromosome Segregation (GO:0098813),3,0,1.0,,1.0
GO_Biological_Process_2023,Nuclear Body Organization (GO:0030575),2,0,1.0,,1.0
GO_Biological_Process_2023,Nuclear RNA Surveillance (GO:0071027),4,0,1.0,,1.0
GO_Biological_Process_2023,Nuclear Membrane Organization (GO:0071763),5,0,1.0,,1.0
GO_Biological_Process_2023,Notochord Development (GO:0030903),0,0,1.0,,1.0
GO_Biological_Process_2023,"Nuclear-Transcribed mRNA Catabolic Process, Deadenylation-Dependent Decay (GO:0000288)",4,0,1.0,,1.0
GO_Biological_Process_2023,"Nuclear-Transcribed mRNA Catabolic Process, Exonucleolytic (GO:0000291)",6,0,1.0,,1.0
GO_Biological_Process_2023,Nucleoside Diphosphate Catabolic Process (GO:0009134),0,0,1.0,,1.0
GO_Biological_Process_2023,Nucleolar Chromatin Organization (GO:1990700),1,0,1.0,,1.0
GO_Biological_Process_2023,Nucleocytoplasmic Transport (GO:0006913),21,1,0.6542905527916845,CDAN1,1.0
GO_Biological_Process_2023,Nucleobase-Containing Small Molecule Interconversion (GO:0015949),2,0,1.0,,1.0
GO_Biological_Process_2023,Nucleobase-Containing Compound Catabolic Process (GO:0034655),11,0,1.0,,1.0
GO_Biological_Process_2023,Nucleobase-Containing Compound Biosynthetic Process (GO:0034654),4,1,0.18194134789770994,TYMS,1.0
GO_Biological_Process_2023,Nucleobase Transport (GO:0015851),0,0,1.0,,1.0
GO_Biological_Process_2023,"Nuclear-Transcribed mRNA Catabolic Process, Deadenylation-Independent Decay (GO:0031086)",0,0,1.0,,1.0
GO_Biological_Process_2023,Nucleobase Catabolic Process (GO:0046113),0,0,1.0,,1.0
GO_Biological_Process_2023,Nucleic Acid-Templated Transcription (GO:0097659),8,1,0.3312469238465738,PAX8,1.0
GO_Biological_Process_2023,Nucleic Acid Transport (GO:0050657),2,0,1.0,,1.0
GO_Biological_Process_2023,Nucleic Acid Phosphodiester Bond Hydrolysis (GO:0090305),2,0,1.0,,1.0
GO_Biological_Process_2023,Nucleic Acid Metabolic Process (GO:0090304),9,0,1.0,,1.0
GO_Biological_Process_2023,Nuclear-Transcribed mRNA poly(A) Tail Shortening (GO:0000289),1,0,1.0,,1.0
GO_Biological_Process_2023,"Nuclear-Transcribed mRNA Catabolic Process, Nonsense-Mediated Decay (GO:0000184)",13,0,1.0,,1.0
GO_Biological_Process_2023,"Nuclear-Transcribed mRNA Catabolic Process, Exonucleolytic, 3'-5' (GO:0034427)",4,0,1.0,,1.0
GO_Biological_Process_2023,Antimicrobial Humoral Response (GO:0019730),6,0,1.0,,1.0
GO_Biological_Process_2023,Nucleoside Diphosphate Metabolic Process (GO:0009132),2,0,1.0,,1.0
GO_Biological_Process_2023,Nose Development (GO:0043584),0,0,1.0,,1.0
GO_Biological_Process_2023,Norepinephrine Metabolic Process (GO:0042415),0,0,1.0,,1.0
GO_Biological_Process_2023,Neurotrophin Signaling Pathway (GO:0038179),0,0,1.0,,1.0
GO_Biological_Process_2023,Neurotrophin TRK Receptor Signaling Pathway (GO:0048011),0,0,1.0,,1.0
GO_Biological_Process_2023,Neurotransmitter Uptake (GO:0001504),0,0,1.0,,1.0
GO_Biological_Process_2023,Neurotransmitter Transport (GO:0006836),0,0,1.0,,1.0
GO_Biological_Process_2023,Neurotransmitter Secretion (GO:0007269),0,0,1.0,,1.0
GO_Biological_Process_2023,Neurotransmitter Reuptake (GO:0098810),0,0,1.0,,1.0
GO_Biological_Process_2023,"Neurotransmitter Receptor Transport, Postsynaptic Endosome To Lysosome (GO:0098943)",0,0,1.0,,1.0
GO_Biological_Process_2023,Neutral Amino Acid Transport (GO:0015804),0,0,1.0,,1.0
GO_Biological_Process_2023,"Neurotransmitter Receptor Transport, Endosome To Postsynaptic Membrane (GO:0098887)",0,0,1.0,,1.0
GO_Biological_Process_2023,Neurotransmitter Receptor Transport To Postsynaptic Membrane (GO:0098969),0,0,1.0,,1.0
GO_Biological_Process_2023,Neurotransmitter Receptor Diffusion Trapping (GO:0099628),0,0,1.0,,1.0
GO_Biological_Process_2023,Neurotransmitter Loading Into Synaptic Vesicle (GO:0098700),0,0,1.0,,1.0
GO_Biological_Process_2023,Neurotransmitter Biosynthetic Process (GO:0042136),0,0,1.0,,1.0
GO_Biological_Process_2023,Neuropeptide Signaling Pathway (GO:0007218),0,0,1.0,,1.0
GO_Biological_Process_2023,Neuronal Ion Channel Clustering (GO:0045161),0,0,1.0,,1.0
GO_Biological_Process_2023,Neuronal Action Potential (GO:0019228),0,0,1.0,,1.0
GO_Biological_Process_2023,"Neurotransmitter Receptor Transport, Endosome To Plasma Membrane (GO:0099639)",0,0,1.0,,1.0
GO_Biological_Process_2023,Norepinephrine Transport (GO:0015874),0,0,1.0,,1.0
GO_Biological_Process_2023,Neutrophil Activation (GO:0042119),0,0,1.0,,1.0
GO_Biological_Process_2023,Neutrophil Chemotaxis (GO:0030593),2,0,1.0,,1.0
GO_Biological_Process_2023,Norepinephrine Biosynthetic Process (GO:0042421),0,0,1.0,,1.0
GO_Biological_Process_2023,Noradrenergic Neuron Differentiation (GO:0003357),0,0,1.0,,1.0
GO_Biological_Process_2023,Nonribosomal Peptide Biosynthetic Process (GO:0019184),0,0,1.0,,1.0
GO_Biological_Process_2023,Non-Motile Cilium Assembly (GO:1905515),0,0,1.0,,1.0
GO_Biological_Process_2023,Non-Membrane-Bounded Organelle Assembly (GO:0140694),24,0,1.0,,1.0
GO_Biological_Process_2023,Non-Canonical Wnt Signaling Pathway (GO:0035567),1,0,1.0,,1.0
GO_Biological_Process_2023,Nitrogen Compound Transport (GO:0071705),3,0,1.0,,1.0
GO_Biological_Process_2023,Neutrophil Activation Involved In Immune Response (GO:0002283),0,0,1.0,,1.0
GO_Biological_Process_2023,Nitric Oxide Metabolic Process (GO:0046209),0,0,1.0,,1.0
GO_Biological_Process_2023,Nitric Oxide Biosynthetic Process (GO:0006809),0,0,1.0,,1.0
GO_Biological_Process_2023,Nicotinamide Nucleotide Metabolic Process (GO:0046496),0,0,1.0,,1.0
GO_Biological_Process_2023,Antiviral Innate Immune Response (GO:0140374),5,0,1.0,,1.0
GO_Biological_Process_2023,Neutrophil Migration (GO:1990266),2,0,1.0,,1.0
GO_Biological_Process_2023,Neutrophil Mediated Immunity (GO:0002446),0,0,1.0,,1.0
GO_Biological_Process_2023,Neutrophil Extravasation (GO:0072672),0,0,1.0,,1.0
GO_Biological_Process_2023,Neutrophil Degranulation (GO:0043312),0,0,1.0,,1.0
GO_Biological_Process_2023,Nitric Oxide Mediated Signal Transduction (GO:0007263),0,0,1.0,,1.0
GO_Biological_Process_2023,Nucleoside Metabolic Process (GO:0009116),0,0,1.0,,1.0
GO_Biological_Process_2023,Antimicrobial Humoral Immune Response Mediated By Antimicrobial Peptide (GO:0061844),6,0,1.0,,1.0
GO_Biological_Process_2023,Nucleoside Phosphate Catabolic Process (GO:1901292),0,0,1.0,,1.0
GO_Biological_Process_2023,Outer Mitochondrial Membrane Organization (GO:0007008),2,0,1.0,,1.0
GO_Biological_Process_2023,Outer Dynein Arm Assembly (GO:0036158),0,0,1.0,,1.0
GO_Biological_Process_2023,Osteoclast Differentiation (GO:0030316),1,0,1.0,,1.0
GO_Biological_Process_2023,Osteoblast Development (GO:0002076),0,0,1.0,,1.0
GO_Biological_Process_2023,Osmosensory Signaling Pathway (GO:0007231),0,0,1.0,,1.0
GO_Biological_Process_2023,Ornithine Transport (GO:0015822),0,0,1.0,,1.0
GO_Biological_Process_2023,Ornithine Metabolic Process (GO:0006591),0,0,1.0,,1.0
GO_Biological_Process_2023,Outflow Tract Septum Morphogenesis (GO:0003148),0,0,1.0,,1.0
GO_Biological_Process_2023,Organophosphate Ester Transport (GO:0015748),3,0,1.0,,1.0
GO_Biological_Process_2023,Organophosphate Biosynthetic Process (GO:0090407),1,0,1.0,,1.0
GO_Biological_Process_2023,Organonitrogen Compound Catabolic Process (GO:1901565),1,0,1.0,,1.0
GO_Biological_Process_2023,Organonitrogen Compound Biosynthetic Process (GO:1901566),1,0,1.0,,1.0
GO_Biological_Process_2023,Organic Substance Transport (GO:0071702),4,1,0.18194134789770994,TRPM7,1.0
GO_Biological_Process_2023,Organic Hydroxy Compound Transport (GO:0015850),1,0,1.0,,1.0
GO_Biological_Process_2023,Organic Hydroxy Compound Catabolic Process (GO:1901616),0,0,1.0,,1.0
GO_Biological_Process_2023,Organic Hydroxy Compound Biosynthetic Process (GO:1901617),1,0,1.0,,1.0
GO_Biological_Process_2023,Organophosphate Catabolic Process (GO:0046434),0,0,1.0,,1.0
GO_Biological_Process_2023,Organic Cyclic Compound Catabolic Process (GO:1901361),0,0,1.0,,1.0
GO_Biological_Process_2023,Oxidative Phosphorylation (GO:0006119),6,1,0.26028719693696456,SDHB,1.0
GO_Biological_Process_2023,Oxygen Transport (GO:0015671),1,0,1.0,,1.0
GO_Biological_Process_2023,peptidyl-L-cysteine S-palmitoylation (GO:0018230),0,0,1.0,,1.0
GO_Biological_Process_2023,Peptide Transport (GO:0015833),0,0,1.0,,1.0
GO_Biological_Process_2023,Peptide Metabolic Process (GO:0006518),1,0,1.0,,1.0
GO_Biological_Process_2023,Peptide Hormone Secretion (GO:0030072),0,0,1.0,,1.0
GO_Biological_Process_2023,Peptide Cross-Linking (GO:0018149),0,0,1.0,,1.0
GO_Biological_Process_2023,Peptide Catabolic Process (GO:0043171),0,0,1.0,,1.0
GO_Biological_Process_2023,Peptide Biosynthetic Process (GO:0043043),84,0,1.0,,1.0
GO_Biological_Process_2023,Oxoacid Metabolic Process (GO:0043436),0,0,1.0,,1.0
GO_Biological_Process_2023,Peptide Antigen Assembly With MHC Protein Complex (GO:0002501),0,0,1.0,,1.0
GO_Biological_Process_2023,"Pentose-Phosphate Shunt, Non-Oxidative Branch (GO:0009052)",0,0,1.0,,1.0
GO_Biological_Process_2023,Pentose-Phosphate Shunt (GO:0006098),1,0,1.0,,1.0
GO_Biological_Process_2023,Pattern Recognition Receptor Signaling Pathway (GO:0002221),0,0,1.0,,1.0
GO_Biological_Process_2023,Pathway-Restricted SMAD Protein Phosphorylation (GO:0060389),0,0,1.0,,1.0
GO_Biological_Process_2023,Parallel Actin Filament Bundle Assembly (GO:0030046),0,0,1.0,,1.0
GO_Biological_Process_2023,Pancreas Development (GO:0031016),1,0,1.0,,1.0
GO_Biological_Process_2023,p38MAPK Cascade (GO:0038066),0,0,1.0,,1.0
GO_Biological_Process_2023,Peptide Antigen Assembly With MHC Class II Protein Complex (GO:0002503),0,0,1.0,,1.0
GO_Biological_Process_2023,Organic Cyclic Compound Biosynthetic Process (GO:1901362),0,0,1.0,,1.0
GO_Biological_Process_2023,Organic Cation Transport (GO:0015695),0,0,1.0,,1.0
GO_Biological_Process_2023,Organic Anion Transport (GO:0015711),2,0,1.0,,1.0
GO_Biological_Process_2023,Nucleotide-Sugar Biosynthetic Process (GO:0009226),1,0,1.0,,1.0
GO_Biological_Process_2023,"Nucleotide-Excision Repair, DNA Gap Filling (GO:0006297)",3,0,1.0,,1.0
GO_Biological_Process_2023,Nucleotide-Excision Repair (GO:0006289),14,0,1.0,,1.0
GO_Biological_Process_2023,Nucleotide-Binding Oligomerization Domain Containing Signaling Pathway (GO:0070423),0,0,1.0,,1.0
GO_Biological_Process_2023,Nucleotide-Binding Oligomerization Domain Containing 2 Signaling Pathway (GO:0070431),0,0,1.0,,1.0
GO_Biological_Process_2023,"Nucleotide-Binding Domain, Leucine Rich Repeat Containing Receptor Signaling Pathway (GO:0035872)",0,0,1.0,,1.0
GO_Biological_Process_2023,Nucleotide Transport (GO:0006862),0,0,1.0,,1.0
GO_Biological_Process_2023,Nucleotide-Sugar Metabolic Process (GO:0009225),0,0,1.0,,1.0
GO_Biological_Process_2023,Nucleotide Metabolic Process (GO:0009117),2,1,0.09545541870343885,NMNAT1,1.0
GO_Biological_Process_2023,Nucleotide Biosynthetic Process (GO:0009165),3,1,0.13976587961154743,NMNAT1,1.0
GO_Biological_Process_2023,Nucleosome Organization (GO:0034728),17,1,0.5761329436283847,DNAJC9,1.0
GO_Biological_Process_2023,Nucleosome Disassembly (GO:0006337),5,0,1.0,,1.0
GO_Biological_Process_2023,Nucleosome Assembly (GO:0006334),13,1,0.48067642914700753,DNAJC9,1.0
GO_Biological_Process_2023,Nucleoside Triphosphate Metabolic Process (GO:0009141),0,0,1.0,,1.0
GO_Biological_Process_2023,Nucleoside Triphosphate Biosynthetic Process (GO:0009142),0,0,1.0,,1.0
GO_Biological_Process_2023,Nucleoside Transport (GO:0015858),0,0,1.0,,1.0
GO_Biological_Process_2023,Nucleotide Catabolic Process (GO:0009166),1,0,1.0,,1.0
GO_Biological_Process_2023,Nucleus Organization (GO:0006997),12,0,1.0,,1.0
GO_Biological_Process_2023,Odontogenesis (GO:0042476),0,0,1.0,,1.0
GO_Biological_Process_2023,Odontogenesis Of Dentin-Containing Tooth (GO:0042475),0,0,1.0,,1.0
GO_Biological_Process_2023,Organelle Transport Along Microtubule (GO:0072384),4,0,1.0,,1.0
GO_Biological_Process_2023,Organelle Organization (GO:0006996),27,2,0.38432470492818327,CFL1;MYC,1.0
GO_Biological_Process_2023,Organelle Membrane Fusion (GO:0090174),2,0,1.0,,1.0
GO_Biological_Process_2023,Organelle Fusion (GO:0048284),2,0,1.0,,1.0
GO_Biological_Process_2023,Organelle Fission (GO:0048285),0,0,1.0,,1.0
GO_Biological_Process_2023,Organelle Disassembly (GO:1903008),7,0,1.0,,1.0
GO_Biological_Process_2023,Organelle Assembly (GO:0070925),16,0,1.0,,1.0
GO_Biological_Process_2023,Oogenesis (GO:0048477),0,0,1.0,,1.0
GO_Biological_Process_2023,One-Carbon Compound Transport (GO:0019755),0,0,1.0,,1.0
GO_Biological_Process_2023,Omega-Hydroxylase P450 Pathway (GO:0097267),0,0,1.0,,1.0
GO_Biological_Process_2023,Oligosaccharide-Lipid Intermediate Biosynthetic Process (GO:0006490),3,0,1.0,,1.0
GO_Biological_Process_2023,Oligosaccharide Metabolic Process (GO:0009311),0,0,1.0,,1.0
GO_Biological_Process_2023,Oligosaccharide Catabolic Process (GO:0009313),1,0,1.0,,1.0
GO_Biological_Process_2023,Oligosaccharide Biosynthetic Process (GO:0009312),0,0,1.0,,1.0
GO_Biological_Process_2023,Oligodendrocyte Differentiation (GO:0048709),6,1,0.26028719693696456,SOX10,1.0
GO_Biological_Process_2023,Oligodendrocyte Development (GO:0014003),6,1,0.26028719693696456,SOX10,1.0
GO_Biological_Process_2023,Olefinic Compound Biosynthetic Process (GO:0120255),0,0,1.0,,1.0
GO_Biological_Process_2023,Peptidyl-Amino Acid Modification (GO:0018193),1,0,1.0,,1.0
GO_Biological_Process_2023,Neuron Remodeling (GO:0016322),0,0,1.0,,1.0
GO_Biological_Process_2023,Positive Regulation Of DNA-templated Transcription Initiation (GO:2000144),23,2,0.31139560663581456,HNF1B;MED1,1.0
GO_Biological_Process_2023,Positive Regulation Of ER-associated Ubiquitin-Dependent Protein Catabolic Process (GO:1903071),0,0,1.0,,1.0
GO_Biological_Process_2023,Positive Regulation Of Dephosphorylation (GO:0035306),2,0,1.0,,1.0
GO_Biological_Process_2023,Positive Regulation Of Dendritic Spine Morphogenesis (GO:0061003),0,0,1.0,,1.0
GO_Biological_Process_2023,Positive Regulation Of Dendritic Spine Development (GO:0060999),0,0,1.0,,1.0
GO_Biological_Process_2023,Positive Regulation Of Dendritic Cell Cytokine Production (GO:0002732),0,0,1.0,,1.0
GO_Biological_Process_2023,Positive Regulation Of Dendritic Cell Chemotaxis (GO:2000510),0,0,1.0,,1.0
GO_Biological_Process_2023,Positive Regulation Of Dendritic Cell Antigen Processing And Presentation (GO:0002606),0,0,1.0,,1.0
GO_Biological_Process_2023,Positive Regulation Of Dendrite Morphogenesis (GO:0050775),0,0,1.0,,1.0
GO_Biological_Process_2023,Positive Regulation Of Developmental Growth (GO:0048639),0,0,1.0,,1.0
GO_Biological_Process_2023,Positive Regulation Of Dendrite Extension (GO:1903861),0,0,1.0,,1.0
GO_Biological_Process_2023,Positive Regulation Of Defense Response To Virus By Host (GO:0002230),1,0,1.0,,1.0
GO_Biological_Process_2023,Positive Regulation Of Defense Response To Bacterium (GO:1900426),0,0,1.0,,1.0
GO_Biological_Process_2023,Positive Regulation Of Defense Response (GO:0031349),5,0,1.0,,1.0
GO_Biological_Process_2023,Positive Regulation Of Deacetylase Activity (GO:0090045),1,0,1.0,,1.0
GO_Biological_Process_2023,Positive Regulation Of Cytosolic Calcium Ion Concentration Involved In Phospholipase C-activating G Protein-Coupled Signaling Pathway (GO:0051482),0,0,1.0,,1.0
GO_Biological_Process_2023,Positive Regulation Of Cytoskeleton Organization (GO:0051495),5,0,1.0,,1.0
GO_Biological_Process_2023,Positive Regulation Of Cytoplasmic Transport (GO:1903651),1,0,1.0,,1.0
GO_Biological_Process_2023,Positive Regulation Of Dendrite Development (GO:1900006),0,0,1.0,,1.0
GO_Biological_Process_2023,Positive Regulation Of Cytoplasmic Translation (GO:2000767),5,0,1.0,,1.0
GO_Biological_Process_2023,Amyloid-Beta Formation (GO:0034205),0,0,1.0,,1.0
GO_Biological_Process_2023,Positive Regulation Of Double-Strand Break Repair Via Homologous Recombination (GO:1905168),10,0,1.0,,1.0
GO_Biological_Process_2023,Positive Regulation Of Epidermal Growth Factor-Activated Receptor Activity (GO:0045741),0,0,1.0,,1.0
GO_Biological_Process_2023,Positive Regulation Of Epidermal Growth Factor Receptor Signaling Pathway (GO:0045742),0,0,1.0,,1.0
GO_Biological_Process_2023,Amyloid Precursor Protein Metabolic Process (GO:0042982),0,0,1.0,,1.0
GO_Biological_Process_2023,Positive Regulation Of Endothelial Cell Proliferation (GO:0001938),1,0,1.0,,1.0
GO_Biological_Process_2023,Positive Regulation Of Endothelial Cell Migration (GO:0010595),2,0,1.0,,1.0
GO_Biological_Process_2023,Positive Regulation Of Endothelial Cell Development (GO:1901552),0,0,1.0,,1.0
GO_Biological_Process_2023,Positive Regulation Of Endothelial Cell Chemotaxis (GO:2001028),0,0,1.0,,1.0
GO_Biological_Process_2023,Positive Regulation Of Double-Strand Break Repair (GO:2000781),15,0,1.0,,1.0
GO_Biological_Process_2023,Positive Regulation Of Endothelial Cell Apoptotic Process (GO:2000353),0,0,1.0,,1.0
GO_Biological_Process_2023,Positive Regulation Of Endoplasmic Reticulum Stress-Induced Intrinsic Apoptotic Signaling Pathway (GO:1902237),0,0,1.0,,1.0
GO_Biological_Process_2023,Positive Regulation Of Endopeptidase Activity (GO:0010950),1,0,1.0,,1.0
GO_Biological_Process_2023,Positive Regulation Of Endocytosis (GO:0045807),3,0,1.0,,1.0
GO_Biological_Process_2023,Positive Regulation Of Endocytic Recycling (GO:2001137),0,0,1.0,,1.0
GO_Biological_Process_2023,Positive Regulation Of Embryonic Development (GO:0040019),2,1,0.09545541870343885,CFL1,1.0
GO_Biological_Process_2023,Positive Regulation Of Early Endosome To Late Endosome Transport (GO:2000643),1,0,1.0,,1.0
GO_Biological_Process_2023,Positive Regulation Of Double-Strand Break Repair Via Nonhomologous End Joining (GO:2001034),2,0,1.0,,1.0
GO_Biological_Process_2023,Positive Regulation Of Endoplasmic Reticulum Unfolded Protein Response (GO:1900103),0,0,1.0,,1.0
GO_Biological_Process_2023,Positive Regulation Of Epidermis Development (GO:0045684),0,0,1.0,,1.0
GO_Biological_Process_2023,Positive Regulation Of Cytokinesis (GO:0032467),8,0,1.0,,1.0
GO_Biological_Process_2023,Positive Regulation Of Cytokine Production Involved In Inflammatory Response (GO:1900017),0,0,1.0,,1.0
GO_Biological_Process_2023,Positive Regulation Of Chondrocyte Differentiation (GO:0032332),0,0,1.0,,1.0
GO_Biological_Process_2023,Positive Regulation Of Cholesterol Transport (GO:0032376),0,0,1.0,,1.0
GO_Biological_Process_2023,Positive Regulation Of Cholesterol Storage (GO:0010886),0,0,1.0,,1.0
GO_Biological_Process_2023,Positive Regulation Of Cholesterol Metabolic Process (GO:0090205),0,0,1.0,,1.0
GO_Biological_Process_2023,Positive Regulation Of Cholesterol Efflux (GO:0010875),0,0,1.0,,1.0
GO_Biological_Process_2023,Positive Regulation Of Cholesterol Biosynthetic Process (GO:0045542),0,0,1.0,,1.0
GO_Biological_Process_2023,Positive Regulation Of Chemotaxis (GO:0050921),0,0,1.0,,1.0
GO_Biological_Process_2023,Positive Regulation Of Chromatin Binding (GO:0035563),1,0,1.0,,1.0
GO_Biological_Process_2023,Positive Regulation Of Chemokine Production (GO:0032722),2,0,1.0,,1.0
GO_Biological_Process_2023,Positive Regulation Of Centriole Replication (GO:0046601),2,0,1.0,,1.0
GO_Biological_Process_2023,Positive Regulation Of Cellular Senescence (GO:2000774),0,0,1.0,,1.0
GO_Biological_Process_2023,Positive Regulation Of Cellular Response To Transforming Growth Factor Beta Stimulus (GO:1903846),2,1,0.09545541870343885,EP300,1.0
GO_Biological_Process_2023,Positive Regulation Of Cellular Response To Insulin Stimulus (GO:1900078),1,0,1.0,,1.0
GO_Biological_Process_2023,Positive Regulation Of Cellular Respiration (GO:1901857),3,0,1.0,,1.0
GO_Biological_Process_2023,Androgen Receptor Signaling Pathway (GO:0030521),0,0,1.0,,1.0
GO_Biological_Process_2023,Positive Regulation Of Cellular Extravasation (GO:0002693),0,0,1.0,,1.0
GO_Biological_Process_2023,Positive Regulation Of Chemokine (C-X-C Motif) Ligand 2 Production (GO:2000343),1,0,1.0,,1.0
GO_Biological_Process_2023,Positive Regulation Of Cytokine-Mediated Signaling Pathway (GO:0001961),0,0,1.0,,1.0
GO_Biological_Process_2023,Positive Regulation Of Chromosome Condensation (GO:1905821),7,1,0.2966459618332832,NCAPD3,1.0
GO_Biological_Process_2023,Positive Regulation Of Chromosome Segregation (GO:0051984),10,1,0.39550578556344795,NCAPD3,1.0
GO_Biological_Process_2023,Positive Regulation Of Cytokine Production Involved In Immune Response (GO:0002720),0,0,1.0,,1.0
GO_Biological_Process_2023,Positive Regulation Of Cytokine Production (GO:0001819),12,1,0.4536864944610995,IRF4,1.0
GO_Biological_Process_2023,Positive Regulation Of Cysteine-Type Endopeptidase Activity Involved In Apoptotic Signaling Pathway (GO:2001269),0,0,1.0,,1.0
GO_Biological_Process_2023,Positive Regulation Of Cysteine-Type Endopeptidase Activity Involved In Apoptotic Process (GO:0043280),10,1,0.39550578556344795,MYC,1.0
GO_Biological_Process_2023,Positive Regulation Of Cysteine-Type Endopeptidase Activity (GO:2001056),4,1,0.18194134789770994,MYC,1.0
GO_Biological_Process_2023,Amyloid-Beta Metabolic Process (GO:0050435),0,0,1.0,,1.0
GO_Biological_Process_2023,Anaphase-Promoting Complex-Dependent Catabolic Process (GO:0031145),9,0,1.0,,1.0
GO_Biological_Process_2023,Positive Regulation Of Chromosome Organization (GO:2001252),17,1,0.5761329436283847,NCAPD3,1.0
GO_Biological_Process_2023,Positive Regulation Of Cyclase Activity (GO:0031281),0,0,1.0,,1.0
GO_Biological_Process_2023,Positive Regulation Of Collagen Biosynthetic Process (GO:0032967),0,0,1.0,,1.0
GO_Biological_Process_2023,Positive Regulation Of Coagulation (GO:0050820),0,0,1.0,,1.0
GO_Biological_Process_2023,Positive Regulation Of Circadian Rhythm (GO:0042753),0,0,1.0,,1.0
GO_Biological_Process_2023,Positive Regulation Of Cilium-Dependent Cell Motility (GO:2000155),0,0,1.0,,1.0
GO_Biological_Process_2023,Positive Regulation Of Cilium Movement (GO:0003353),0,0,1.0,,1.0
GO_Biological_Process_2023,Positive Regulation Of Cilium Assembly (GO:0045724),0,0,1.0,,1.0
GO_Biological_Process_2023,Positive Regulation Of Chromosome Separation (GO:1905820),11,1,0.425319275731237,NCAPD3,1.0
GO_Biological_Process_2023,Positive Regulation Of Collagen Metabolic Process (GO:0010714),0,0,1.0,,1.0
GO_Biological_Process_2023,Positive Regulation Of Epithelial Cell Apoptotic Process (GO:1904037),0,0,1.0,,1.0
GO_Biological_Process_2023,Positive Regulation Of Epithelial Cell Differentiation (GO:0030858),0,0,1.0,,1.0
GO_Biological_Process_2023,Amyloid Precursor Protein Catabolic Process (GO:0042987),0,0,1.0,,1.0
GO_Biological_Process_2023,Positive Regulation Of Hemostasis (GO:1900048),0,0,1.0,,1.0
GO_Biological_Process_2023,Positive Regulation Of Hemoglobin Biosynthetic Process (GO:0046985),1,0,1.0,,1.0
GO_Biological_Process_2023,Positive Regulation Of Helicase Activity (GO:0051096),0,0,1.0,,1.0
GO_Biological_Process_2023,Positive Regulation Of Heart Rate (GO:0010460),1,0,1.0,,1.0
GO_Biological_Process_2023,Positive Regulation Of Heart Contraction (GO:0045823),1,0,1.0,,1.0
GO_Biological_Process_2023,Positive Regulation Of Growth Hormone Secretion (GO:0060124),0,0,1.0,,1.0
GO_Biological_Process_2023,Positive Regulation Of Growth (GO:0045927),12,0,1.0,,1.0
GO_Biological_Process_2023,Positive Regulation Of Heterochromatin Formation (GO:0031453),2,0,1.0,,1.0
GO_Biological_Process_2023,Positive Regulation Of Granulocyte Macrophage Colony-Stimulating Factor Production (GO:0032725),0,0,1.0,,1.0
GO_Biological_Process_2023,Positive Regulation Of Granulocyte Chemotaxis (GO:0071624),0,0,1.0,,1.0
GO_Biological_Process_2023,Positive Regulation Of Gonad Development (GO:1905941),1,0,1.0,,1.0
GO_Biological_Process_2023,Positive Regulation Of Glycoprotein Biosynthetic Process (GO:0010560),0,0,1.0,,1.0
GO_Biological_Process_2023,Positive Regulation Of Glycolytic Process (GO:0045821),3,0,1.0,,1.0
GO_Biological_Process_2023,Positive Regulation Of Glycogen Metabolic Process (GO:0070875),0,0,1.0,,1.0
GO_Biological_Process_2023,Positive Regulation Of Glycogen Biosynthetic Process (GO:0045725),0,0,1.0,,1.0
GO_Biological_Process_2023,Positive Regulation Of Glucose Transmembrane Transport (GO:0010828),3,1,0.13976587961154743,BRAF,1.0
GO_Biological_Process_2023,Positive Regulation Of Granulocyte Differentiation (GO:0030854),0,0,1.0,,1.0
GO_Biological_Process_2023,Positive Regulation Of Glucose Metabolic Process (GO:0010907),1,0,1.0,,1.0
GO_Biological_Process_2023,Positive Regulation Of Heterotypic Cell-Cell Adhesion (GO:0034116),0,0,1.0,,1.0
GO_Biological_Process_2023,Positive Regulation Of Histone H3-K4 Methylation (GO:0051571),7,1,0.2966459618332832,CTNNB1,1.0
GO_Biological_Process_2023,Positive Regulation Of Innate Immune Response (GO:0045089),6,0,1.0,,1.0
GO_Biological_Process_2023,Positive Regulation Of Inflammatory Response (GO:0050729),3,0,1.0,,1.0
GO_Biological_Process_2023,Positive Regulation Of Immunoglobulin Production (GO:0002639),5,1,0.22208297380459047,TFRC,1.0
GO_Biological_Process_2023,Positive Regulation Of Immunoglobulin Mediated Immune Response (GO:0002891),2,1,0.09545541870343885,TFRC,1.0
GO_Biological_Process_2023,Positive Regulation Of Immune System Process (GO:0002684),0,0,1.0,,1.0
GO_Biological_Process_2023,Positive Regulation Of Immune Response To Tumor Cell (GO:0002839),1,0,1.0,,1.0
GO_Biological_Process_2023,Positive Regulation Of Immune Response (GO:0050778),6,0,1.0,,1.0
GO_Biological_Process_2023,Positive Regulation Of Hippo Signaling (GO:0035332),0,0,1.0,,1.0
GO_Biological_Process_2023,Positive Regulation Of Icosanoid Secretion (GO:0032305),0,0,1.0,,1.0
GO_Biological_Process_2023,Positive Regulation Of Humoral Immune Response (GO:0002922),1,0,1.0,,1.0
GO_Biological_Process_2023,Positive Regulation Of Hormone Secretion (GO:0046887),0,0,1.0,,1.0
GO_Biological_Process_2023,Aminoglycan Catabolic Process (GO:0006026),0,0,1.0,,1.0
GO_Biological_Process_2023,Positive Regulation Of Homotypic Cell-Cell Adhesion (GO:0034112),0,0,1.0,,1.0
GO_Biological_Process_2023,Positive Regulation Of Histone Methylation (GO:0031062),7,1,0.2966459618332832,CTNNB1,1.0
GO_Biological_Process_2023,Positive Regulation Of Histone Deacetylation (GO:0031065),0,0,1.0,,1.0
GO_Biological_Process_2023,Positive Regulation Of Histone Acetylation (GO:0035066),2,0,1.0,,1.0
GO_Biological_Process_2023,Positive Regulation Of Hydrolase Activity (GO:0051345),6,1,0.26028719693696456,FERMT2,1.0
GO_Biological_Process_2023,Positive Regulation Of Glucose Import (GO:0046326),2,0,1.0,,1.0
GO_Biological_Process_2023,Positive Regulation Of Gluconeogenesis (GO:0045722),1,0,1.0,,1.0
GO_Biological_Process_2023,Positive Regulation Of Gliogenesis (GO:0014015),0,0,1.0,,1.0
GO_Biological_Process_2023,Positive Regulation Of Extracellular Matrix Disassembly (GO:0090091),0,0,1.0,,1.0
GO_Biological_Process_2023,Positive Regulation Of Extracellular Matrix Assembly (GO:1901203),0,0,1.0,,1.0
GO_Biological_Process_2023,Positive Regulation Of Exosomal Secretion (GO:1903543),3,0,1.0,,1.0
GO_Biological_Process_2023,Positive Regulation Of Exocytosis (GO:0045921),3,0,1.0,,1.0
GO_Biological_Process_2023,Positive Regulation Of Execution Phase Of Apoptosis (GO:1900119),0,0,1.0,,1.0
GO_Biological_Process_2023,Positive Regulation Of Excitatory Postsynaptic Potential (GO:2000463),0,0,1.0,,1.0
GO_Biological_Process_2023,Positive Regulation Of Establishment Of Protein Localization To Telomere (GO:1904851),7,0,1.0,,1.0
GO_Biological_Process_2023,Positive Regulation Of Extracellular Matrix Organization (GO:1903055),0,0,1.0,,1.0
GO_Biological_Process_2023,Positive Regulation Of Establishment Of Protein Localization To Mitochondrion (GO:1903749),6,0,1.0,,1.0
GO_Biological_Process_2023,Positive Regulation Of Establishment Of Endothelial Barrier (GO:1903142),0,0,1.0,,1.0
GO_Biological_Process_2023,Positive Regulation Of Erythrocyte Differentiation (GO:0045648),3,1,0.13976587961154743,MED1,1.0
GO_Biological_Process_2023,Positive Regulation Of Epithelial Tube Formation (GO:1905278),0,0,1.0,,1.0
GO_Biological_Process_2023,Amylin Receptor Signaling Pathway (GO:0097647),0,0,1.0,,1.0
GO_Biological_Process_2023,Positive Regulation Of Epithelial Cell Proliferation Involved In Wound Healing (GO:0060054),0,0,1.0,,1.0
GO_Biological_Process_2023,Amyloid Fibril Formation (GO:1990000),3,1,0.13976587961154743,MDM2,1.0
GO_Biological_Process_2023,Positive Regulation Of Epithelial Cell Migration (GO:0010634),3,1,0.13976587961154743,PTK2,1.0
GO_Biological_Process_2023,Positive Regulation Of Establishment Of Protein Localization (GO:1904951),7,0,1.0,,1.0
GO_Biological_Process_2023,Positive Regulation Of Extrinsic Apoptotic Signaling Pathway (GO:2001238),0,0,1.0,,1.0
GO_Biological_Process_2023,Positive Regulation Of Extrinsic Apoptotic Signaling Pathway Via Death Domain Receptors (GO:1902043),0,0,1.0,,1.0
GO_Biological_Process_2023,Positive Regulation Of Fat Cell Differentiation (GO:0045600),1,0,1.0,,1.0
GO_Biological_Process_2023,Positive Regulation Of Glial Cell Migration (GO:1903977),1,0,1.0,,1.0
GO_Biological_Process_2023,Positive Regulation Of Glial Cell Differentiation (GO:0045687),0,0,1.0,,1.0
GO_Biological_Process_2023,Aminoglycan Metabolic Process (GO:0006022),0,0,1.0,,1.0
GO_Biological_Process_2023,Positive Regulation Of Gastrulation (GO:2000543),1,0,1.0,,1.0
GO_Biological_Process_2023,Positive Regulation Of Gap Junction Assembly (GO:1903598),0,0,1.0,,1.0
GO_Biological_Process_2023,Positive Regulation Of Focal Adhesion Disassembly (GO:0120183),0,0,1.0,,1.0
GO_Biological_Process_2023,Aminophospholipid Transport (GO:0015917),0,0,1.0,,1.0
GO_Biological_Process_2023,Positive Regulation Of Flagellated Sperm Motility (GO:1902093),0,0,1.0,,1.0
GO_Biological_Process_2023,Positive Regulation Of Filopodium Assembly (GO:0051491),2,0,1.0,,1.0
GO_Biological_Process_2023,Ammonium Homeostasis (GO:0097272),0,0,1.0,,1.0
GO_Biological_Process_2023,Ammonium Transmembrane Transport (GO:0072488),0,0,1.0,,1.0
GO_Biological_Process_2023,Positive Regulation Of Fibroblast Apoptotic Process (GO:2000271),0,0,1.0,,1.0
GO_Biological_Process_2023,Positive Regulation Of Fever Generation (GO:0031622),0,0,1.0,,1.0
GO_Biological_Process_2023,Positive Regulation Of Fatty Acid Oxidation (GO:0046321),0,0,1.0,,1.0
GO_Biological_Process_2023,Positive Regulation Of Fatty Acid Metabolic Process (GO:0045923),0,0,1.0,,1.0
GO_Biological_Process_2023,Positive Regulation Of Fatty Acid Biosynthetic Process (GO:0045723),0,0,1.0,,1.0
GO_Biological_Process_2023,Positive Regulation Of Fatty Acid Beta-Oxidation (GO:0032000),0,0,1.0,,1.0
GO_Biological_Process_2023,Positive Regulation Of Cellular Component Organization (GO:0051130),11,1,0.425319275731237,TFRC,1.0
GO_Biological_Process_2023,"Positive Regulation Of DNA-templated Transcription, Elongation (GO:0032786)",28,1,0.758425338605107,MED1,1.0
GO_Biological_Process_2023,Positive Regulation Of Cellular Component Biogenesis (GO:0044089),14,1,0.5063548324798921,TFRC,1.0
GO_Biological_Process_2023,Positive Regulation Of Cellular Biosynthetic Process (GO:0031328),19,2,0.2370931902493581,ADSL;CTNNB1,1.0
GO_Biological_Process_2023,Positive Regulation Of Activated T Cell Proliferation (GO:0042104),2,0,1.0,,1.0
GO_Biological_Process_2023,Positive Regulation Of Actin Nucleation (GO:0051127),0,0,1.0,,1.0
GO_Biological_Process_2023,Positive Regulation Of Actin Filament Polymerization (GO:0030838),1,0,1.0,,1.0
GO_Biological_Process_2023,Positive Regulation Of Actin Filament Depolymerization (GO:0030836),0,0,1.0,,1.0
GO_Biological_Process_2023,Positive Regulation Of Actin Filament Bundle Assembly (GO:0032233),3,1,0.13976587961154743,FERMT2,1.0
GO_Biological_Process_2023,Positive Regulation Of Actin Cytoskeleton Reorganization (GO:2000251),0,0,1.0,,1.0
GO_Biological_Process_2023,Positive Regulation Of Acrosome Reaction (GO:2000344),0,0,1.0,,1.0
GO_Biological_Process_2023,Positive Regulation Of Activation Of Janus Kinase Activity (GO:0010536),0,0,1.0,,1.0
GO_Biological_Process_2023,"Positive Regulation Of Wnt Signaling Pathway, Planar Cell Polarity Pathway (GO:2000096)",0,0,1.0,,1.0
GO_Biological_Process_2023,Positive Regulation Of TORC1 Signaling (GO:1904263),3,0,1.0,,1.0
GO_Biological_Process_2023,Positive Regulation Of TOR Signaling (GO:0032008),6,0,1.0,,1.0
GO_Biological_Process_2023,Positive Regulation Of T-helper Cell Differentiation (GO:0045624),0,0,1.0,,1.0
GO_Biological_Process_2023,Positive Regulation Of T-helper 2 Cell Differentiation (GO:0045630),0,0,1.0,,1.0
GO_Biological_Process_2023,Positive Regulation Of T-helper 2 Cell Cytokine Production (GO:2000553),0,0,1.0,,1.0
GO_Biological_Process_2023,Positive Regulation Of T-helper 17 Type Immune Response (GO:2000318),0,0,1.0,,1.0
GO_Biological_Process_2023,Positive Regulation Of T-helper 17 Cell Differentiation (GO:2000321),0,0,1.0,,1.0
GO_Biological_Process_2023,Positive Regulation Of Wnt Signaling Pathway (GO:0030177),8,0,1.0,,1.0
GO_Biological_Process_2023,Positive Regulation Of T-helper 1 Type Immune Response (GO:0002827),0,0,1.0,,1.0
GO_Biological_Process_2023,Positive Regulation Of Activin Receptor Signaling Pathway (GO:0032927),1,0,1.0,,1.0
GO_Biological_Process_2023,Positive Regulation Of Adaptive Immune Response (GO:0002821),0,0,1.0,,1.0
GO_Biological_Process_2023,Positive Regulation Of Apoptotic Cell Clearance (GO:2000427),0,0,1.0,,1.0
GO_Biological_Process_2023,Positive Regulation Of Antigen Receptor-Mediated Signaling Pathway (GO:0050857),2,0,1.0,,1.0
GO_Biological_Process_2023,Positive Regulation Of Antigen Processing And Presentation (GO:0002579),0,0,1.0,,1.0
GO_Biological_Process_2023,Positive Regulation Of Animal Organ Morphogenesis (GO:0110110),0,0,1.0,,1.0
GO_Biological_Process_2023,Positive Regulation Of Angiogenesis (GO:0045766),2,0,1.0,,1.0
GO_Biological_Process_2023,Positive Regulation Of Amyloid-Beta Formation (GO:1902004),0,0,1.0,,1.0
GO_Biological_Process_2023,Positive Regulation Of Amyloid-Beta Clearance (GO:1900223),0,0,1.0,,1.0
GO_Biological_Process_2023,Positive Regulation Of Acute Inflammatory Response (GO:0002675),0,0,1.0,,1.0
GO_Biological_Process_2023,Positive Regulation Of Amyloid Precursor Protein Catabolic Process (GO:1902993),0,0,1.0,,1.0
GO_Biological_Process_2023,Antibacterial Humoral Response (GO:0019731),2,0,1.0,,1.0
GO_Biological_Process_2023,Positive Regulation Of Alpha-Beta T Cell Differentiation (GO:0046638),1,0,1.0,,1.0
GO_Biological_Process_2023,Positive Regulation Of Alpha-Beta T Cell Activation (GO:0046635),1,0,1.0,,1.0
GO_Biological_Process_2023,Positive Regulation Of Alcohol Biosynthetic Process (GO:1902932),0,0,1.0,,1.0
GO_Biological_Process_2023,Positive Regulation Of Adipose Tissue Development (GO:1904179),0,0,1.0,,1.0
GO_Biological_Process_2023,Positive Regulation Of Adenylate Cyclase Activity (GO:0045762),0,0,1.0,,1.0
GO_Biological_Process_2023,Positive Regulation Of Adaptive Immune Response Based On Somatic Recombination Of Immune Receptors Built From Immunoglobulin Superfamily Domains (GO:0002824),0,0,1.0,,1.0
GO_Biological_Process_2023,Positive Regulation Of Amide Metabolic Process (GO:0034250),15,0,1.0,,1.0
GO_Biological_Process_2023,Anterograde Trans-Synaptic Signaling (GO:0098916),2,0,1.0,,1.0
GO_Biological_Process_2023,Positive Regulation Of T-helper 1 Cell Cytokine Production (GO:2000556),0,0,1.0,,1.0
GO_Biological_Process_2023,Positive Regulation Of T Cell Proliferation (GO:0042102),3,1,0.13976587961154743,TFRC,1.0
GO_Biological_Process_2023,Positive Regulation Of NK T Cell Activation (GO:0051135),0,0,1.0,,1.0
GO_Biological_Process_2023,Positive Regulation Of NIK/NF-kappaB Signaling (GO:1901224),5,1,0.22208297380459047,EP300,1.0
GO_Biological_Process_2023,Antifungal Innate Immune Response (GO:0061760),0,0,1.0,,1.0
GO_Biological_Process_2023,Positive Regulation Of MHC Class II Biosynthetic Process (GO:0045348),0,0,1.0,,1.0
GO_Biological_Process_2023,Positive Regulation Of MAP Kinase Activity (GO:0043406),1,0,1.0,,1.0
GO_Biological_Process_2023,Positive Regulation Of JUN Kinase Activity (GO:0043507),1,0,1.0,,1.0
GO_Biological_Process_2023,Positive Regulation Of JNK Cascade (GO:0046330),1,0,1.0,,1.0
GO_Biological_Process_2023,Positive Regulation Of NK T Cell Proliferation (GO:0051142),0,0,1.0,,1.0
GO_Biological_Process_2023,Positive Regulation Of IRE1-mediated Unfolded Protein Response (GO:1903896),0,0,1.0,,1.0
GO_Biological_Process_2023,Positive Regulation Of GTPase Activity (GO:0043547),5,1,0.22208297380459047,FERMT2,1.0
GO_Biological_Process_2023,Positive Regulation Of G2/M Transition Of Mitotic Cell Cycle (GO:0010971),6,1,0.26028719693696456,CCND1,1.0
GO_Biological_Process_2023,Positive Regulation Of G1/S Transition Of Mitotic Cell Cycle (GO:1900087),9,0,1.0,,1.0
GO_Biological_Process_2023,Positive Regulation Of G Protein-Coupled Receptor Signaling Pathway (GO:0045745),2,0,1.0,,1.0
GO_Biological_Process_2023,Antigen Processing And Presentation Of Endogenous Peptide Antigen (GO:0002483),0,0,1.0,,1.0
GO_Biological_Process_2023,Positive Regulation Of ERBB Signaling Pathway (GO:1901186),0,0,1.0,,1.0
GO_Biological_Process_2023,Positive Regulation Of ERAD Pathway (GO:1904294),0,0,1.0,,1.0
GO_Biological_Process_2023,Positive Regulation Of I-kappaB Phosphorylation (GO:1903721),0,0,1.0,,1.0
GO_Biological_Process_2023,Positive Regulation Of T Cell Receptor Signaling Pathway (GO:0050862),1,0,1.0,,1.0
GO_Biological_Process_2023,Positive Regulation Of NLRP3 Inflammasome Complex Assembly (GO:1900227),3,0,1.0,,1.0
GO_Biological_Process_2023,Positive Regulation Of RIG-I Signaling Pathway (GO:1900246),0,0,1.0,,1.0
GO_Biological_Process_2023,Positive Regulation Of T Cell Migration (GO:2000406),1,0,1.0,,1.0
GO_Biological_Process_2023,Positive Regulation Of T Cell Mediated Immunity (GO:0002711),1,0,1.0,,1.0
GO_Biological_Process_2023,Positive Regulation Of T Cell Mediated Cytotoxicity (GO:0001916),0,0,1.0,,1.0
GO_Biological_Process_2023,Positive Regulation Of T Cell Differentiation In Thymus (GO:0033089),0,0,1.0,,1.0
GO_Biological_Process_2023,Positive Regulation Of T Cell Differentiation (GO:0045582),4,0,1.0,,1.0
GO_Biological_Process_2023,Positive Regulation Of T Cell Cytokine Production (GO:0002726),0,0,1.0,,1.0
GO_Biological_Process_2023,Positive Regulation Of T Cell Chemotaxis (GO:0010820),1,0,1.0,,1.0
GO_Biological_Process_2023,Positive Regulation Of Notch Signaling Pathway (GO:0045747),0,0,1.0,,1.0
GO_Biological_Process_2023,Positive Regulation Of T Cell Apoptotic Process (GO:0070234),1,0,1.0,,1.0
GO_Biological_Process_2023,Positive Regulation Of SMAD Protein Signal Transduction (GO:0060391),1,0,1.0,,1.0
GO_Biological_Process_2023,Positive Regulation Of Rho Protein Signal Transduction (GO:0035025),0,0,1.0,,1.0
GO_Biological_Process_2023,Positive Regulation Of Ras Protein Signal Transduction (GO:0046579),0,0,1.0,,1.0
GO_Biological_Process_2023,Positive Regulation Of RNA Splicing (GO:0033120),12,0,1.0,,1.0
GO_Biological_Process_2023,Positive Regulation Of RNA Metabolic Process (GO:0051254),12,0,1.0,,1.0
GO_Biological_Process_2023,Positive Regulation Of RNA Biosynthetic Process (GO:1902680),6,0,1.0,,1.0
GO_Biological_Process_2023,Positive Regulation Of RNA Binding (GO:1905216),3,0,1.0,,1.0
GO_Biological_Process_2023,Positive Regulation Of T Cell Activation (GO:0050870),5,1,0.22208297380459047,TFRC,1.0
GO_Biological_Process_2023,Positive Regulation Of Apoptotic Signaling Pathway (GO:2001235),3,0,1.0,,1.0
GO_Biological_Process_2023,Positive Regulation Of Aspartic-Type Endopeptidase Activity Involved In Amyloid Precursor Protein Catabolic Process (GO:1902961),0,0,1.0,,1.0
GO_Biological_Process_2023,Positive Regulation Of Aspartic-Type Peptidase Activity (GO:1905247),0,0,1.0,,1.0
GO_Biological_Process_2023,Positive Regulation Of Cell Cycle Process (GO:0090068),31,1,0.7929647263346282,NCAPD3,1.0
GO_Biological_Process_2023,Positive Regulation Of Cell Cycle Phase Transition (GO:1901989),3,0,1.0,,1.0
GO_Biological_Process_2023,Positive Regulation Of Cell Cycle G2/M Phase Transition (GO:1902751),8,1,0.3312469238465738,CCND1,1.0
GO_Biological_Process_2023,Positive Regulation Of Cell Cycle G1/S Phase Transition (GO:1902808),9,0,1.0,,1.0
GO_Biological_Process_2023,Anterograde Dendritic Transport (GO:0098937),0,0,1.0,,1.0
GO_Biological_Process_2023,Positive Regulation Of Cell Communication (GO:0010647),1,0,1.0,,1.0
GO_Biological_Process_2023,Positive Regulation Of Cell Adhesion Mediated By Integrin (GO:0033630),0,0,1.0,,1.0
GO_Biological_Process_2023,Positive Regulation Of Cell Death (GO:0010942),1,0,1.0,,1.0
GO_Biological_Process_2023,Positive Regulation Of Cell Adhesion (GO:0045785),1,0,1.0,,1.0
GO_Biological_Process_2023,Positive Regulation Of Cation Transmembrane Transport (GO:1904064),0,0,1.0,,1.0
GO_Biological_Process_2023,Positive Regulation Of Cation Channel Activity (GO:2001259),0,0,1.0,,1.0
GO_Biological_Process_2023,Positive Regulation Of Catecholamine Secretion (GO:0033605),0,0,1.0,,1.0
GO_Biological_Process_2023,Positive Regulation Of Catalytic Activity (GO:0043085),2,0,1.0,,1.0
GO_Biological_Process_2023,Positive Regulation Of Catabolic Process (GO:0009896),10,1,0.39550578556344795,PTK2,1.0
GO_Biological_Process_2023,Positive Regulation Of Cartilage Development (GO:0061036),0,0,1.0,,1.0
GO_Biological_Process_2023,Positive Regulation Of Cardiocyte Differentiation (GO:1905209),0,0,1.0,,1.0
GO_Biological_Process_2023,Positive Regulation Of Cell Activation (GO:0050867),0,0,1.0,,1.0
GO_Biological_Process_2023,Positive Regulation Of Cardiac Muscle Tissue Growth (GO:0055023),0,0,1.0,,1.0
GO_Biological_Process_2023,Positive Regulation Of Cell Development (GO:0010720),1,0,1.0,,1.0
GO_Biological_Process_2023,Positive Regulation Of Cell Division (GO:0051781),5,0,1.0,,1.0
GO_Biological_Process_2023,Angiogenesis Involved In Wound Healing (GO:0060055),0,0,1.0,,1.0
GO_Biological_Process_2023,Angiotensin Maturation (GO:0002003),1,0,1.0,,1.0
GO_Biological_Process_2023,Angiotensin-Activated Signaling Pathway (GO:0038166),0,0,1.0,,1.0
GO_Biological_Process_2023,Positive Regulation Of Cell-Cell Adhesion Mediated By Integrin (GO:0033634),0,0,1.0,,1.0
GO_Biological_Process_2023,Anoikis (GO:0043276),1,0,1.0,,1.0
GO_Biological_Process_2023,Positive Regulation Of Cell-Cell Adhesion (GO:0022409),2,1,0.09545541870343885,FOXA1,1.0
GO_Biological_Process_2023,Anterior/Posterior Axis Specification (GO:0009948),0,0,1.0,,1.0
GO_Biological_Process_2023,Anterograde Axonal Transport (GO:0008089),1,0,1.0,,1.0
GO_Biological_Process_2023,Anterior/Posterior Pattern Specification (GO:0009952),1,0,1.0,,1.0
GO_Biological_Process_2023,Positive Regulation Of Cell Morphogenesis Involved In Differentiation (GO:0010770),1,0,1.0,,1.0
GO_Biological_Process_2023,Positive Regulation Of Cell Migration Involved In Sprouting Angiogenesis (GO:0090050),0,0,1.0,,1.0
GO_Biological_Process_2023,Positive Regulation Of Cell Migration By Vascular Endothelial Growth Factor Signaling Pathway (GO:0038089),0,0,1.0,,1.0
GO_Biological_Process_2023,Positive Regulation Of Cell Migration (GO:0030335),16,2,0.18217839641731962,FERMT2;PTK2,1.0
GO_Biological_Process_2023,Positive Regulation Of Cell Killing (GO:0031343),0,0,1.0,,1.0
GO_Biological_Process_2023,Anterograde Axonal Protein Transport (GO:0099641),0,0,1.0,,1.0
GO_Biological_Process_2023,Positive Regulation Of Cell Growth (GO:0030307),11,0,1.0,,1.0
GO_Biological_Process_2023,Positive Regulation Of Cell Motility (GO:2000147),12,2,0.11327986970275135,FERMT2;PTK2,1.0
GO_Biological_Process_2023,Positive Regulation Of Cardiac Muscle Hypertrophy (GO:0010613),0,0,1.0,,1.0
GO_Biological_Process_2023,Positive Regulation Of Cardiac Muscle Cell Proliferation (GO:0060045),0,0,1.0,,1.0
GO_Biological_Process_2023,Positive Regulation Of Cardiac Muscle Cell Differentiation (GO:2000727),0,0,1.0,,1.0
GO_Biological_Process_2023,Positive Regulation Of Blood Coagulation (GO:0030194),0,0,1.0,,1.0
GO_Biological_Process_2023,Positive Regulation Of Blood Circulation (GO:1903524),0,0,1.0,,1.0
GO_Biological_Process_2023,Positive Regulation Of Biosynthetic Process (GO:0009891),3,0,1.0,,1.0
GO_Biological_Process_2023,Positive Regulation Of Biomineral Tissue Development (GO:0070169),2,0,1.0,,1.0
GO_Biological_Process_2023,Positive Regulation Of Binding (GO:0051099),11,0,1.0,,1.0
GO_Biological_Process_2023,Positive Regulation Of Behavior (GO:0048520),0,0,1.0,,1.0
GO_Biological_Process_2023,Positive Regulation Of Axonogenesis (GO:0050772),0,0,1.0,,1.0
GO_Biological_Process_2023,Positive Regulation Of Blood Pressure (GO:0045777),0,0,1.0,,1.0
GO_Biological_Process_2023,Positive Regulation Of Axon Extension (GO:0045773),0,0,1.0,,1.0
GO_Biological_Process_2023,Positive Regulation Of Autophagy Of Mitochondrion (GO:1903599),0,0,1.0,,1.0
GO_Biological_Process_2023,Positive Regulation Of Autophagy (GO:0010508),2,0,1.0,,1.0
GO_Biological_Process_2023,Positive Regulation Of Autophagosome Maturation (GO:1901098),0,0,1.0,,1.0
GO_Biological_Process_2023,Positive Regulation Of Autophagosome Assembly (GO:2000786),0,0,1.0,,1.0
GO_Biological_Process_2023,Positive Regulation Of Attachment Of Spindle Microtubules To Kinetochore (GO:0051987),4,0,1.0,,1.0
GO_Biological_Process_2023,Positive Regulation Of Attachment Of Mitotic Spindle Microtubules To Kinetochore (GO:1902425),4,0,1.0,,1.0
GO_Biological_Process_2023,Positive Regulation Of Astrocyte Differentiation (GO:0048711),0,0,1.0,,1.0
GO_Biological_Process_2023,Positive Regulation Of Autophagy Of Mitochondrion In Response To Mitochondrial Depolarization (GO:1904925),1,0,1.0,,1.0
GO_Biological_Process_2023,Positive Regulation Of Blood Vessel Endothelial Cell Migration (GO:0043536),2,0,1.0,,1.0
GO_Biological_Process_2023,Positive Regulation Of Blood Vessel Endothelial Cell Proliferation Involved In Sprouting Angiogenesis (GO:1903589),0,0,1.0,,1.0
GO_Biological_Process_2023,Positive Regulation Of Bone Mineralization (GO:0030501),1,0,1.0,,1.0
GO_Biological_Process_2023,Positive Regulation Of Cardiac Epithelial To Mesenchymal Transition (GO:0062043),0,0,1.0,,1.0
GO_Biological_Process_2023,Positive Regulation Of Carbohydrate Metabolic Process (GO:0045913),3,0,1.0,,1.0
GO_Biological_Process_2023,Positive Regulation Of Canonical Wnt Signaling Pathway (GO:0090263),6,0,1.0,,1.0
GO_Biological_Process_2023,Positive Regulation Of Calcium-Mediated Signaling (GO:0050850),0,0,1.0,,1.0
GO_Biological_Process_2023,Positive Regulation Of Calcium Ion-Dependent Exocytosis (GO:0045956),0,0,1.0,,1.0
GO_Biological_Process_2023,Positive Regulation Of Calcium Ion Transport Into Cytosol (GO:0010524),0,0,1.0,,1.0
GO_Biological_Process_2023,Positive Regulation Of Calcium Ion Transport (GO:0051928),0,0,1.0,,1.0
GO_Biological_Process_2023,Positive Regulation Of Calcium Ion Transmembrane Transporter Activity (GO:1901021),1,0,1.0,,1.0
GO_Biological_Process_2023,Positive Regulation Of Calcium Ion Transmembrane Transport (GO:1904427),0,0,1.0,,1.0
GO_Biological_Process_2023,Positive Regulation Of Calcium Ion Import Across Plasma Membrane (GO:1905665),0,0,1.0,,1.0
GO_Biological_Process_2023,Positive Regulation Of Calcium Ion Import (GO:0090280),0,0,1.0,,1.0
GO_Biological_Process_2023,Positive Regulation Of Calcineurin-Mediated Signaling (GO:0106058),1,0,1.0,,1.0
GO_Biological_Process_2023,Positive Regulation Of calcineurin-NFAT Signaling Cascade (GO:0070886),1,0,1.0,,1.0
GO_Biological_Process_2023,Positive Regulation Of cAMP-mediated Signaling (GO:0043950),0,0,1.0,,1.0
GO_Biological_Process_2023,Positive Regulation Of Brown Fat Cell Differentiation (GO:0090336),1,0,1.0,,1.0
GO_Biological_Process_2023,Anterograde Synaptic Vesicle Transport (GO:0048490),0,0,1.0,,1.0
GO_Biological_Process_2023,Positive Regulation Of Bone Resorption (GO:0045780),0,0,1.0,,1.0
GO_Biological_Process_2023,Positive Regulation Of Cellular Catabolic Process (GO:0031331),8,0,1.0,,1.0
GO_Biological_Process_2023,Neuron Projection Regeneration (GO:0031102),0,0,1.0,,1.0
GO_Biological_Process_2023,Neuron Projection Organization (GO:0106027),0,0,1.0,,1.0
GO_Biological_Process_2023,Aorta Development (GO:0035904),0,0,1.0,,1.0
GO_Biological_Process_2023,Negative Regulation Of Cyclin-Dependent Protein Serine/Threonine Kinase Activity (GO:0045736),2,0,1.0,,1.0
GO_Biological_Process_2023,Negative Regulation Of Cyclin-Dependent Protein Kinase Activity (GO:1904030),2,0,1.0,,1.0
GO_Biological_Process_2023,Negative Regulation Of Cyclase Activity (GO:0031280),0,0,1.0,,1.0
GO_Biological_Process_2023,"Negative Regulation Of Complement Activation, Classical Pathway (GO:0045959)",0,0,1.0,,1.0
GO_Biological_Process_2023,Negative Regulation Of Complement Activation (GO:0045916),0,0,1.0,,1.0
GO_Biological_Process_2023,Negative Regulation Of Cold-Induced Thermogenesis (GO:0120163),0,0,1.0,,1.0
GO_Biological_Process_2023,Negative Regulation Of Coagulation (GO:0050819),0,0,1.0,,1.0
GO_Biological_Process_2023,Negative Regulation Of Cysteine-Type Endopeptidase Activity (GO:2000117),4,0,1.0,,1.0
GO_Biological_Process_2023,Negative Regulation Of Circadian Rhythm (GO:0042754),2,0,1.0,,1.0
GO_Biological_Process_2023,Negative Regulation Of Chromosome Organization (GO:2001251),3,0,1.0,,1.0
GO_Biological_Process_2023,Negative Regulation Of Chondrocyte Differentiation (GO:0032331),1,0,1.0,,1.0
GO_Biological_Process_2023,Negative Regulation Of Cholesterol Transport (GO:0032375),0,0,1.0,,1.0
GO_Biological_Process_2023,Negative Regulation Of Cholesterol Storage (GO:0010887),0,0,1.0,,1.0
GO_Biological_Process_2023,Negative Regulation Of Chemotaxis (GO:0050922),0,0,1.0,,1.0
GO_Biological_Process_2023,Negative Regulation Of Chemokine-Mediated Signaling Pathway (GO:0070100),1,0,1.0,,1.0
GO_Biological_Process_2023,Negative Regulation Of Chemokine Production (GO:0032682),0,0,1.0,,1.0
GO_Biological_Process_2023,Negative Regulation Of Cilium Assembly (GO:1902018),0,0,1.0,,1.0
GO_Biological_Process_2023,Negative Regulation Of Centrosome Duplication (GO:0010826),3,0,1.0,,1.0
GO_Biological_Process_2023,Negative Regulation Of Cysteine-Type Endopeptidase Activity Involved In Apoptotic Process (GO:0043154),3,0,1.0,,1.0
GO_Biological_Process_2023,Negative Regulation Of Cytokine Production Involved In Immune Response (GO:0002719),0,0,1.0,,1.0
GO_Biological_Process_2023,Negative Regulation Of Double-Strand Break Repair Via Nonhomologous End Joining (GO:2001033),1,0,1.0,,1.0
GO_Biological_Process_2023,Negative Regulation Of Double-Strand Break Repair Via Homologous Recombination (GO:2000042),1,0,1.0,,1.0
GO_Biological_Process_2023,Negative Regulation Of Double-Strand Break Repair (GO:2000780),2,0,1.0,,1.0
GO_Biological_Process_2023,Negative Regulation Of Digestive System Process (GO:0060457),0,0,1.0,,1.0
GO_Biological_Process_2023,Negative Regulation Of Developmental Growth (GO:0048640),0,0,1.0,,1.0
GO_Biological_Process_2023,Negative Regulation Of Dephosphorylation (GO:0035305),3,0,1.0,,1.0
GO_Biological_Process_2023,Negative Regulation Of Dendritic Spine Development (GO:0061000),0,0,1.0,,1.0
GO_Biological_Process_2023,Negative Regulation Of Cytokine Production (GO:0001818),10,0,1.0,,1.0
GO_Biological_Process_2023,Negative Regulation Of Dendritic Cell Apoptotic Process (GO:2000669),0,0,1.0,,1.0
GO_Biological_Process_2023,Negative Regulation Of Defense Response To Virus (GO:0050687),1,0,1.0,,1.0
GO_Biological_Process_2023,Negative Regulation Of Defense Response (GO:0031348),6,0,1.0,,1.0
GO_Biological_Process_2023,Negative Regulation Of Cytoskeleton Organization (GO:0051494),1,0,1.0,,1.0
GO_Biological_Process_2023,Negative Regulation Of Cytoplasmic Translation (GO:2000766),0,0,1.0,,1.0
GO_Biological_Process_2023,Negative Regulation Of Cytokinesis (GO:0032466),0,0,1.0,,1.0
GO_Biological_Process_2023,Negative Regulation Of Cytokine-Mediated Signaling Pathway (GO:0001960),5,0,1.0,,1.0
GO_Biological_Process_2023,Negative Regulation Of Cytokine Production Involved In Inflammatory Response (GO:1900016),0,0,1.0,,1.0
GO_Biological_Process_2023,Negative Regulation Of Delayed Rectifier Potassium Channel Activity (GO:1902260),0,0,1.0,,1.0
GO_Biological_Process_2023,Negative Regulation Of Endocytosis (GO:0045806),1,0,1.0,,1.0
GO_Biological_Process_2023,Negative Regulation Of Centriole Replication (GO:0046600),1,0,1.0,,1.0
GO_Biological_Process_2023,Negative Regulation Of Cellular Response To Vascular Endothelial Growth Factor Stimulus (GO:1902548),0,0,1.0,,1.0
GO_Biological_Process_2023,Aspartate Family Amino Acid Metabolic Process (GO:0009066),0,0,1.0,,1.0
GO_Biological_Process_2023,Aspartate Metabolic Process (GO:0006531),0,0,1.0,,1.0
GO_Biological_Process_2023,Negative Regulation Of Cell Development (GO:0010721),0,0,1.0,,1.0
GO_Biological_Process_2023,Negative Regulation Of Cell Death (GO:0060548),4,0,1.0,,1.0
GO_Biological_Process_2023,Negative Regulation Of Cell Cycle Process (GO:0010948),7,0,1.0,,1.0
GO_Biological_Process_2023,Negative Regulation Of Cell Cycle Phase Transition (GO:1901988),0,0,1.0,,1.0
GO_Biological_Process_2023,Negative Regulation Of Cell Cycle G2/M Phase Transition (GO:1902750),0,0,1.0,,1.0
GO_Biological_Process_2023,Negative Regulation Of Cell Growth (GO:0030308),5,0,1.0,,1.0
GO_Biological_Process_2023,Negative Regulation Of Cell Cycle G1/S Phase Transition (GO:1902807),2,0,1.0,,1.0
GO_Biological_Process_2023,Negative Regulation Of Cell Communication (GO:0010648),1,0,1.0,,1.0
GO_Biological_Process_2023,Negative Regulation Of Cell Adhesion Mediated By Integrin (GO:0033629),1,0,1.0,,1.0
GO_Biological_Process_2023,Negative Regulation Of Cell Adhesion (GO:0007162),3,1,0.13976587961154743,PTK2,1.0
GO_Biological_Process_2023,Negative Regulation Of Cell Activation (GO:0050866),0,0,1.0,,1.0
GO_Biological_Process_2023,Negative Regulation Of Cation Transmembrane Transport (GO:1904063),0,0,1.0,,1.0
GO_Biological_Process_2023,Negative Regulation Of Cation Channel Activity (GO:2001258),0,0,1.0,,1.0
GO_Biological_Process_2023,Negative Regulation Of Catecholamine Secretion (GO:0033604),0,0,1.0,,1.0
GO_Biological_Process_2023,Negative Regulation Of Cell Cycle (GO:0045786),6,1,0.26028719693696456,CDK6,1.0
GO_Biological_Process_2023,Negative Regulation Of Cellular Senescence (GO:2000773),4,1,0.18194134789770994,CDK6,1.0
GO_Biological_Process_2023,Negative Regulation Of Cell Junction Assembly (GO:1901889),0,0,1.0,,1.0
GO_Biological_Process_2023,Negative Regulation Of Cell Migration Involved In Sprouting Angiogenesis (GO:0090051),0,0,1.0,,1.0
GO_Biological_Process_2023,Negative Regulation Of Cellular Response To Insulin Stimulus (GO:1900077),0,0,1.0,,1.0
GO_Biological_Process_2023,Negative Regulation Of Cellular Response To Hypoxia (GO:1900038),1,0,1.0,,1.0
GO_Biological_Process_2023,Negative Regulation Of Cellular Response To Growth Factor Stimulus (GO:0090288),1,0,1.0,,1.0
GO_Biological_Process_2023,Negative Regulation Of Cellular Metabolic Process (GO:0031324),4,1,0.18194134789770994,CDK6,1.0
GO_Biological_Process_2023,Negative Regulation Of Cellular Extravasation (GO:0002692),0,0,1.0,,1.0
GO_Biological_Process_2023,Negative Regulation Of Cellular Catabolic Process (GO:0031330),7,0,1.0,,1.0
GO_Biological_Process_2023,Aspartate Family Amino Acid Catabolic Process (GO:0009068),0,0,1.0,,1.0
GO_Biological_Process_2023,Negative Regulation Of Cell Migration (GO:0030336),6,0,1.0,,1.0
GO_Biological_Process_2023,Negative Regulation Of Cell-Substrate Junction Organization (GO:0150118),0,0,1.0,,1.0
GO_Biological_Process_2023,Negative Regulation Of Cell-Matrix Adhesion (GO:0001953),0,0,1.0,,1.0
GO_Biological_Process_2023,Negative Regulation Of Cell-Cell Adhesion Mediated By Cadherin (GO:2000048),1,0,1.0,,1.0
GO_Biological_Process_2023,Negative Regulation Of Cell-Cell Adhesion (GO:0022408),4,1,0.18194134789770994,PTK2,1.0
GO_Biological_Process_2023,Negative Regulation Of Cell Size (GO:0045792),0,0,1.0,,1.0
GO_Biological_Process_2023,Negative Regulation Of Cell Projection Organization (GO:0031345),0,0,1.0,,1.0
GO_Biological_Process_2023,Negative Regulation Of Cell Population Proliferation (GO:0008285),21,3,0.07893285815928396,CDK6;CTNNB1;MYC,1.0
GO_Biological_Process_2023,Negative Regulation Of Cell Motility (GO:2000146),5,0,1.0,,1.0
GO_Biological_Process_2023,Negative Regulation Of Cell-Substrate Adhesion (GO:0010812),1,0,1.0,,1.0
GO_Biological_Process_2023,Negative Regulation Of Endopeptidase Activity (GO:0010951),2,0,1.0,,1.0
GO_Biological_Process_2023,Negative Regulation Of Endoplasmic Reticulum Calcium Ion Concentration (GO:0032471),0,0,1.0,,1.0
GO_Biological_Process_2023,Negative Regulation Of Endoplasmic Reticulum Stress-Induced Intrinsic Apoptotic Signaling Pathway (GO:1902236),0,0,1.0,,1.0
GO_Biological_Process_2023,Negative Regulation Of Humoral Immune Response Mediated By Circulating Immunoglobulin (GO:0002924),0,0,1.0,,1.0
GO_Biological_Process_2023,Negative Regulation Of Hormone Secretion (GO:0046888),0,0,1.0,,1.0
GO_Biological_Process_2023,Negative Regulation Of Homotypic Cell-Cell Adhesion (GO:0034111),0,0,1.0,,1.0
GO_Biological_Process_2023,Negative Regulation Of Histone Acetylation (GO:0035067),0,0,1.0,,1.0
GO_Biological_Process_2023,Negative Regulation Of Hippo Signaling (GO:0035331),0,0,1.0,,1.0
GO_Biological_Process_2023,Negative Regulation Of Heterotypic Cell-Cell Adhesion (GO:0034115),1,0,1.0,,1.0
GO_Biological_Process_2023,Negative Regulation Of Heterochromatin Formation (GO:0031452),0,0,1.0,,1.0
GO_Biological_Process_2023,Negative Regulation Of Hydrogen Peroxide-Induced Cell Death (GO:1903206),2,0,1.0,,1.0
GO_Biological_Process_2023,Negative Regulation Of Hemostasis (GO:1900047),0,0,1.0,,1.0
GO_Biological_Process_2023,Negative Regulation Of Heart Rate (GO:0010459),0,0,1.0,,1.0
GO_Biological_Process_2023,Negative Regulation Of Heart Contraction (GO:0045822),0,0,1.0,,1.0
GO_Biological_Process_2023,Negative Regulation Of Growth (GO:0045926),6,0,1.0,,1.0
GO_Biological_Process_2023,Negative Regulation Of Glycoprotein Biosynthetic Process (GO:0010561),0,0,1.0,,1.0
GO_Biological_Process_2023,Negative Regulation Of Glycolytic Process (GO:0045820),0,0,1.0,,1.0
GO_Biological_Process_2023,Negative Regulation Of Glycogen Metabolic Process (GO:0070874),0,0,1.0,,1.0
GO_Biological_Process_2023,Negative Regulation Of Glycogen Biosynthetic Process (GO:0045719),0,0,1.0,,1.0
GO_Biological_Process_2023,Negative Regulation Of Hematopoietic Progenitor Cell Differentiation (GO:1901533),2,1,0.09545541870343885,MYB,1.0
GO_Biological_Process_2023,Negative Regulation Of Glucose Transmembrane Transport (GO:0010829),0,0,1.0,,1.0
GO_Biological_Process_2023,Negative Regulation Of Hydrolase Activity (GO:0051346),4,0,1.0,,1.0
GO_Biological_Process_2023,Negative Regulation Of Immune Response (GO:0050777),5,0,1.0,,1.0
GO_Biological_Process_2023,Negative Regulation Of Interleukin-2 Production (GO:0032703),0,0,1.0,,1.0
GO_Biological_Process_2023,Negative Regulation Of Interleukin-17 Production (GO:0032700),0,0,1.0,,1.0
GO_Biological_Process_2023,Negative Regulation Of Interleukin-12 Production (GO:0032695),0,0,1.0,,1.0
GO_Biological_Process_2023,Negative Regulation Of Interleukin-10 Production (GO:0032693),0,0,1.0,,1.0
GO_Biological_Process_2023,Negative Regulation Of Interleukin-1 Production (GO:0032692),0,0,1.0,,1.0
GO_Biological_Process_2023,Negative Regulation Of Interleukin-1 Beta Production (GO:0032691),0,0,1.0,,1.0
GO_Biological_Process_2023,Negative Regulation Of Interferon-Beta Production (GO:0032688),0,0,1.0,,1.0
GO_Biological_Process_2023,Negative Regulation Of Immune Effector Process (GO:0002698),1,0,1.0,,1.0
GO_Biological_Process_2023,Negative Regulation Of Insulin-Like Growth Factor Receptor Signaling Pathway (GO:0043569),0,0,1.0,,1.0
GO_Biological_Process_2023,Negative Regulation Of Insulin Receptor Signaling Pathway (GO:0046627),0,0,1.0,,1.0
GO_Biological_Process_2023,Negative Regulation Of Innate Immune Response (GO:0045824),6,0,1.0,,1.0
GO_Biological_Process_2023,Negative Regulation Of Inflammatory Response To Wounding (GO:0106015),0,0,1.0,,1.0
GO_Biological_Process_2023,Negative Regulation Of Inflammatory Response To Antigenic Stimulus (GO:0002862),0,0,1.0,,1.0
GO_Biological_Process_2023,Negative Regulation Of Inflammatory Response (GO:0050728),2,0,1.0,,1.0
GO_Biological_Process_2023,Negative Regulation Of Inclusion Body Assembly (GO:0090084),0,0,1.0,,1.0
GO_Biological_Process_2023,Negative Regulation Of Immune System Process (GO:0002683),1,0,1.0,,1.0
GO_Biological_Process_2023,Negative Regulation Of Insulin Secretion (GO:0046676),0,0,1.0,,1.0
GO_Biological_Process_2023,Negative Regulation Of Glucose Import (GO:0046325),0,0,1.0,,1.0
GO_Biological_Process_2023,Negative Regulation Of Gluconeogenesis (GO:0045721),2,1,0.09545541870343885,EP300,1.0
GO_Biological_Process_2023,Negative Regulation Of Glucocorticoid Receptor Signaling Pathway (GO:2000323),1,0,1.0,,1.0
GO_Biological_Process_2023,Negative Regulation Of Excitatory Postsynaptic Potential (GO:0090394),0,0,1.0,,1.0
GO_Biological_Process_2023,Negative Regulation Of Establishment Of Protein Localization To Mitochondrion (GO:1903748),0,0,1.0,,1.0
GO_Biological_Process_2023,Negative Regulation Of Establishment Of Protein Localization (GO:1904950),0,0,1.0,,1.0
GO_Biological_Process_2023,Negative Regulation Of Erythrocyte Differentiation (GO:0045647),1,0,1.0,,1.0
GO_Biological_Process_2023,Negative Regulation Of Epithelial To Mesenchymal Transition (GO:0010719),3,1,0.13976587961154743,FOXA1,1.0
GO_Biological_Process_2023,Aspartate Family Amino Acid Biosynthetic Process (GO:0009067),0,0,1.0,,1.0
GO_Biological_Process_2023,Negative Regulation Of Epithelial Cell Migration (GO:0010633),1,0,1.0,,1.0
GO_Biological_Process_2023,Negative Regulation Of Execution Phase Of Apoptosis (GO:1900118),0,0,1.0,,1.0
GO_Biological_Process_2023,Negative Regulation Of Epithelial Cell Differentiation (GO:0030857),0,0,1.0,,1.0
GO_Biological_Process_2023,Negative Regulation Of Epidermal Growth Factor-Activated Receptor Activity (GO:0007175),3,0,1.0,,1.0
GO_Biological_Process_2023,Negative Regulation Of Epidermal Growth Factor Receptor Signaling Pathway (GO:0042059),3,0,1.0,,1.0
GO_Biological_Process_2023,Negative Regulation Of Epidermal Cell Differentiation (GO:0045605),0,0,1.0,,1.0
GO_Biological_Process_2023,Negative Regulation Of Endothelial Cell Proliferation (GO:0001937),0,0,1.0,,1.0
GO_Biological_Process_2023,Negative Regulation Of Endothelial Cell Migration (GO:0010596),2,0,1.0,,1.0
GO_Biological_Process_2023,Negative Regulation Of Endothelial Cell Apoptotic Process (GO:2000352),0,0,1.0,,1.0
GO_Biological_Process_2023,Negative Regulation Of Endoplasmic Reticulum Unfolded Protein Response (GO:1900102),3,0,1.0,,1.0
GO_Biological_Process_2023,Negative Regulation Of Epithelial Cell Apoptotic Process (GO:1904036),0,0,1.0,,1.0
GO_Biological_Process_2023,Negative Regulation Of Exocytosis (GO:0045920),0,0,1.0,,1.0
GO_Biological_Process_2023,Negative Regulation Of Extracellular Matrix Organization (GO:1903054),0,0,1.0,,1.0
GO_Biological_Process_2023,Artery Morphogenesis (GO:0048844),0,0,1.0,,1.0
GO_Biological_Process_2023,Negative Regulation Of Glial Cell Proliferation (GO:0060253),0,0,1.0,,1.0
GO_Biological_Process_2023,Negative Regulation Of Glial Cell Differentiation (GO:0045686),0,0,1.0,,1.0
GO_Biological_Process_2023,Negative Regulation Of Glial Cell Apoptotic Process (GO:0034351),0,0,1.0,,1.0
GO_Biological_Process_2023,"Negative Regulation Of Gene Expression, Epigenetic (GO:0045814)",3,0,1.0,,1.0
GO_Biological_Process_2023,Negative Regulation Of Gene Expression Via CpG Island Methylation (GO:0044027),1,0,1.0,,1.0
GO_Biological_Process_2023,Negative Regulation Of Gene Expression (GO:0010629),29,2,0.4196366943000065,DHFR;TYMS,1.0
GO_Biological_Process_2023,Negative Regulation Of Focal Adhesion Assembly (GO:0051895),0,0,1.0,,1.0
GO_Biological_Process_2023,Negative Regulation Of Fibroblast Proliferation (GO:0048147),2,1,0.09545541870343885,MYC,1.0
GO_Biological_Process_2023,Negative Regulation Of Fibroblast Migration (GO:0010764),0,0,1.0,,1.0
GO_Biological_Process_2023,Negative Regulation Of Fibroblast Growth Factor Receptor Signaling Pathway (GO:0040037),0,0,1.0,,1.0
GO_Biological_Process_2023,Negative Regulation Of Fibrinolysis (GO:0051918),0,0,1.0,,1.0
GO_Biological_Process_2023,Negative Regulation Of Fatty Acid Oxidation (GO:0046322),0,0,1.0,,1.0
GO_Biological_Process_2023,Negative Regulation Of Fatty Acid Metabolic Process (GO:0045922),1,0,1.0,,1.0
GO_Biological_Process_2023,Negative Regulation Of Fatty Acid Biosynthetic Process (GO:0045717),1,0,1.0,,1.0
GO_Biological_Process_2023,Aromatic Compound Catabolic Process (GO:0019439),0,0,1.0,,1.0
GO_Biological_Process_2023,Artery Development (GO:0060840),0,0,1.0,,1.0
GO_Biological_Process_2023,Negative Regulation Of Extrinsic Apoptotic Signaling Pathway In Absence Of Ligand (GO:2001240),2,1,0.09545541870343885,BCL2L1,1.0
GO_Biological_Process_2023,Negative Regulation Of Catalytic Activity (GO:0043086),1,0,1.0,,1.0
GO_Biological_Process_2023,Negative Regulation Of Interleukin-6 Production (GO:0032715),0,0,1.0,,1.0
GO_Biological_Process_2023,Negative Regulation Of Catabolic Process (GO:0009895),10,0,1.0,,1.0
GO_Biological_Process_2023,Negative Regulation Of Cardiocyte Differentiation (GO:1905208),0,0,1.0,,1.0
GO_Biological_Process_2023,Negative Regulation Of DNA Replication (GO:0008156),4,0,1.0,,1.0
GO_Biological_Process_2023,Negative Regulation Of DNA Recombination (GO:0045910),1,0,1.0,,1.0
GO_Biological_Process_2023,Negative Regulation Of DNA Metabolic Process (GO:0051053),7,0,1.0,,1.0
GO_Biological_Process_2023,"Negative Regulation Of DNA Damage Response, Signal Transduction By P53 Class Mediator (GO:0043518)",2,1,0.09545541870343885,MDM2,1.0
GO_Biological_Process_2023,Negative Regulation Of DNA Biosynthetic Process (GO:2000279),5,0,1.0,,1.0
GO_Biological_Process_2023,Negative Regulation Of DNA Binding (GO:0043392),2,0,1.0,,1.0
GO_Biological_Process_2023,"Negative Regulation Of CD8-positive, Alpha-Beta T Cell Activation (GO:2001186)",0,0,1.0,,1.0
GO_Biological_Process_2023,Negative Regulation Of DNA-binding Transcription Factor Activity (GO:0043433),4,0,1.0,,1.0
GO_Biological_Process_2023,"Negative Regulation Of CD4-positive, Alpha-Beta T Cell Proliferation (GO:2000562)",0,0,1.0,,1.0
GO_Biological_Process_2023,Negative Regulation Of BMP Signaling Pathway (GO:0030514),1,0,1.0,,1.0
GO_Biological_Process_2023,Negative Regulation Of B Cell Receptor Signaling Pathway (GO:0050859),0,0,1.0,,1.0
GO_Biological_Process_2023,Negative Regulation Of B Cell Proliferation (GO:0030889),0,0,1.0,,1.0
GO_Biological_Process_2023,Negative Regulation Of B Cell Apoptotic Process (GO:0002903),0,0,1.0,,1.0
GO_Biological_Process_2023,Negative Regulation Of B Cell Activation (GO:0050869),0,0,1.0,,1.0
GO_Biological_Process_2023,Negative Regulation Of Arp2/3 Complex-Mediated Actin Nucleation (GO:0034316),0,0,1.0,,1.0
GO_Biological_Process_2023,Negative Regulation Of ATP-dependent Activity (GO:0032780),1,0,1.0,,1.0
GO_Biological_Process_2023,"Negative Regulation Of CD4-positive, Alpha-Beta T Cell Activation (GO:2000515)",1,0,1.0,,1.0
GO_Biological_Process_2023,Negative Regulation By Host Of Viral Transcription (GO:0043922),2,0,1.0,,1.0
GO_Biological_Process_2023,Negative Regulation Of DNA-templated DNA Replication (GO:2000104),3,0,1.0,,1.0
GO_Biological_Process_2023,Negative Regulation Of ERAD Pathway (GO:1904293),0,0,1.0,,1.0
GO_Biological_Process_2023,Negative Regulation Of PERK-mediated Unfolded Protein Response (GO:1903898),1,0,1.0,,1.0
GO_Biological_Process_2023,Negative Regulation Of Notch Signaling Pathway (GO:0045746),0,0,1.0,,1.0
GO_Biological_Process_2023,Negative Regulation Of NLRP3 Inflammasome Complex Assembly (GO:1900226),0,0,1.0,,1.0
GO_Biological_Process_2023,Negative Regulation Of NIK/NF-kappaB Signaling (GO:1901223),1,0,1.0,,1.0
GO_Biological_Process_2023,Negative Regulation Of NF-kappaB Transcription Factor Activity (GO:0032088),2,0,1.0,,1.0
GO_Biological_Process_2023,Negative Regulation Of MAPK Cascade (GO:0043409),5,1,0.22208297380459047,MYC,1.0
GO_Biological_Process_2023,Negative Regulation Of MAP Kinase Activity (GO:0043407),0,0,1.0,,1.0
GO_Biological_Process_2023,"Negative Regulation Of DNA-templated Transcription, Elongation (GO:0032785)",6,0,1.0,,1.0
GO_Biological_Process_2023,Negative Regulation Of JUN Kinase Activity (GO:0043508),0,0,1.0,,1.0
GO_Biological_Process_2023,Negative Regulation Of I-kappaB kinase/NF-kappaB Signaling (GO:0043124),1,0,1.0,,1.0
GO_Biological_Process_2023,Negative Regulation Of GTPase Activity (GO:0034260),2,0,1.0,,1.0
GO_Biological_Process_2023,Negative Regulation Of G2/M Transition Of Mitotic Cell Cycle (GO:0010972),4,0,1.0,,1.0
GO_Biological_Process_2023,Negative Regulation Of G1/S Transition Of Mitotic Cell Cycle (GO:2000134),2,0,1.0,,1.0
GO_Biological_Process_2023,Negative Regulation Of G Protein-Coupled Receptor Signaling Pathway (GO:0045744),0,0,1.0,,1.0
GO_Biological_Process_2023,Negative Regulation Of ERK1 And ERK2 Cascade (GO:0070373),1,0,1.0,,1.0
GO_Biological_Process_2023,Negative Regulation Of ERBB Signaling Pathway (GO:1901185),1,0,1.0,,1.0
GO_Biological_Process_2023,Negative Regulation Of JNK Cascade (GO:0046329),2,0,1.0,,1.0
GO_Biological_Process_2023,Negative Regulation Of RIG-I Signaling Pathway (GO:0039536),2,0,1.0,,1.0
GO_Biological_Process_2023,Negative Regulation By Host Of Viral Process (GO:0044793),2,0,1.0,,1.0
GO_Biological_Process_2023,Negative Chemotaxis (GO:0050919),0,0,1.0,,1.0
GO_Biological_Process_2023,Myeloid Leukocyte Differentiation (GO:0002573),4,0,1.0,,1.0
GO_Biological_Process_2023,Myeloid Dendritic Cell Differentiation (GO:0043011),0,0,1.0,,1.0
GO_Biological_Process_2023,Myeloid Dendritic Cell Activation (GO:0001773),1,0,1.0,,1.0
GO_Biological_Process_2023,Astrocyte Differentiation (GO:0048708),1,0,1.0,,1.0
GO_Biological_Process_2023,Atrial Cardiac Muscle Cell Action Potential (GO:0086014),0,0,1.0,,1.0
GO_Biological_Process_2023,Myeloid Cell Activation Involved In Immune Response (GO:0002275),1,0,1.0,,1.0
GO_Biological_Process_2023,Myelination In Peripheral Nervous System (GO:0022011),1,0,1.0,,1.0
GO_Biological_Process_2023,Myeloid Leukocyte Mediated Immunity (GO:0002444),0,0,1.0,,1.0
GO_Biological_Process_2023,Myelination (GO:0042552),4,1,0.18194134789770994,SOX10,1.0
GO_Biological_Process_2023,Myelin Assembly (GO:0032288),0,0,1.0,,1.0
GO_Biological_Process_2023,Muscle Tissue Morphogenesis (GO:0060415),0,0,1.0,,1.0
GO_Biological_Process_2023,Atrial Cardiac Muscle Cell To AV Node Cell Signaling (GO:0086026),0,0,1.0,,1.0
GO_Biological_Process_2023,Muscle Organ Development (GO:0007517),0,0,1.0,,1.0
GO_Biological_Process_2023,Muscle Filament Sliding (GO:0030049),0,0,1.0,,1.0
GO_Biological_Process_2023,Muscle Contraction (GO:0006936),2,0,1.0,,1.0
GO_Biological_Process_2023,Muscle Cell Migration (GO:0014812),0,0,1.0,,1.0
GO_Biological_Process_2023,Myelin Maintenance (GO:0043217),1,0,1.0,,1.0
GO_Biological_Process_2023,Negative Regulation By Host Of Viral Genome Replication (GO:0044828),1,0,1.0,,1.0
GO_Biological_Process_2023,Myoblast Differentiation (GO:0045445),1,0,1.0,,1.0
GO_Biological_Process_2023,Myoblast Migration (GO:0051451),0,0,1.0,,1.0
GO_Biological_Process_2023,Astral Microtubule Organization (GO:0030953),1,0,1.0,,1.0
GO_Biological_Process_2023,ncRNA-mediated Post-Transcriptional Gene Silencing (GO:0035194),4,0,1.0,,1.0
GO_Biological_Process_2023,ncRNA Transcription (GO:0098781),6,0,1.0,,1.0
GO_Biological_Process_2023,ncRNA Processing (GO:0034470),65,2,0.8410472849809751,INTS6;WDR36,1.0
GO_Biological_Process_2023,ncRNA Metabolic Process (GO:0034660),2,0,1.0,,1.0
GO_Biological_Process_2023,ncRNA Export From Nucleus (GO:0097064),4,0,1.0,,1.0
GO_Biological_Process_2023,ncRNA Catabolic Process (GO:0034661),8,0,1.0,,1.0
GO_Biological_Process_2023,Myoblast Fusion (GO:0007520),0,0,1.0,,1.0
GO_Biological_Process_2023,Astrocyte Activation (GO:0048143),0,0,1.0,,1.0
GO_Biological_Process_2023,Natural Killer Cell Differentiation (GO:0001779),0,0,1.0,,1.0
GO_Biological_Process_2023,Natural Killer Cell Degranulation (GO:0043320),0,0,1.0,,1.0
GO_Biological_Process_2023,Natural Killer Cell Activation Involved In Immune Response (GO:0002323),0,0,1.0,,1.0
GO_Biological_Process_2023,Natural Killer Cell Activation (GO:0030101),0,0,1.0,,1.0
GO_Biological_Process_2023,Myotube Differentiation (GO:0014902),0,0,1.0,,1.0
GO_Biological_Process_2023,Myotube Cell Development (GO:0014904),0,0,1.0,,1.0
GO_Biological_Process_2023,Myofibril Assembly (GO:0030239),2,1,0.09545541870343885,CFLAR,1.0
GO_Biological_Process_2023,Astrocyte Development (GO:0014002),2,1,0.09545541870343885,CDK6,1.0
GO_Biological_Process_2023,Negative Regulation Of RNA Biosynthetic Process (GO:1902679),0,0,1.0,,1.0
GO_Biological_Process_2023,Negative Regulation Of RNA Catabolic Process (GO:1902369),2,0,1.0,,1.0
GO_Biological_Process_2023,Negative Regulation Of RNA Metabolic Process (GO:0051253),3,0,1.0,,1.0
GO_Biological_Process_2023,Negative Regulation Of Blood Pressure (GO:0045776),0,0,1.0,,1.0
GO_Biological_Process_2023,Negative Regulation Of Blood Coagulation (GO:0030195),0,0,1.0,,1.0
GO_Biological_Process_2023,Negative Regulation Of Biosynthetic Process (GO:0009890),0,0,1.0,,1.0
GO_Biological_Process_2023,Negative Regulation Of Biomineral Tissue Development (GO:0070168),0,0,1.0,,1.0
GO_Biological_Process_2023,Negative Regulation Of Binding (GO:0051100),8,0,1.0,,1.0
GO_Biological_Process_2023,Negative Regulation Of Axonogenesis (GO:0050771),0,0,1.0,,1.0
GO_Biological_Process_2023,Negative Regulation Of Axon Regeneration (GO:0048681),0,0,1.0,,1.0
GO_Biological_Process_2023,Negative Regulation Of Blood Vessel Endothelial Cell Migration (GO:0043537),2,0,1.0,,1.0
GO_Biological_Process_2023,Negative Regulation Of Axon Extension Involved In Axon Guidance (GO:0048843),0,0,1.0,,1.0
GO_Biological_Process_2023,Negative Regulation Of Autophagy (GO:0010507),8,0,1.0,,1.0
GO_Biological_Process_2023,Negative Regulation Of Autophagosome Assembly (GO:1902902),2,0,1.0,,1.0
GO_Biological_Process_2023,Negative Regulation Of Astrocyte Differentiation (GO:0048712),0,0,1.0,,1.0
GO_Biological_Process_2023,Negative Regulation Of Appetite (GO:0032099),0,0,1.0,,1.0
GO_Biological_Process_2023,Aspartate Transmembrane Transport (GO:0015810),0,0,1.0,,1.0
GO_Biological_Process_2023,Associative Learning (GO:0008306),0,0,1.0,,1.0
GO_Biological_Process_2023,Negative Regulation Of Antigen Receptor-Mediated Signaling Pathway (GO:0050858),0,0,1.0,,1.0
GO_Biological_Process_2023,Negative Regulation Of Axon Extension (GO:0030517),0,0,1.0,,1.0
GO_Biological_Process_2023,Negative Regulation Of Anoikis (GO:2000811),2,1,0.09545541870343885,PTK2,1.0
GO_Biological_Process_2023,Negative Regulation Of Blood Vessel Endothelial Cell Proliferation Involved In Sprouting Angiogenesis (GO:1903588),0,0,1.0,,1.0
GO_Biological_Process_2023,Negative Regulation Of Bone Mineralization (GO:0030502),0,0,1.0,,1.0
GO_Biological_Process_2023,Negative Regulation Of Cardiac Muscle Tissue Growth (GO:0055022),1,0,1.0,,1.0
GO_Biological_Process_2023,Negative Regulation Of Cardiac Muscle Hypertrophy (GO:0010614),0,0,1.0,,1.0
GO_Biological_Process_2023,Negative Regulation Of Cardiac Muscle Cell Differentiation (GO:2000726),0,0,1.0,,1.0
GO_Biological_Process_2023,Negative Regulation Of Cardiac Muscle Cell Apoptotic Process (GO:0010667),1,0,1.0,,1.0
GO_Biological_Process_2023,Negative Regulation Of Carbohydrate Metabolic Process (GO:0045912),3,1,0.13976587961154743,EP300,1.0
GO_Biological_Process_2023,Negative Regulation Of Canonical Wnt Signaling Pathway (GO:0090090),3,0,1.0,,1.0
GO_Biological_Process_2023,Negative Regulation Of Calcium Ion Transport (GO:0051926),0,0,1.0,,1.0
GO_Biological_Process_2023,Negative Regulation Of Blood Vessel Morphogenesis (GO:2000181),3,1,0.13976587961154743,CTNNB1,1.0
GO_Biological_Process_2023,Negative Regulation Of Calcium Ion Transmembrane Transporter Activity (GO:1901020),0,0,1.0,,1.0
GO_Biological_Process_2023,Negative Regulation Of Calcium Ion Import (GO:0090281),0,0,1.0,,1.0
GO_Biological_Process_2023,Negative Regulation Of Calcineurin-Mediated Signaling (GO:0106057),0,0,1.0,,1.0
GO_Biological_Process_2023,Negative Regulation Of calcineurin-NFAT Signaling Cascade (GO:0070885),0,0,1.0,,1.0
GO_Biological_Process_2023,Negative Regulation Of cAMP-mediated Signaling (GO:0043951),0,0,1.0,,1.0
GO_Biological_Process_2023,Negative Regulation Of cAMP-dependent Protein Kinase Activity (GO:2000480),0,0,1.0,,1.0
GO_Biological_Process_2023,Negative Regulation Of Bone Resorption (GO:0045779),0,0,1.0,,1.0
GO_Biological_Process_2023,Negative Regulation Of Bone Remodeling (GO:0046851),0,0,1.0,,1.0
GO_Biological_Process_2023,Negative Regulation Of Calcium Ion Transmembrane Transport (GO:1903170),0,0,1.0,,1.0
GO_Biological_Process_2023,Negative Regulation Of Angiogenesis (GO:0016525),3,1,0.13976587961154743,CTNNB1,1.0
GO_Biological_Process_2023,Negative Regulation Of Androgen Receptor Signaling Pathway (GO:0060766),1,0,1.0,,1.0
GO_Biological_Process_2023,Negative Regulation Of Amyloid-Beta Formation (GO:1902430),0,0,1.0,,1.0
GO_Biological_Process_2023,Negative Regulation Of T-helper Cell Differentiation (GO:0045623),0,0,1.0,,1.0
GO_Biological_Process_2023,Negative Regulation Of T-helper 17 Type Immune Response (GO:2000317),0,0,1.0,,1.0
GO_Biological_Process_2023,Negative Regulation Of T-helper 17 Cell Differentiation (GO:2000320),0,0,1.0,,1.0
GO_Biological_Process_2023,Negative Regulation Of T Cell Receptor Signaling Pathway (GO:0050860),0,0,1.0,,1.0
GO_Biological_Process_2023,Negative Regulation Of T Cell Proliferation (GO:0042130),0,0,1.0,,1.0
GO_Biological_Process_2023,Negative Regulation Of T Cell Mediated Immunity (GO:0002710),0,0,1.0,,1.0
GO_Biological_Process_2023,Negative Regulation Of T Cell Mediated Cytotoxicity (GO:0001915),0,0,1.0,,1.0
GO_Biological_Process_2023,Negative Regulation Of TOR Signaling (GO:0032007),2,0,1.0,,1.0
GO_Biological_Process_2023,Negative Regulation Of T Cell Differentiation In Thymus (GO:0033085),0,0,1.0,,1.0
GO_Biological_Process_2023,Negative Regulation Of T Cell Cytokine Production (GO:0002725),0,0,1.0,,1.0
GO_Biological_Process_2023,Negative Regulation Of T Cell Apoptotic Process (GO:0070233),0,0,1.0,,1.0
GO_Biological_Process_2023,Negative Regulation Of T Cell Activation (GO:0050868),0,0,1.0,,1.0
GO_Biological_Process_2023,Negative Regulation Of SMAD Protein Signal Transduction (GO:0060392),0,0,1.0,,1.0
GO_Biological_Process_2023,Negative Regulation Of Rho Protein Signal Transduction (GO:0035024),0,0,1.0,,1.0
GO_Biological_Process_2023,Negative Regulation Of Ras Protein Signal Transduction (GO:0046580),0,0,1.0,,1.0
GO_Biological_Process_2023,Negative Regulation Of RNA Splicing (GO:0033119),7,0,1.0,,1.0
GO_Biological_Process_2023,Negative Regulation Of T Cell Differentiation (GO:0045581),0,0,1.0,,1.0
GO_Biological_Process_2023,Negative Regulation Of TORC1 Signaling (GO:1904262),2,0,1.0,,1.0
GO_Biological_Process_2023,Negative Regulation Of Wnt Signaling Pathway (GO:0030178),4,0,1.0,,1.0
GO_Biological_Process_2023,Negative Regulation Of Actin Filament Bundle Assembly (GO:0032232),1,0,1.0,,1.0
GO_Biological_Process_2023,Negative Regulation Of Amyloid-Beta Clearance (GO:1900222),1,0,1.0,,1.0
GO_Biological_Process_2023,Negative Regulation Of Amyloid Precursor Protein Catabolic Process (GO:1902992),0,0,1.0,,1.0
GO_Biological_Process_2023,Negative Regulation Of Amyloid Precursor Protein Biosynthetic Process (GO:0042985),0,0,1.0,,1.0
GO_Biological_Process_2023,Negative Regulation Of Amyloid Fibril Formation (GO:1905907),4,0,1.0,,1.0
GO_Biological_Process_2023,Negative Regulation Of Amino Acid Transport (GO:0051956),0,0,1.0,,1.0
GO_Biological_Process_2023,Negative Regulation Of Amide Metabolic Process (GO:0034249),12,2,0.11327986970275135,DHFR;TYMS,1.0
GO_Biological_Process_2023,Negative Regulation Of Alpha-Beta T Cell Proliferation (GO:0046642),0,0,1.0,,1.0
GO_Biological_Process_2023,Negative Regulation Of Alpha-Beta T Cell Differentiation (GO:0046639),1,0,1.0,,1.0
GO_Biological_Process_2023,Negative Regulation Of Alpha-Beta T Cell Activation (GO:0046636),0,0,1.0,,1.0
GO_Biological_Process_2023,Negative Regulation Of Alcohol Biosynthetic Process (GO:1902931),1,0,1.0,,1.0
GO_Biological_Process_2023,Negative Regulation Of Adenylate Cyclase Activity (GO:0007194),0,0,1.0,,1.0
GO_Biological_Process_2023,Negative Regulation Of Acute Inflammatory Response (GO:0002674),0,0,1.0,,1.0
GO_Biological_Process_2023,Negative Regulation Of Activin Receptor Signaling Pathway (GO:0032926),0,0,1.0,,1.0
GO_Biological_Process_2023,Negative Regulation Of Activated T Cell Proliferation (GO:0046007),0,0,1.0,,1.0
GO_Biological_Process_2023,Negative Regulation Of Actin Nucleation (GO:0051126),0,0,1.0,,1.0
GO_Biological_Process_2023,Negative Regulation Of Actin Filament Polymerization (GO:0030837),1,0,1.0,,1.0
GO_Biological_Process_2023,Negative Regulation Of Actin Filament Depolymerization (GO:0030835),0,0,1.0,,1.0
GO_Biological_Process_2023,Negative Regulation Of Cartilage Development (GO:0061037),1,0,1.0,,1.0
GO_Biological_Process_2023,Negative Regulation Of Interleukin-8 Production (GO:0032717),1,0,1.0,,1.0
GO_Biological_Process_2023,Negative Regulation Of Intracellular Estrogen Receptor Signaling Pathway (GO:0033147),2,0,1.0,,1.0
GO_Biological_Process_2023,Negative Regulation Of Intracellular Protein Transport (GO:0090317),1,0,1.0,,1.0
GO_Biological_Process_2023,Negative Regulation Of Smooth Muscle Cell Differentiation (GO:0051151),0,0,1.0,,1.0
GO_Biological_Process_2023,Negative Regulation Of Smooth Muscle Cell Apoptotic Process (GO:0034392),0,0,1.0,,1.0
GO_Biological_Process_2023,Negative Regulation Of Small Molecule Metabolic Process (GO:0062014),2,1,0.09545541870343885,EP300,1.0
GO_Biological_Process_2023,Negative Regulation Of Small GTPase Mediated Signal Transduction (GO:0051058),0,0,1.0,,1.0
GO_Biological_Process_2023,Negative Regulation Of Single Stranded Viral RNA Replication Via Double Stranded DNA Intermediate (GO:0045869),0,0,1.0,,1.0
GO_Biological_Process_2023,Negative Regulation Of Signaling Receptor Activity (GO:2000272),3,0,1.0,,1.0
GO_Biological_Process_2023,Negative Regulation Of Signaling (GO:0023057),1,0,1.0,,1.0
GO_Biological_Process_2023,Negative Regulation Of Smooth Muscle Cell Migration (GO:0014912),0,0,1.0,,1.0
GO_Biological_Process_2023,Negative Regulation Of Signal Transduction In Absence Of Ligand (GO:1901099),2,1,0.09545541870343885,BCL2L1,1.0
GO_Biological_Process_2023,Negative Regulation Of Signal Transduction (GO:0009968),6,0,1.0,,1.0
GO_Biological_Process_2023,Negative Regulation Of Sequestering Of Triglyceride (GO:0010891),0,0,1.0,,1.0
GO_Biological_Process_2023,Negative Regulation Of Sequestering Of Calcium Ion (GO:0051283),1,0,1.0,,1.0
GO_Biological_Process_2023,Negative Regulation Of Secretion By Cell (GO:1903531),2,0,1.0,,1.0
GO_Biological_Process_2023,Negative Regulation Of Secretion (GO:0051048),0,0,1.0,,1.0
GO_Biological_Process_2023,Negative Regulation Of Ryanodine-Sensitive Calcium-Release Channel Activity (GO:0060315),0,0,1.0,,1.0
GO_Biological_Process_2023,Negative Regulation Of Ruffle Assembly (GO:1900028),1,0,1.0,,1.0
GO_Biological_Process_2023,Negative Regulation Of Signal Transduction By P53 Class Mediator (GO:1901797),2,1,0.09545541870343885,MDM2,1.0
GO_Biological_Process_2023,"Negative Regulation Of Retrograde Protein Transport, ER To Cytosol (GO:1904153)",0,0,1.0,,1.0
GO_Biological_Process_2023,Negative Regulation Of Smooth Muscle Cell Proliferation (GO:0048662),1,0,1.0,,1.0
GO_Biological_Process_2023,Negative Regulation Of Sodium Ion Transmembrane Transport (GO:1902306),0,0,1.0,,1.0
GO_Biological_Process_2023,Negative Regulation Of Telomerase Activity (GO:0051974),0,0,1.0,,1.0
GO_Biological_Process_2023,Negative Regulation Of Systemic Arterial Blood Pressure (GO:0003085),1,0,1.0,,1.0
GO_Biological_Process_2023,Negative Regulation Of Synaptic Transmission (GO:0050805),0,0,1.0,,1.0
GO_Biological_Process_2023,Negative Regulation Of Supramolecular Fiber Organization (GO:1902904),7,0,1.0,,1.0
GO_Biological_Process_2023,Negative Regulation Of Substrate Adhesion-Dependent Cell Spreading (GO:1900025),0,0,1.0,,1.0
GO_Biological_Process_2023,Negative Regulation Of Striated Muscle Cell Differentiation (GO:0051154),1,0,1.0,,1.0
GO_Biological_Process_2023,Negative Regulation Of Striated Muscle Cell Apoptotic Process (GO:0010664),1,0,1.0,,1.0
GO_Biological_Process_2023,Negative Regulation Of Smoothened Signaling Pathway (GO:0045879),2,0,1.0,,1.0
GO_Biological_Process_2023,Negative Regulation Of Stress-Activated Protein Kinase Signaling Cascade (GO:0070303),3,1,0.13976587961154743,MYC,1.0
GO_Biological_Process_2023,Negative Regulation Of Stress Fiber Assembly (GO:0051497),1,0,1.0,,1.0
GO_Biological_Process_2023,Negative Regulation Of Steroid Metabolic Process (GO:0045939),0,0,1.0,,1.0
GO_Biological_Process_2023,Negative Regulation Of Steroid Biosynthetic Process (GO:0010894),0,0,1.0,,1.0
GO_Biological_Process_2023,Negative Regulation Of Stem Cell Population Maintenance (GO:1902455),4,0,1.0,,1.0
GO_Biological_Process_2023,Negative Regulation Of Stem Cell Differentiation (GO:2000737),2,0,1.0,,1.0
GO_Biological_Process_2023,Negative Regulation Of Sprouting Angiogenesis (GO:1903671),0,0,1.0,,1.0
GO_Biological_Process_2023,Negative Regulation Of Sodium Ion Transmembrane Transporter Activity (GO:2000650),0,0,1.0,,1.0
GO_Biological_Process_2023,Negative Regulation Of Stress-Activated MAPK Cascade (GO:0032873),5,1,0.22208297380459047,MYC,1.0
GO_Biological_Process_2023,Negative Regulation Of Telomere Capping (GO:1904354),2,0,1.0,,1.0
GO_Biological_Process_2023,Negative Regulation Of Retinoic Acid Receptor Signaling Pathway (GO:0048387),1,0,1.0,,1.0
GO_Biological_Process_2023,Negative Regulation Of Response To Type II Interferon (GO:0060331),0,0,1.0,,1.0
GO_Biological_Process_2023,Negative Regulation Of Protein-Containing Complex Disassembly (GO:0043242),0,0,1.0,,1.0
GO_Biological_Process_2023,Negative Regulation Of Protein-Containing Complex Assembly (GO:0031333),7,1,0.2966459618332832,EP300,1.0
GO_Biological_Process_2023,Negative Regulation Of Protein Ubiquitination (GO:0031397),10,0,1.0,,1.0
GO_Biological_Process_2023,Negative Regulation Of Protein Tyrosine Kinase Activity (GO:0061099),3,0,1.0,,1.0
GO_Biological_Process_2023,Negative Regulation Of Protein Transport (GO:0051224),2,0,1.0,,1.0
GO_Biological_Process_2023,Apoptotic Nuclear Changes (GO:0030262),1,0,1.0,,1.0
GO_Biological_Process_2023,Negative Regulation Of Protein Serine/Threonine Kinase Activity (GO:0071901),2,0,1.0,,1.0
GO_Biological_Process_2023,Negative Regulation Of Proteolysis (GO:0045861),0,0,1.0,,1.0
GO_Biological_Process_2023,Negative Regulation Of Protein Secretion (GO:0050709),2,0,1.0,,1.0
GO_Biological_Process_2023,Negative Regulation Of Protein Polyubiquitination (GO:1902915),0,0,1.0,,1.0
GO_Biological_Process_2023,Negative Regulation Of Protein Polymerization (GO:0032272),2,0,1.0,,1.0
GO_Biological_Process_2023,Negative Regulation Of Protein Phosphorylation (GO:0001933),9,0,1.0,,1.0
GO_Biological_Process_2023,Negative Regulation Of Protein Modification Process (GO:0031400),7,0,1.0,,1.0
GO_Biological_Process_2023,Negative Regulation Of Protein Modification By Small Protein Conjugation Or Removal (GO:1903321),8,1,0.3312469238465738,CTNNB1,1.0
GO_Biological_Process_2023,Negative Regulation Of Protein Metabolic Process (GO:0051248),22,2,0.2928535513326899,DHFR;TYMS,1.0
GO_Biological_Process_2023,Negative Regulation Of Protein Maturation (GO:1903318),0,0,1.0,,1.0
GO_Biological_Process_2023,Negative Regulation Of Protein Processing (GO:0010955),0,0,1.0,,1.0
GO_Biological_Process_2023,Negative Regulation Of Response To Wounding (GO:1903035),0,0,1.0,,1.0
GO_Biological_Process_2023,Negative Regulation Of Proteolysis Involved In Protein Catabolic Process (GO:1903051),4,0,1.0,,1.0
GO_Biological_Process_2023,Negative Regulation Of Reactive Oxygen Species Metabolic Process (GO:2000378),1,0,1.0,,1.0
GO_Biological_Process_2023,Negative Regulation Of Response To Stimulus (GO:0048585),2,0,1.0,,1.0
GO_Biological_Process_2023,Negative Regulation Of Response To Reactive Oxygen Species (GO:1901032),1,0,1.0,,1.0
GO_Biological_Process_2023,Negative Regulation Of Response To External Stimulus (GO:0032102),6,0,1.0,,1.0
GO_Biological_Process_2023,Negative Regulation Of Response To Endoplasmic Reticulum Stress (GO:1903573),2,1,0.09545541870343885,BCL2L1,1.0
GO_Biological_Process_2023,Negative Regulation Of Response To Cytokine Stimulus (GO:0060761),0,0,1.0,,1.0
GO_Biological_Process_2023,Negative Regulation Of Response To Biotic Stimulus (GO:0002832),5,0,1.0,,1.0
GO_Biological_Process_2023,Negative Regulation Of Reproductive Process (GO:2000242),0,0,1.0,,1.0
GO_Biological_Process_2023,Negative Regulation Of Reactive Oxygen Species Biosynthetic Process (GO:1903427),0,0,1.0,,1.0
GO_Biological_Process_2023,Negative Regulation Of Release Of Sequestered Calcium Ion Into Cytosol (GO:0051280),0,0,1.0,,1.0
GO_Biological_Process_2023,Negative Regulation Of Relaxation Of Muscle (GO:1901078),0,0,1.0,,1.0
GO_Biological_Process_2023,Negative Regulation Of Regulated Secretory Pathway (GO:1903306),0,0,1.0,,1.0
GO_Biological_Process_2023,Negative Regulation Of Receptor-Mediated Endocytosis (GO:0048261),0,0,1.0,,1.0
GO_Biological_Process_2023,Negative Regulation Of Receptor Signaling Pathway Via STAT (GO:1904893),1,0,1.0,,1.0
GO_Biological_Process_2023,Negative Regulation Of Receptor Signaling Pathway Via JAK-STAT (GO:0046426),3,0,1.0,,1.0
GO_Biological_Process_2023,Negative Regulation Of Receptor Internalization (GO:0002091),0,0,1.0,,1.0
GO_Biological_Process_2023,Negative Regulation Of Receptor Binding (GO:1900121),1,0,1.0,,1.0
GO_Biological_Process_2023,Negative Regulation Of Release Of Cytochrome C From Mitochondria (GO:0090201),3,1,0.13976587961154743,BCL2L1,1.0
GO_Biological_Process_2023,Negative Regulation Of Telomere Maintenance (GO:0032205),2,0,1.0,,1.0
GO_Biological_Process_2023,Negative Regulation Of Telomere Maintenance Via Telomerase (GO:0032211),5,0,1.0,,1.0
GO_Biological_Process_2023,Negative Regulation Of Telomere Maintenance Via Telomere Lengthening (GO:1904357),5,0,1.0,,1.0
GO_Biological_Process_2023,Neuroepithelial Cell Differentiation (GO:0060563),0,0,1.0,,1.0
GO_Biological_Process_2023,Neuroblast Proliferation (GO:0007405),2,0,1.0,,1.0
GO_Biological_Process_2023,Neural Tube Development (GO:0021915),0,0,1.0,,1.0
GO_Biological_Process_2023,Neural Tube Closure (GO:0001843),0,0,1.0,,1.0
GO_Biological_Process_2023,Apical Junction Assembly (GO:0043297),5,0,1.0,,1.0
GO_Biological_Process_2023,Neural Crest Cell Differentiation (GO:0014033),0,0,1.0,,1.0
GO_Biological_Process_2023,Apical Protein Localization (GO:0045176),0,0,1.0,,1.0
GO_Biological_Process_2023,Neurogenesis (GO:0022008),3,1,0.13976587961154743,CDK6,1.0
GO_Biological_Process_2023,Apoptotic DNA Fragmentation (GO:0006309),0,0,1.0,,1.0
GO_Biological_Process_2023,Apoptotic Cell Clearance (GO:0043277),1,0,1.0,,1.0
GO_Biological_Process_2023,Negative Regulation Of Wound Healing (GO:0061045),0,0,1.0,,1.0
GO_Biological_Process_2023,Negative Regulation Of Voltage-Gated Potassium Channel Activity (GO:1903817),0,0,1.0,,1.0
GO_Biological_Process_2023,Negative Regulation Of Voltage-Gated Calcium Channel Activity (GO:1901386),0,0,1.0,,1.0
GO_Biological_Process_2023,Negative Regulation Of Vitamin Metabolic Process (GO:0046137),0,0,1.0,,1.0
GO_Biological_Process_2023,Negative Regulation Of Viral-Induced Cytoplasmic Pattern Recognition Receptor Signaling Pathway (GO:0039532),2,0,1.0,,1.0
GO_Biological_Process_2023,Negative Regulation Of Viral Transcription (GO:0032897),1,0,1.0,,1.0
GO_Biological_Process_2023,Nerve Growth Factor Signaling Pathway (GO:0038180),0,0,1.0,,1.0
GO_Biological_Process_2023,Negative Regulation Of Viral Process (GO:0048525),3,0,1.0,,1.0
GO_Biological_Process_2023,Neuromuscular Junction Development (GO:0007528),0,0,1.0,,1.0
GO_Biological_Process_2023,Neuromuscular Process Controlling Balance (GO:0050885),1,0,1.0,,1.0
GO_Biological_Process_2023,Neuron Projection Maintenance (GO:1990535),0,0,1.0,,1.0
GO_Biological_Process_2023,Aorta Morphogenesis (GO:0035909),0,0,1.0,,1.0
GO_Biological_Process_2023,Neuron Projection Fasciculation (GO:0106030),0,0,1.0,,1.0
GO_Biological_Process_2023,Neuron Projection Extension Involved In Neuron Projection Guidance (GO:1902284),0,0,1.0,,1.0
GO_Biological_Process_2023,Aortic Valve Development (GO:0003176),0,0,1.0,,1.0
GO_Biological_Process_2023,Neuron Projection Development (GO:0031175),5,1,0.22208297380459047,DNM2,1.0
GO_Biological_Process_2023,Neuron Projection Arborization (GO:0140058),0,0,1.0,,1.0
GO_Biological_Process_2023,Neuromuscular Process (GO:0050905),1,0,1.0,,1.0
GO_Biological_Process_2023,Neuron Migration (GO:0001764),3,0,1.0,,1.0
GO_Biological_Process_2023,Neuron Fate Specification (GO:0048665),0,0,1.0,,1.0
GO_Biological_Process_2023,Neuron Fate Commitment (GO:0048663),0,0,1.0,,1.0
GO_Biological_Process_2023,Aortic Valve Morphogenesis (GO:0003180),0,0,1.0,,1.0
GO_Biological_Process_2023,Neuron Development (GO:0048666),5,0,1.0,,1.0
GO_Biological_Process_2023,Neuron Cell-Cell Adhesion (GO:0007158),0,0,1.0,,1.0
GO_Biological_Process_2023,Neuron Apoptotic Process (GO:0051402),2,0,1.0,,1.0
GO_Biological_Process_2023,Neuromuscular Synaptic Transmission (GO:0007274),0,0,1.0,,1.0
GO_Biological_Process_2023,Neuron Maturation (GO:0042551),0,0,1.0,,1.0
GO_Biological_Process_2023,Negative Regulation Of Viral Life Cycle (GO:1903901),1,0,1.0,,1.0
GO_Biological_Process_2023,Negative Regulation Of Viral Genome Replication (GO:0045071),3,0,1.0,,1.0
GO_Biological_Process_2023,Negative Regulation Of Viral Entry Into Host Cell (GO:0046597),1,0,1.0,,1.0
GO_Biological_Process_2023,Negative Regulation Of Transport (GO:0051051),1,0,1.0,,1.0
GO_Biological_Process_2023,Negative Regulation Of Transmembrane Transport (GO:0034763),0,0,1.0,,1.0
GO_Biological_Process_2023,Negative Regulation Of Transmembrane Receptor Protein Serine/Threonine Kinase Signaling Pathway (GO:0090101),6,0,1.0,,1.0
GO_Biological_Process_2023,Negative Regulation Of Translational Initiation (GO:0045947),2,0,1.0,,1.0
GO_Biological_Process_2023,Negative Regulation Of Translation (GO:0017148),16,2,0.18217839641731962,DHFR;TYMS,1.0
GO_Biological_Process_2023,Negative Regulation Of Transforming Growth Factor Beta Receptor Signaling Pathway (GO:0030512),5,0,1.0,,1.0
GO_Biological_Process_2023,Negative Regulation Of Transforming Growth Factor Beta Production (GO:0071635),0,0,1.0,,1.0
GO_Biological_Process_2023,Negative Regulation Of Transporter Activity (GO:0032410),0,0,1.0,,1.0
GO_Biological_Process_2023,Negative Regulation Of Transferase Activity (GO:0051348),8,0,1.0,,1.0
GO_Biological_Process_2023,Negative Regulation Of Transcription From RNA Polymerase II Promoter In Response To Stress (GO:0097201),1,0,1.0,,1.0
GO_Biological_Process_2023,Negative Regulation Of Transcription Elongation By RNA Polymerase II (GO:0034244),4,0,1.0,,1.0
GO_Biological_Process_2023,Negative Regulation Of Transcription By Competitive Promoter Binding (GO:0010944),2,0,1.0,,1.0
GO_Biological_Process_2023,Negative Regulation Of Transcription By RNA Polymerase I (GO:0016479),0,0,1.0,,1.0
GO_Biological_Process_2023,Negative Regulation Of Toll-Like Receptor Signaling Pathway (GO:0034122),0,0,1.0,,1.0
GO_Biological_Process_2023,Negative Regulation Of Toll-Like Receptor 4 Signaling Pathway (GO:0034144),0,0,1.0,,1.0
GO_Biological_Process_2023,Negative Regulation Of Toll-Like Receptor 2 Signaling Pathway (GO:0034136),0,0,1.0,,1.0
GO_Biological_Process_2023,Negative Regulation Of Transcription Regulatory Region DNA Binding (GO:2000678),2,0,1.0,,1.0
GO_Biological_Process_2023,Negative Regulation Of Transposition (GO:0010529),0,0,1.0,,1.0
GO_Biological_Process_2023,Negative Regulation Of Triglyceride Metabolic Process (GO:0090209),0,0,1.0,,1.0
GO_Biological_Process_2023,Negative Regulation Of Trophoblast Cell Migration (GO:1901164),0,0,1.0,,1.0
GO_Biological_Process_2023,Apoptotic Mitochondrial Changes (GO:0008637),4,1,0.18194134789770994,BCL2L1,1.0
GO_Biological_Process_2023,Negative Regulation Of Vascular Endothelial Growth Factor Signaling Pathway (GO:1900747),0,0,1.0,,1.0
GO_Biological_Process_2023,Negative Regulation Of Vascular Endothelial Growth Factor Receptor Signaling Pathway (GO:0030948),0,0,1.0,,1.0
GO_Biological_Process_2023,Negative Regulation Of Vascular Associated Smooth Muscle Cell Proliferation (GO:1904706),1,0,1.0,,1.0
GO_Biological_Process_2023,Negative Regulation Of Vascular Associated Smooth Muscle Cell Differentiation (GO:1905064),0,0,1.0,,1.0
GO_Biological_Process_2023,Negative Regulation Of Ubiquitin-Protein Transferase Activity (GO:0051444),10,0,1.0,,1.0
GO_Biological_Process_2023,Negative Regulation Of Ubiquitin-Dependent Protein Catabolic Process (GO:2000059),7,0,1.0,,1.0
GO_Biological_Process_2023,Negative Regulation Of Ubiquitin Protein Ligase Activity (GO:1904667),7,0,1.0,,1.0
GO_Biological_Process_2023,Negative Regulation Of Tyrosine Phosphorylation Of STAT Protein (GO:0042532),2,0,1.0,,1.0
GO_Biological_Process_2023,Negative Regulation Of Type II Interferon-Mediated Signaling Pathway (GO:0060336),0,0,1.0,,1.0
GO_Biological_Process_2023,Negative Regulation Of Type II Interferon Production (GO:0032689),1,0,1.0,,1.0
GO_Biological_Process_2023,Negative Regulation Of Type I Interferon-Mediated Signaling Pathway (GO:0060339),0,0,1.0,,1.0
GO_Biological_Process_2023,Negative Regulation Of Type I Interferon Production (GO:0032480),7,0,1.0,,1.0
GO_Biological_Process_2023,Negative Regulation Of Type 2 Immune Response (GO:0002829),0,0,1.0,,1.0
GO_Biological_Process_2023,Negative Regulation Of Tumor Necrosis Factor-Mediated Signaling Pathway (GO:0010804),2,0,1.0,,1.0
GO_Biological_Process_2023,Negative Regulation Of Tumor Necrosis Factor Superfamily Cytokine Production (GO:1903556),1,0,1.0,,1.0
GO_Biological_Process_2023,Negative Regulation Of Tumor Necrosis Factor Production (GO:0032720),1,0,1.0,,1.0
GO_Biological_Process_2023,Negative Regulation Of Protein Localization To Plasma Membrane (GO:1903077),4,1,0.18194134789770994,BCL2L1,1.0
GO_Biological_Process_2023,Negative Regulation Of Protein Localization To Nucleus (GO:1900181),3,0,1.0,,1.0
GO_Biological_Process_2023,Negative Regulation Of Protein Localization To Membrane (GO:1905476),4,1,0.18194134789770994,BCL2L1,1.0
GO_Biological_Process_2023,Negative Regulation Of Protein Localization To Chromatin (GO:0120186),1,0,1.0,,1.0
GO_Biological_Process_2023,Negative Regulation Of miRNA-mediated Gene Silencing (GO:0060965),2,1,0.09545541870343885,ELOB,1.0
GO_Biological_Process_2023,Negative Regulation Of miRNA Transcription (GO:1902894),0,0,1.0,,1.0
GO_Biological_Process_2023,Negative Regulation Of miRNA Processing (GO:1903799),0,0,1.0,,1.0
GO_Biological_Process_2023,Negative Regulation Of miRNA Metabolic Process (GO:2000629),0,0,1.0,,1.0
GO_Biological_Process_2023,Negative Regulation Of Metabolic Process (GO:0009892),0,0,1.0,,1.0
GO_Biological_Process_2023,Negative Regulation Of Membrane Protein Ectodomain Proteolysis (GO:0051045),0,0,1.0,,1.0
GO_Biological_Process_2023,Negative Regulation Of Membrane Potential (GO:0045837),1,0,1.0,,1.0
GO_Biological_Process_2023,Negative Regulation Of Microglial Cell Activation (GO:1903979),0,0,1.0,,1.0
GO_Biological_Process_2023,Negative Regulation Of Meiotic Nuclear Division (GO:0045835),1,0,1.0,,1.0
GO_Biological_Process_2023,Negative Regulation Of Mast Cell Activation (GO:0033004),0,0,1.0,,1.0
GO_Biological_Process_2023,Negative Regulation Of Macrophage Migration (GO:1905522),1,0,1.0,,1.0
GO_Biological_Process_2023,Negative Regulation Of Macrophage Derived Foam Cell Differentiation (GO:0010745),0,0,1.0,,1.0
GO_Biological_Process_2023,Negative Regulation Of Macrophage Activation (GO:0043031),0,0,1.0,,1.0
GO_Biological_Process_2023,Negative Regulation Of Macromolecule Metabolic Process (GO:0010605),8,0,1.0,,1.0
GO_Biological_Process_2023,Negative Regulation Of Macromolecule Biosynthetic Process (GO:0010558),14,2,0.1468571858195087,DHFR;TYMS,1.0
GO_Biological_Process_2023,Negative Regulation Of Macroautophagy (GO:0016242),4,0,1.0,,1.0
GO_Biological_Process_2023,Negative Regulation Of Meiotic Cell Cycle (GO:0051447),1,0,1.0,,1.0
GO_Biological_Process_2023,"Negative Regulation Of mRNA Splicing, Via Spliceosome (GO:0048025)",6,0,1.0,,1.0
GO_Biological_Process_2023,Negative Regulation Of Microtubule Depolymerization (GO:0007026),1,0,1.0,,1.0
GO_Biological_Process_2023,Negative Regulation Of Microtubule Polymerization Or Depolymerization (GO:0031111),2,0,1.0,,1.0
GO_Biological_Process_2023,Negative Regulation Of Muscle Cell Apoptotic Process (GO:0010656),0,0,1.0,,1.0
GO_Biological_Process_2023,Negative Regulation Of Multicellular Organismal Process (GO:0051241),11,1,0.425319275731237,FOXA1,1.0
GO_Biological_Process_2023,Negative Regulation Of Morphogenesis Of An Epithelium (GO:1905331),0,0,1.0,,1.0
GO_Biological_Process_2023,Negative Regulation Of Monooxygenase Activity (GO:0032769),0,0,1.0,,1.0
GO_Biological_Process_2023,Negative Regulation Of Mononuclear Cell Migration (GO:0071676),0,0,1.0,,1.0
GO_Biological_Process_2023,Negative Regulation Of Monocyte Chemotaxis (GO:0090027),0,0,1.0,,1.0
GO_Biological_Process_2023,Negative Regulation Of Monoatomic Ion Transport (GO:0043271),0,0,1.0,,1.0
GO_Biological_Process_2023,Negative Regulation Of Microtubule Polymerization (GO:0031115),1,0,1.0,,1.0
GO_Biological_Process_2023,Negative Regulation Of Mitotic Nuclear Division (GO:0045839),2,0,1.0,,1.0
GO_Biological_Process_2023,Negative Regulation Of Mitotic Cell Cycle Phase Transition (GO:1901991),3,0,1.0,,1.0
GO_Biological_Process_2023,Negative Regulation Of Mitotic Cell Cycle (GO:0045930),3,1,0.13976587961154743,CTNNB1,1.0
GO_Biological_Process_2023,Aromatic Amino Acid Family Catabolic Process (GO:0009074),0,0,1.0,,1.0
GO_Biological_Process_2023,Negative Regulation Of Mitochondrial Outer Membrane Permeabilization Involved In Apoptotic Signaling Pathway (GO:1901029),0,0,1.0,,1.0
GO_Biological_Process_2023,Negative Regulation Of Mitochondrial Membrane Potential (GO:0010917),1,0,1.0,,1.0
GO_Biological_Process_2023,Negative Regulation Of Mitochondrial Membrane Permeability (GO:0035795),0,0,1.0,,1.0
GO_Biological_Process_2023,Negative Regulation Of Mitochondrial Fusion (GO:0010637),2,1,0.09545541870343885,TFRC,1.0
GO_Biological_Process_2023,Negative Regulation Of Mitotic Metaphase/Anaphase Transition (GO:0045841),15,0,1.0,,1.0
GO_Biological_Process_2023,Negative Regulation Of mRNA Processing (GO:0050686),6,0,1.0,,1.0
GO_Biological_Process_2023,Negative Regulation Of mRNA Catabolic Process (GO:1902373),5,0,1.0,,1.0
GO_Biological_Process_2023,Negative Regulation Of Lymphocyte Proliferation (GO:0050672),0,0,1.0,,1.0
GO_Biological_Process_2023,Negative Regulation Of Leukocyte Degranulation (GO:0043301),0,0,1.0,,1.0
GO_Biological_Process_2023,Negative Regulation Of Leukocyte Chemotaxis (GO:0002689),1,0,1.0,,1.0
GO_Biological_Process_2023,Negative Regulation Of Leukocyte Cell-Cell Adhesion (GO:1903038),1,0,1.0,,1.0
GO_Biological_Process_2023,Negative Regulation Of Leukocyte Apoptotic Process (GO:2000107),0,0,1.0,,1.0
GO_Biological_Process_2023,Negative Regulation Of Leukocyte Activation (GO:0002695),0,0,1.0,,1.0
GO_Biological_Process_2023,Negative Regulation Of Lens Fiber Cell Differentiation (GO:1902747),0,0,1.0,,1.0
GO_Biological_Process_2023,Negative Regulation Of Lamellipodium Organization (GO:1902744),0,0,1.0,,1.0
GO_Biological_Process_2023,Negative Regulation Of Leukocyte Mediated Cytotoxicity (GO:0001911),0,0,1.0,,1.0
GO_Biological_Process_2023,Negative Regulation Of Kinase Activity (GO:0033673),4,0,1.0,,1.0
GO_Biological_Process_2023,Negative Regulation Of Ion Transmembrane Transporter Activity (GO:0032413),0,0,1.0,,1.0
GO_Biological_Process_2023,Negative Regulation Of Intrinsic Apoptotic Signaling Pathway In Response To DNA Damage By P53 Class Mediator (GO:1902166),1,0,1.0,,1.0
GO_Biological_Process_2023,Negative Regulation Of Intrinsic Apoptotic Signaling Pathway In Response To DNA Damage (GO:1902230),3,1,0.13976587961154743,BCL2L1,1.0
GO_Biological_Process_2023,Negative Regulation Of Intrinsic Apoptotic Signaling Pathway By P53 Class Mediator (GO:1902254),2,1,0.09545541870343885,MDM2,1.0
GO_Biological_Process_2023,Aromatic Compound Biosynthetic Process (GO:0019438),0,0,1.0,,1.0
GO_Biological_Process_2023,Negative Regulation Of Intracellular Transport (GO:0032387),0,0,1.0,,1.0
GO_Biological_Process_2023,Negative Regulation Of Intracellular Steroid Hormone Receptor Signaling Pathway (GO:0033144),3,0,1.0,,1.0
GO_Biological_Process_2023,Aromatic Amino Acid Transport (GO:0015801),0,0,1.0,,1.0
GO_Biological_Process_2023,Negative Regulation Of Leukocyte Migration (GO:0002686),0,0,1.0,,1.0
GO_Biological_Process_2023,Negative Regulation Of Leukocyte Proliferation (GO:0070664),0,0,1.0,,1.0
GO_Biological_Process_2023,Negative Regulation Of Lipase Activity (GO:0060192),0,0,1.0,,1.0
GO_Biological_Process_2023,Negative Regulation Of Lymphocyte Migration (GO:2000402),0,0,1.0,,1.0
GO_Biological_Process_2023,Negative Regulation Of Lymphocyte Differentiation (GO:0045620),0,0,1.0,,1.0
GO_Biological_Process_2023,Negative Regulation Of Lymphocyte Apoptotic Process (GO:0070229),0,0,1.0,,1.0
GO_Biological_Process_2023,Negative Regulation Of Lymphocyte Activation (GO:0051250),0,0,1.0,,1.0
GO_Biological_Process_2023,Negative Regulation Of Lyase Activity (GO:0051350),0,0,1.0,,1.0
GO_Biological_Process_2023,Negative Regulation Of Low-Density Lipoprotein Receptor Activity (GO:1905598),0,0,1.0,,1.0
GO_Biological_Process_2023,Negative Regulation Of Long-Term Synaptic Potentiation (GO:1900272),0,0,1.0,,1.0
GO_Biological_Process_2023,Negative Regulation Of Locomotion (GO:0040013),0,0,1.0,,1.0
GO_Biological_Process_2023,Negative Regulation Of Lipoprotein Particle Clearance (GO:0010985),0,0,1.0,,1.0
GO_Biological_Process_2023,Negative Regulation Of Lipoprotein Lipase Activity (GO:0051005),0,0,1.0,,1.0
GO_Biological_Process_2023,Negative Regulation Of Lipopolysaccharide-Mediated Signaling Pathway (GO:0031665),0,0,1.0,,1.0
GO_Biological_Process_2023,Negative Regulation Of Lipid Storage (GO:0010888),0,0,1.0,,1.0
GO_Biological_Process_2023,Negative Regulation Of Lipid Metabolic Process (GO:0045833),0,0,1.0,,1.0
GO_Biological_Process_2023,Negative Regulation Of Lipid Localization (GO:1905953),0,0,1.0,,1.0
GO_Biological_Process_2023,Negative Regulation Of Lipid Kinase Activity (GO:0090219),0,0,1.0,,1.0
GO_Biological_Process_2023,Negative Regulation Of Lipid Catabolic Process (GO:0050995),0,0,1.0,,1.0
GO_Biological_Process_2023,Negative Regulation Of Lipid Biosynthetic Process (GO:0051055),1,0,1.0,,1.0
GO_Biological_Process_2023,Negative Regulation Of Muscle Cell Differentiation (GO:0051148),0,0,1.0,,1.0
GO_Biological_Process_2023,Muscle Cell Differentiation (GO:0042692),0,0,1.0,,1.0
GO_Biological_Process_2023,Negative Regulation Of Muscle Hypertrophy (GO:0014741),0,0,1.0,,1.0
GO_Biological_Process_2023,Arginine Metabolic Process (GO:0006525),0,0,1.0,,1.0
GO_Biological_Process_2023,Negative Regulation Of Potassium Ion Transmembrane Transporter Activity (GO:1901017),0,0,1.0,,1.0
GO_Biological_Process_2023,Negative Regulation Of Potassium Ion Transmembrane Transport (GO:1901380),0,0,1.0,,1.0
GO_Biological_Process_2023,Negative Regulation Of Platelet-Derived Growth Factor Receptor Signaling Pathway (GO:0010642),0,0,1.0,,1.0
GO_Biological_Process_2023,Negative Regulation Of Platelet Aggregation (GO:0090331),0,0,1.0,,1.0
GO_Biological_Process_2023,Negative Regulation Of Platelet Activation (GO:0010544),0,0,1.0,,1.0
GO_Biological_Process_2023,Negative Regulation Of Plasminogen Activation (GO:0010757),0,0,1.0,,1.0
GO_Biological_Process_2023,Negative Regulation Of Plasma Membrane Bounded Cell Projection Assembly (GO:0120033),2,0,1.0,,1.0
GO_Biological_Process_2023,Negative Regulation Of Potassium Ion Transport (GO:0043267),0,0,1.0,,1.0
GO_Biological_Process_2023,Negative Regulation Of Phosphorylation (GO:0042326),7,0,1.0,,1.0
GO_Biological_Process_2023,Negative Regulation Of Phospholipase Activity (GO:0010519),0,0,1.0,,1.0
GO_Biological_Process_2023,Negative Regulation Of Phosphatidylinositol 3-Kinase Signaling (GO:0014067),0,0,1.0,,1.0
GO_Biological_Process_2023,Negative Regulation Of Phosphate Metabolic Process (GO:0045936),1,0,1.0,,1.0
GO_Biological_Process_2023,Negative Regulation Of Phosphatase Activity (GO:0010923),4,0,1.0,,1.0
GO_Biological_Process_2023,Negative Regulation Of Phagocytosis (GO:0050765),2,0,1.0,,1.0
GO_Biological_Process_2023,Negative Regulation Of Peptidyl-Tyrosine Phosphorylation (GO:0050732),2,0,1.0,,1.0
GO_Biological_Process_2023,Negative Regulation Of Peptidyl-Threonine Phosphorylation (GO:0010801),0,0,1.0,,1.0
GO_Biological_Process_2023,Negative Regulation Of Phosphoprotein Phosphatase Activity (GO:0032515),3,0,1.0,,1.0
GO_Biological_Process_2023,Negative Regulation Of Peptidyl-Serine Phosphorylation (GO:0033137),1,0,1.0,,1.0
GO_Biological_Process_2023,Negative Regulation Of Production Of Molecular Mediator Of Immune Response (GO:0002701),0,0,1.0,,1.0
GO_Biological_Process_2023,Negative Regulation Of Programmed Necrotic Cell Death (GO:0062099),0,0,1.0,,1.0
GO_Biological_Process_2023,Negative Regulation Of Protein Localization To Cell Surface (GO:2000009),0,0,1.0,,1.0
GO_Biological_Process_2023,Negative Regulation Of Protein Localization To Cell Periphery (GO:1904376),4,1,0.18194134789770994,BCL2L1,1.0
GO_Biological_Process_2023,Negative Regulation Of Protein Localization (GO:1903828),4,0,1.0,,1.0
GO_Biological_Process_2023,Negative Regulation Of Protein Kinase Activity By Regulation Of Protein Phosphorylation (GO:0044387),1,0,1.0,,1.0
GO_Biological_Process_2023,Negative Regulation Of Protein Kinase Activity (GO:0006469),4,0,1.0,,1.0
GO_Biological_Process_2023,Negative Regulation Of Protein Kinase B Signaling (GO:0051898),3,0,1.0,,1.0
GO_Biological_Process_2023,Negative Regulation Of Protein Import Into Nucleus (GO:0042308),0,0,1.0,,1.0
GO_Biological_Process_2023,Arachidonate Transport (GO:1903963),0,0,1.0,,1.0
GO_Biological_Process_2023,Negative Regulation Of Protein Exit From Endoplasmic Reticulum (GO:0070862),0,0,1.0,,1.0
GO_Biological_Process_2023,Negative Regulation Of Protein Dephosphorylation (GO:0035308),4,0,1.0,,1.0
GO_Biological_Process_2023,Negative Regulation Of Protein Catabolic Process (GO:0042177),7,0,1.0,,1.0
GO_Biological_Process_2023,Negative Regulation Of Protein Binding (GO:0032091),7,0,1.0,,1.0
GO_Biological_Process_2023,Negative Regulation Of Protein Autophosphorylation (GO:0031953),0,0,1.0,,1.0
GO_Biological_Process_2023,Negative Regulation Of Protein K63-linked Ubiquitination (GO:1900045),0,0,1.0,,1.0
GO_Biological_Process_2023,Negative Regulation Of Proteasomal Ubiquitin-Dependent Protein Catabolic Process (GO:0032435),4,0,1.0,,1.0
GO_Biological_Process_2023,Negative Regulation Of Proteasomal Protein Catabolic Process (GO:1901799),4,0,1.0,,1.0
GO_Biological_Process_2023,Negative Regulation Of Protein Depolymerization (GO:1901880),1,0,1.0,,1.0
GO_Biological_Process_2023,Negative Regulation Of Peptidyl-Lysine Acetylation (GO:2000757),0,0,1.0,,1.0
GO_Biological_Process_2023,Negative Regulation Of Peptide Hormone Secretion (GO:0090278),0,0,1.0,,1.0
GO_Biological_Process_2023,Negative Regulation Of Peptidase Activity (GO:0010466),1,0,1.0,,1.0
GO_Biological_Process_2023,Negative Regulation Of Neuron Migration (GO:2001223),0,0,1.0,,1.0
GO_Biological_Process_2023,Arachidonic Acid Secretion (GO:0050482),0,0,1.0,,1.0
GO_Biological_Process_2023,Negative Regulation Of Neuron Death (GO:1901215),2,0,1.0,,1.0
GO_Biological_Process_2023,Negative Regulation Of Neuron Apoptotic Process (GO:0043524),3,0,1.0,,1.0
GO_Biological_Process_2023,Negative Regulation Of Neuroinflammatory Response (GO:0150079),0,0,1.0,,1.0
GO_Biological_Process_2023,Negative Regulation Of Neurogenesis (GO:0050768),0,0,1.0,,1.0
GO_Biological_Process_2023,Negative Regulation Of Neural Precursor Cell Proliferation (GO:2000178),0,0,1.0,,1.0
GO_Biological_Process_2023,Negative Regulation Of Neuron Projection Development (GO:0010977),0,0,1.0,,1.0
GO_Biological_Process_2023,Negative Regulation Of Nervous System Process (GO:0031645),0,0,1.0,,1.0
GO_Biological_Process_2023,Negative Regulation Of Necroptotic Process (GO:0060546),0,0,1.0,,1.0
GO_Biological_Process_2023,Negative Regulation Of Natural Killer Cell Mediated Immunity (GO:0002716),0,0,1.0,,1.0
GO_Biological_Process_2023,Negative Regulation Of Natural Killer Cell Mediated Cytotoxicity (GO:0045953),0,0,1.0,,1.0
GO_Biological_Process_2023,Negative Regulation Of Myotube Differentiation (GO:0010832),1,0,1.0,,1.0
GO_Biological_Process_2023,Negative Regulation Of Myoblast Differentiation (GO:0045662),0,0,1.0,,1.0
GO_Biological_Process_2023,Negative Regulation Of Myeloid Leukocyte Mediated Immunity (GO:0002887),0,0,1.0,,1.0
GO_Biological_Process_2023,Arginine Catabolic Process (GO:0006527),0,0,1.0,,1.0
GO_Biological_Process_2023,Negative Regulation Of Nervous System Development (GO:0051961),0,0,1.0,,1.0
GO_Biological_Process_2023,Negative Regulation Of Neuron Projection Regeneration (GO:0070571),0,0,1.0,,1.0
GO_Biological_Process_2023,Negative Regulation Of Nitric Oxide Biosynthetic Process (GO:0045019),0,0,1.0,,1.0
GO_Biological_Process_2023,Negative Regulation Of Nitric Oxide Metabolic Process (GO:1904406),0,0,1.0,,1.0
GO_Biological_Process_2023,Negative Regulation Of Pathway-Restricted SMAD Protein Phosphorylation (GO:0060394),0,0,1.0,,1.0
GO_Biological_Process_2023,Negative Regulation Of p38MAPK Cascade (GO:1903753),0,0,1.0,,1.0
GO_Biological_Process_2023,Negative Regulation Of Oxidoreductase Activity (GO:0051354),0,0,1.0,,1.0
GO_Biological_Process_2023,Negative Regulation Of Oxidative Stress-Induced Neuron Death (GO:1903204),1,0,1.0,,1.0
GO_Biological_Process_2023,Negative Regulation Of Oxidative Stress-Induced Intrinsic Apoptotic Signaling Pathway (GO:1902176),1,0,1.0,,1.0
GO_Biological_Process_2023,Negative Regulation Of Oxidative Stress-Induced Cell Death (GO:1903202),2,0,1.0,,1.0
GO_Biological_Process_2023,Negative Regulation Of Osteoclast Differentiation (GO:0045671),0,0,1.0,,1.0
GO_Biological_Process_2023,Negative Regulation Of Osteoblast Proliferation (GO:0033689),0,0,1.0,,1.0
GO_Biological_Process_2023,Arachidonic Acid Metabolic Process (GO:0019369),1,0,1.0,,1.0
GO_Biological_Process_2023,Negative Regulation Of Ossification (GO:0030279),0,0,1.0,,1.0
GO_Biological_Process_2023,Negative Regulation Of Organelle Assembly (GO:1902116),3,0,1.0,,1.0
GO_Biological_Process_2023,Negative Regulation Of Oligodendrocyte Differentiation (GO:0048715),0,0,1.0,,1.0
GO_Biological_Process_2023,Negative Regulation Of Nucleocytoplasmic Transport (GO:0046823),2,0,1.0,,1.0
GO_Biological_Process_2023,"Negative Regulation Of Nuclear-Transcribed mRNA Catabolic Process, Nonsense-Mediated Decay (GO:2000623)",1,0,1.0,,1.0
GO_Biological_Process_2023,"Negative Regulation Of Nuclear-Transcribed mRNA Catabolic Process, Deadenylation-Dependent Decay (GO:1900152)",4,0,1.0,,1.0
GO_Biological_Process_2023,Negative Regulation Of Nuclear Division (GO:0051784),2,0,1.0,,1.0
GO_Biological_Process_2023,Negative Regulation Of Nitrogen Compound Metabolic Process (GO:0051172),1,0,1.0,,1.0
GO_Biological_Process_2023,Negative Regulation Of Myeloid Cell Apoptotic Process (GO:0033033),0,0,1.0,,1.0
GO_Biological_Process_2023,Positive Regulation Of Alpha-Beta T Cell Proliferation (GO:0046641),0,0,1.0,,1.0
