library,term,set_size,n_hits,p,genes,q
KEGG_2021_Human,Chronic myeloid leukemia,76,8,9.283239607721474e-11,BCL2L1;BRAF;CCND1;CDK6;GRB2;KRAS;MDM2;MYC,2.9613534348631505e-08
KEGG_2021_Human,Thyroid cancer,37,6,1.602512142618231e-09,BRAF;CCND1;CTNNB1;KRAS;MYC;PAX8,2.556006867476079e-07
KEGG_2021_Human,Thyroid hormone signaling pathway,121,8,3.97287043784176e-09,ATP1B3;CCND1;CTNNB1;EP300;KRAS;MDM2;MED1;MYC,4.2244855655717375e-07
KEGG_2021_Human,Small cell lung cancer,92,7,1.4945667959102593e-08,BCL2L1;CCND1;CDK6;CKS1B;MYC;PTK2;SKP2,1.1919170197384319e-06
KEGG_2021_Human,Hepatitis C,155,8,2.796578548706349e-08,BRAF;CCND1;CDK6;CFLAR;CTNNB1;GRB2;KRAS;MYC,1.2744407957676076e-06
KEGG_2021_Human,Prostate cancer,97,7,2.1651650754440962e-08,BRAF;CCND1;CTNNB1;EP300;GRB2;KRAS;MDM2,1.2744407957676076e-06
KEGG_2021_Human,Endometrial cancer,58,6,2.6517247107216343e-08,BRAF;CCND1;CTNNB1;GRB2;KRAS;MYC,1.2744407957676076e-06
KEGG_2021_Human,Hepatocellular carcinoma,165,8,4.552381427472571e-08,BCL2L1;BRAF;CCND1;CDK6;CTNNB1;GRB2;KRAS;MYC,1.8152620942046878e-06
KEGG_2021_Human,Renal cell carcinoma,68,6,6.999270165732749e-08,BRAF;CUL2;ELOB;EP300;GRB2;KRAS,2.4808524254097187e-06
KEGG_2021_Human,Glioma,75,6,1.2660080117414222e-07,BRAF;CCND1;CDK6;GRB2;KRAS;MDM2,4.038565557455137e-06
KEGG_2021_Human,FoxO signaling pathway,127,7,1.40030852815228e-07,BRAF;CCND1;EP300;GRB2;KRAS;MDM2;SKP2,4.060894731641612e-06
KEGG_2021_Human,Bladder cancer,41,5,1.7761598786204782e-07,BRAF;CCND1;KRAS;MDM2;MYC,4.721625010666105e-06
KEGG_2021_Human,Proteoglycans in cancer,201,8,2.0875764171170254e-07,BRAF;CCND1;CTNNB1;GRB2;KRAS;MDM2;MYC;PTK2,5.1225913620025475e-06
KEGG_2021_Human,Colorectal cancer,86,6,2.8783325524017583e-07,BRAF;CCND1;CTNNB1;GRB2;KRAS;MYC,6.558486315829721e-06
KEGG_2021_Human,Breast cancer,147,7,3.800405313784025e-07,BRAF;CCND1;CDK6;CTNNB1;GRB2;KRAS;MYC,8.08219530064736e-06
KEGG_2021_Human,Human cytomegalovirus infection,221,8,4.3030197208186503e-07,CCND1;CDK6;CTNNB1;GRB2;KRAS;MDM2;MYC;PTK2,8.579145568382185e-06
KEGG_2021_Human,MicroRNAs in cancer,160,7,6.744224026001927e-07,CCND1;CDK6;EP300;GRB2;KRAS;MDM2;MYC,1.265533802526244e-05
KEGG_2021_Human,PI3K-Akt signaling pathway,349,9,1.3254617245091938e-06,BCL2L1;CCND1;CDK6;GRB2;KRAS;MDM2;MYB;MYC;PTK2,2.349012722880182e-05
KEGG_2021_Human,Acute myeloid leukemia,67,5,2.1506962443807065e-06,BRAF;CCND1;GRB2;KRAS;MYC,3.5228170929872824e-05
KEGG_2021_Human,Viral carcinogenesis,191,7,2.208662754224001e-06,CCND1;CDK6;EP300;GRB2;KRAS;MDM2;SKP2,3.5228170929872824e-05
KEGG_2021_Human,Cell cycle,124,6,2.4935816877374683e-06,CCND1;CDK6;EP300;MDM2;MYC;SKP2,3.787869325658345e-05
KEGG_2021_Human,Melanoma,72,5,3.0787267328284756e-06,BRAF;CCND1;CDK6;KRAS;MDM2,4.270060120749059e-05
KEGG_2021_Human,Non-small cell lung cancer,72,5,3.0787267328284756e-06,BRAF;CCND1;CDK6;GRB2;KRAS,4.270060120749059e-05
KEGG_2021_Human,Pancreatic cancer,76,5,4.026473968184542e-06,BCL2L1;BRAF;CCND1;CDK6;KRAS,5.3518549827119535e-05
KEGG_2021_Human,ErbB signaling pathway,84,5,6.600668079198393e-06,BRAF;GRB2;KRAS;MYC;PTK2,8.190192512965279e-05
KEGG_2021_Human,Gastric cancer,147,6,6.675392016836904e-06,BRAF;CCND1;CTNNB1;GRB2;KRAS;MYC,8.190192512965279e-05
KEGG_2021_Human,Human papillomavirus infection,328,8,8.151079201277522e-06,CCND1;CDK6;CTNNB1;EP300;GRB2;KRAS;MDM2;PTK2,9.630349130398258e-05
KEGG_2021_Human,Cellular senescence,156,6,9.386060161972195e-06,CCND1;CDK6;KRAS;MDM2;MYC;TRPM7,0.00010693404255961179
KEGG_2021_Human,Kaposi sarcoma-associated herpesvirus infection,192,6,3.0459402759061214e-05,CCND1;CDK6;CTNNB1;EP300;KRAS;MYC,0.00033505343034967336
KEGG_2021_Human,p53 signaling pathway,73,4,8.166441514564798e-05,BCL2L1;CCND1;CDK6;MDM2,0.0008683649477153902
GO_Biological_Process_2023,Negative Regulation Of Programmed Cell Death (GO:0043069),374,10,2.297881045383117e-07,BCL2L1;BRAF;CFL1;CFLAR;CTNNB1;MDM2;MED1;MYC;PTK2;TFRC,0.0012284472068618145
KEGG_2021_Human,Hepatitis B,159,5,0.0001420125666904854,BRAF;EP300;GRB2;KRAS;MYC,0.0014578669292138096
KEGG_2021_Human,JAK-STAT signaling pathway,160,5,0.000146243704497937,BCL2L1;CCND1;EP300;GRB2;MYC,0.0014578669292138096
KEGG_2021_Human,Transcriptional misregulation in cancer,182,5,0.0002662862356638937,BCL2L1;MDM2;MYC;PAX8;PTK2,0.0025741002780843058
KEGG_2021_Human,HIF-1 signaling pathway,109,4,0.0003837508583957065,CUL2;ELOB;EP300;TFRC,0.0034976149665208677
KEGG_2021_Human,Epstein-Barr virus infection,196,5,0.0003745302058248197,CCND1;CDK6;MDM2;MYC;SKP2,0.0034976149665208677
KEGG_2021_Human,Focal adhesion,199,5,0.00040151432910373456,BRAF;CCND1;CTNNB1;GRB2;PTK2,0.0035578630828914256
GO_Biological_Process_2023,Negative Regulation Of Apoptotic Process (GO:0043066),460,10,1.5154097867252102e-06,BCL2L1;BRAF;CFL1;CFLAR;CTNNB1;MDM2;MED1;MYC;PTK2;TFRC,0.004050690359916487
KEGG_2021_Human,Human immunodeficiency virus 1 infection,209,5,0.0005021833527926484,BCL2L1;CFL1;ELOB;KRAS;PTK2,0.0043296348524555365
KEGG_2021_Human,"Growth hormone synthesis, secretion and action",118,4,0.0005183433212342168,EP300;GRB2;KRAS;PTK2,0.0043513557756240835
KEGG_2021_Human,Human T-cell leukemia virus 1 infection,216,5,0.0005832160523383279,BCL2L1;CCND1;EP300;KRAS;MYC,0.004770408222972477
KEGG_2021_Human,Endocrine and other factor-regulated calcium reabsorption,53,3,0.0006191670951722968,AP2S1;ATP1B3;DNM2,0.004937857583999067
KEGG_2021_Human,Pyrimidine metabolism,54,3,0.0006541294844000321,CTPS1;TYMS;UMPS,0.005089446476185615
KEGG_2021_Human,Ubiquitin mediated proteolysis,139,4,0.0009578486313870793,CUL2;ELOB;MDM2;SKP2,0.007275088414582817
KEGG_2021_Human,Signaling pathways regulating pluripotency of stem cells,141,4,0.0010100948720264014,CTNNB1;GRB2;KRAS;MYC,0.007493494515730744
KEGG_2021_Human,Endocytosis,247,5,0.0010653710604295206,AP2S1;CHMP4B;DNM2;MDM2;TFRC,0.007723940188114025
KEGG_2021_Human,Long-term potentiation,67,3,0.001227304437928132,BRAF;EP300;KRAS,0.008700224793312759
GO_Biological_Process_2023,Positive Regulation Of Ubiquitin-Dependent Protein Catabolic Process (GO:2000060),80,5,5.189411328924366e-06,ELOB;MDM2;PTK2;SUMO2;ZER1,0.009247530988143219
KEGG_2021_Human,Prolactin signaling pathway,70,3,0.0013930861860968393,CCND1;GRB2;KRAS,0.009301734832270174
KEGG_2021_Human,mTOR signaling pathway,154,4,0.0013996340813447283,BRAF;GRB2;KRAS;SKP2,0.009301734832270174
KEGG_2021_Human,Cushing syndrome,154,4,0.0013996340813447283,BRAF;CCND1;CDK6;CTNNB1,0.009301734832270174
KEGG_2021_Human,One carbon pool by folate,19,2,0.0016072872588609973,DHFR;TYMS,0.010463768072993023
KEGG_2021_Human,Bacterial invasion of epithelial cells,76,3,0.001765366814391415,CTNNB1;DNM2;PTK2,0.011042196348840419
KEGG_2021_Human,Wnt signaling pathway,164,4,0.0017630085391078364,CCND1;CTNNB1;EP300;MYC,0.011042196348840419
KEGG_2021_Human,Gap junction,88,3,0.002683203552457783,GRB2;KRAS;TUBB4B,0.01646042179296217
KEGG_2021_Human,Folate biosynthesis,26,2,0.00301192237055986,DHFR;FPGS,0.017736711382968354
KEGG_2021_Human,Chemokine signaling pathway,189,4,0.0029487341991678295,BRAF;GRB2;KRAS;PTK2,0.017736711382968354
KEGG_2021_Human,Pathways of neurodegeneration,457,6,0.0030580536867186817,BCL2L1;BRAF;CTNNB1;KRAS;SDHB;TUBB4B,0.017736711382968354
KEGG_2021_Human,Melanogenesis,101,3,0.003959025298664012,CTNNB1;EP300;KRAS,0.02255230482631821
GO_Biological_Process_2023,Cell Cycle G1/S Phase Transition (GO:0044843),52,4,2.133508840742695e-05,CCND1;CDK6;CUL2;MYC,0.022887455060968606
GO_Biological_Process_2023,Mitotic Cell Cycle Phase Transition (GO:0044772),111,5,2.5687379417473185e-05,CCND1;CDK6;CUL2;DNM2;MYC,0.022887455060968606
GO_Biological_Process_2023,Positive Regulation Of Multicellular Organismal Process (GO:0051240),384,8,2.5427653479893528e-05,CFL1;CTNNB1;FERMT2;IRF4;MED1;PAX8;PTK2;SCD,0.022887455060968606
KEGG_2021_Human,Regulation of actin cytoskeleton,215,4,0.004667068739878107,BRAF;CFL1;KRAS;PTK2,0.026119209263528353
KEGG_2021_Human,Chemical carcinogenesis,218,4,0.004900795542165014,CCND1;GRB2;KRAS;MYC,0.02649752166018033
KEGG_2021_Human,Alzheimer disease,351,5,0.004879547321680835,BRAF;CTNNB1;KRAS;SDHB;TUBB4B,0.02649752166018033
KEGG_2021_Human,Nicotinate and nicotinamide metabolism,34,2,0.005115888063304069,NAMPT;NMNAT1,0.027199471536566634
GO_Biological_Process_2023,Purine Nucleotide Biosynthetic Process (GO:0006164),21,3,3.775594062782859e-05,ADSL;NAMPT;NMNAT1,0.028834751228053096
KEGG_2021_Human,Aldosterone-regulated sodium reabsorption,36,2,0.005722029294597187,ATP1B3;KRAS,0.029923399097975454
GO_Biological_Process_2023,G1/S Transition Of Mitotic Cell Cycle (GO:0000082),63,4,4.574990267670096e-05,CCND1;CDK6;CUL2;MYC,0.030572372463705415
KEGG_2021_Human,Neurotrophin signaling pathway,119,3,0.006250873145201349,BRAF;GRB2;KRAS,0.03216175053740694
KEGG_2021_Human,Natural killer cell mediated cytotoxicity,120,3,0.006396990737314226,BRAF;GRB2;KRAS,0.03239111182862283
KEGG_2021_Human,Salmonella infection,248,4,0.007683500656171907,CTNNB1;DNM2;MYC;TUBB4B,0.03829744858310685
KEGG_2021_Human,Autophagy,137,3,0.0091970925604091,BCL2L1;CFLAR;KRAS,0.04314518421721328
KEGG_2021_Human,Insulin signaling pathway,137,3,0.0091970925604091,BRAF;GRB2;KRAS,0.04314518421721328
KEGG_2021_Human,Measles,135,3,0.008836176588594594,BCL2L1;CCND1;CDK6,0.04314518421721328
KEGG_2021_Human,Fluid shear stress and atherosclerosis,136,3,0.009015569439827216,CTNNB1;PTK2;SUMO2,0.04314518421721328
KEGG_2021_Human,Apoptosis,141,3,0.009944591228167515,BCL2L1;CFLAR;KRAS,0.045975718866455614
KEGG_2021_Human,Phospholipase D signaling pathway,145,3,0.010726574980888907,DNM2;GRB2;KRAS,0.04888253455576516
KEGG_2021_Human,Necroptosis,148,3,0.011335869808554222,CFLAR;CHMP4B;TRPM7,0.05093158406941967
GO_Biological_Process_2023,Nucleobase Biosynthetic Process (GO:0046112),6,2,0.0001447473241070248,PAICS;UMPS,0.05527279961972533
GO_Biological_Process_2023,Pronephros Development (GO:0048793),5,2,9.669393017190812e-05,HNF1B;PAX8,0.05527279961972533
GO_Biological_Process_2023,Pyrimidine Ribonucleotide Biosynthetic Process (GO:0009220),6,2,0.0001447473241070248,CTPS1;UMPS,0.05527279961972533
GO_Biological_Process_2023,Positive Regulation Of Proteasomal Ubiquitin-Dependent Protein Catabolic Process (GO:0032436),80,4,0.0001167395406445519,ELOB;MDM2;SUMO2;ZER1,0.05527279961972533
GO_Biological_Process_2023,Detection Of Muscle Stretch (GO:0035995),6,2,0.0001447473241070248,CTNNB1;PTK2,0.05527279961972533
GO_Biological_Process_2023,Regulation Of Epithelial To Mesenchymal Transition (GO:0010717),83,4,0.00013469087651046805,CTNNB1;FERMT2;FOXA1;PTK2,0.05527279961972533
KEGG_2021_Human,Huntington disease,286,4,0.01248905033000074,AP2S1;EP300;SDHB;TUBB4B,0.05533343132319772
GO_Biological_Process_2023,Positive Regulation Of Proteasomal Protein Catabolic Process (GO:1901800),87,4,0.0001616325584273044,ELOB;MDM2;SUMO2;ZER1,0.0576058438234913
KEGG_2021_Human,MAPK signaling pathway,291,4,0.013237026336327704,BRAF;GRB2;KRAS;MYC,0.05784399179847312
KEGG_2021_Human,Hippo signaling pathway,161,3,0.014204784976312102,CCND1;CTNNB1;MYC,0.06109809111839157
KEGG_2021_Human,VEGF signaling pathway,58,2,0.014364754965139084,KRAS;PTK2,0.06109809111839157
KEGG_2021_Human,Long-term depression,59,2,0.0148390330459037,BRAF;KRAS,0.06228488870583264
KEGG_2021_Human,Mineral absorption,60,2,0.015320018075042949,ATP1B3;TRPM7,0.06346864631089222
KEGG_2021_Human,Alcoholism,167,3,0.01565559142222581,BRAF;GRB2;KRAS,0.06402735466269273
KEGG_2021_Human,NOD-like receptor signaling pathway,170,3,0.016411268502351823,BCL2L1;NAMPT;TRPM7,0.06626828673734471
KEGG_2021_Human,Fc epsilon RI signaling pathway,66,2,0.01834424846537184,GRB2;KRAS,0.07314769075567021
KEGG_2021_Human,Axon guidance,181,3,0.01935576330769774,CFL1;KRAS;PTK2,0.07548609330101727
KEGG_2021_Human,Mitophagy,68,2,0.019403948748223876,BCL2L1;KRAS,0.07548609330101727
KEGG_2021_Human,Central carbon metabolism in cancer,70,2,0.020488873943248158,KRAS;MYC,0.07874639503489352
KEGG_2021_Human,Adherens junction,71,2,0.021040687258660942,CTNNB1;EP300,0.0799045147084862
GO_Biological_Process_2023,Nicotinamide Nucleotide Biosynthetic Process (GO:0019359),8,2,0.0002691026811863588,NAMPT;NMNAT1,0.07992349631234856
GO_Biological_Process_2023,Regulation Of Nephron Tubule Epithelial Cell Differentiation (GO:0072182),8,2,0.0002691026811863588,CTNNB1;PAX8,0.07992349631234856
GO_Biological_Process_2023,Regulation Of Intrinsic Apoptotic Signaling Pathway By P53 Class Mediator (GO:1902253),8,2,0.0002691026811863588,MDM2;MYC,0.07992349631234856
GO_Biological_Process_2023,Branching Morphogenesis Of An Epithelial Tube (GO:0048754),42,3,0.00031095943843537695,CTNNB1;MYC;PAX8,0.08301267836441635
GO_Biological_Process_2023,Regulation Of Proteasomal Ubiquitin-Dependent Protein Catabolic Process (GO:0032434),104,4,0.0003208987096605014,ELOB;MDM2;SUMO2;ZER1,0.08301267836441635
GO_Biological_Process_2023,Transferrin Transport (GO:0033572),9,2,0.0003452893085765227,DNM2;TFRC,0.08301267836441635
GO_Biological_Process_2023,Positive Regulation Of miRNA Transcription (GO:1902895),43,3,0.0003335364440086368,FOXA1;MYB;MYC,0.08301267836441635
GO_Biological_Process_2023,Epidermal Growth Factor Receptor Signaling Pathway (GO:0007173),44,3,0.00035714395854500116,BRAF;GRB2;PTK2,0.08301267836441635
KEGG_2021_Human,Thyroid hormone synthesis,75,2,0.023309275427393507,ATP1B3;PAX8,0.08747833954515916
GO_Biological_Process_2023,Regulation Of Fibroblast Proliferation (GO:0048145),46,3,0.00040752909298013526,CDK6;CTNNB1;MYC,0.09077710546132513
GO_Biological_Process_2023,Positive Regulation Of Epithelial To Mesenchymal Transition (GO:0010718),47,3,0.00043434548960761155,CTNNB1;FERMT2;PTK2,0.09288043949769165
KEGG_2021_Human,Synaptic vesicle cycle,78,2,0.02507392836743285,AP2S1;DNM2,0.09300678080477999
GO_Biological_Process_2023,Positive Regulation Of miRNA Metabolic Process (GO:2000630),49,3,0.0004913213592087331,FOXA1;MYB;MYC,0.0936252217405099
GO_Biological_Process_2023,Receptor Internalization (GO:0031623),50,3,0.0005215183947313397,DNM2;GRB2;TFRC,0.0936252217405099
GO_Biological_Process_2023,Erythrocyte Differentiation (GO:0030218),49,3,0.0004913213592087331,CFLAR;MED1;MYB,0.0936252217405099
GO_Biological_Process_2023,Pyrimidine Nucleobase Metabolic Process (GO:0006206),11,2,0.0005253940613945561,CTPS1;UMPS,0.0936252217405099
GO_Biological_Process_2023,Negative Regulation Of Cell Differentiation (GO:0045596),205,5,0.0004598690729439873,CDK6;FERMT2;FOXA1;MED1;MYB,0.0936252217405099
KEGG_2021_Human,B cell receptor signaling pathway,79,2,0.02567396210516274,GRB2;KRAS,0.09413786105226339
GO_Biological_Process_2023,ERBB Signaling Pathway (GO:0038127),53,3,0.0006191670951722968,BRAF;GRB2;PTK2,0.10030506941791209
GO_Biological_Process_2023,Receptor-Mediated Endocytosis (GO:0006898),122,4,0.0005877835390111081,AP2S1;DNM2;GRB2;TFRC,0.10030506941791209
GO_Biological_Process_2023,Epidermal Cell Differentiation (GO:0009913),53,3,0.0006191670951722968,CFLAR;CTNNB1;MED1,0.10030506941791209
KEGG_2021_Human,Rap1 signaling pathway,209,3,0.028089784492212427,BRAF;CTNNB1;KRAS,0.10182546878427005
KEGG_2021_Human,Lipid and atherosclerosis,211,3,0.02878176950420209,BCL2L1;KRAS;PTK2,0.10316162327910636
GO_Biological_Process_2023,Apoptotic Process (GO:0006915),222,5,0.0006601776344714585,BCL2L1;CFLAR;EP300;MDM2;MYC,0.10380322452601227
KEGG_2021_Human,cAMP signaling pathway,215,3,0.0301928992602811,ATP1B3;BRAF;EP300,0.10701705404477413
KEGG_2021_Human,Thermogenesis,217,3,0.030912023893950143,GRB2;KRAS;SDHB,0.1083619299139571
KEGG_2021_Human,Progesterone-mediated oocyte maturation,90,2,0.03265069464150587,BRAF;KRAS,0.11321273468087362
KEGG_2021_Human,GnRH signaling pathway,92,2,0.03399087816767117,GRB2;KRAS,0.11659236704824842
KEGG_2021_Human,TGF-beta signaling pathway,93,2,0.03466896431578571,EP300;MYC,0.11765318741208129
KEGG_2021_Human,Ras signaling pathway,229,3,0.035415822686785406,BCL2L1;GRB2;KRAS,0.11892260460088994
KEGG_2021_Human,Fc gamma R-mediated phagocytosis,95,2,0.036040931146665435,CFL1;DNM2,0.11976101078944035
KEGG_2021_Human,Parkinson disease,234,3,0.037387547256831584,BCL2L1;SDHB;TUBB4B,0.12185051496881347
KEGG_2021_Human,Choline metabolism in cancer,97,2,0.03743370052333454,GRB2;KRAS,0.12185051496881347
GO_Biological_Process_2023,protein-DNA Complex Organization (GO:0071824),58,3,0.0008065138063035518,CDAN1;FAM50A;MYC,0.12318922309996538
GO_Biological_Process_2023,Regulation Of miRNA Transcription (GO:1902893),59,3,0.0008478296633474003,FOXA1;MYB;MYC,0.12484043367331983
GO_Biological_Process_2023,Response To Muscle Stretch (GO:0035994),14,2,0.000864028441061136,CTNNB1;PTK2,0.12484043367331983
KEGG_2021_Human,Shigellosis,239,3,0.0394148302417803,BCL2L1;MDM2;PTK2,0.12495069414059914
KEGG_2021_Human,AGE-RAGE signaling pathway in diabetic complications,100,2,0.039561191561757095,CCND1;KRAS,0.12495069414059914
KEGG_2021_Human,NF-kappa B signaling pathway,100,2,0.039561191561757095,BCL2L1;CFLAR,0.12495069414059914
KEGG_2021_Human,T cell receptor signaling pathway,102,2,0.04100463645596356,GRB2;KRAS,0.12823999048482723
KEGG_2021_Human,C-type lectin receptor signaling pathway,104,2,0.04246782678943656,KRAS;MDM2,0.1315265703478666
GO_Biological_Process_2023,Positive Regulation Of DNA-binding Transcription Factor Activity (GO:0051091),241,5,0.0009547039057427563,CFLAR;CTNNB1;EP300;FOXA1;TFRC,0.13431176526580987
GO_Biological_Process_2023,Regulation Of Monocyte Differentiation (GO:0045655),15,2,0.000994941887518209,CDK6;MYC,0.13638357258134218
GO_Biological_Process_2023,Positive Regulation Of Cell Cycle (GO:0045787),64,3,0.0010745624944642881,CCND1;FOXA1;MDM2,0.14361527738515212
KEGG_2021_Human,Serotonergic synapse,111,2,0.0477402461172199,BRAF;KRAS,0.14643402414801104
KEGG_2021_Human,Leukocyte transendothelial migration,113,2,0.04928867353369257,CTNNB1;PTK2,0.1497436843547422
KEGG_2021_Human,Selenocompound metabolism,17,1,0.0521820490295842,SEPHS2,0.15703843057016376
GO_Biological_Process_2023,NAD Biosynthetic Process (GO:0009435),17,2,0.0012834868784578858,NAMPT;NMNAT1,0.16336954410085372
GO_Biological_Process_2023,Purine-Containing Compound Biosynthetic Process (GO:0072522),17,2,0.0012834868784578858,ADSL;PAICS,0.16336954410085372
GO_Biological_Process_2023,Chromatin Organization (GO:0006325),259,5,0.0013149889716500191,CDAN1;DNAJC9;FAM50A;FOXA1;MYC,0.16348676842886053
KEGG_2021_Human,AMPK signaling pathway,120,2,0.054849301245446354,CCND1;SCD,0.16352268315231203
GO_Biological_Process_2023,Detection Of Mechanical Stimulus (GO:0050982),18,2,0.0014410076756461911,CTNNB1;PTK2,0.1674701529131421
GO_Biological_Process_2023,Branching Involved In Ureteric Bud Morphogenesis (GO:0001658),18,2,0.0014410076756461911,MYC;PAX8,0.1674701529131421
GO_Biological_Process_2023,Ureteric Bud Morphogenesis (GO:0060675),18,2,0.0014410076756461911,MYC;PAX8,0.1674701529131421
GO_Biological_Process_2023,Positive Regulation Of Protein Localization To Nucleus (GO:1900182),72,3,0.0015110512676186055,EP300;FERMT2;TFRC,0.17187404418487373
GO_Biological_Process_2023,Dopaminergic Neuron Differentiation (GO:0071542),19,2,0.0016072872588609973,CTNNB1;FOXA1,0.17901161845564356
KEGG_2021_Human,Purine metabolism,127,2,0.06062047301238874,ADSL;PAICS,0.17905491565696302
KEGG_2021_Human,Relaxin signaling pathway,129,2,0.06230643427141069,GRB2;KRAS,0.18234635350990835
KEGG_2021_Human,Estrogen signaling pathway,135,2,0.06745919761639566,GRB2;KRAS,0.1956316730875474
KEGG_2021_Human,Apelin signaling pathway,136,2,0.06833149057425497,CCND1;KRAS,0.19637608552421024
KEGG_2021_Human,Proximal tubule bicarbonate reclamation,23,1,0.06995264609362743,ATP1B3,0.19924012592738527
KEGG_2021_Human,Maturity onset diabetes of the young,26,1,0.07871474316941163,HNF1B,0.22129747778636658
KEGG_2021_Human,Phagosome,148,2,0.07908436510233789,TFRC;TUBB4B,0.22129747778636658
GO_Biological_Process_2023,Response To Gamma Radiation (GO:0010332),22,2,0.0021581324561646517,MDM2;MYC,0.22622306099325937
GO_Biological_Process_2023,NAD Metabolic Process (GO:0019674),22,2,0.0021581324561646517,NAMPT;NMNAT1,0.22622306099325937
GO_Biological_Process_2023,Negative Regulation Of Myeloid Cell Differentiation (GO:0045638),22,2,0.0021581324561646517,CDK6;MYB,0.22622306099325937
KEGG_2021_Human,Biosynthesis of unsaturated fatty acids,27,1,0.08161737475701407,SCD,0.2263995004129347
KEGG_2021_Human,Oxytocin signaling pathway,152,2,0.08278020442553816,CCND1;KRAS,0.22764556217022994
GO_Biological_Process_2023,Glial Cell Development (GO:0021782),23,2,0.0023589021485933156,CDK6;SOX10,0.23793756389395973
GO_Biological_Process_2023,Negative Regulation Of Extrinsic Apoptotic Signaling Pathway Via Death Domain Receptors (GO:1902042),23,2,0.0023589021485933156,BCL2L1;CFLAR,0.23793756389395973
GO_Biological_Process_2023,Regulation Of Osteoblast Differentiation (GO:0045667),85,3,0.002431206390684136,CDK6;FERMT2;PTK2,0.24068943267772946
KEGG_2021_Human,Citrate cycle (TCA cycle),30,1,0.09027145117458545,SDHB,0.24612472585207484
GO_Biological_Process_2023,Iron Ion Transport (GO:0006826),24,2,0.0025681593398200666,DNM2;TFRC,0.24962508783051046
KEGG_2021_Human,Influenza A,163,2,0.09320950314073674,CDK6;EP300,0.25198162289741544
KEGG_2021_Human,Amyotrophic lateral sclerosis,345,3,0.09464309210073177,BCL2L1;SDHB;TUBB4B,0.25370711243809607
KEGG_2021_Human,SNARE interactions in vesicular transport,33,1,0.09884537173365426,SNAP23,0.26276394652529755
GO_Biological_Process_2023,Peptidyl-Lysine Modification (GO:0018205),92,3,0.003043478004912472,EP300;MDM2;SUMO2,0.2805247140390013
GO_Biological_Process_2023,Mitotic G1 DNA Damage Checkpoint Signaling (GO:0031571),26,2,0.00301192237055986,CCND1;MDM2,0.2805247140390013
GO_Biological_Process_2023,Cellular Response To Xenobiotic Stimulus (GO:0071466),26,2,0.00301192237055986,MYC;TFRC,0.2805247140390013
GO_Biological_Process_2023,Positive Regulation Of Mitotic Cell Cycle (GO:0045931),27,2,0.0032463218917470273,FOXA1;MDM2,0.28924728055466015
GO_Biological_Process_2023,Myeloid Cell Development (GO:0061515),27,2,0.0032463218917470273,MED1;MYB,0.28924728055466015
KEGG_2021_Human,"Alanine, aspartate and glutamate metabolism",37,1,0.11015383886927196,ADSL,0.2904055752008079
GO_Biological_Process_2023,MAPK Cascade (GO:0000165),96,3,0.0034321647158753747,BRAF;KRAS;MYC,0.30079266509950414
GO_Biological_Process_2023,Positive Regulation Of Fibroblast Proliferation (GO:0048146),28,2,0.0034889962731746798,CDK6;MYC,0.3008415173611587
GO_Biological_Process_2023,Positive Regulation Of Gene Expression (GO:0010628),471,6,0.0035469190218408134,BRAF;EP300;KRAS;MED1;MYC;TFRC,0.3009814141390633
GO_Biological_Process_2023,Positive Regulation Of Cell Population Proliferation (GO:0008284),477,6,0.0037734142281491932,CDK6;KRAS;MDM2;MYC;NAMPT;PTK2,0.30564655248008465
GO_Biological_Process_2023,Negative Regulation Of Myeloid Leukocyte Differentiation (GO:0002762),29,2,0.0037398929571258476,CDK6;MYC,0.30564655248008465
GO_Biological_Process_2023,Response To UV (GO:0009411),99,3,0.0037427417581306285,CCND1;EP300;MYC,0.30564655248008465
KEGG_2021_Human,Ferroptosis,41,1,0.1213228140718072,TFRC,0.31722932531890574
KEGG_2021_Human,Carbohydrate digestion and absorption,42,1,0.12409346084705099,ATP1B3,0.3192404355662038
KEGG_2021_Human,Porphyrin and chlorophyll metabolism,42,1,0.12409346084705099,UROD,0.3192404355662038
GO_Biological_Process_2023,Regulation Of Cell Morphogenesis (GO:0022604),31,2,0.004266144195165676,CFL1;FERMT2,0.32122263193458733
GO_Biological_Process_2023,Regulation Of Extrinsic Apoptotic Signaling Pathway Via Death Domain Receptors (GO:1902041),31,2,0.004266144195165676,BCL2L1;CFLAR,0.32122263193458733
GO_Biological_Process_2023,Response To Estradiol (GO:0032355),31,2,0.004266144195165676,CTNNB1;FOXA1,0.32122263193458733
GO_Biological_Process_2023,Presynaptic Endocytosis (GO:0140238),31,2,0.004266144195165676,AP2S1;DNM2,0.32122263193458733
GO_Biological_Process_2023,Glutamine Family Amino Acid Metabolic Process (GO:0009064),31,2,0.004266144195165676,ADSL;FPGS,0.32122263193458733
GO_Biological_Process_2023,Positive Regulation Of Telomerase Activity (GO:0051973),33,2,0.00482465990472081,CTNNB1;MYC,0.35823099792552016
GO_Biological_Process_2023,Protein Polyubiquitination (GO:0000209),219,4,0.004980423343934103,CBFB;CTNNB1;MDM2;SKP2,0.3630900342020069
GO_Biological_Process_2023,Response To Lipid (GO:0033993),110,3,0.005025937622698936,CTNNB1;FOXA1;SCD,0.3630900342020069
GO_Biological_Process_2023,Regulation Of Erythrocyte Differentiation (GO:0045646),34,2,0.005115888063304069,CDK6;MED1,0.3646605011523141
GO_Biological_Process_2023,Positive Regulation Of Macromolecule Metabolic Process (GO:0010604),357,5,0.005238531260075879,BRAF;KRAS;MED1;MYC;TFRC,0.3659696696795418
GO_Biological_Process_2023,Positive Regulation Of Protein Modification Process (GO:0031401),225,4,0.005476538266809454,CCND1;KRAS;PTK2;TFRC,0.3659696696795418
GO_Biological_Process_2023,Adherens Junction Organization (GO:0034332),35,2,0.005415028161673459,CTNNB1;FERMT2,0.3659696696795418
GO_Biological_Process_2023,Protein Destabilization (GO:0031648),35,2,0.005415028161673459,EP300;MDM2,0.3659696696795418
GO_Biological_Process_2023,Regulation Of G2/M Transition Of Mitotic Cell Cycle (GO:0010389),35,2,0.005415028161673459,CCND1;CDK6,0.3659696696795418
GO_Biological_Process_2023,Positive Regulation Of Phosphorylation (GO:0042327),230,4,0.005914458921252773,CCND1;KRAS;PTK2;TFRC,0.390354288802683
GO_Biological_Process_2023,Negative Regulation Of Mitochondrion Organization (GO:0010823),37,2,0.0060368407892031255,BCL2L1;TFRC,0.39357257145219404
KEGG_2021_Human,Hedgehog signaling pathway,54,1,0.15667891619008786,CCND1,0.3998445941171042
GO_Biological_Process_2023,Positive Regulation Of ATP-dependent Activity (GO:0032781),38,2,0.006359412204061476,ATP1B3;DNAJC9,0.4096074414808753
GO_Biological_Process_2023,Positive Regulation Of Protein Phosphorylation (GO:0001934),376,5,0.006499065716171822,BRAF;CCND1;KRAS;PTK2;TFRC,0.41361911093636383
KEGG_2021_Human,Viral myocarditis,57,1,0.1646373116929221,CCND1,0.41681986055589004
KEGG_2021_Human,Notch signaling pathway,58,1,0.16727367233726925,EP300,0.42015985413849516
GO_Biological_Process_2023,Regulation Of Mitotic Cell Cycle (GO:0007346),122,3,0.006695324093543944,CKS1B;FOXA1;MDM2,0.4210965012245403
GO_Biological_Process_2023,Synaptic Vesicle Endocytosis (GO:0048488),40,2,0.007027634180546759,AP2S1;DNM2,0.424047469531977
GO_Biological_Process_2023,Positive Regulation Of Programmed Cell Death (GO:0043068),242,4,0.0070595257741013755,CFLAR;CTNNB1;DNM2;FOXA1,0.424047469531977
GO_Biological_Process_2023,Water-Soluble Vitamin Metabolic Process (GO:0006767),40,2,0.007027634180546759,DHFR;FPGS,0.424047469531977
GO_Biological_Process_2023,Positive Regulation Of Wound Healing (GO:0090303),40,2,0.007027634180546759,FERMT2;PTK2,0.424047469531977
GO_Biological_Process_2023,SCF-dependent Proteasomal Ubiquitin-Dependent Protein Catabolic Process (GO:0031146),41,2,0.007373185008315776,CUL2;SKP2,0.4284461636353928
GO_Biological_Process_2023,Keratinocyte Differentiation (GO:0030216),41,2,0.007373185008315776,CFLAR;MED1,0.4284461636353928
GO_Biological_Process_2023,Regulation Of Anatomical Structure Morphogenesis (GO:0022603),126,3,0.00731657935520536,CFL1;CTNNB1;FERMT2,0.4284461636353928
GO_Biological_Process_2023,Regulation Of Cell Cycle Process (GO:0010564),129,3,0.007804246466318299,BCL2L1;CTNNB1;MYC,0.44861829687029703
KEGG_2021_Human,Basal cell carcinoma,63,1,0.1803333147103331,CTNNB1,0.44942443275465827
KEGG_2021_Human,GnRH secretion,64,1,0.18292098441133461,KRAS,0.4523394885830678
GO_Biological_Process_2023,Positive Regulation Of Cell-Matrix Adhesion (GO:0001954),43,2,0.008086918718165961,CDK6;FERMT2,0.45992199433314074
KEGG_2021_Human,Prion disease,255,2,0.1914018101559803,SDHB;TUBB4B,0.46967059569044395
GO_Biological_Process_2023,Synaptic Vesicle Recycling (GO:0036465),44,2,0.008455003230528854,AP2S1;DNM2,0.4757941817937606
GO_Biological_Process_2023,Protein Sumoylation (GO:0016925),45,2,0.008830500977156252,MDM2;SUMO2,0.4866789507616218
GO_Biological_Process_2023,Regulation Of Telomerase Activity (GO:0051972),45,2,0.008830500977156252,CTNNB1;MYC,0.4866789507616218
GO_Biological_Process_2023,Regulation Of Protein Phosphorylation (GO:0001932),260,4,0.009038444056046235,CCND1;KRAS;PTK2;TFRC,0.48807597902649674
GO_Biological_Process_2023,Negative Regulation Of Cellular Biosynthetic Process (GO:0031327),136,3,0.009015569439827216,DHFR;EP300;TYMS,0.48807597902649674
GO_Biological_Process_2023,Insulin Receptor Signaling Pathway (GO:0008286),46,2,0.009213363335527901,GRB2;NAMPT,0.4925464039173216
KEGG_2021_Human,PPAR signaling pathway,73,1,0.20585163721681649,SCD,0.5012723074211027
GO_Biological_Process_2023,Intracellular Iron Ion Homeostasis (GO:0006879),47,2,0.009603541906457689,MYC;TFRC,0.5033385787443412
GO_Biological_Process_2023,Regulation Of Signal Transduction By P53 Class Mediator (GO:1901796),47,2,0.009603541906457689,EP300;MDM2,0.5033385787443412
KEGG_2021_Human,Ribosome biogenesis in eukaryotes,74,1,0.2083601115138114,WDR36,0.5035369361583776
KEGG_2021_Human,Pertussis,75,1,0.21086079848795228,CFL1,0.5057488324635848
GO_Biological_Process_2023,Positive Regulation Of Apoptotic Process (GO:0043065),266,4,0.009770978293383642,CFLAR;CTNNB1;DNM2;FOXA1,0.5071422325866889
KEGG_2021_Human,Gastric acid secretion,76,1,0.21335372189142185,ATP1B3,0.507909233457937
KEGG_2021_Human,Arrhythmogenic right ventricular cardiomyopathy,77,1,0.2158389054052458,CTNNB1,0.5100193394390623
GO_Biological_Process_2023,Dicarboxylic Acid Metabolic Process (GO:0043648),49,2,0.010405655200613265,DHFR;FPGS,0.5247984217214955
GO_Biological_Process_2023,Intrinsic Apoptotic Signaling Pathway In Response To DNA Damage (GO:0008630),49,2,0.010405655200613265,BCL2L1;EP300,0.5247984217214955
GO_Biological_Process_2023,Ras Protein Signal Transduction (GO:0007265),143,3,0.010331253630705414,CFL1;GRB2;KRAS,0.5247984217214955
KEGG_2021_Human,Cardiac muscle contraction,82,1,0.2281495485109367,ATP1B3,0.5351448968749176
KEGG_2021_Human,Insulin secretion,86,1,0.23786113441059195,ATP1B3,0.5498384193983974
KEGG_2021_Human,Salivary secretion,86,1,0.23786113441059195,ATP1B3,0.5498384193983974
KEGG_2021_Human,Bile secretion,88,1,0.24267179351163007,ATP1B3,0.5569230369079855
KEGG_2021_Human,PD-L1 expression and PD-1 checkpoint pathway in cancer,89,1,0.2450659198525211,KRAS,0.5584002030925302
GO_Biological_Process_2023,Regulation Of Substrate Adhesion-Dependent Cell Spreading (GO:1900024),51,2,0.011236458099280177,FERMT2;PTK2,0.5611255555234339
GO_Biological_Process_2023,Positive Regulation Of NF-kappaB Transcription Factor Activity (GO:0051092),148,3,0.011335869808554222,CFLAR;EP300;TFRC,0.5611255555234339
GO_Biological_Process_2023,Regulation Of Protein Localization To Nucleus (GO:1900180),52,2,0.011662499500157485,FERMT2;TFRC,0.56169119214272
GO_Biological_Process_2023,Cellular Response To Ionizing Radiation (GO:0071479),52,2,0.011662499500157485,GRB2;MDM2,0.56169119214272
GO_Biological_Process_2023,Positive Regulation Of Transcription Initiation By RNA Polymerase II (GO:0060261),52,2,0.011662499500157485,HNF1B;MED1,0.56169119214272
GO_Biological_Process_2023,Positive Regulation Of Cell Differentiation (GO:0045597),282,4,0.011910677380210183,CTNNB1;FERMT2;PAX8;PTK2,0.5685221542375325
KEGG_2021_Human,Hematopoietic cell lineage,95,1,0.25927526348734864,TFRC,0.5865872982444271
KEGG_2021_Human,Pancreatic secretion,96,1,0.2616177953694496,ATP1B3,0.5877188501609467
KEGG_2021_Human,Aldosterone synthesis and secretion,97,1,0.26395304635742983,ATP1B3,0.5888183341819588
GO_Biological_Process_2023,Regulation Of Focal Adhesion Assembly (GO:0051893),54,2,0.012535626815898688,FERMT2;PTK2,0.5915109445970461
GO_Biological_Process_2023,Regulation Of Macromolecule Metabolic Process (GO:0060255),154,3,0.012613589166491444,CDK6;MDM2;MYC,0.5915109445970461
KEGG_2021_Human,Protein digestion and absorption,100,1,0.27091533596502193,ATP1B3,0.5919314532386438
KEGG_2021_Human,Amoebiasis,100,1,0.27091533596502193,PTK2,0.5919314532386438
KEGG_2021_Human,Longevity regulating pathway,100,1,0.27091533596502193,KRAS,0.5919314532386438
KEGG_2021_Human,Chagas disease,101,1,0.2732216850522336,CFLAR,0.5929096430725341
GO_Biological_Process_2023,Purine Ribonucleotide Biosynthetic Process (GO:0009152),55,2,0.012982619226231569,ADSL;PAICS,0.5983196757192584
GO_Biological_Process_2023,Positive Regulation Of Cellular Metabolic Process (GO:0031325),55,2,0.012982619226231569,GRB2;PAX8,0.5983196757192584
KEGG_2021_Human,Drug metabolism,103,1,0.2778128939646158,UMPS,0.5987994133426516
KEGG_2021_Human,Th17 cell differentiation,105,1,0.28237559621707214,IRF4,0.6005187679549734
KEGG_2021_Human,"Parathyroid hormone synthesis, secretion and action",105,1,0.28237559621707214,BRAF,0.6005187679549734
KEGG_2021_Human,Glucagon signaling pathway,106,1,0.2846463117336793,EP300,0.6013388969737994
GO_Biological_Process_2023,Positive Regulation Of DNA-templated Transcription Initiation (GO:2000144),56,2,0.013436502161569587,HNF1B;MED1,0.6036263912247984
GO_Biological_Process_2023,post-Golgi Vesicle-Mediated Transport (GO:0006892),56,2,0.013436502161569587,DNM2;SNAP23,0.6036263912247984
GO_Biological_Process_2023,Regulation Of Cell Cycle (GO:0051726),292,4,0.013389985152905685,CDK6;CKS1B;MDM2;MYC,0.6036263912247984
KEGG_2021_Human,Toxoplasmosis,108,1,0.2891665797527587,BCL2L1,0.6068693351390134
GO_Biological_Process_2023,Renal System Development (GO:0072001),57,2,0.01389722940793785,HNF1B;PAX8,0.6089720361871783
GO_Biological_Process_2023,Regulation Of Transcription Initiation By RNA Polymerase II (GO:0060260),57,2,0.01389722940793785,HNF1B;MED1,0.6089720361871783
GO_Biological_Process_2023,Myeloid Cell Differentiation (GO:0030099),57,2,0.01389722940793785,CFLAR;MYB,0.6089720361871783
KEGG_2021_Human,TNF signaling pathway,112,1,0.298123065601267,CFLAR,0.6175406358883387
KEGG_2021_Human,Cholinergic synapse,112,1,0.298123065601267,KRAS,0.6175406358883387
GO_Biological_Process_2023,Mesenchymal To Epithelial Transition Involved In Metanephros Morphogenesis (GO:0003337),5,1,0.015633957969192973,PAX8,0.6191047355800418
GO_Biological_Process_2023,Purine Nucleobase Biosynthetic Process (GO:0009113),5,1,0.015633957969192973,PAICS,0.6191047355800418
GO_Biological_Process_2023,Positive Regulation Of Epithelial Cell Differentiation Involved In Kidney Development (GO:2000698),5,1,0.015633957969192973,PAX8,0.6191047355800418
GO_Biological_Process_2023,Regulation Of Superoxide Metabolic Process (GO:0090322),5,1,0.015633957969192973,DHFR,0.6191047355800418
GO_Biological_Process_2023,Positive Regulation Of Intrinsic Apoptotic Signaling Pathway By P53 Class Mediator (GO:1902255),5,1,0.015633957969192973,MYC,0.6191047355800418
GO_Biological_Process_2023,Response To Gonadotropin (GO:0034698),5,1,0.015633957969192973,PAX8,0.6191047355800418
GO_Biological_Process_2023,Response To Organic Cyclic Compound (GO:0014070),58,2,0.014364754965139084,CTNNB1;FOXA1,0.6191047355800418
GO_Biological_Process_2023,Morphogenesis Of An Endothelium (GO:0003159),5,1,0.015633957969192973,CTNNB1,0.6191047355800418
GO_Biological_Process_2023,Negative Regulation Of Protein Sumoylation (GO:0033234),5,1,0.015633957969192973,CTNNB1,0.6191047355800418
GO_Biological_Process_2023,Nephron Tubule Development (GO:0072080),5,1,0.015633957969192973,HNF1B,0.6191047355800418
GO_Biological_Process_2023,Regulation Of Macrophage Proliferation (GO:0120040),5,1,0.015633957969192973,PTK2,0.6191047355800418
GO_Biological_Process_2023,T-helper 2 Cell Differentiation (GO:0045064),5,1,0.015633957969192973,MYB,0.6191047355800418
GO_Biological_Process_2023,Negative Regulation Of Intrinsic Apoptotic Signaling Pathway (GO:2001243),59,2,0.0148390330459037,BCL2L1;MDM2,0.6191047355800418
GO_Biological_Process_2023,Positive Regulation Of Hormone Metabolic Process (GO:0032352),6,1,0.01873180009821016,PAX8,0.6298125995285001
GO_Biological_Process_2023,Metanephric Nephron Tubule Development (GO:0072234),6,1,0.01873180009821016,PAX8,0.6298125995285001
GO_Biological_Process_2023,Cellular Response To Gonadotropin Stimulus (GO:0071371),6,1,0.01873180009821016,PAX8,0.6298125995285001
GO_Biological_Process_2023,Positive Regulation Of DNA Biosynthetic Process (GO:2000573),65,2,0.017823967054352165,CTNNB1;MYC,0.6298125995285001
GO_Biological_Process_2023,Cellular Response To Light Stimulus (GO:0071482),62,2,0.016301927733034967,EP300;MYC,0.6298125995285001
GO_Biological_Process_2023,Negative Regulation Of Hematopoietic Progenitor Cell Differentiation (GO:1901533),6,1,0.01873180009821016,MYB,0.6298125995285001
GO_Biological_Process_2023,Positive Regulation Of Kidney Development (GO:0090184),6,1,0.01873180009821016,MYC,0.6298125995285001
GO_Biological_Process_2023,Regulation Of Skeletal Muscle Satellite Cell Proliferation (GO:0014842),6,1,0.01873180009821016,CFLAR,0.6298125995285001
GO_Biological_Process_2023,Neuron Differentiation (GO:0030182),172,3,0.016926305282374137,CFLAR;CTNNB1;FOXA1,0.6298125995285001
GO_Biological_Process_2023,Type B Pancreatic Cell Development (GO:0003323),6,1,0.01873180009821016,CDK6,0.6298125995285001
GO_Biological_Process_2023,Regulation Of Cell-Matrix Adhesion (GO:0001952),65,2,0.017823967054352165,CDK6;PTK2,0.6298125995285001
GO_Biological_Process_2023,Enteric Nervous System Development (GO:0048484),6,1,0.01873180009821016,SOX10,0.6298125995285001
GO_Biological_Process_2023,Negative Regulation Of Stress-Activated Protein Kinase Signaling Cascade (GO:0070303),6,1,0.01873180009821016,MYC,0.6298125995285001
GO_Biological_Process_2023,Epithelial Cell Differentiation Involved In Kidney Development (GO:0035850),6,1,0.01873180009821016,PAX8,0.6298125995285001
GO_Biological_Process_2023,Negative Regulation Of Keratinocyte Proliferation (GO:0010839),6,1,0.01873180009821016,MED1,0.6298125995285001
GO_Biological_Process_2023,Fat Cell Differentiation (GO:0045444),62,2,0.016301927733034967,EP300;MED1,0.6298125995285001
GO_Biological_Process_2023,Glandular Epithelial Cell Development (GO:0002068),6,1,0.01873180009821016,CDK6,0.6298125995285001
GO_Biological_Process_2023,Transcription Initiation At RNA Polymerase II Promoter (GO:0006367),65,2,0.017823967054352165,ELOB;MED1,0.6298125995285001
GO_Biological_Process_2023,Proteasome-Mediated Ubiquitin-Dependent Protein Catabolic Process (GO:0043161),313,4,0.016866781059711088,CTNNB1;CUL2;MDM2;SKP2,0.6298125995285001
GO_Biological_Process_2023,Regulation Of T-helper Cell Differentiation (GO:0045622),6,1,0.01873180009821016,IRF4,0.6298125995285001
GO_Biological_Process_2023,Protein-Containing Complex Assembly (GO:0065003),319,4,0.017954872824621056,AP2S1;ELOB;FERMT2;MDM2,0.6298125995285001
GO_Biological_Process_2023,'De Novo' AMP Biosynthetic Process (GO:0044208),6,1,0.01873180009821016,PAICS,0.6298125995285001
GO_Biological_Process_2023,GMP Biosynthetic Process (GO:0006177),6,1,0.01873180009821016,PAICS,0.6298125995285001
GO_Biological_Process_2023,Adherens Junction Maintenance (GO:0034334),6,1,0.01873180009821016,FERMT2,0.6298125995285001
GO_Biological_Process_2023,Skin Development (GO:0043588),67,2,0.018870923666216247,CFLAR;MED1,0.6305247369974504
GO_Biological_Process_2023,Thyroid Gland Development (GO:0030878),7,1,0.021820060752304464,PAX8,0.6374319386984681
GO_Biological_Process_2023,Intracellular Monoatomic Cation Homeostasis (GO:0030003),187,3,0.021077362948115786,ATP1B3;MYC;TFRC,0.6374319386984681
GO_Biological_Process_2023,"Regulation Of Wound Healing, Spreading Of Epidermal Cells (GO:1903689)",7,1,0.021820060752304464,FERMT2,0.6374319386984681
GO_Biological_Process_2023,Transcription By RNA Polymerase II (GO:0006366),189,3,0.021669397336776707,CBFB;ELOB;MED1,0.6374319386984681
GO_Biological_Process_2023,Negative Regulation Of Epithelial Cell Proliferation (GO:0050680),69,2,0.019943280007329527,CDK6;MED1,0.6374319386984681
GO_Biological_Process_2023,Transforming Growth Factor Beta Receptor Signaling Pathway (GO:0007179),72,2,0.021598676858405018,FERMT2;PTK2,0.6374319386984681
GO_Biological_Process_2023,IMP Biosynthetic Process (GO:0006188),7,1,0.021820060752304464,PAICS,0.6374319386984681
GO_Biological_Process_2023,Kidney Development (GO:0001822),70,2,0.020488873943248158,HNF1B;PAX8,0.6374319386984681
GO_Biological_Process_2023,Negative Regulation Of Extrinsic Apoptotic Signaling Pathway (GO:2001237),68,2,0.019403948748223876,BCL2L1;CFLAR,0.6374319386984681
GO_Biological_Process_2023,Positive Regulation Of Cell-Cell Adhesion Mediated By Cadherin (GO:2000049),7,1,0.021820060752304464,FOXA1,0.6374319386984681
GO_Biological_Process_2023,Response To Ionizing Radiation (GO:0010212),72,2,0.021598676858405018,GRB2;MYC,0.6374319386984681
GO_Biological_Process_2023,Positive Regulation Of Cell-Substrate Adhesion (GO:0010811),71,2,0.021040687258660942,CDK6;FERMT2,0.6374319386984681
GO_Biological_Process_2023,Regulation Of Extent Of Cell Growth (GO:0061387),7,1,0.021820060752304464,DNM2,0.6374319386984681
GO_Biological_Process_2023,Kidney Epithelium Development (GO:0072073),7,1,0.021820060752304464,PAX8,0.6374319386984681
GO_Biological_Process_2023,Cellular Response To Hypoxia (GO:0071456),72,2,0.021598676858405018,MDM2;MYC,0.6374319386984681
GO_Biological_Process_2023,Negative Regulation Of miRNA-mediated Gene Silencing (GO:0060965),7,1,0.021820060752304464,ELOB,0.6374319386984681
GO_Biological_Process_2023,Negative Regulation Of Mitochondrial Fusion (GO:0010637),7,1,0.021820060752304464,TFRC,0.6374319386984681
GO_Biological_Process_2023,Positive Regulation Of Chromosome Condensation (GO:1905821),7,1,0.021820060752304464,NCAPD3,0.6374319386984681
GO_Biological_Process_2023,Protein Localization To Membrane (GO:0072657),187,3,0.021077362948115786,ATP1B3;BRAF;FERMT2,0.6374319386984681
GO_Biological_Process_2023,T-helper 17 Cell Lineage Commitment (GO:0072540),7,1,0.021820060752304464,IRF4,0.6374319386984681
GO_Biological_Process_2023,Axon Ensheathment In Central Nervous System (GO:0032291),7,1,0.021820060752304464,SOX10,0.6374319386984681
GO_Biological_Process_2023,Regulation Of Chromosome Condensation (GO:0060623),7,1,0.021820060752304464,NCAPD3,0.6374319386984681
GO_Biological_Process_2023,Positive Regulation Of Fibroblast Migration (GO:0010763),7,1,0.021820060752304464,PTK2,0.6374319386984681
KEGG_2021_Human,Oxidative phosphorylation,118,1,0.3113502232841786,SDHB,0.6407788466300193
KEGG_2021_Human,Sphingolipid signaling pathway,119,1,0.31353080345830703,KRAS,0.6411302968153842
GO_Biological_Process_2023,Cellular Response To Decreased Oxygen Levels (GO:0036294),73,2,0.02216279984866562,MDM2;MYC,0.6439256956030782
KEGG_2021_Human,Platelet activation,122,1,0.32003191068710407,SNAP23,0.6502559204406764
GO_Biological_Process_2023,GMP Metabolic Process (GO:0046037),8,1,0.02489876904817848,PAICS,0.6557084696136066
GO_Biological_Process_2023,Regulation Of DNA Methylation (GO:0044030),8,1,0.02489876904817848,MYC,0.6557084696136066
GO_Biological_Process_2023,Internal Protein Amino Acid Acetylation (GO:0006475),8,1,0.02489876904817848,EP300,0.6557084696136066
GO_Biological_Process_2023,Integrin Activation (GO:0033622),8,1,0.02489876904817848,FERMT2,0.6557084696136066
GO_Biological_Process_2023,Sympathetic Ganglion Development (GO:0061549),8,1,0.02489876904817848,CTNNB1,0.6557084696136066
GO_Biological_Process_2023,Regulation Of Sister Chromatid Cohesion (GO:0007063),8,1,0.02489876904817848,CTNNB1,0.6557084696136066
GO_Biological_Process_2023,Wnt Signaling Pathway (GO:0016055),75,2,0.023309275427393507,CTNNB1;FERMT2,0.6557084696136066
GO_Biological_Process_2023,Regulation Of Transcription Elongation By RNA Polymerase II (GO:0034243),77,2,0.024479774840786443,INTS6;MED1,0.6557084696136066
GO_Biological_Process_2023,Regulation Of RNA Biosynthetic Process (GO:2001141),8,1,0.02489876904817848,MED1,0.6557084696136066
GO_Biological_Process_2023,Tetrahydrofolate Interconversion (GO:0035999),8,1,0.02489876904817848,TYMS,0.6557084696136066
GO_Biological_Process_2023,Androgen Biosynthetic Process (GO:0006702),8,1,0.02489876904817848,MED1,0.6557084696136066
GO_Biological_Process_2023,Skeletal Myofibril Assembly (GO:0014866),8,1,0.02489876904817848,CFLAR,0.6557084696136066
GO_Biological_Process_2023,Type B Pancreatic Cell Differentiation (GO:0003309),8,1,0.02489876904817848,CDK6,0.6557084696136066
GO_Biological_Process_2023,Negative Regulation Of Cellular Component Organization (GO:0051129),77,2,0.024479774840786443,DNM2;EP300,0.6557084696136066
GO_Biological_Process_2023,AMP Biosynthetic Process (GO:0006167),8,1,0.02489876904817848,PAICS,0.6557084696136066
GO_Biological_Process_2023,Unsaturated Fatty Acid Biosynthetic Process (GO:0006636),8,1,0.02489876904817848,SCD,0.6557084696136066
GO_Biological_Process_2023,Proteolysis Involved In Protein Catabolic Process (GO:0051603),75,2,0.023309275427393507,MDM2;ZER1,0.6557084696136066
GO_Biological_Process_2023,T-helper 17 Cell Differentiation (GO:0072539),8,1,0.02489876904817848,IRF4,0.6557084696136066
GO_Biological_Process_2023,Regulation Of Cell Differentiation (GO:0045595),193,3,0.022880742045274162,CDK6;CTNNB1;PTK2,0.6557084696136066
GO_Biological_Process_2023,Cellular Response To UV (GO:0034644),78,2,0.02507392836743285,EP300;MYC,0.6570844169230197
KEGG_2021_Human,Osteoclast differentiation,125,1,0.32647250174573383,GRB2,0.6591438484613235
GO_Biological_Process_2023,Cell Differentiation Involved In Metanephros Development (GO:0072202),9,1,0.027967954015628727,PAX8,0.6765460731563402
GO_Biological_Process_2023,Necroptotic Process (GO:0070266),9,1,0.027967954015628727,TRPM7,0.6765460731563402
GO_Biological_Process_2023,Axon Regeneration (GO:0031103),9,1,0.027967954015628727,DHFR,0.6765460731563402
GO_Biological_Process_2023,Synaptic Vesicle Fusion To Presynaptic Active Zone Membrane (GO:0031629),9,1,0.027967954015628727,SNAP23,0.6765460731563402
GO_Biological_Process_2023,Positive Regulation Of Mesenchymal Cell Proliferation (GO:0002053),9,1,0.027967954015628727,MYC,0.6765460731563402
GO_Biological_Process_2023,Regulation Of Cellular Response To Oxidative Stress (GO:1900407),9,1,0.027967954015628727,DHFR,0.6765460731563402
GO_Biological_Process_2023,Purine Nucleobase Metabolic Process (GO:0006144),9,1,0.027967954015628727,PAICS,0.6765460731563402
GO_Biological_Process_2023,Peptidyl-Lysine Acetylation (GO:0018394),9,1,0.027967954015628727,EP300,0.6765460731563402
GO_Biological_Process_2023,Adherens Junction Assembly (GO:0034333),9,1,0.027967954015628727,CTNNB1,0.6765460731563402
GO_Biological_Process_2023,Skeletal Muscle Tissue Regeneration (GO:0043403),9,1,0.027967954015628727,CFLAR,0.6765460731563402
GO_Biological_Process_2023,Mesenchymal To Epithelial Transition (GO:0060231),9,1,0.027967954015628727,PAX8,0.6765460731563402
GO_Biological_Process_2023,Nucleobase-Containing Compound Biosynthetic Process (GO:0034654),9,1,0.027967954015628727,TYMS,0.6765460731563402
GO_Biological_Process_2023,Negative Regulation Of Apoptotic Signaling Pathway (GO:2001234),81,2,0.026891504381887504,BCL2L1;CFLAR,0.6765460731563402
GO_Biological_Process_2023,Endothelial Tube Morphogenesis (GO:0061154),9,1,0.027967954015628727,CTNNB1,0.6765460731563402
GO_Biological_Process_2023,Positive Regulation Of Sodium Ion Transmembrane Transport (GO:1902307),9,1,0.027967954015628727,ATP1B3,0.6765460731563402
GO_Biological_Process_2023,Regulation Of RNA Polymerase II Regulatory Region Sequence-Specific DNA Binding (GO:1903025),9,1,0.027967954015628727,EP300,0.6765460731563402
GO_Biological_Process_2023,Tetrapyrrole Metabolic Process (GO:0033013),9,1,0.027967954015628727,UROD,0.6765460731563402
GO_Biological_Process_2023,Regulation Of Cell Division (GO:0051302),83,2,0.02813207195222789,BCL2L1;MYC,0.6774507056604068
KEGG_2021_Human,Vascular smooth muscle contraction,131,1,0.3391743444915935,BRAF,0.6804818609611216
GO_Biological_Process_2023,Positive Regulation Of Protein Localization (GO:1903829),84,2,0.028760888032351585,FERMT2;TFRC,0.6894874772239982
KEGG_2021_Human,Yersinia infection,135,1,0.3475111472448858,PTK2,0.6928503498194911
GO_Biological_Process_2023,Serine Family Amino Acid Biosynthetic Process (GO:0009070),10,1,0.031027644597800306,SEPHS2,0.6998894009275968
GO_Biological_Process_2023,Steroid Hormone Mediated Signaling Pathway (GO:0043401),10,1,0.031027644597800306,MED1,0.6998894009275968
GO_Biological_Process_2023,Proteasomal Protein Catabolic Process (GO:0010498),217,3,0.030912023893950143,CTNNB1;MDM2;SKP2,0.6998894009275968
GO_Biological_Process_2023,T-helper Cell Lineage Commitment (GO:0002295),10,1,0.031027644597800306,IRF4,0.6998894009275968
GO_Biological_Process_2023,Positive Regulation Of Nitric-Oxide Synthase Biosynthetic Process (GO:0051770),10,1,0.031027644597800306,NAMPT,0.6998894009275968
GO_Biological_Process_2023,Regulation Of Programmed Necrotic Cell Death (GO:0062098),10,1,0.031027644597800306,CFLAR,0.6998894009275968
GO_Biological_Process_2023,Positive Regulation Of Integrin Activation (GO:0033625),10,1,0.031027644597800306,FERMT2,0.6998894009275968
GO_Biological_Process_2023,Integrin-Mediated Signaling Pathway (GO:0007229),85,2,0.029395338192391773,FERMT2;PTK2,0.6998894009275968
GO_Biological_Process_2023,Synaptic Vesicle Transport (GO:0048489),10,1,0.031027644597800306,DNM2,0.6998894009275968
GO_Biological_Process_2023,Mesonephros Development (GO:0001823),10,1,0.031027644597800306,PAX8,0.6998894009275968
GO_Biological_Process_2023,miRNA Catabolic Process (GO:0010587),10,1,0.031027644597800306,ELOB,0.6998894009275968
GO_Biological_Process_2023,Urogenital System Development (GO:0001655),10,1,0.031027644597800306,PAX8,0.6998894009275968
GO_Biological_Process_2023,Megakaryocyte Development (GO:0035855),10,1,0.031027644597800306,MED1,0.6998894009275968
GO_Biological_Process_2023,Positive Regulation Of Interleukin-13 Production (GO:0032736),10,1,0.031027644597800306,IRF4,0.6998894009275968
GO_Biological_Process_2023,Cellular Response To Thyroid Hormone Stimulus (GO:0097067),11,1,0.03407786965144087,MED1,0.7088727282358088
GO_Biological_Process_2023,DNA Damage Response (GO:0006974),381,4,0.0317904310218527,BCL2L1;CCND1;GRB2;MYC,0.7088727282358088
GO_Biological_Process_2023,Purine Ribonucleoside Monophosphate Biosynthetic Process (GO:0009168),11,1,0.03407786965144087,PAICS,0.7088727282358088
GO_Biological_Process_2023,Ganglion Development (GO:0061548),11,1,0.03407786965144087,CTNNB1,0.7088727282358088
GO_Biological_Process_2023,Regulation Of RNA Metabolic Process (GO:0051252),89,2,0.031988675513230536,FAM50A;MED1,0.7088727282358088
GO_Biological_Process_2023,Central Nervous System Myelination (GO:0022010),11,1,0.03407786965144087,SOX10,0.7088727282358088
GO_Biological_Process_2023,Positive Regulation Of Branching Involved In Ureteric Bud Morphogenesis (GO:0090190),11,1,0.03407786965144087,PAX8,0.7088727282358088
GO_Biological_Process_2023,Negative Regulation Of Vascular Permeability (GO:0043116),11,1,0.03407786965144087,FERMT2,0.7088727282358088
GO_Biological_Process_2023,Tetrahydrofolate Metabolic Process (GO:0046653),11,1,0.03407786965144087,TYMS,0.7088727282358088
GO_Biological_Process_2023,Positive Regulation Of Peptidyl-Serine Phosphorylation (GO:0033138),89,2,0.031988675513230536,BRAF;TFRC,0.7088727282358088
GO_Biological_Process_2023,Cellular Response To Growth Hormone Stimulus (GO:0071378),11,1,0.03407786965144087,PTK2,0.7088727282358088
GO_Biological_Process_2023,Regulation Of Mitochondrial Fusion (GO:0010635),11,1,0.03407786965144087,TFRC,0.7088727282358088
GO_Biological_Process_2023,Cellular Response To Hormone Stimulus (GO:0032870),90,2,0.03265069464150587,MED1;PAX8,0.7088727282358088
GO_Biological_Process_2023,Erythrocyte Development (GO:0048821),11,1,0.03407786965144087,MED1,0.7088727282358088
GO_Biological_Process_2023,Negative Regulation Of Cell Division (GO:0051782),11,1,0.03407786965144087,MYC,0.7088727282358088
GO_Biological_Process_2023,"Regulation Of CD4-positive, Alpha-Beta T Cell Differentiation (GO:0043370)",11,1,0.03407786965144087,IRF4,0.7088727282358088
GO_Biological_Process_2023,Regulation Of Epithelial Cell Proliferation (GO:0050678),90,2,0.03265069464150587,CDK6;MYC,0.7088727282358088
GO_Biological_Process_2023,Programmed Necrotic Cell Death (GO:0097300),11,1,0.03407786965144087,TRPM7,0.7088727282358088
GO_Biological_Process_2023,Nucleoside Phosphate Biosynthetic Process (GO:1901293),11,1,0.03407786965144087,NMNAT1,0.7088727282358088
GO_Biological_Process_2023,Regulation Of Mesenchymal Cell Proliferation (GO:0010464),11,1,0.03407786965144087,MYC,0.7088727282358088
GO_Biological_Process_2023,Negative Regulation Of Amide Metabolic Process (GO:0034249),93,2,0.03466896431578571,DHFR;TYMS,0.7128472432007322
GO_Biological_Process_2023,Regulation Of Peptidyl-Serine Phosphorylation (GO:0033135),93,2,0.03466896431578571,BRAF;TFRC,0.7128472432007322
GO_Biological_Process_2023,Positive Regulation Of Protein Kinase B Signaling (GO:0051897),93,2,0.03466896431578571,FERMT2;PTK2,0.7128472432007322
GO_Biological_Process_2023,Cell-Cell Junction Maintenance (GO:0045217),12,1,0.03711865794715388,FERMT2,0.7322374368468069
GO_Biological_Process_2023,Regulation Of Chromosome Separation (GO:1905818),12,1,0.03711865794715388,NCAPD3,0.7322374368468069
GO_Biological_Process_2023,Response To Thyroid Hormone (GO:0097066),12,1,0.03711865794715388,MED1,0.7322374368468069
GO_Biological_Process_2023,Adipose Tissue Development (GO:0060612),12,1,0.03711865794715388,NAMPT,0.7322374368468069
GO_Biological_Process_2023,Cellular Response To Transforming Growth Factor Beta Stimulus (GO:0071560),96,2,0.03673473468774606,FERMT2;PTK2,0.7322374368468069
GO_Biological_Process_2023,Positive Regulation Of Histone H3-K4 Methylation (GO:0051571),12,1,0.03711865794715388,CTNNB1,0.7322374368468069
GO_Biological_Process_2023,Nucleotide Metabolic Process (GO:0009117),12,1,0.03711865794715388,NMNAT1,0.7322374368468069
GO_Biological_Process_2023,Porphyrin-Containing Compound Catabolic Process (GO:0006787),12,1,0.03711865794715388,UROD,0.7322374368468069
GO_Biological_Process_2023,Folic Acid Metabolic Process (GO:0046655),12,1,0.03711865794715388,FPGS,0.7322374368468069
GO_Biological_Process_2023,Positive Regulation Of Developmental Process (GO:0051094),230,3,0.03580570855152812,CFL1;CTNNB1;TFRC,0.7322374368468069
GO_Biological_Process_2023,Sodium Ion Export Across Plasma Membrane (GO:0036376),12,1,0.03711865794715388,ATP1B3,0.7322374368468069
GO_Biological_Process_2023,Positive Regulation Of Cold-Induced Thermogenesis (GO:0120162),97,2,0.03743370052333454,IRF4;SCD,0.7330423553031007
GO_Biological_Process_2023,Positive Regulation Of Protein-Containing Complex Assembly (GO:0031334),97,2,0.03743370052333454,FERMT2;TFRC,0.7330423553031007
GO_Biological_Process_2023,Negative Regulation Of Macromolecule Biosynthetic Process (GO:0010558),98,2,0.03813779053928744,DHFR;TYMS,0.7387124210979371
GO_Biological_Process_2023,ncRNA Processing (GO:0034470),98,2,0.03813779053928744,INTS6;WDR36,0.7387124210979371
GO_Biological_Process_2023,Cellular Response To Insulin Stimulus (GO:0032869),98,2,0.03813779053928744,GRB2;NAMPT,0.7387124210979371
GO_Biological_Process_2023,Response To UV-A (GO:0070141),13,1,0.04015003816965102,CCND1,0.7401451863963943
GO_Biological_Process_2023,"Negative Regulation Of DNA Damage Response, Signal Transduction By P53 Class Mediator (GO:0043518)",13,1,0.04015003816965102,MDM2,0.7401451863963943
GO_Biological_Process_2023,Respiratory Electron Transport Chain (GO:0022904),13,1,0.04015003816965102,SDHB,0.7401451863963943
GO_Biological_Process_2023,Positive Regulation Of Keratinocyte Differentiation (GO:0045618),13,1,0.04015003816965102,MED1,0.7401451863963943
GO_Biological_Process_2023,Regulation Of Myoblast Fusion (GO:1901739),13,1,0.04015003816965102,CFLAR,0.7401451863963943
GO_Biological_Process_2023,Positive Regulation Of Chromosome Separation (GO:1905820),13,1,0.04015003816965102,NCAPD3,0.7401451863963943
GO_Biological_Process_2023,Synaptic Vesicle Localization (GO:0097479),13,1,0.04015003816965102,DNM2,0.7401451863963943
GO_Biological_Process_2023,Regulation Of Organelle Organization (GO:0033043),100,2,0.039561191561757095,EP300;PTK2,0.7401451863963943
GO_Biological_Process_2023,Positive Regulation Of Macrophage Chemotaxis (GO:0010759),13,1,0.04015003816965102,PTK2,0.7401451863963943
GO_Biological_Process_2023,Regulation Of Nitric-Oxide Synthase Biosynthetic Process (GO:0051769),13,1,0.04015003816965102,NAMPT,0.7401451863963943
GO_Biological_Process_2023,Intracellular Potassium Ion Homeostasis (GO:0030007),13,1,0.04015003816965102,ATP1B3,0.7401451863963943
GO_Biological_Process_2023,Positive Regulation Of Potassium Ion Transmembrane Transporter Activity (GO:1901018),13,1,0.04015003816965102,ATP1B3,0.7401451863963943
GO_Biological_Process_2023,Regulation Of Immune Effector Process (GO:0002697),13,1,0.04015003816965102,IRF4,0.7401451863963943
GO_Biological_Process_2023,Branching Involved In Blood Vessel Morphogenesis (GO:0001569),13,1,0.04015003816965102,CTNNB1,0.7401451863963943
KEGG_2021_Human,Non-alcoholic fatty liver disease,149,1,0.37588403802777903,SDHB,0.7401667168571698
KEGG_2021_Human,Adrenergic signaling in cardiomyocytes,149,1,0.37588403802777903,ATP1B3,0.7401667168571698
GO_Biological_Process_2023,Protein Ubiquitination (GO:0016567),412,4,0.040545257225426526,CBFB;CTNNB1;CUL2;MDM2,0.7448623543887636
GO_Biological_Process_2023,Intrinsic Apoptotic Signaling Pathway (GO:0097193),103,2,0.04173378198347296,BCL2L1;CUL2,0.7573219673392356
GO_Biological_Process_2023,Positive Regulation Of Metabolic Process (GO:0009893),105,2,0.04320673401392945,IRF4;SCD,0.7573219673392356
GO_Biological_Process_2023,Regulation Of Branching Involved In Ureteric Bud Morphogenesis (GO:0090189),14,1,0.0431720389180041,PAX8,0.7573219673392356
GO_Biological_Process_2023,Synaptic Vesicle Membrane Organization (GO:0048499),14,1,0.0431720389180041,SNAP23,0.7573219673392356
GO_Biological_Process_2023,Defense Response To Protozoan (GO:0042832),14,1,0.0431720389180041,IRF4,0.7573219673392356
GO_Biological_Process_2023,T Cell Activation (GO:0042110),104,2,0.04246782678943656,CTPS1;IRF4,0.7573219673392356
GO_Biological_Process_2023,Regulation Of Carbohydrate Catabolic Process (GO:0043470),14,1,0.0431720389180041,EP300,0.7573219673392356
GO_Biological_Process_2023,Regulation Of Histone H3-K4 Methylation (GO:0051569),14,1,0.0431720389180041,CTNNB1,0.7573219673392356
GO_Biological_Process_2023,T Cell Proliferation (GO:0042098),14,1,0.0431720389180041,CTPS1,0.7573219673392356
GO_Biological_Process_2023,Regulation Of Integrin Activation (GO:0033623),14,1,0.0431720389180041,FERMT2,0.7573219673392356
GO_Biological_Process_2023,Negative Regulation Of Gluconeogenesis (GO:0045721),14,1,0.0431720389180041,EP300,0.7573219673392356
GO_Biological_Process_2023,Regulation Of Interleukin-13 Production (GO:0032656),14,1,0.0431720389180041,IRF4,0.7573219673392356
GO_Biological_Process_2023,Electron Transport Chain (GO:0022900),14,1,0.0431720389180041,SDHB,0.7573219673392356
GO_Biological_Process_2023,Serine Family Amino Acid Metabolic Process (GO:0009069),14,1,0.0431720389180041,SEPHS2,0.7573219673392356
KEGG_2021_Human,RNA transport,157,1,0.391548999999525,SUMO2,0.7662830122690091
GO_Biological_Process_2023,Negative Regulation Of Translation (GO:0017148),106,2,0.04395046697331734,DHFR;TYMS,0.7678405112397205
GO_Biological_Process_2023,Folic Acid-Containing Compound Metabolic Process (GO:0006760),15,1,0.046184688705895934,FPGS,0.7739916796919112
GO_Biological_Process_2023,Regulation Of Cellular Response To Heat (GO:1900034),15,1,0.046184688705895934,EP300,0.7739916796919112
GO_Biological_Process_2023,Negative Regulation Of Developmental Process (GO:0051093),107,2,0.04469898915954353,CDK6;TFRC,0.7739916796919112
GO_Biological_Process_2023,Regulation Of Intrinsic Apoptotic Signaling Pathway In Response To DNA Damage (GO:1902229),15,1,0.046184688705895934,BCL2L1,0.7739916796919112
GO_Biological_Process_2023,Positive Regulation Of Transmembrane Transport (GO:0034764),15,1,0.046184688705895934,BRAF,0.7739916796919112
GO_Biological_Process_2023,Positive Regulation Of Immunoglobulin Mediated Immune Response (GO:0002891),15,1,0.046184688705895934,TFRC,0.7739916796919112
GO_Biological_Process_2023,N-terminal Protein Amino Acid Acetylation (GO:0006474),15,1,0.046184688705895934,EP300,0.7739916796919112
GO_Biological_Process_2023,Regulation Of Isotype Switching (GO:0045191),15,1,0.046184688705895934,TFRC,0.7739916796919112
GO_Biological_Process_2023,Positive Regulation Of Isotype Switching (GO:0045830),15,1,0.046184688705895934,TFRC,0.7739916796919112
GO_Biological_Process_2023,Sympathetic Nervous System Development (GO:0048485),15,1,0.046184688705895934,CTNNB1,0.7739916796919112
GO_Biological_Process_2023,Astrocyte Development (GO:0014002),15,1,0.046184688705895934,CDK6,0.7739916796919112
GO_Biological_Process_2023,Positive Regulation Of Cyclin-Dependent Protein Serine/Threonine Kinase Activity (GO:0045737),15,1,0.046184688705895934,CCND1,0.7739916796919112
GO_Biological_Process_2023,Mitotic Chromosome Condensation (GO:0007076),15,1,0.046184688705895934,NCAPD3,0.7739916796919112
GO_Biological_Process_2023,Small GTPase Mediated Signal Transduction (GO:0007264),110,2,0.046972928617455646,GRB2;KRAS,0.7847414887153684
GO_Biological_Process_2023,Regulation Of Tubulin Deacetylation (GO:0090043),17,1,0.0521820490295842,EP300,0.79251486963681
GO_Biological_Process_2023,Regulation Of Mitochondrial Membrane Permeability (GO:0046902),17,1,0.0521820490295842,BCL2L1,0.79251486963681
GO_Biological_Process_2023,Positive Regulation By Host Of Viral Transcription (GO:0043923),16,1,0.049188015961870855,EP300,0.79251486963681
GO_Biological_Process_2023,Positive Regulation By Host Of Viral Process (GO:0044794),17,1,0.0521820490295842,CFL1,0.79251486963681
GO_Biological_Process_2023,Regulation Of Glucose Transmembrane Transport (GO:0010827),17,1,0.0521820490295842,BRAF,0.79251486963681
GO_Biological_Process_2023,Regulation Of Cell-Cell Adhesion Mediated By Cadherin (GO:2000047),17,1,0.0521820490295842,FOXA1,0.79251486963681
GO_Biological_Process_2023,Positive Regulation Of Interleukin-4 Production (GO:0032753),17,1,0.0521820490295842,IRF4,0.79251486963681
GO_Biological_Process_2023,Negative Regulation Of Release Of Cytochrome C From Mitochondria (GO:0090201),16,1,0.049188015961870855,BCL2L1,0.79251486963681
GO_Biological_Process_2023,Positive Regulation Of Leukocyte Proliferation (GO:0070665),17,1,0.0521820490295842,PTK2,0.79251486963681
GO_Biological_Process_2023,Membrane Repolarization (GO:0086009),17,1,0.0521820490295842,ATP1B3,0.79251486963681
GO_Biological_Process_2023,Negative Regulation Of Anoikis (GO:2000811),16,1,0.049188015961870855,PTK2,0.79251486963681
GO_Biological_Process_2023,Oligodendrocyte Development (GO:0014003),16,1,0.049188015961870855,SOX10,0.79251486963681
GO_Biological_Process_2023,Regulation Of Cell Cycle G2/M Phase Transition (GO:1902749),17,1,0.0521820490295842,CDK6,0.79251486963681
GO_Biological_Process_2023,Regulation Of Protein Sumoylation (GO:0033233),16,1,0.049188015961870855,CTNNB1,0.79251486963681
GO_Biological_Process_2023,Megakaryocyte Differentiation (GO:0030219),17,1,0.0521820490295842,MED1,0.79251486963681
GO_Biological_Process_2023,Diol Biosynthetic Process (GO:0034312),17,1,0.0521820490295842,DHFR,0.79251486963681
GO_Biological_Process_2023,Extrinsic Apoptotic Signaling Pathway In Absence Of Ligand (GO:0097192),16,1,0.049188015961870855,BCL2L1,0.79251486963681
GO_Biological_Process_2023,Response To Organophosphorus (GO:0046683),17,1,0.0521820490295842,TYMS,0.79251486963681
GO_Biological_Process_2023,Positive Regulation Of Nitric-Oxide Synthase Activity (GO:0051000),16,1,0.049188015961870855,DHFR,0.79251486963681
GO_Biological_Process_2023,Positive Regulation Of Stem Cell Proliferation (GO:2000648),16,1,0.049188015961870855,FERMT2,0.79251486963681
GO_Biological_Process_2023,DNA Biosynthetic Process (GO:0071897),17,1,0.0521820490295842,TYMS,0.79251486963681
GO_Biological_Process_2023,Establishment Of Vesicle Localization (GO:0051650),17,1,0.0521820490295842,DNM2,0.79251486963681
GO_Biological_Process_2023,Negative Regulation Of Fibroblast Proliferation (GO:0048147),17,1,0.0521820490295842,MYC,0.79251486963681
GO_Biological_Process_2023,Negative Regulation Of Intrinsic Apoptotic Signaling Pathway By P53 Class Mediator (GO:1902254),16,1,0.049188015961870855,MDM2,0.79251486963681
GO_Biological_Process_2023,Positive Regulation Of Potassium Ion Transmembrane Transport (GO:1901381),17,1,0.0521820490295842,ATP1B3,0.79251486963681
GO_Biological_Process_2023,"DNA Damage Response, Signal Transduction By P53 Class Mediator Resulting In Cell Cycle Arrest (GO:0006977)",17,1,0.0521820490295842,MDM2,0.79251486963681
GO_Biological_Process_2023,Growth Hormone Receptor Signaling Pathway (GO:0060396),17,1,0.0521820490295842,PTK2,0.79251486963681
GO_Biological_Process_2023,Positive Regulation Of Protein Serine/Threonine Kinase Activity (GO:0071902),116,2,0.05164526621529125,CCND1;FERMT2,0.79251486963681
GO_Biological_Process_2023,Negative Regulation Of Cellular Senescence (GO:2000773),17,1,0.0521820490295842,CDK6,0.79251486963681
GO_Biological_Process_2023,Regulation Of Hematopoietic Progenitor Cell Differentiation (GO:1901532),17,1,0.0521820490295842,MYB,0.79251486963681
GO_Biological_Process_2023,Autonomic Nervous System Development (GO:0048483),16,1,0.049188015961870855,SOX10,0.79251486963681
GO_Biological_Process_2023,Cellular Response To Gamma Radiation (GO:0071480),16,1,0.049188015961870855,MDM2,0.79251486963681
KEGG_2021_Human,cGMP-PKG signaling pathway,166,1,0.40871047918120124,ATP1B3,0.7938028702709388
KEGG_2021_Human,Tight junction,167,1,0.4105876915194511,CCND1,0.7938028702709388
GO_Biological_Process_2023,T-helper Cell Differentiation (GO:0042093),18,1,0.05516681616805112,MYB,0.8036016327912842
GO_Biological_Process_2023,Negative Regulation Of Signal Transduction By P53 Class Mediator (GO:1901797),18,1,0.05516681616805112,MDM2,0.8036016327912842
GO_Biological_Process_2023,Intracellular Sodium Ion Homeostasis (GO:0006883),18,1,0.05516681616805112,ATP1B3,0.8036016327912842
GO_Biological_Process_2023,Regulation Of Protein Deacetylation (GO:0090311),18,1,0.05516681616805112,EP300,0.8036016327912842
GO_Biological_Process_2023,Positive Regulation Of Macrophage Migration (GO:1905523),18,1,0.05516681616805112,PTK2,0.8036016327912842
GO_Biological_Process_2023,Negative Regulation Of Nucleic Acid-Templated Transcription (GO:1903507),454,4,0.05440200927205985,CTNNB1;MDM2;MYB;NMNAT1,0.8036016327912842
GO_Biological_Process_2023,Positive Regulation Of Neuroblast Proliferation (GO:0002052),18,1,0.05516681616805112,CTNNB1,0.8036016327912842
GO_Biological_Process_2023,Response To Fatty Acid (GO:0070542),18,1,0.05516681616805112,SCD,0.8036016327912842
GO_Biological_Process_2023,Positive Regulation Of Epidermal Cell Differentiation (GO:0045606),18,1,0.05516681616805112,MED1,0.8036016327912842
GO_Biological_Process_2023,Positive Regulation Of Chromosome Segregation (GO:0051984),18,1,0.05516681616805112,NCAPD3,0.8036016327912842
GO_Biological_Process_2023,Regulation Of Protein-Containing Complex Assembly (GO:0043254),118,2,0.0532385545085443,EP300;TFRC,0.8036016327912842
GO_Biological_Process_2023,Positive Regulation Of Cyclin-Dependent Protein Kinase Activity (GO:1904031),18,1,0.05516681616805112,CCND1,0.8036016327912842
GO_Biological_Process_2023,Positive Regulation Of Focal Adhesion Assembly (GO:0051894),18,1,0.05516681616805112,FERMT2,0.8036016327912842
GO_Biological_Process_2023,Response To Axon Injury (GO:0048678),18,1,0.05516681616805112,DHFR,0.8036016327912842
GO_Biological_Process_2023,snRNA Processing (GO:0016180),18,1,0.05516681616805112,INTS6,0.8036016327912842
GO_Biological_Process_2023,Regulation Of Megakaryocyte Differentiation (GO:0045652),19,1,0.05814234555189505,MYB,0.8158240927045431
GO_Biological_Process_2023,Transmembrane Receptor Protein Tyrosine Kinase Signaling Pathway (GO:0007169),280,3,0.058086203612235786,GRB2;NAMPT;PTK2,0.8158240927045431
GO_Biological_Process_2023,Release Of Cytochrome C From Mitochondria (GO:0001836),19,1,0.05814234555189505,BCL2L1,0.8158240927045431
GO_Biological_Process_2023,Cellular Response To Lectin (GO:1990858),19,1,0.05814234555189505,EP300,0.8158240927045431
GO_Biological_Process_2023,Steroid Hormone Biosynthetic Process (GO:0120178),19,1,0.05814234555189505,MED1,0.8158240927045431
GO_Biological_Process_2023,Regulation Of Granulocyte Chemotaxis (GO:0071622),19,1,0.05814234555189505,PTK2,0.8158240927045431
GO_Biological_Process_2023,Heme Biosynthetic Process (GO:0006783),19,1,0.05814234555189505,UROD,0.8158240927045431
GO_Biological_Process_2023,Oligodendrocyte Differentiation (GO:0048709),19,1,0.05814234555189505,SOX10,0.8158240927045431
GO_Biological_Process_2023,Regulation Of Macrophage Chemotaxis (GO:0010758),19,1,0.05814234555189505,PTK2,0.8158240927045431
GO_Biological_Process_2023,Protein-Containing Complex Organization (GO:0043933),123,2,0.05729755804264103,ELOB;MDM2,0.8158240927045431
GO_Biological_Process_2023,Positive Regulation Of Histone Methylation (GO:0031062),19,1,0.05814234555189505,CTNNB1,0.8158240927045431
GO_Biological_Process_2023,Stimulatory C-type Lectin Receptor Signaling Pathway (GO:0002223),19,1,0.05814234555189505,EP300,0.8158240927045431
GO_Biological_Process_2023,Nucleotide Biosynthetic Process (GO:0009165),19,1,0.05814234555189505,NMNAT1,0.8158240927045431
GO_Biological_Process_2023,Intrinsic Apoptotic Signaling Pathway In Response To DNA Damage By P53 Class Mediator (GO:0042771),19,1,0.05814234555189505,EP300,0.8158240927045431
KEGG_2021_Human,Tuberculosis,175,1,0.425396029071076,EP300,0.8174779112871882
GO_Biological_Process_2023,Regulation Of Fibroblast Migration (GO:0010762),20,1,0.061108665271594746,PTK2,0.8312644390380293
GO_Biological_Process_2023,Regulation Of Necroptotic Process (GO:0060544),20,1,0.061108665271594746,CFLAR,0.8312644390380293
GO_Biological_Process_2023,Glutamate Metabolic Process (GO:0006536),20,1,0.061108665271594746,FPGS,0.8312644390380293
GO_Biological_Process_2023,Negative Regulation Of Signal Transduction In Absence Of Ligand (GO:1901099),20,1,0.061108665271594746,BCL2L1,0.8312644390380293
GO_Biological_Process_2023,Negative Regulation Of Extrinsic Apoptotic Signaling Pathway In Absence Of Ligand (GO:2001240),20,1,0.061108665271594746,BCL2L1,0.8312644390380293
GO_Biological_Process_2023,Negative Regulation Of Protein Localization To Cell Periphery (GO:1904376),20,1,0.061108665271594746,BCL2L1,0.8312644390380293
GO_Biological_Process_2023,Positive Regulation Of Embryonic Development (GO:0040019),20,1,0.061108665271594746,CFL1,0.8312644390380293
GO_Biological_Process_2023,protein-DNA Complex Disassembly (GO:0032986),20,1,0.061108665271594746,MYC,0.8312644390380293
GO_Biological_Process_2023,Fc-gamma Receptor Signaling Pathway Involved In Phagocytosis (GO:0038096),20,1,0.061108665271594746,PTK2,0.8312644390380293
GO_Biological_Process_2023,Negative Regulation Of Protein Localization To Plasma Membrane (GO:1903077),20,1,0.061108665271594746,BCL2L1,0.8312644390380293
GO_Biological_Process_2023,Peripheral Nervous System Development (GO:0007422),20,1,0.061108665271594746,SOX10,0.8312644390380293
GO_Biological_Process_2023,Regulation Of Calcium Ion Import (GO:0090279),20,1,0.061108665271594746,CTNNB1,0.8312644390380293
GO_Biological_Process_2023,snRNA Metabolic Process (GO:0016073),21,1,0.06406580333373144,INTS6,0.8456686040052549
GO_Biological_Process_2023,Positive Regulation Of Transcription Regulatory Region DNA Binding (GO:2000679),21,1,0.06406580333373144,EP300,0.8456686040052549
GO_Biological_Process_2023,Focal Adhesion Assembly (GO:0048041),21,1,0.06406580333373144,FERMT2,0.8456686040052549
GO_Biological_Process_2023,Regulation Of Cell-Substrate Junction Assembly (GO:0090109),21,1,0.06406580333373144,PTK2,0.8456686040052549
GO_Biological_Process_2023,Positive Regulation Of Signal Transduction By P53 Class Mediator (GO:1901798),21,1,0.06406580333373144,MYC,0.8456686040052549
GO_Biological_Process_2023,Porphyrin-Containing Compound Biosynthetic Process (GO:0006779),21,1,0.06406580333373144,UROD,0.8456686040052549
GO_Biological_Process_2023,snRNA 3'-End Processing (GO:0034472),21,1,0.06406580333373144,INTS6,0.8456686040052549
GO_Biological_Process_2023,Transmembrane Receptor Protein Serine/Threonine Kinase Signaling Pathway (GO:0007178),130,2,0.06315542583107941,FERMT2;PTK2,0.8456686040052549
GO_Biological_Process_2023,Negative Regulation Of Neuron Differentiation (GO:0045665),21,1,0.06406580333373144,MED1,0.8456686040052549
GO_Biological_Process_2023,Regulation Of Anoikis (GO:2000209),21,1,0.06406580333373144,PTK2,0.8456686040052549
GO_Biological_Process_2023,Positive Regulation Of G2/M Transition Of Mitotic Cell Cycle (GO:0010971),21,1,0.06406580333373144,CCND1,0.8456686040052549
GO_Biological_Process_2023,Natural Killer Cell Mediated Immunity (GO:0002228),21,1,0.06406580333373144,TUBB4B,0.8456686040052549
KEGG_2021_Human,Diabetic cardiomyopathy,188,1,0.448683376443126,SDHB,0.8570658508105222
GO_Biological_Process_2023,Fc Receptor Mediated Stimulatory Signaling Pathway (GO:0002431),22,1,0.06701378766123461,PTK2,0.8674472368933662
GO_Biological_Process_2023,Regulation Of Interleukin-4 Production (GO:0032673),22,1,0.06701378766123461,IRF4,0.8674472368933662
GO_Biological_Process_2023,Regulation Of Intracellular Steroid Hormone Receptor Signaling Pathway (GO:0033143),22,1,0.06701378766123461,EP300,0.8674472368933662
GO_Biological_Process_2023,Amyloid Fibril Formation (GO:1990000),22,1,0.06701378766123461,MDM2,0.8674472368933662
GO_Biological_Process_2023,Modulation By Host Of Viral Process (GO:0044788),22,1,0.06701378766123461,CFL1,0.8674472368933662
GO_Biological_Process_2023,Regulation Of Catabolic Process (GO:0009894),22,1,0.06701378766123461,MDM2,0.8674472368933662
GO_Biological_Process_2023,Regulation Of Mononuclear Cell Migration (GO:0071675),22,1,0.06701378766123461,PTK2,0.8674472368933662
GO_Biological_Process_2023,Placenta Development (GO:0001890),22,1,0.06701378766123461,PTK2,0.8674472368933662
KEGG_2021_Human,Pathogenic Escherichia coli infection,193,1,0.4573908872387175,TUBB4B,0.8684981727925648
GO_Biological_Process_2023,Regulation Of Protein Kinase B Signaling (GO:0051896),135,2,0.06745919761639566,FERMT2;PTK2,0.8711035518291091
GO_Biological_Process_2023,Cellular Response To Steroid Hormone Stimulus (GO:0071383),23,1,0.06995264609362743,MED1,0.8819972783408779
GO_Biological_Process_2023,Positive Regulation Of Neuron Apoptotic Process (GO:0043525),23,1,0.06995264609362743,CTNNB1,0.8819972783408779
GO_Biological_Process_2023,Potassium Ion Homeostasis (GO:0055075),23,1,0.06995264609362743,ATP1B3,0.8819972783408779
GO_Biological_Process_2023,Natural Killer Cell Mediated Cytotoxicity (GO:0042267),23,1,0.06995264609362743,TUBB4B,0.8819972783408779
GO_Biological_Process_2023,Endocrine System Development (GO:0035270),23,1,0.06995264609362743,PAX8,0.8819972783408779
GO_Biological_Process_2023,Positive Regulation Of Cell-Substrate Junction Organization (GO:0150117),23,1,0.06995264609362743,FERMT2,0.8819972783408779
GO_Biological_Process_2023,Protein Localization To Cell Junction (GO:1902414),23,1,0.06995264609362743,FERMT2,0.8819972783408779
GO_Biological_Process_2023,Negative Regulation Of Response To Endoplasmic Reticulum Stress (GO:1903573),23,1,0.06995264609362743,BCL2L1,0.8819972783408779
GO_Biological_Process_2023,Positive Regulation Of Morphogenesis Of An Epithelium (GO:1905332),23,1,0.06995264609362743,PAX8,0.8819972783408779
GO_Biological_Process_2023,Cell-Cell Signaling By Wnt (GO:0198738),23,1,0.06995264609362743,FERMT2,0.8819972783408779
GO_Biological_Process_2023,Negative Regulation Of Protein Localization To Membrane (GO:1905476),24,1,0.07288240638727118,BCL2L1,0.8895647135761455
GO_Biological_Process_2023,Positive Regulation Of Cell Cycle G2/M Phase Transition (GO:1902751),24,1,0.07288240638727118,CCND1,0.8895647135761455
GO_Biological_Process_2023,Positive Regulation Of Erythrocyte Differentiation (GO:0045648),24,1,0.07288240638727118,MED1,0.8895647135761455
GO_Biological_Process_2023,Antigen Processing And Presentation Of Exogenous Peptide Antigen Via MHC Class II (GO:0019886),24,1,0.07288240638727118,DNM2,0.8895647135761455
GO_Biological_Process_2023,Positive Regulation Of Transferase Activity (GO:0051347),141,2,0.07274891254355459,CTNNB1;MYC,0.8895647135761455
GO_Biological_Process_2023,Gliogenesis (GO:0042063),24,1,0.07288240638727118,CDK6,0.8895647135761455
GO_Biological_Process_2023,Positive Regulation Of Transforming Growth Factor Beta Receptor Signaling Pathway (GO:0030511),24,1,0.07288240638727118,EP300,0.8895647135761455
GO_Biological_Process_2023,Ear Morphogenesis (GO:0042471),24,1,0.07288240638727118,PAX8,0.8895647135761455
GO_Biological_Process_2023,Positive Regulation Of Cellular Response To Transforming Growth Factor Beta Stimulus (GO:1903846),24,1,0.07288240638727118,EP300,0.8895647135761455
GO_Biological_Process_2023,Regulation Of Neuroblast Proliferation (GO:1902692),24,1,0.07288240638727118,CTNNB1,0.8895647135761455
GO_Biological_Process_2023,ERK1 And ERK2 Cascade (GO:0070371),24,1,0.07288240638727118,MYC,0.8895647135761455
GO_Biological_Process_2023,Regulation Of Postsynapse Organization (GO:0099175),24,1,0.07288240638727118,CFL1,0.8895647135761455
GO_Biological_Process_2023,Regulation Of Keratinocyte Proliferation (GO:0010837),24,1,0.07288240638727118,MED1,0.8895647135761455
GO_Biological_Process_2023,Fc-gamma Receptor Signaling Pathway (GO:0038094),24,1,0.07288240638727118,PTK2,0.8895647135761455
GO_Biological_Process_2023,Neuron Projection Morphogenesis (GO:0048812),144,2,0.07544301469471368,CTNNB1;DNM2,0.9045610543943062
GO_Biological_Process_2023,Negative Regulation Of Intrinsic Apoptotic Signaling Pathway In Response To DNA Damage (GO:1902230),25,1,0.07580309621560964,BCL2L1,0.9045610543943062
GO_Biological_Process_2023,Regulation Of Intracellular Estrogen Receptor Signaling Pathway (GO:0033146),25,1,0.07580309621560964,FOXA1,0.9045610543943062
GO_Biological_Process_2023,Regulation Of Cold-Induced Thermogenesis (GO:0120161),144,2,0.07544301469471368,IRF4;SCD,0.9045610543943062
GO_Biological_Process_2023,Regulation Of Extrinsic Apoptotic Signaling Pathway In Absence Of Ligand (GO:2001239),25,1,0.07580309621560964,BCL2L1,0.9045610543943062
GO_Biological_Process_2023,Positive Regulation Of Monooxygenase Activity (GO:0032770),25,1,0.07580309621560964,DHFR,0.9045610543943062
GO_Biological_Process_2023,Sodium Ion Homeostasis (GO:0055078),25,1,0.07580309621560964,ATP1B3,0.9045610543943062
GO_Biological_Process_2023,Metanephros Development (GO:0001656),25,1,0.07580309621560964,PAX8,0.9045610543943062
GO_Biological_Process_2023,Positive Regulation Of Interleukin-2 Production (GO:0032743),25,1,0.07580309621560964,IRF4,0.9045610543943062
GO_Biological_Process_2023,Inner Ear Morphogenesis (GO:0042472),25,1,0.07580309621560964,PAX8,0.9045610543943062
GO_Biological_Process_2023,Cellular Response To Epidermal Growth Factor Stimulus (GO:0071364),26,1,0.07871474316941163,MED1,0.9167952439731473
GO_Biological_Process_2023,Regulation Of Protein Modification By Small Protein Conjugation Or Removal (GO:1903320),26,1,0.07871474316941163,CTNNB1,0.9167952439731473
GO_Biological_Process_2023,Defense Response To Symbiont (GO:0140546),146,2,0.07725675980613649,BCL2L1;SKP2,0.9167952439731473
GO_Biological_Process_2023,Regulation Of Chromosome Segregation (GO:0051983),26,1,0.07871474316941163,NCAPD3,0.9167952439731473
GO_Biological_Process_2023,Regulation Of Potassium Ion Transmembrane Transporter Activity (GO:1901016),26,1,0.07871474316941163,ATP1B3,0.9167952439731473
GO_Biological_Process_2023,Protein Localization To Cell Surface (GO:0034394),26,1,0.07871474316941163,CTNNB1,0.9167952439731473
GO_Biological_Process_2023,Regulation Of Keratinocyte Differentiation (GO:0045616),26,1,0.07871474316941163,MED1,0.9167952439731473
GO_Biological_Process_2023,Negative Regulation Of Protein Metabolic Process (GO:0051248),147,2,0.07816884489566511,DHFR;TYMS,0.9167952439731473
GO_Biological_Process_2023,Regulation Of Myeloid Cell Differentiation (GO:0045637),26,1,0.07871474316941163,CDK6,0.9167952439731473
GO_Biological_Process_2023,Antigen Processing And Presentation Of Peptide Antigen Via MHC Class II (GO:0002495),26,1,0.07871474316941163,DNM2,0.9167952439731473
GO_Biological_Process_2023,Positive Regulation Of Phosphatidylinositol 3-Kinase Activity (GO:0043552),26,1,0.07871474316941163,PTK2,0.9167952439731473
GO_Biological_Process_2023,Cellular Response To Organic Cyclic Compound (GO:0071407),148,2,0.07908436510233789,CTNNB1;MED1,0.9190978605154313
GO_Biological_Process_2023,Regulation Of Cellular Component Organization (GO:0051128),149,2,0.08000329068212488,AP2S1;TFRC,0.9277605032248147
GO_Biological_Process_2023,Regulation Of Androgen Receptor Signaling Pathway (GO:0060765),27,1,0.08161737475701407,EP300,0.9283542243638239
GO_Biological_Process_2023,Clathrin-Dependent Endocytosis (GO:0072583),27,1,0.08161737475701407,AP2S1,0.9283542243638239
GO_Biological_Process_2023,Protein Quality Control For Misfolded Or Incompletely Synthesized Proteins (GO:0006515),27,1,0.08161737475701407,ZER1,0.9283542243638239
GO_Biological_Process_2023,Epithelium Development (GO:0060429),150,2,0.08092559203828269,PAX8;SOX10,0.9283542243638239
GO_Biological_Process_2023,Regulation Of Nitric-Oxide Synthase Activity (GO:0050999),27,1,0.08161737475701407,DHFR,0.9283542243638239
GO_Biological_Process_2023,Regulation Of Developmental Growth (GO:0048638),27,1,0.08161737475701407,DNM2,0.9283542243638239
GO_Biological_Process_2023,Cell Surface Receptor Signaling Pathway Involved In Cell-Cell Signaling (GO:1905114),27,1,0.08161737475701407,FERMT2,0.9283542243638239
GO_Biological_Process_2023,Positive Regulation Of Response To Wounding (GO:1903036),27,1,0.08161737475701407,PTK2,0.9283542243638239
GO_Biological_Process_2023,Response To Steroid Hormone (GO:0048545),27,1,0.08161737475701407,MED1,0.9283542243638239
GO_Biological_Process_2023,"Regulation Of DNA Damage Response, Signal Transduction By P53 Class Mediator (GO:0043516)",28,1,0.08451101840456368,MDM2,0.9467113789445676
GO_Biological_Process_2023,Cellular Response To Growth Factor Stimulus (GO:0071363),154,2,0.08464796841292617,CTNNB1;MED1,0.9467113789445676
GO_Biological_Process_2023,Vascular Endothelial Growth Factor Receptor Signaling Pathway (GO:0048010),28,1,0.08451101840456368,PTK2,0.9467113789445676
GO_Biological_Process_2023,Morphogenesis Of An Epithelium (GO:0002009),28,1,0.08451101840456368,SOX10,0.9467113789445676
GO_Biological_Process_2023,Positive Regulation Of Protein Import Into Nucleus (GO:0042307),28,1,0.08451101840456368,EP300,0.9467113789445676
GO_Biological_Process_2023,Membrane Fusion (GO:0061025),28,1,0.08451101840456368,SNAP23,0.9467113789445676
GO_Biological_Process_2023,Regulation Of Dendritic Spine Morphogenesis (GO:0061001),28,1,0.08451101840456368,CFL1,0.9467113789445676
GO_Biological_Process_2023,Cell-Substrate Junction Assembly (GO:0007044),28,1,0.08451101840456368,FERMT2,0.9467113789445676
GO_Biological_Process_2023,Protein Acetylation (GO:0006473),29,1,0.08739570145625786,EP300,0.9613527160188364
GO_Biological_Process_2023,Negative Regulation Of Carbohydrate Metabolic Process (GO:0045912),29,1,0.08739570145625786,EP300,0.9613527160188364
GO_Biological_Process_2023,Antigen Processing And Presentation Of Exogenous Peptide Antigen (GO:0002478),29,1,0.08739570145625786,DNM2,0.9613527160188364
GO_Biological_Process_2023,Positive Regulation Of Interleukin-10 Production (GO:0032733),29,1,0.08739570145625786,IRF4,0.9613527160188364
GO_Biological_Process_2023,Positive Regulation Of B Cell Proliferation (GO:0030890),29,1,0.08739570145625786,TFRC,0.9613527160188364
GO_Biological_Process_2023,Positive Regulation Of Neural Precursor Cell Proliferation (GO:2000179),29,1,0.08739570145625786,CTNNB1,0.9613527160188364
GO_Biological_Process_2023,Response To Epidermal Growth Factor (GO:0070849),29,1,0.08739570145625786,MED1,0.9613527160188364
GO_Biological_Process_2023,Innate Immune Response Activating Cell Surface Receptor Signaling Pathway (GO:0002220),29,1,0.08739570145625786,EP300,0.9613527160188364
GO_Biological_Process_2023,Negative Regulation Of Epithelial To Mesenchymal Transition (GO:0010719),30,1,0.09027145117458545,FOXA1,0.9848799550598649
GO_Biological_Process_2023,Regulation Of Gluconeogenesis (GO:0006111),30,1,0.09027145117458545,EP300,0.9848799550598649
GO_Biological_Process_2023,Positive Regulation Of Lipid Kinase Activity (GO:0090218),30,1,0.09027145117458545,PTK2,0.9848799550598649
GO_Biological_Process_2023,Regulation Of Vasculature Development (GO:1901342),30,1,0.09027145117458545,CTNNB1,0.9848799550598649
GO_Biological_Process_2023,RNA Polyadenylation (GO:0043631),25,0,1.0,,1.0
GO_Biological_Process_2023,Regulation Of Glial Cell Proliferation (GO:0060251),8,0,1.0,,1.0
GO_Biological_Process_2023,Regulation Of Glial Cell Differentiation (GO:0045685),6,0,1.0,,1.0
GO_Biological_Process_2023,Regulation Of Glial Cell Apoptotic Process (GO:0034350),6,0,1.0,,1.0
GO_Biological_Process_2023,Regulation Of RNA Splicing (GO:0043484),97,1,0.26395304635742983,FAM50A,1.0
GO_Biological_Process_2023,Regulation Of Rab Protein Signal Transduction (GO:0032483),6,0,1.0,,1.0
GO_Biological_Process_2023,Regulation Of Generation Of Precursor Metabolites And Energy (GO:0043467),8,0,1.0,,1.0
GO_Biological_Process_2023,Regulation Of Rac Protein Signal Transduction (GO:0035020),15,0,1.0,,1.0
GO_Biological_Process_2023,Regulation Of Ras Protein Signal Transduction (GO:0046578),75,0,1.0,,1.0
GO_Biological_Process_2023,Regulation Of Gene Expression By Genomic Imprinting (GO:0006349),10,0,1.0,,1.0
GO_Biological_Process_2023,Regulation Of Gastrulation (GO:0010470),13,0,1.0,,1.0
GO_Biological_Process_2023,Regulation Of T Cell Activation Via T Cell Receptor Contact With Antigen Bound To MHC Molecule On Antigen Presenting Cell (GO:2001188),5,0,1.0,,1.0
GO_Biological_Process_2023,Regulation Of Filopodium Assembly (GO:0051489),42,0,1.0,,1.0
GO_Biological_Process_2023,Regulation Of Glomerular Filtration (GO:0003093),5,0,1.0,,1.0
GO_Biological_Process_2023,Regulation Of T Cell Activation (GO:0050863),60,0,1.0,,1.0
GO_Biological_Process_2023,Regulation Of Rho Protein Signal Transduction (GO:0035023),73,0,1.0,,1.0
GO_Biological_Process_2023,Regulation Of SA Node Cell Action Potential (GO:0098907),6,0,1.0,,1.0
GO_Biological_Process_2023,Regulation Of SMAD Protein Signal Transduction (GO:0060390),27,0,1.0,,1.0
GO_Biological_Process_2023,Regulation Of SNARE Complex Assembly (GO:0035542),12,0,1.0,,1.0
GO_Biological_Process_2023,Regulation Of Focal Adhesion Disassembly (GO:0120182),5,0,1.0,,1.0
GO_Biological_Process_2023,Regulation Of Flagellated Sperm Motility (GO:1901317),13,0,1.0,,1.0
GO_Biological_Process_2023,Regulation Of Gap Junction Assembly (GO:1903596),8,0,1.0,,1.0
GO_Biological_Process_2023,Regulation Of Glucan Biosynthetic Process (GO:0010962),8,0,1.0,,1.0
GO_Biological_Process_2023,Regulation Of Glucagon Secretion (GO:0070092),5,0,1.0,,1.0
GO_Biological_Process_2023,Regulation Of Golgi Organization (GO:1903358),16,0,1.0,,1.0
GO_Biological_Process_2023,Regulation Of Golgi To Plasma Membrane Protein Transport (GO:0042996),7,0,1.0,,1.0
GO_Biological_Process_2023,Regulation Of I-kappaB kinase/NF-kappaB Signaling (GO:0043122),228,2,0.1610634744448843,CFLAR;TFRC,1.0
GO_Biological_Process_2023,Regulation Of I-kappaB Phosphorylation (GO:1903719),6,0,1.0,,1.0
GO_Biological_Process_2023,Regulation Of Glycogen (Starch) Synthase Activity (GO:2000465),5,0,1.0,,1.0
GO_Biological_Process_2023,Regulation Of IRE1-mediated Unfolded Protein Response (GO:1903894),13,0,1.0,,1.0
GO_Biological_Process_2023,Regulation Of Glucose Metabolic Process (GO:0010906),28,0,1.0,,1.0
GO_Biological_Process_2023,Regulation Of JNK Cascade (GO:0046328),110,0,1.0,,1.0
GO_Biological_Process_2023,Regulation Of Glucose Import (GO:0046324),36,0,1.0,,1.0
GO_Biological_Process_2023,Regulation Of JUN Kinase Activity (GO:0043506),43,0,1.0,,1.0
GO_Biological_Process_2023,Regulation Of MAP Kinase Activity (GO:0043405),113,0,1.0,,1.0
GO_Biological_Process_2023,Regulation Of MAPK Cascade (GO:0043408),200,1,0.4693547422307995,GRB2,1.0
GO_Biological_Process_2023,Regulation Of RNA Export From Nucleus (GO:0046831),11,0,1.0,,1.0
GO_Biological_Process_2023,Regulation Of MDA-5 Signaling Pathway (GO:0039533),5,0,1.0,,1.0
GO_Biological_Process_2023,Regulation Of Glucocorticoid Receptor Signaling Pathway (GO:2000322),6,0,1.0,,1.0
GO_Biological_Process_2023,Regulation Of MHC Class II Biosynthetic Process (GO:0045346),14,0,1.0,,1.0
GO_Biological_Process_2023,Regulation Of NAD(P)H Oxidase Activity (GO:0033860),6,0,1.0,,1.0
GO_Biological_Process_2023,Regulation Of NIK/NF-kappaB Signaling (GO:1901222),82,1,0.2281495485109367,EP300,1.0
GO_Biological_Process_2023,Regulation Of NK T Cell Activation (GO:0051133),5,0,1.0,,1.0
GO_Biological_Process_2023,Regulation Of NK T Cell Proliferation (GO:0051140),6,0,1.0,,1.0
GO_Biological_Process_2023,Regulation Of NLRP3 Inflammasome Complex Assembly (GO:1900225),32,0,1.0,,1.0
GO_Biological_Process_2023,Regulation Of NMDA Receptor Activity (GO:2000310),16,0,1.0,,1.0
GO_Biological_Process_2023,Regulation Of Notch Signaling Pathway (GO:0008593),66,0,1.0,,1.0
GO_Biological_Process_2023,Regulation Of PERK-mediated Unfolded Protein Response (GO:1903897),9,0,1.0,,1.0
GO_Biological_Process_2023,Regulation Of T Cell Apoptotic Process (GO:0070232),11,0,1.0,,1.0
GO_Biological_Process_2023,Regulation Of RIG-I Signaling Pathway (GO:0039535),17,0,1.0,,1.0
GO_Biological_Process_2023,Regulation Of MHC Class I Biosynthetic Process (GO:0045343),6,0,1.0,,1.0
GO_Biological_Process_2023,Regulation Of T Cell Chemotaxis (GO:0010819),13,0,1.0,,1.0
GO_Biological_Process_2023,RNA Polymerase II Preinitiation Complex Assembly (GO:0051123),46,1,0.13509044650794752,MED1,1.0
GO_Biological_Process_2023,Regulation Of T Cell Differentiation (GO:0045580),47,0,1.0,,1.0
GO_Biological_Process_2023,Regulation Of Actin Cytoskeleton Organization (GO:0032956),89,0,1.0,,1.0
GO_Biological_Process_2023,Regulation Of Actin Cytoskeleton Reorganization (GO:2000249),25,0,1.0,,1.0
GO_Biological_Process_2023,Regulation Of Actin Filament Bundle Assembly (GO:0032231),25,0,1.0,,1.0
GO_Biological_Process_2023,Regulation Of Actin Filament Depolymerization (GO:0030834),11,0,1.0,,1.0
GO_Biological_Process_2023,Regulation Of Fatty Acid Beta-Oxidation (GO:0031998),12,0,1.0,,1.0
GO_Biological_Process_2023,Regulation Of Actin Filament Length (GO:0030832),9,0,1.0,,1.0
GO_Biological_Process_2023,Regulation Of Actin Filament Organization (GO:0110053),11,0,1.0,,1.0
GO_Biological_Process_2023,Regulation Of Fat Cell Proliferation (GO:0070344),5,0,1.0,,1.0
GO_Biological_Process_2023,Regulation Of Fat Cell Differentiation (GO:0045598),75,1,0.21086079848795228,FERMT2,1.0
GO_Biological_Process_2023,Regulation Of Actin Filament Polymerization (GO:0030833),68,0,1.0,,1.0
GO_Biological_Process_2023,Regulation Of Actin Filament-Based Movement (GO:1903115),9,0,1.0,,1.0
GO_Biological_Process_2023,Regulation Of Actin Filament-Based Process (GO:0032970),69,0,1.0,,1.0
GO_Biological_Process_2023,RNA Processing (GO:0006396),179,0,1.0,,1.0
GO_Biological_Process_2023,Regulation Of Fatty Acid Biosynthetic Process (GO:0042304),26,0,1.0,,1.0
GO_Biological_Process_2023,Regulation Of Actin Nucleation (GO:0051125),19,0,1.0,,1.0
GO_Biological_Process_2023,Regulation Of Extrinsic Apoptotic Signaling Pathway (GO:2001236),60,1,0.17252188692075576,CFLAR,1.0
GO_Biological_Process_2023,Regulation Of Extracellular Matrix Organization (GO:1903053),23,0,1.0,,1.0
GO_Biological_Process_2023,Regulation Of Extracellular Matrix Disassembly (GO:0010715),14,0,1.0,,1.0
GO_Biological_Process_2023,Regulation Of Extracellular Matrix Constituent Secretion (GO:0003330),7,0,1.0,,1.0
GO_Biological_Process_2023,Regulation Of Activated T Cell Proliferation (GO:0046006),33,0,1.0,,1.0
GO_Biological_Process_2023,Regulation Of Activation Of Janus Kinase Activity (GO:0010533),7,0,1.0,,1.0
GO_Biological_Process_2023,Regulation Of Activin Receptor Signaling Pathway (GO:0032925),15,0,1.0,,1.0
GO_Biological_Process_2023,Regulation Of Actomyosin Structure Organization (GO:0110020),12,0,1.0,,1.0
GO_Biological_Process_2023,Regulation Of Acute Inflammatory Response (GO:0002673),19,0,1.0,,1.0
GO_Biological_Process_2023,Regulation Of Adaptive Immune Response (GO:0002819),18,0,1.0,,1.0
GO_Biological_Process_2023,Regulation Of Extracellular Matrix Assembly (GO:1901201),6,0,1.0,,1.0
GO_Biological_Process_2023,Regulation Of Adenylate Cyclase Activity (GO:0045761),16,0,1.0,,1.0
GO_Biological_Process_2023,Regulation Of Extracellular Exosome Assembly (GO:1903551),5,0,1.0,,1.0
GO_Biological_Process_2023,Regulation Of Actin Polymerization Or Depolymerization (GO:0008064),26,0,1.0,,1.0
GO_Biological_Process_2023,Regulation Of T Cell Cytokine Production (GO:0002724),18,0,1.0,,1.0
GO_Biological_Process_2023,Regulation Of Fatty Acid Metabolic Process (GO:0019217),11,0,1.0,,1.0
GO_Biological_Process_2023,Regulation Of Acrosome Reaction (GO:0060046),11,0,1.0,,1.0
GO_Biological_Process_2023,Regulation Of GTPase Activity (GO:0043087),207,2,0.13818310723290245,FERMT2;PTK2,1.0
GO_Biological_Process_2023,Regulation Of Fibroblast Growth Factor Receptor Signaling Pathway (GO:0040036),19,0,1.0,,1.0
GO_Biological_Process_2023,Regulation Of T Cell Differentiation In Thymus (GO:0033081),12,0,1.0,,1.0
GO_Biological_Process_2023,Regulation Of T Cell Mediated Cytotoxicity (GO:0001914),36,0,1.0,,1.0
GO_Biological_Process_2023,Regulation Of T Cell Mediated Immune Response To Tumor Cell (GO:0002840),5,0,1.0,,1.0
GO_Biological_Process_2023,Regulation Of T Cell Mediated Immunity (GO:0002709),11,0,1.0,,1.0
GO_Biological_Process_2023,Regulation Of T Cell Migration (GO:2000404),23,0,1.0,,1.0
GO_Biological_Process_2023,Regulation Of T Cell Proliferation (GO:0042129),76,1,0.21335372189142185,TFRC,1.0
GO_Biological_Process_2023,Regulation Of T Cell Receptor Signaling Pathway (GO:0050856),34,0,1.0,,1.0
GO_Biological_Process_2023,Regulation Of T Cell Tolerance Induction (GO:0002664),6,0,1.0,,1.0
GO_Biological_Process_2023,Regulation Of T-helper 1 Cell Cytokine Production (GO:2000554),5,0,1.0,,1.0
GO_Biological_Process_2023,Regulation Of T-helper 1 Cell Differentiation (GO:0045625),6,0,1.0,,1.0
GO_Biological_Process_2023,Regulation Of Fibroblast Apoptotic Process (GO:2000269),8,0,1.0,,1.0
GO_Biological_Process_2023,Regulation Of Fatty Acid Oxidation (GO:0046320),16,0,1.0,,1.0
GO_Biological_Process_2023,Regulation Of T-helper 1 Type Immune Response (GO:0002825),8,0,1.0,,1.0
GO_Biological_Process_2023,Regulation Of T-helper 17 Cell Lineage Commitment (GO:2000328),5,0,1.0,,1.0
GO_Biological_Process_2023,Regulation Of T-helper 17 Type Immune Response (GO:2000316),13,0,1.0,,1.0
GO_Biological_Process_2023,Regulation Of T-helper 2 Cell Cytokine Production (GO:2000551),10,0,1.0,,1.0
GO_Biological_Process_2023,Regulation Of T-helper 2 Cell Differentiation (GO:0045628),7,0,1.0,,1.0
GO_Biological_Process_2023,Regulation Of Fibrinolysis (GO:0051917),16,0,1.0,,1.0
GO_Biological_Process_2023,RNA-mediated Gene Silencing (GO:0031047),27,0,1.0,,1.0
GO_Biological_Process_2023,Regulation Of Fertilization (GO:0080154),8,0,1.0,,1.0
GO_Biological_Process_2023,Regulation Of TOR Signaling (GO:0032006),76,0,1.0,,1.0
GO_Biological_Process_2023,Regulation Of Feeding Behavior (GO:0060259),14,0,1.0,,1.0
GO_Biological_Process_2023,Regulation Of TORC1 Signaling (GO:1903432),47,0,1.0,,1.0
GO_Biological_Process_2023,Regulation Of TORC2 Signaling (GO:1903939),6,0,1.0,,1.0
GO_Biological_Process_2023,Regulation Of Wnt Signaling Pathway (GO:0030111),106,0,1.0,,1.0
GO_Biological_Process_2023,"Regulation Of Wnt Signaling Pathway, Planar Cell Polarity Pathway (GO:2000095)",8,0,1.0,,1.0
GO_Biological_Process_2023,Regulation Of T-helper 17 Cell Differentiation (GO:2000319),11,0,1.0,,1.0
GO_Biological_Process_2023,RNA-templated DNA Biosynthetic Process (GO:0006278),19,0,1.0,,1.0
GO_Biological_Process_2023,Regulation Of ERBB Signaling Pathway (GO:1901184),13,0,1.0,,1.0
GO_Biological_Process_2023,Regulation Of G0 To G1 Transition (GO:0070316),32,0,1.0,,1.0
GO_Biological_Process_2023,rRNA Processing (GO:0006364),99,1,0.26860179452098903,WDR36,1.0
GO_Biological_Process_2023,Regulation Of Hormone Secretion (GO:0046883),14,0,1.0,,1.0
GO_Biological_Process_2023,rRNA Pseudouridine Synthesis (GO:0031118),7,0,1.0,,1.0
GO_Biological_Process_2023,rRNA Transcription (GO:0009303),17,0,1.0,,1.0
GO_Biological_Process_2023,Regulation Of Homotypic Cell-Cell Adhesion (GO:0034110),11,0,1.0,,1.0
GO_Biological_Process_2023,Regulation Of Histone Modification (GO:0031056),18,0,1.0,,1.0
GO_Biological_Process_2023,Radial Glial Cell Differentiation (GO:0060019),5,0,1.0,,1.0
GO_Biological_Process_2023,Regulation Of Histone Methylation (GO:0031060),9,0,1.0,,1.0
GO_Biological_Process_2023,Receptor Catabolic Process (GO:0032801),15,0,1.0,,1.0
GO_Biological_Process_2023,Regulation Of Histone Deacetylation (GO:0031063),21,0,1.0,,1.0
GO_Biological_Process_2023,Regulation Of Histone Deacetylase Activity (GO:1901725),5,0,1.0,,1.0
GO_Biological_Process_2023,Receptor Clustering (GO:0043113),19,0,1.0,,1.0
GO_Biological_Process_2023,rRNA Modification (GO:0000154),17,0,1.0,,1.0
GO_Biological_Process_2023,Receptor Guanylyl Cyclase Signaling Pathway (GO:0007168),8,0,1.0,,1.0
GO_Biological_Process_2023,Receptor Metabolic Process (GO:0043112),20,0,1.0,,1.0
GO_Biological_Process_2023,Regulation Of Histone Acetylation (GO:0035065),22,0,1.0,,1.0
GO_Biological_Process_2023,Regulation Of Histamine Secretion By Mast Cell (GO:1903593),6,0,1.0,,1.0
GO_Biological_Process_2023,Regulation Of Hippo Signaling (GO:0035330),23,0,1.0,,1.0
GO_Biological_Process_2023,Regulation Of High Voltage-Gated Calcium Channel Activity (GO:1901841),9,0,1.0,,1.0
GO_Biological_Process_2023,Receptor Recycling (GO:0001881),17,0,1.0,,1.0
GO_Biological_Process_2023,Receptor Signaling Pathway Via JAK-STAT (GO:0007259),35,0,1.0,,1.0
GO_Biological_Process_2023,Regulation Of Heterotypic Cell-Cell Adhesion (GO:0034114),24,0,1.0,,1.0
GO_Biological_Process_2023,Receptor Signaling Pathway Via STAT (GO:0097696),31,0,1.0,,1.0
GO_Biological_Process_2023,Rac Protein Signal Transduction (GO:0016601),17,0,1.0,,1.0
GO_Biological_Process_2023,Receptor-Mediated Endocytosis Of Virus By Host Cell (GO:0019065),10,0,1.0,,1.0
GO_Biological_Process_2023,Receptor-Mediated Virion Attachment To Host Cell (GO:0046813),6,0,1.0,,1.0
GO_Biological_Process_2023,Rap Protein Signal Transduction (GO:0032486),9,0,1.0,,1.0
GO_Biological_Process_2023,rRNA Methylation (GO:0031167),19,0,1.0,,1.0
GO_Biological_Process_2023,rRNA Metabolic Process (GO:0016072),89,1,0.2450659198525211,WDR36,1.0
GO_Biological_Process_2023,rRNA Catabolic Process (GO:0016075),19,0,1.0,,1.0
GO_Biological_Process_2023,Regulation Of Inflammatory Response To Antigenic Stimulus (GO:0002861),17,0,1.0,,1.0
GO_Biological_Process_2023,Pyrimidine Nucleobase Catabolic Process (GO:0006208),7,0,1.0,,1.0
GO_Biological_Process_2023,Regulation Of Inflammatory Response (GO:0050727),234,0,1.0,,1.0
GO_Biological_Process_2023,SA Node Cell Action Potential (GO:0086015),6,0,1.0,,1.0
GO_Biological_Process_2023,Pyrimidine Nucleoside Transport (GO:0015864),5,0,1.0,,1.0
GO_Biological_Process_2023,Pyrimidine Nucleotide-Sugar Transmembrane Transport (GO:0090481),6,0,1.0,,1.0
GO_Biological_Process_2023,Rho Protein Signal Transduction (GO:0007266),52,1,0.15133197290975003,CFL1,1.0
GO_Biological_Process_2023,Regulation Of Inclusion Body Assembly (GO:0090083),8,0,1.0,,1.0
GO_Biological_Process_2023,Pyrimidine-Containing Compound Catabolic Process (GO:0072529),8,0,1.0,,1.0
GO_Biological_Process_2023,Regulation Of Immunoglobulin Production (GO:0002637),27,0,1.0,,1.0
GO_Biological_Process_2023,Regulation Of Immunoglobulin Mediated Immune Response (GO:0002889),5,0,1.0,,1.0
GO_Biological_Process_2023,Regulation Of Immune Response (GO:0050776),76,1,0.21335372189142185,IRF4,1.0
GO_Biological_Process_2023,Pyrimidine-Containing Compound Metabolic Process (GO:0072527),8,0,1.0,,1.0
GO_Biological_Process_2023,Regulation Of Immature T Cell Proliferation In Thymus (GO:0033084),5,0,1.0,,1.0
GO_Biological_Process_2023,Regulation Of Hydrolase Activity (GO:0051336),70,1,0.19827925179510839,PTK2,1.0
GO_Biological_Process_2023,Pyroptosis (GO:0070269),28,0,1.0,,1.0
GO_Biological_Process_2023,Pyruvate Metabolic Process (GO:0006090),50,0,1.0,,1.0
GO_Biological_Process_2023,Quaternary Ammonium Group Transport (GO:0015697),12,0,1.0,,1.0
GO_Biological_Process_2023,Quinone Biosynthetic Process (GO:1901663),12,0,1.0,,1.0
GO_Biological_Process_2023,Quinone Metabolic Process (GO:1901661),9,0,1.0,,1.0
GO_Biological_Process_2023,rDNA Heterochromatin Formation (GO:0000183),6,0,1.0,,1.0
GO_Biological_Process_2023,Regulation Of Hydrogen Peroxide-Induced Cell Death (GO:1903205),7,0,1.0,,1.0
GO_Biological_Process_2023,Regulation Of Hydrogen Peroxide Metabolic Process (GO:0010310),5,0,1.0,,1.0
GO_Biological_Process_2023,Regulation Of Hyaluronan Biosynthetic Process (GO:1900125),5,0,1.0,,1.0
GO_Biological_Process_2023,Regulation Of Humoral Immune Response (GO:0002920),13,0,1.0,,1.0
GO_Biological_Process_2023,rRNA 3'-End Processing (GO:0031125),9,0,1.0,,1.0
GO_Biological_Process_2023,rRNA Base Methylation (GO:0070475),7,0,1.0,,1.0
GO_Biological_Process_2023,Recombinational Repair (GO:0000725),94,0,1.0,,1.0
GO_Biological_Process_2023,Regulation Of Heterochromatin Formation (GO:0031445),6,0,1.0,,1.0
GO_Biological_Process_2023,Regulated Exocytosis (GO:0045055),50,0,1.0,,1.0
GO_Biological_Process_2023,Regulation Of 3'-UTR-mediated mRNA Stabilization (GO:1905868),5,0,1.0,,1.0
GO_Biological_Process_2023,Regulation Of Growth Hormone Secretion (GO:0060123),6,0,1.0,,1.0
GO_Biological_Process_2023,"Regulation Of DNA Damage Response, Signal Transduction By P53 Class Mediator Resulting In Transcription Of P21 Class Mediator (GO:1902162)",5,0,1.0,,1.0
GO_Biological_Process_2023,Regulation Of DNA Demethylation (GO:1901535),8,0,1.0,,1.0
GO_Biological_Process_2023,Regulation Of DNA Metabolic Process (GO:0051052),124,1,0.32433232780727195,MYC,1.0
GO_Biological_Process_2023,Regulation Of Growth Hormone Receptor Signaling Pathway (GO:0060398),5,0,1.0,,1.0
GO_Biological_Process_2023,Regulation Of DNA Methylation-Dependent Heterochromatin Formation (GO:0090308),16,0,1.0,,1.0
GO_Biological_Process_2023,Regulation Of Granulocyte Macrophage Colony-Stimulating Factor Production (GO:0032645),15,0,1.0,,1.0
GO_Biological_Process_2023,Regulation Of DNA Recombination (GO:0000018),43,0,1.0,,1.0
GO_Biological_Process_2023,Regulation Of DNA Repair (GO:0006282),128,0,1.0,,1.0
GO_Biological_Process_2023,Regulation Of DNA Replication (GO:0006275),75,0,1.0,,1.0
GO_Biological_Process_2023,Regulation Of DNA Strand Elongation (GO:0060382),16,0,1.0,,1.0
GO_Biological_Process_2023,Regulation Of Granulocyte Differentiation (GO:0030852),9,0,1.0,,1.0
GO_Biological_Process_2023,Regulation Of DNA-directed DNA Polymerase Activity (GO:1900262),12,0,1.0,,1.0
GO_Biological_Process_2023,Regulation Of Glycoprotein Biosynthetic Process (GO:0010559),10,0,1.0,,1.0
GO_Biological_Process_2023,Regulation Of DNA-templated DNA Replication (GO:0090329),17,0,1.0,,1.0
GO_Biological_Process_2023,Regulation Of DNA-templated DNA Replication Initiation (GO:0030174),12,0,1.0,,1.0
GO_Biological_Process_2023,Regulation Of DNA-templated Transcription Elongation (GO:0032784),44,1,0.1296090217958688,INTS6,1.0
GO_Biological_Process_2023,Regulation Of Glycolytic Process (GO:0006110),40,1,0.11854355482635615,EP300,1.0
GO_Biological_Process_2023,Regulation Of DNA-templated Transcription In Response To Stress (GO:0043620),7,0,1.0,,1.0
GO_Biological_Process_2023,Regulation Of DNA-templated Transcription Initiation (GO:2000142),8,0,1.0,,1.0
GO_Biological_Process_2023,Regulation Of ER To Golgi Vesicle-Mediated Transport (GO:0060628),9,0,1.0,,1.0
GO_Biological_Process_2023,Regulation Of ER-associated Ubiquitin-Dependent Protein Catabolic Process (GO:1903069),8,0,1.0,,1.0
GO_Biological_Process_2023,Regulation Of Glycogen Metabolic Process (GO:0070873),11,0,1.0,,1.0
GO_Biological_Process_2023,Regulation Of ERAD Pathway (GO:1904292),10,0,1.0,,1.0
GO_Biological_Process_2023,Regulation Of Glycogen Biosynthetic Process (GO:0005979),25,0,1.0,,1.0
GO_Biological_Process_2023,Regulation Of ERK1 And ERK2 Cascade (GO:0070372),238,2,0.17219602494049216,BRAF;FERMT2,1.0
GO_Biological_Process_2023,Regulation Of G Protein-Coupled Receptor Signaling Pathway (GO:0008277),70,0,1.0,,1.0
GO_Biological_Process_2023,Regulation Of DNA Damage Checkpoint (GO:2000001),18,0,1.0,,1.0
GO_Biological_Process_2023,Regulation Of G1/S Transition Of Mitotic Cell Cycle (GO:2000045),105,0,1.0,,1.0
GO_Biological_Process_2023,Regulation Of DNA Biosynthetic Process (GO:2000278),34,0,1.0,,1.0
GO_Biological_Process_2023,Regulation Of CoA-transferase Activity (GO:1905918),7,0,1.0,,1.0
GO_Biological_Process_2023,Regulation Of Hepatocyte Proliferation (GO:2000345),5,0,1.0,,1.0
GO_Biological_Process_2023,Regulation Of AMPA Receptor Activity (GO:2000311),23,0,1.0,,1.0
GO_Biological_Process_2023,Regulation Of Hemopoiesis (GO:1903706),14,0,1.0,,1.0
GO_Biological_Process_2023,Regulation Of ATP Biosynthetic Process (GO:2001169),14,0,1.0,,1.0
GO_Biological_Process_2023,Regulation Of ATPase-coupled Calcium Transmembrane Transporter Activity (GO:1901894),7,0,1.0,,1.0
GO_Biological_Process_2023,Regulation Of Arp2/3 Complex-Mediated Actin Nucleation (GO:0034315),25,0,1.0,,1.0
GO_Biological_Process_2023,Regulation Of B Cell Activation (GO:0050864),25,0,1.0,,1.0
GO_Biological_Process_2023,Regulation Of B Cell Apoptotic Process (GO:0002902),10,0,1.0,,1.0
GO_Biological_Process_2023,Regulation Of Hemoglobin Biosynthetic Process (GO:0046984),6,0,1.0,,1.0
GO_Biological_Process_2023,Regulation Of B Cell Differentiation (GO:0045577),19,0,1.0,,1.0
GO_Biological_Process_2023,Regulation Of B Cell Proliferation (GO:0030888),44,1,0.1296090217958688,TFRC,1.0
GO_Biological_Process_2023,Regulation Of Heme Biosynthetic Process (GO:0070453),6,0,1.0,,1.0
GO_Biological_Process_2023,Regulation Of B Cell Receptor Signaling Pathway (GO:0050855),16,0,1.0,,1.0
GO_Biological_Process_2023,Regulation Of BMP Signaling Pathway (GO:0030510),74,0,1.0,,1.0
GO_Biological_Process_2023,Regulation Of Hematopoietic Stem Cell Proliferation (GO:1902033),5,0,1.0,,1.0
GO_Biological_Process_2023,"Regulation Of CD4-positive, Alpha-Beta T Cell Activation (GO:2000514)",6,0,1.0,,1.0
GO_Biological_Process_2023,Regulation Of Hematopoietic Stem Cell Differentiation (GO:1902036),12,0,1.0,,1.0
GO_Biological_Process_2023,Regulation Of Helicase Activity (GO:0051095),8,0,1.0,,1.0
GO_Biological_Process_2023,Regulation Of Heart Rate By Cardiac Conduction (GO:0086091),40,0,1.0,,1.0
GO_Biological_Process_2023,"Regulation Of CD4-positive, Alpha-Beta T Cell Proliferation (GO:2000561)",9,0,1.0,,1.0
GO_Biological_Process_2023,Regulation Of Heart Contraction (GO:0008016),69,0,1.0,,1.0
GO_Biological_Process_2023,"Regulation Of CD8-positive, Alpha-Beta T Cell Activation (GO:2001185)",9,0,1.0,,1.0
GO_Biological_Process_2023,Regulation Of Hair Cycle (GO:0042634),9,0,1.0,,1.0
GO_Biological_Process_2023,"Regulation Of CD8-positive, Alpha-Beta T Cell Differentiation (GO:0043376)",7,0,1.0,,1.0
GO_Biological_Process_2023,"Regulation Of CD8-positive, Alpha-Beta T Cell Proliferation (GO:2000564)",8,0,1.0,,1.0
GO_Biological_Process_2023,Regulation Of Guanylate Cyclase Activity (GO:0031282),5,0,1.0,,1.0
GO_Biological_Process_2023,Regulation Of Cdc42 Protein Signal Transduction (GO:0032489),7,0,1.0,,1.0
GO_Biological_Process_2023,Regulation Of DNA Binding (GO:0051101),48,0,1.0,,1.0
GO_Biological_Process_2023,Regulation Of Adiponectin Secretion (GO:0070163),6,0,1.0,,1.0
GO_Biological_Process_2023,Regulation Of Alcohol Biosynthetic Process (GO:1902930),11,0,1.0,,1.0
GO_Biological_Process_2023,Regulation Of Aerobic Respiration (GO:1903715),16,0,1.0,,1.0
GO_Biological_Process_2023,Regulation Of Cell Development (GO:0060284),51,1,0.14864602149802708,CTNNB1,1.0
GO_Biological_Process_2023,Regulation Of Dendrite Extension (GO:1903859),17,0,1.0,,1.0
GO_Biological_Process_2023,Regulation Of Dendrite Development (GO:0050773),41,0,1.0,,1.0
GO_Biological_Process_2023,Regulation Of Delayed Rectifier Potassium Channel Activity (GO:1902259),16,0,1.0,,1.0
GO_Biological_Process_2023,Regulation Of Defense Response To Virus By Host (GO:0050691),36,0,1.0,,1.0
GO_Biological_Process_2023,Pyrimidine Deoxyribonucleotide Catabolic Process (GO:0009223),12,0,1.0,,1.0
GO_Biological_Process_2023,Regulation Of Cell Fate Commitment (GO:0010453),13,0,1.0,,1.0
GO_Biological_Process_2023,Regulation Of Defense Response To Virus (GO:0050688),17,0,1.0,,1.0
GO_Biological_Process_2023,Regulation Of Cell Fate Specification (GO:0042659),14,0,1.0,,1.0
GO_Biological_Process_2023,Regulation Of Cell Growth (GO:0001558),221,1,0.5037122592944148,TFRC,1.0
GO_Biological_Process_2023,Regulation Of Defense Response To Bacterium (GO:1900424),7,0,1.0,,1.0
GO_Biological_Process_2023,Regulation Of Cell Junction Assembly (GO:1901888),23,0,1.0,,1.0
GO_Biological_Process_2023,Regulation Of Cell Killing (GO:0031341),8,0,1.0,,1.0
GO_Biological_Process_2023,Regulation Of Defense Response (GO:0031347),95,0,1.0,,1.0
GO_Biological_Process_2023,Regulation Of Cell Migration (GO:0030334),429,2,0.39230421412207717,FERMT2;PTK2,1.0
GO_Biological_Process_2023,Regulation Of Cell Migration Involved In Sprouting Angiogenesis (GO:0090049),30,0,1.0,,1.0
GO_Biological_Process_2023,Regulation Of Cytosolic Calcium Ion Concentration (GO:0051480),39,0,1.0,,1.0
GO_Biological_Process_2023,"RNA Splicing, Via Transesterification Reactions (GO:0000375)",24,0,1.0,,1.0
GO_Biological_Process_2023,Regulation Of Cell Motility (GO:2000145),122,1,0.32003191068710407,CDK6,1.0
GO_Biological_Process_2023,Regulation Of Cytoskeleton Organization (GO:0051493),112,1,0.298123065601267,PTK2,1.0
GO_Biological_Process_2023,Regulation Of Cell Projection Organization (GO:0031344),12,0,1.0,,1.0
GO_Biological_Process_2023,Regulation Of Cell Size (GO:0008361),24,0,1.0,,1.0
GO_Biological_Process_2023,Regulation Of Cell-Cell Adhesion (GO:0022407),42,1,0.12409346084705099,PTK2,1.0
GO_Biological_Process_2023,Regulation Of Cell-Cell Adhesion Involved In Gastrulation (GO:0070587),9,0,1.0,,1.0
GO_Biological_Process_2023,Regulation Of Cytoplasmic Transport (GO:1903649),10,0,1.0,,1.0
GO_Biological_Process_2023,Regulation Of Cytoplasmic Translational Elongation (GO:1900247),7,0,1.0,,1.0
GO_Biological_Process_2023,Regulation Of Cell-Cell Adhesion Mediated By Integrin (GO:0033632),9,0,1.0,,1.0
GO_Biological_Process_2023,Regulation Of Dendrite Morphogenesis (GO:0048814),31,0,1.0,,1.0
GO_Biological_Process_2023,Regulation Of Cytoplasmic Translation (GO:2000765),24,0,1.0,,1.0
GO_Biological_Process_2023,Regulation Of Dendritic Cell Antigen Processing And Presentation (GO:0002604),8,0,1.0,,1.0
GO_Biological_Process_2023,Regulation Of Cell Death (GO:0010941),55,0,1.0,,1.0
GO_Biological_Process_2023,Regulation Of Cartilage Development (GO:0061035),17,0,1.0,,1.0
GO_Biological_Process_2023,Regulation Of Double-Strand Break Repair (GO:2000779),88,0,1.0,,1.0
GO_Biological_Process_2023,Regulation Of Catecholamine Secretion (GO:0050433),25,0,1.0,,1.0
GO_Biological_Process_2023,Regulation Of Dosage Compensation By Inactivation Of X Chromosome (GO:1900095),12,0,1.0,,1.0
GO_Biological_Process_2023,Regulation Of Cation Channel Activity (GO:2001257),56,0,1.0,,1.0
GO_Biological_Process_2023,Regulation Of Cell Activation (GO:0050865),10,0,1.0,,1.0
GO_Biological_Process_2023,Regulation Of Cell Adhesion (GO:0030155),143,1,0.36387586040757136,PTK2,1.0
GO_Biological_Process_2023,Regulation Of Dopamine Uptake Involved In Synaptic Transmission (GO:0051584),7,0,1.0,,1.0
GO_Biological_Process_2023,Regulation Of Cell Adhesion Mediated By Integrin (GO:0033628),33,1,0.09884537173365426,PTK2,1.0
GO_Biological_Process_2023,Regulation Of Cell Adhesion Molecule Production (GO:0060353),6,0,1.0,,1.0
GO_Biological_Process_2023,Regulation Of Dopamine Secretion (GO:0014059),21,0,1.0,,1.0
GO_Biological_Process_2023,Regulation Of Dopamine Receptor Signaling Pathway (GO:0060159),7,0,1.0,,1.0
GO_Biological_Process_2023,Regulation Of Cell Communication (GO:0010646),48,0,1.0,,1.0
GO_Biological_Process_2023,Regulation Of Cell Communication By Electrical Coupling (GO:0010649),12,0,1.0,,1.0
GO_Biological_Process_2023,Regulation Of Dopamine Metabolic Process (GO:0042053),7,0,1.0,,1.0
GO_Biological_Process_2023,Regulation Of Cell Communication By Electrical Coupling Involved In Cardiac Conduction (GO:1901844),11,0,1.0,,1.0
GO_Biological_Process_2023,Regulation Of Digestive System Process (GO:0044058),6,0,1.0,,1.0
GO_Biological_Process_2023,Regulation Of Dephosphorylation (GO:0035303),14,0,1.0,,1.0
GO_Biological_Process_2023,RNA Stabilization (GO:0043489),36,0,1.0,,1.0
GO_Biological_Process_2023,Regulation Of Dendritic Spine Maintenance (GO:1902950),8,0,1.0,,1.0
GO_Biological_Process_2023,Regulation Of Cell Cycle G1/S Phase Transition (GO:1902806),73,0,1.0,,1.0
GO_Biological_Process_2023,Regulation Of Dendritic Spine Development (GO:0060998),17,0,1.0,,1.0
GO_Biological_Process_2023,Regulation Of Dendritic Cell Differentiation (GO:2001198),10,0,1.0,,1.0
GO_Biological_Process_2023,Regulation Of Cell Cycle Checkpoint (GO:1901976),11,0,1.0,,1.0
GO_Biological_Process_2023,Regulation Of Dendritic Cell Chemotaxis (GO:2000508),7,0,1.0,,1.0
GO_Biological_Process_2023,Regulation Of Cell Cycle Phase Transition (GO:1901987),25,0,1.0,,1.0
GO_Biological_Process_2023,"RNA Splicing, Via Transesterification Reactions With Bulged Adenosine As Nucleophile (GO:0000377)",176,0,1.0,,1.0
GO_Biological_Process_2023,Regulation Of Dendritic Cell Apoptotic Process (GO:2000668),9,0,1.0,,1.0
GO_Biological_Process_2023,Regulation Of Cardiac Muscle Hypertrophy In Response To Stress (GO:1903242),6,0,1.0,,1.0
GO_Biological_Process_2023,"RNA Splicing, Via Endonucleolytic Cleavage And Ligation (GO:0000394)",11,0,1.0,,1.0
GO_Biological_Process_2023,Regulation Of Cytokinesis (GO:0032465),78,1,0.21831637263950315,BCL2L1,1.0
GO_Biological_Process_2023,Regulation Of Centrosome Cycle (GO:0046605),22,0,1.0,,1.0
GO_Biological_Process_2023,Regulation Of Centrosome Duplication (GO:0010824),28,0,1.0,,1.0
GO_Biological_Process_2023,Regulation Of Collateral Sprouting (GO:0048670),7,0,1.0,,1.0
GO_Biological_Process_2023,Regulation Of Ceramide Biosynthetic Process (GO:2000303),9,0,1.0,,1.0
GO_Biological_Process_2023,Regulation Of Chaperone-Mediated Autophagy (GO:1904714),7,0,1.0,,1.0
GO_Biological_Process_2023,Regulation Of Chemokine (C-C Motif) Ligand 5 Production (GO:0071649),7,0,1.0,,1.0
GO_Biological_Process_2023,Regulation Of Chemokine (C-X-C Motif) Ligand 2 Production (GO:2000341),12,0,1.0,,1.0
GO_Biological_Process_2023,Regulation Of Collagen Fibril Organization (GO:1904026),6,0,1.0,,1.0
GO_Biological_Process_2023,Regulation Of Collagen Biosynthetic Process (GO:0032965),18,0,1.0,,1.0
GO_Biological_Process_2023,Regulation Of Chemokine Production (GO:0032642),40,0,1.0,,1.0
GO_Biological_Process_2023,Regulation Of Chemokine-Mediated Signaling Pathway (GO:0070099),7,0,1.0,,1.0
GO_Biological_Process_2023,Regulation Of Chemotaxis (GO:0050920),27,0,1.0,,1.0
GO_Biological_Process_2023,Regulation Of Cholesterol Biosynthetic Process (GO:0045540),15,0,1.0,,1.0
GO_Biological_Process_2023,Regulation Of Cholesterol Efflux (GO:0010874),31,0,1.0,,1.0
GO_Biological_Process_2023,Regulation Of Coagulation (GO:0050818),10,0,1.0,,1.0
GO_Biological_Process_2023,Regulation Of Clathrin-Dependent Endocytosis (GO:2000369),15,0,1.0,,1.0
GO_Biological_Process_2023,Regulation Of Cholesterol Metabolic Process (GO:0090181),23,0,1.0,,1.0
GO_Biological_Process_2023,Regulation Of Cholesterol Storage (GO:0010885),14,0,1.0,,1.0
GO_Biological_Process_2023,Regulation Of Cholesterol Transport (GO:0032374),22,0,1.0,,1.0
GO_Biological_Process_2023,Regulation Of Chondrocyte Differentiation (GO:0032330),25,0,1.0,,1.0
GO_Biological_Process_2023,"Regulation Of Circadian Sleep/Wake Cycle, Sleep (GO:0045187)",5,0,1.0,,1.0
GO_Biological_Process_2023,Regulation Of Chromatin Binding (GO:0035561),10,0,1.0,,1.0
GO_Biological_Process_2023,Regulation Of Chromatin Organization (GO:1902275),26,0,1.0,,1.0
GO_Biological_Process_2023,Regulation Of Circadian Sleep/Wake Cycle (GO:0042749),5,0,1.0,,1.0
GO_Biological_Process_2023,Regulation Of Cilium Movement (GO:0003352),11,0,1.0,,1.0
GO_Biological_Process_2023,Regulation Of Cilium Beat Frequency (GO:0003356),7,0,1.0,,1.0
GO_Biological_Process_2023,Regulation Of Cilium Assembly (GO:1902017),70,0,1.0,,1.0
GO_Biological_Process_2023,Regulation Of Complement Activation (GO:0030449),9,0,1.0,,1.0
GO_Biological_Process_2023,Regulation Of Cell-Substrate Adhesion (GO:0010810),44,1,0.1296090217958688,PTK2,1.0
GO_Biological_Process_2023,Regulation Of Centriole Replication (GO:0046599),17,0,1.0,,1.0
GO_Biological_Process_2023,Regulation Of Complement-Dependent Cytotoxicity (GO:1903659),9,0,1.0,,1.0
GO_Biological_Process_2023,Regulation Of Cellular Biosynthetic Process (GO:0031326),69,1,0.1957393892543675,MED1,1.0
GO_Biological_Process_2023,Regulation Of Cellular Catabolic Process (GO:0031329),61,1,0.17513379062462486,EP300,1.0
GO_Biological_Process_2023,Regulation Of Cellular Component Biogenesis (GO:0044087),37,0,1.0,,1.0
GO_Biological_Process_2023,Regulation Of Cytokine-Mediated Signaling Pathway (GO:0001959),40,0,1.0,,1.0
GO_Biological_Process_2023,Regulation Of Cellular Component Size (GO:0032535),42,0,1.0,,1.0
GO_Biological_Process_2023,Regulation Of Cellular Extravasation (GO:0002691),9,0,1.0,,1.0
GO_Biological_Process_2023,Regulation Of Cytokine Production Involved In Inflammatory Response (GO:1900015),46,0,1.0,,1.0
GO_Biological_Process_2023,Regulation Of Cellular Ketone Metabolic Process (GO:0010565),13,0,1.0,,1.0
GO_Biological_Process_2023,Regulation Of Cellular Localization (GO:0060341),68,0,1.0,,1.0
GO_Biological_Process_2023,Regulation Of Cytokine Production Involved In Immune Response (GO:0002718),23,0,1.0,,1.0
GO_Biological_Process_2023,Regulation Of Cytokine Production (GO:0001817),162,0,1.0,,1.0
GO_Biological_Process_2023,Regulation Of Cysteine-Type Endopeptidase Activity Involved In Apoptotic Signaling Pathway (GO:2001267),10,0,1.0,,1.0
GO_Biological_Process_2023,Regulation Of Cellular Metabolic Process (GO:0031323),45,1,0.1323539881781123,EP300,1.0
GO_Biological_Process_2023,Regulation Of Cellular Respiration (GO:0043457),16,0,1.0,,1.0
GO_Biological_Process_2023,Regulation Of Cysteine-Type Endopeptidase Activity Involved In Apoptotic Process (GO:0043281),82,1,0.2281495485109367,MYC,1.0
GO_Biological_Process_2023,Regulation Of Cellular Response To Growth Factor Stimulus (GO:0090287),19,0,1.0,,1.0
GO_Biological_Process_2023,Regulation Of Cysteine-Type Endopeptidase Activity (GO:2000116),24,0,1.0,,1.0
GO_Biological_Process_2023,Regulation Of Cellular Response To Hypoxia (GO:1900037),6,0,1.0,,1.0
GO_Biological_Process_2023,Regulation Of Cyclin-Dependent Protein Serine/Threonine Kinase Activity (GO:0000079),79,1,0.2207861471335334,CCND1,1.0
GO_Biological_Process_2023,Regulation Of Cellular Response To Insulin Stimulus (GO:1900076),6,0,1.0,,1.0
GO_Biological_Process_2023,Regulation Of Cyclin-Dependent Protein Kinase Activity (GO:1904029),53,1,0.15400959601649175,CCND1,1.0
GO_Biological_Process_2023,Regulation Of Cyclic-Nucleotide Phosphodiesterase Activity (GO:0051342),7,0,1.0,,1.0
GO_Biological_Process_2023,Regulation Of Cellular Response To Stress (GO:0080135),107,1,0.2869099657202279,EP300,1.0
GO_Biological_Process_2023,Regulation Of Cellular Response To Transforming Growth Factor Beta Stimulus (GO:1903844),23,0,1.0,,1.0
GO_Biological_Process_2023,Regulation Of Cellular Senescence (GO:2000772),35,1,0.10451714826336693,CDK6,1.0
GO_Biological_Process_2023,Regulation Of Cortisol Biosynthetic Process (GO:2000064),6,0,1.0,,1.0
GO_Biological_Process_2023,Regulation Of Centriole Elongation (GO:1903722),5,0,1.0,,1.0
GO_Biological_Process_2023,"Regulation Of Complement Activation, Classical Pathway (GO:0030450)",8,0,1.0,,1.0
GO_Biological_Process_2023,Regulation Of Cardiac Muscle Hypertrophy (GO:0010611),23,0,1.0,,1.0
GO_Biological_Process_2023,Regulation Of Cardiac Muscle Contraction By Regulation Of The Release Of Sequestered Calcium Ion (GO:0010881),16,0,1.0,,1.0
GO_Biological_Process_2023,Regulation Of Cardiac Muscle Contraction By Calcium Ion Signaling (GO:0010882),20,0,1.0,,1.0
GO_Biological_Process_2023,Regulation Of Atrial Cardiac Muscle Cell Membrane Repolarization (GO:0060372),6,0,1.0,,1.0
GO_Biological_Process_2023,Regulation Of Attachment Of Mitotic Spindle Microtubules To Kinetochore (GO:1902423),7,0,1.0,,1.0
GO_Biological_Process_2023,Regulation Of Attachment Of Spindle Microtubules To Kinetochore (GO:0051988),9,0,1.0,,1.0
GO_Biological_Process_2023,Regulation Of Establishment Of Planar Polarity (GO:0090175),29,0,1.0,,1.0
GO_Biological_Process_2023,Regulation Of Establishment Of Endothelial Barrier (GO:1903140),16,0,1.0,,1.0
GO_Biological_Process_2023,Regulation Of Establishment Of Cell Polarity (GO:2000114),17,0,1.0,,1.0
GO_Biological_Process_2023,Regulation Of Establishment Of T Cell Polarity (GO:1903903),5,0,1.0,,1.0
GO_Biological_Process_2023,RNA Secondary Structure Unwinding (GO:0010501),8,0,1.0,,1.0
GO_Biological_Process_2023,Regulation Of Autophagosome Assembly (GO:2000785),39,0,1.0,,1.0
GO_Biological_Process_2023,Regulation Of Epithelial To Mesenchymal Transition Involved In Endocardial Cushion Formation (GO:1905005),7,0,1.0,,1.0
GO_Biological_Process_2023,Regulation Of Autophagosome Maturation (GO:1901096),16,0,1.0,,1.0
GO_Biological_Process_2023,Regulation Of Autophagy (GO:0010506),234,1,0.5238754807319148,EP300,1.0
GO_Biological_Process_2023,Regulation Of Autophagy Of Mitochondrion (GO:1903146),19,0,1.0,,1.0
GO_Biological_Process_2023,Regulation Of Axon Extension (GO:0030516),35,1,0.10451714826336693,DNM2,1.0
GO_Biological_Process_2023,Regulation Of Axon Extension Involved In Axon Guidance (GO:0048841),23,0,1.0,,1.0
GO_Biological_Process_2023,RNA Splicing (GO:0008380),97,0,1.0,,1.0
GO_Biological_Process_2023,Regulation Of Epithelial Cell Migration (GO:0010632),50,1,0.1459517163333458,PTK2,1.0
GO_Biological_Process_2023,Regulation Of Epithelial Cell Differentiation (GO:0030856),18,0,1.0,,1.0
GO_Biological_Process_2023,Regulation Of Axon Guidance (GO:1902667),6,0,1.0,,1.0
GO_Biological_Process_2023,Regulation Of Axon Regeneration (GO:0048679),10,0,1.0,,1.0
GO_Biological_Process_2023,Regulation Of Axonogenesis (GO:0050770),42,0,1.0,,1.0
GO_Biological_Process_2023,Regulation Of Basement Membrane Organization (GO:0110011),5,0,1.0,,1.0
GO_Biological_Process_2023,Regulation Of Behavior (GO:0050795),19,0,1.0,,1.0
GO_Biological_Process_2023,Regulation Of Bicellular Tight Junction Assembly (GO:2000810),15,0,1.0,,1.0
GO_Biological_Process_2023,Regulation Of Epithelial Cell Apoptotic Process (GO:1904035),9,0,1.0,,1.0
GO_Biological_Process_2023,Regulation Of Bile Acid Biosynthetic Process (GO:0070857),9,0,1.0,,1.0
GO_Biological_Process_2023,Regulation Of Bile Acid Metabolic Process (GO:1904251),6,0,1.0,,1.0
GO_Biological_Process_2023,Regulation Of Atrial Cardiac Muscle Cell Membrane Depolarization (GO:0060371),6,0,1.0,,1.0
GO_Biological_Process_2023,Regulation Of Biomineral Tissue Development (GO:0070167),25,0,1.0,,1.0
GO_Biological_Process_2023,Regulation Of Astrocyte Differentiation (GO:0048710),11,0,1.0,,1.0
GO_Biological_Process_2023,Regulation Of Apoptotic Signaling Pathway (GO:2001233),45,0,1.0,,1.0
GO_Biological_Process_2023,Regulation Of Exosomal Secretion (GO:1903541),18,0,1.0,,1.0
GO_Biological_Process_2023,Regulation Of Chromosome Organization (GO:0033044),43,1,0.12685552137392916,MYC,1.0
GO_Biological_Process_2023,Regulation Of Aldosterone Biosynthetic Process (GO:0032347),6,0,1.0,,1.0
GO_Biological_Process_2023,Regulation Of Alpha-Beta T Cell Differentiation (GO:0046637),7,0,1.0,,1.0
GO_Biological_Process_2023,Regulation Of Alpha-Beta T Cell Proliferation (GO:0046640),7,0,1.0,,1.0
GO_Biological_Process_2023,"Regulation Of Alternative mRNA Splicing, Via Spliceosome (GO:0000381)",51,0,1.0,,1.0
GO_Biological_Process_2023,Regulation Of Amide Metabolic Process (GO:0034248),41,0,1.0,,1.0
GO_Biological_Process_2023,Regulation Of Amyloid Fibril Formation (GO:1905906),15,0,1.0,,1.0
GO_Biological_Process_2023,Regulation Of Amyloid Precursor Protein Biosynthetic Process (GO:0042984),10,0,1.0,,1.0
GO_Biological_Process_2023,Regulation Of Amyloid Precursor Protein Catabolic Process (GO:1902991),11,0,1.0,,1.0
GO_Biological_Process_2023,Regulation Of Exocytosis (GO:0017157),53,0,1.0,,1.0
GO_Biological_Process_2023,Regulation Of Amyloid-Beta Clearance (GO:1900221),15,0,1.0,,1.0
GO_Biological_Process_2023,Regulation Of Amyloid-Beta Formation (GO:1902003),33,0,1.0,,1.0
GO_Biological_Process_2023,RNA Transport (GO:0050658),36,0,1.0,,1.0
GO_Biological_Process_2023,Regulation Of Exit From Mitosis (GO:0007096),14,0,1.0,,1.0
GO_Biological_Process_2023,Regulation Of Execution Phase Of Apoptosis (GO:1900117),11,0,1.0,,1.0
GO_Biological_Process_2023,Regulation Of Angiogenesis (GO:0045765),205,1,0.4777412497311365,CTNNB1,1.0
GO_Biological_Process_2023,Regulation Of Angiotensin Levels In Blood (GO:0002002),8,0,1.0,,1.0
GO_Biological_Process_2023,Regulation Of Excitatory Synapse Assembly (GO:1904889),5,0,1.0,,1.0
GO_Biological_Process_2023,Regulation Of Establishment Or Maintenance Of Cell Polarity (GO:0032878),18,0,1.0,,1.0
GO_Biological_Process_2023,Regulation Of Animal Organ Morphogenesis (GO:2000027),9,0,1.0,,1.0
GO_Biological_Process_2023,Regulation Of Anion Channel Activity (GO:0010359),5,0,1.0,,1.0
GO_Biological_Process_2023,Regulation Of Establishment Of Protein Localization To Telomere (GO:0070203),10,0,1.0,,1.0
GO_Biological_Process_2023,Regulation Of Antigen Receptor-Mediated Signaling Pathway (GO:0050854),6,0,1.0,,1.0
GO_Biological_Process_2023,Regulation Of Establishment Of Protein Localization To Mitochondrion (GO:1903747),7,0,1.0,,1.0
GO_Biological_Process_2023,Regulation Of Establishment Of Protein Localization (GO:0070201),14,0,1.0,,1.0
GO_Biological_Process_2023,Regulation Of Apoptotic Cell Clearance (GO:2000425),6,0,1.0,,1.0
GO_Biological_Process_2023,Regulation Of Aspartic-Type Endopeptidase Activity Involved In Amyloid Precursor Protein Catabolic Process (GO:1902959),8,0,1.0,,1.0
GO_Biological_Process_2023,Regulation Of Biosynthetic Process (GO:0009889),10,0,1.0,,1.0
GO_Biological_Process_2023,Regulation Of Blood Circulation (GO:1903522),34,0,1.0,,1.0
GO_Biological_Process_2023,Regulation Of Blood Coagulation (GO:0030193),29,0,1.0,,1.0
GO_Biological_Process_2023,Regulation Of Calcium Ion Transmembrane Transporter Activity (GO:1901019),32,0,1.0,,1.0
GO_Biological_Process_2023,Regulation Of Endoplasmic Reticulum Stress-Induced Intrinsic Apoptotic Signaling Pathway (GO:1902235),22,0,1.0,,1.0
GO_Biological_Process_2023,Regulation Of Calcium Ion Transport (GO:0051924),55,1,0.15933995872645573,CTNNB1,1.0
GO_Biological_Process_2023,Regulation Of Calcium Ion-Dependent Exocytosis (GO:0017158),27,0,1.0,,1.0
GO_Biological_Process_2023,Regulation Of Calcium-Mediated Signaling (GO:0050848),30,0,1.0,,1.0
GO_Biological_Process_2023,Regulation Of Canonical Wnt Signaling Pathway (GO:0060828),200,0,1.0,,1.0
GO_Biological_Process_2023,Regulation Of Endopeptidase Activity (GO:0052548),66,0,1.0,,1.0
GO_Biological_Process_2023,Regulation Of Carbohydrate Biosynthetic Process (GO:0043255),7,0,1.0,,1.0
GO_Biological_Process_2023,Regulation Of Endodeoxyribonuclease Activity (GO:0032071),7,0,1.0,,1.0
GO_Biological_Process_2023,Regulation Of Endocytosis (GO:0030100),66,1,0.18807226187433998,AP2S1,1.0
GO_Biological_Process_2023,Regulation Of Carbohydrate Metabolic Process (GO:0006109),15,0,1.0,,1.0
GO_Biological_Process_2023,Regulation Of Cardiac Conduction (GO:1903779),21,0,1.0,,1.0
GO_Biological_Process_2023,Regulation Of Cardiac Muscle Cell Action Potential (GO:0098901),28,0,1.0,,1.0
GO_Biological_Process_2023,Regulation Of Cardiac Muscle Cell Action Potential Involved In Regulation Of Contraction (GO:0098909),7,0,1.0,,1.0
GO_Biological_Process_2023,Regulation Of Cardiac Muscle Cell Apoptotic Process (GO:0010665),10,0,1.0,,1.0
GO_Biological_Process_2023,Regulation Of Cardiac Muscle Cell Contraction (GO:0086004),26,0,1.0,,1.0
GO_Biological_Process_2023,Regulation Of Endocytic Recycling (GO:2001135),11,0,1.0,,1.0
GO_Biological_Process_2023,Regulation Of Cardiac Muscle Cell Differentiation (GO:2000725),9,0,1.0,,1.0
GO_Biological_Process_2023,Regulation Of Enamel Mineralization (GO:0070173),5,0,1.0,,1.0
GO_Biological_Process_2023,Regulation Of Cardiac Muscle Cell Membrane Potential (GO:0086036),6,0,1.0,,1.0
GO_Biological_Process_2023,Regulation Of Cardiac Muscle Cell Membrane Repolarization (GO:0099623),21,0,1.0,,1.0
GO_Biological_Process_2023,Regulation Of Embryonic Development (GO:0045995),62,1,0.1777375916556346,CFL1,1.0
GO_Biological_Process_2023,Regulation Of Cardiac Muscle Cell Proliferation (GO:0060043),20,0,1.0,,1.0
GO_Biological_Process_2023,Regulation Of Early Endosome To Late Endosome Transport (GO:2000641),18,0,1.0,,1.0
GO_Biological_Process_2023,Regulation Of Double-Strand Break Repair Via Nonhomologous End Joining (GO:2001032),25,0,1.0,,1.0
GO_Biological_Process_2023,Regulation Of Double-Strand Break Repair Via Homologous Recombination (GO:0010569),71,0,1.0,,1.0
GO_Biological_Process_2023,Regulation Of Cardiac Muscle Contraction (GO:0055117),35,0,1.0,,1.0
GO_Biological_Process_2023,Regulation Of Endoplasmic Reticulum Tubular Network Organization (GO:1903371),5,0,1.0,,1.0
GO_Biological_Process_2023,Regulation Of Endoplasmic Reticulum Unfolded Protein Response (GO:1900101),9,0,1.0,,1.0
GO_Biological_Process_2023,Regulation Of Endosome Size (GO:0051036),11,0,1.0,,1.0
GO_Biological_Process_2023,Regulation Of Endothelial Cell Apoptotic Process (GO:2000351),43,0,1.0,,1.0
GO_Biological_Process_2023,Regulation Of Blood Vessel Endothelial Cell Migration (GO:0043535),53,0,1.0,,1.0
GO_Biological_Process_2023,Regulation Of Epinephrine Secretion (GO:0014060),5,0,1.0,,1.0
GO_Biological_Process_2023,Regulation Of Blood Vessel Endothelial Cell Proliferation Involved In Sprouting Angiogenesis (GO:1903587),16,0,1.0,,1.0
GO_Biological_Process_2023,Regulation Of Blood Vessel Remodeling (GO:0060312),5,0,1.0,,1.0
GO_Biological_Process_2023,Regulation Of Blood-Brain Barrier Permeability (GO:1905603),6,0,1.0,,1.0
GO_Biological_Process_2023,Regulation Of Bone Mineralization (GO:0030500),58,0,1.0,,1.0
GO_Biological_Process_2023,Regulation Of Bone Remodeling (GO:0046850),14,0,1.0,,1.0
GO_Biological_Process_2023,Regulation Of Epidermis Development (GO:0045682),8,0,1.0,,1.0
GO_Biological_Process_2023,Regulation Of Bone Resorption (GO:0045124),28,0,1.0,,1.0
GO_Biological_Process_2023,Regulation Of Epidermal Growth Factor-Activated Receptor Activity (GO:0007176),26,0,1.0,,1.0
GO_Biological_Process_2023,Regulation Of Brown Fat Cell Differentiation (GO:0090335),17,0,1.0,,1.0
GO_Biological_Process_2023,Regulation Of Epidermal Growth Factor Receptor Signaling Pathway (GO:0042058),46,0,1.0,,1.0
GO_Biological_Process_2023,Regulation Of cAMP-dependent Protein Kinase Activity (GO:2000479),13,0,1.0,,1.0
GO_Biological_Process_2023,Regulation Of Adipose Tissue Development (GO:1904177),11,0,1.0,,1.0
GO_Biological_Process_2023,Regulation Of cAMP-mediated Signaling (GO:0043949),18,0,1.0,,1.0
GO_Biological_Process_2023,Regulation Of calcineurin-NFAT Signaling Cascade (GO:0070884),33,0,1.0,,1.0
GO_Biological_Process_2023,Regulation Of Epidermal Cell Differentiation (GO:0045604),18,0,1.0,,1.0
GO_Biological_Process_2023,Regulation Of Entry Of Bacterium Into Host Cell (GO:2000535),6,0,1.0,,1.0
GO_Biological_Process_2023,Regulation Of Calcium Ion Import Across Plasma Membrane (GO:1905664),10,0,1.0,,1.0
GO_Biological_Process_2023,Regulation Of Endothelial Cell-Matrix Adhesion Via Fibronectin (GO:1904904),5,0,1.0,,1.0
GO_Biological_Process_2023,Regulation Of Endothelial Cell Proliferation (GO:0001936),93,0,1.0,,1.0
GO_Biological_Process_2023,Regulation Of Endothelial Cell Migration (GO:0010594),87,1,0.240270205978753,PTK2,1.0
GO_Biological_Process_2023,Regulation Of Calcium Ion Transmembrane Transport (GO:1903169),20,0,1.0,,1.0
GO_Biological_Process_2023,Regulation Of Endothelial Cell Differentiation (GO:0045601),8,0,1.0,,1.0
GO_Biological_Process_2023,Regulation Of Calcium Ion Transmembrane Transport Via High Voltage-Gated Calcium Channel (GO:1902514),10,0,1.0,,1.0
GO_Biological_Process_2023,Regulation Of Endothelial Cell Development (GO:1901550),8,0,1.0,,1.0
GO_Biological_Process_2023,Regulation Of Endothelial Cell Chemotaxis To Fibroblast Growth Factor (GO:2000544),6,0,1.0,,1.0
GO_Biological_Process_2023,Regulation Of Endothelial Cell Chemotaxis (GO:2001026),14,0,1.0,,1.0
GO_Biological_Process_2023,Regulation Of Calcidiol 1-Monooxygenase Activity (GO:0060558),5,0,1.0,,1.0
GO_Biological_Process_2023,Purine-Containing Compound Metabolic Process (GO:0072521),7,0,1.0,,1.0
GO_Biological_Process_2023,Adult Locomotory Behavior (GO:0008344),12,0,1.0,,1.0
GO_Biological_Process_2023,SMAD Protein Complex Assembly (GO:0007183),6,0,1.0,,1.0
GO_Biological_Process_2023,Positive Regulation Of Phospholipid Transport (GO:2001140),10,0,1.0,,1.0
GO_Biological_Process_2023,Positive Regulation Of Phospholipid Biosynthetic Process (GO:0071073),6,0,1.0,,1.0
GO_Biological_Process_2023,Positive Regulation Of Phospholipase Activity (GO:0010518),20,0,1.0,,1.0
GO_Biological_Process_2023,Positive Regulation Of Phospholipase C Activity (GO:0010863),35,0,1.0,,1.0
GO_Biological_Process_2023,Positive Regulation Of Phosphatidylinositol 3-Kinase Signaling (GO:0014068),69,1,0.1957393892543675,PTK2,1.0
GO_Biological_Process_2023,Positive Regulation Of Phosphate Metabolic Process (GO:0045937),30,0,1.0,,1.0
GO_Biological_Process_2023,Positive Regulation Of Phosphatase Activity (GO:0010922),22,0,1.0,,1.0
GO_Biological_Process_2023,"Positive Regulation Of Phagocytosis, Engulfment (GO:0060100)",9,0,1.0,,1.0
GO_Biological_Process_2023,Positive Regulation Of Phagocytosis (GO:0050766),59,0,1.0,,1.0
GO_Biological_Process_2023,Positive Regulation Of Peroxisome Proliferator Activated Receptor Signaling Pathway (GO:0035360),5,0,1.0,,1.0
GO_Biological_Process_2023,Positive Regulation Of Peptidyl-Tyrosine Phosphorylation (GO:0050731),127,0,1.0,,1.0
GO_Biological_Process_2023,Positive Regulation Of Peptidyl-Threonine Phosphorylation (GO:0010800),24,0,1.0,,1.0
GO_Biological_Process_2023,Positive Regulation Of Peptidyl-Serine Phosphorylation Of STAT Protein (GO:0033141),17,0,1.0,,1.0
GO_Biological_Process_2023,Positive Regulation Of Peptidyl-Lysine Acetylation (GO:2000758),17,0,1.0,,1.0
GO_Biological_Process_2023,Positive Regulation Of Peptide Secretion (GO:0002793),8,0,1.0,,1.0
GO_Biological_Process_2023,Positive Regulation Of Phosphoprotein Phosphatase Activity (GO:0032516),18,0,1.0,,1.0
GO_Biological_Process_2023,Positive Regulation Of Pinocytosis (GO:0048549),6,0,1.0,,1.0
GO_Biological_Process_2023,Positive Regulation Of Plasma Membrane Bounded Cell Projection Assembly (GO:0120034),86,0,1.0,,1.0
GO_Biological_Process_2023,Positive Regulation Of Plasminogen Activation (GO:0010756),7,0,1.0,,1.0
GO_Biological_Process_2023,Positive Regulation Of Protein Dephosphorylation (GO:0035307),33,0,1.0,,1.0
GO_Biological_Process_2023,Positive Regulation Of Protein Deacetylation (GO:0090312),13,0,1.0,,1.0
GO_Biological_Process_2023,Positive Regulation Of Protein Catabolic Process In The Vacuole (GO:1904352),5,0,1.0,,1.0
GO_Biological_Process_2023,Positive Regulation Of Protein Catabolic Process (GO:0045732),92,0,1.0,,1.0
GO_Biological_Process_2023,Positive Regulation Of Protein Binding (GO:0032092),59,0,1.0,,1.0
GO_Biological_Process_2023,Positive Regulation Of Protein Autophosphorylation (GO:0031954),22,0,1.0,,1.0
GO_Biological_Process_2023,Positive Regulation Of Protein Acetylation (GO:1901985),9,0,1.0,,1.0
GO_Biological_Process_2023,Positive Regulation Of Peptide Hormone Secretion (GO:0090277),46,0,1.0,,1.0
GO_Biological_Process_2023,Positive Regulation Of Protein K63-linked Ubiquitination (GO:1902523),6,0,1.0,,1.0
GO_Biological_Process_2023,Positive Regulation Of Production Of Molecular Mediator Of Immune Response (GO:0002702),37,0,1.0,,1.0
GO_Biological_Process_2023,Positive Regulation Of Potassium Ion Transport (GO:0043268),15,0,1.0,,1.0
GO_Biological_Process_2023,Positive Regulation Of Post-Transcriptional Gene Silencing By RNA (GO:1900370),10,0,1.0,,1.0
GO_Biological_Process_2023,Positive Regulation Of Positive Chemotaxis (GO:0050927),16,0,1.0,,1.0
GO_Biological_Process_2023,Positive Regulation Of Podosome Assembly (GO:0071803),5,0,1.0,,1.0
GO_Biological_Process_2023,Positive Regulation Of Platelet Aggregation (GO:1901731),11,0,1.0,,1.0
GO_Biological_Process_2023,Positive Regulation Of Platelet Activation (GO:0010572),9,0,1.0,,1.0
GO_Biological_Process_2023,Positive Regulation Of Programmed Necrotic Cell Death (GO:0062100),5,0,1.0,,1.0
GO_Biological_Process_2023,Positive Regulation Of Protein Depolymerization (GO:1901881),10,0,1.0,,1.0
GO_Biological_Process_2023,Positive Regulation Of Peptidase Activity (GO:0010952),25,0,1.0,,1.0
GO_Biological_Process_2023,Positive Regulation Of Pathway-Restricted SMAD Protein Phosphorylation (GO:0010862),49,0,1.0,,1.0
GO_Biological_Process_2023,Positive Regulation Of Neutrophil Chemotaxis (GO:0090023),18,0,1.0,,1.0
GO_Biological_Process_2023,Positive Regulation Of Neurotransmitter Secretion (GO:0001956),6,0,1.0,,1.0
GO_Biological_Process_2023,Positive Regulation Of Neuron Projection Development (GO:0010976),91,1,0.24983187998932194,EP300,1.0
GO_Biological_Process_2023,Positive Regulation Of Neuron Projection Arborization (GO:0150012),7,0,1.0,,1.0
GO_Biological_Process_2023,Positive Regulation Of Neuron Migration (GO:2001224),11,0,1.0,,1.0
GO_Biological_Process_2023,Positive Regulation Of Neuron Differentiation (GO:0045666),42,0,1.0,,1.0
GO_Biological_Process_2023,Positive Regulation Of Neuron Death (GO:1901216),34,1,0.10168565911760429,CTNNB1,1.0
GO_Biological_Process_2023,Positive Regulation Of Neuroinflammatory Response (GO:0150078),12,0,1.0,,1.0
GO_Biological_Process_2023,Positive Regulation Of Neurogenesis (GO:0050769),73,1,0.20585163721681649,CTNNB1,1.0
GO_Biological_Process_2023,Positive Regulation Of Nervous System Process (GO:0031646),18,0,1.0,,1.0
GO_Biological_Process_2023,Positive Regulation Of Nervous System Development (GO:0051962),48,0,1.0,,1.0
GO_Biological_Process_2023,Positive Regulation Of Necrotic Cell Death (GO:0010940),6,0,1.0,,1.0
GO_Biological_Process_2023,Positive Regulation Of Necroptotic Process (GO:0060545),5,0,1.0,,1.0
GO_Biological_Process_2023,Positive Regulation Of Natural Killer Cell Proliferation (GO:0032819),7,0,1.0,,1.0
GO_Biological_Process_2023,Positive Regulation Of Natural Killer Cell Mediated Immunity (GO:0002717),23,0,1.0,,1.0
GO_Biological_Process_2023,Positive Regulation Of Neutrophil Migration (GO:1902624),23,0,1.0,,1.0
GO_Biological_Process_2023,Positive Regulation Of Nitric Oxide Biosynthetic Process (GO:0045429),27,0,1.0,,1.0
GO_Biological_Process_2023,Positive Regulation Of Nitric Oxide Metabolic Process (GO:1904407),28,0,1.0,,1.0
GO_Biological_Process_2023,Positive Regulation Of Nitrogen Compound Metabolic Process (GO:0051173),32,1,0.09599625925398965,PAX8,1.0
GO_Biological_Process_2023,Positive Regulation Of p38MAPK Cascade (GO:1900745),24,0,1.0,,1.0
GO_Biological_Process_2023,Positive Regulation Of Oxidoreductase Activity (GO:0051353),23,0,1.0,,1.0
GO_Biological_Process_2023,Positive Regulation Of Osteoclast Differentiation (GO:0045672),18,0,1.0,,1.0
GO_Biological_Process_2023,Positive Regulation Of Osteoblast Proliferation (GO:0033690),5,0,1.0,,1.0
GO_Biological_Process_2023,Positive Regulation Of Osteoblast Differentiation (GO:0045669),44,1,0.1296090217958688,FERMT2,1.0
GO_Biological_Process_2023,Positive Regulation Of Ossification (GO:0045778),41,0,1.0,,1.0
GO_Biological_Process_2023,Positive Regulation Of Organelle Organization (GO:0010638),34,0,1.0,,1.0
GO_Biological_Process_2023,Positive Regulation Of Pattern Recognition Receptor Signaling Pathway (GO:0062208),38,0,1.0,,1.0
GO_Biological_Process_2023,Positive Regulation Of Organelle Assembly (GO:1902117),60,0,1.0,,1.0
GO_Biological_Process_2023,Positive Regulation Of Oligodendrocyte Differentiation (GO:0048714),7,0,1.0,,1.0
GO_Biological_Process_2023,Positive Regulation Of Nucleocytoplasmic Transport (GO:0046824),44,1,0.1296090217958688,EP300,1.0
GO_Biological_Process_2023,Positive Regulation Of Nuclear-Transcribed mRNA poly(A) Tail Shortening (GO:0060213),12,0,1.0,,1.0
GO_Biological_Process_2023,"Positive Regulation Of Nuclear-Transcribed mRNA Catabolic Process, Deadenylation-Dependent Decay (GO:1900153)",14,0,1.0,,1.0
GO_Biological_Process_2023,Positive Regulation Of Nuclear Division (GO:0051785),26,0,1.0,,1.0
GO_Biological_Process_2023,Positive Regulation Of Nuclear Cell Cycle DNA Replication (GO:0010571),5,0,1.0,,1.0
GO_Biological_Process_2023,Positive Regulation Of Non-Canonical Wnt Signaling Pathway (GO:2000052),9,0,1.0,,1.0
GO_Biological_Process_2023,Positive Regulation Of Opsonization (GO:1903028),8,0,1.0,,1.0
GO_Biological_Process_2023,Positive Regulation Of Protein Exit From Endoplasmic Reticulum (GO:0070863),11,0,1.0,,1.0
GO_Biological_Process_2023,Positive Regulation Of Protein Export From Nucleus (GO:0046827),12,0,1.0,,1.0
GO_Biological_Process_2023,Positive Regulation Of Protein Kinase A Signaling (GO:0010739),9,0,1.0,,1.0
GO_Biological_Process_2023,Positive Regulation Of Response To Stimulus (GO:0048584),76,0,1.0,,1.0
GO_Biological_Process_2023,Positive Regulation Of Response To External Stimulus (GO:0032103),152,0,1.0,,1.0
GO_Biological_Process_2023,Positive Regulation Of Response To Endoplasmic Reticulum Stress (GO:1905898),18,0,1.0,,1.0
GO_Biological_Process_2023,Positive Regulation Of Response To Cytokine Stimulus (GO:0060760),14,0,1.0,,1.0
GO_Biological_Process_2023,Positive Regulation Of Response To Biotic Stimulus (GO:0002833),40,0,1.0,,1.0
GO_Biological_Process_2023,Positive Regulation Of Respiratory Burst (GO:0060267),6,0,1.0,,1.0
GO_Biological_Process_2023,Positive Regulation Of Reproductive Process (GO:2000243),32,0,1.0,,1.0
GO_Biological_Process_2023,Positive Regulation Of Release Of Sequestered Calcium Ion Into Cytosol (GO:0051281),33,0,1.0,,1.0
GO_Biological_Process_2023,Positive Regulation Of Release Of Cytochrome C From Mitochondria (GO:0090200),25,0,1.0,,1.0
GO_Biological_Process_2023,Positive Regulation Of Regulatory T Cell Differentiation (GO:0045591),17,0,1.0,,1.0
GO_Biological_Process_2023,Positive Regulation Of Regulated Secretory Pathway (GO:1903307),12,0,1.0,,1.0
GO_Biological_Process_2023,Positive Regulation Of Receptor-Mediated Endocytosis (GO:0048260),43,0,1.0,,1.0
GO_Biological_Process_2023,Positive Regulation Of Receptor Signaling Pathway Via STAT (GO:1904894),35,1,0.10451714826336693,EP300,1.0
GO_Biological_Process_2023,Positive Regulation Of Receptor Signaling Pathway Via JAK-STAT (GO:0046427),35,1,0.10451714826336693,EP300,1.0
GO_Biological_Process_2023,Positive Regulation Of Receptor Recycling (GO:0001921),8,0,1.0,,1.0
GO_Biological_Process_2023,Positive Regulation Of Ruffle Assembly (GO:1900029),12,0,1.0,,1.0
GO_Biological_Process_2023,Positive Regulation Of Ryanodine-Sensitive Calcium-Release Channel Activity (GO:0060316),7,0,1.0,,1.0
GO_Biological_Process_2023,Positive Regulation Of Secondary Metabolite Biosynthetic Process (GO:1900378),7,0,1.0,,1.0
GO_Biological_Process_2023,Positive Regulation Of Secretion (GO:0051047),15,0,1.0,,1.0
GO_Biological_Process_2023,Positive Regulation Of Sodium Ion Transport (GO:0010765),12,0,1.0,,1.0
GO_Biological_Process_2023,Positive Regulation Of Sodium Ion Transmembrane Transporter Activity (GO:2000651),12,0,1.0,,1.0
GO_Biological_Process_2023,Positive Regulation Of Smoothened Signaling Pathway (GO:0045880),21,0,1.0,,1.0
GO_Biological_Process_2023,Positive Regulation Of Smooth Muscle Contraction (GO:0045987),9,0,1.0,,1.0
GO_Biological_Process_2023,Positive Regulation Of Smooth Muscle Cell Proliferation (GO:0048661),47,0,1.0,,1.0
GO_Biological_Process_2023,Positive Regulation Of Smooth Muscle Cell Migration (GO:0014911),16,0,1.0,,1.0
GO_Biological_Process_2023,Positive Regulation Of Smooth Muscle Cell Apoptotic Process (GO:0034393),8,0,1.0,,1.0
GO_Biological_Process_2023,Positive Regulation Of Receptor Internalization (GO:0002092),22,0,1.0,,1.0
GO_Biological_Process_2023,Positive Regulation Of Small Molecule Metabolic Process (GO:0062013),33,0,1.0,,1.0
GO_Biological_Process_2023,Positive Regulation Of Skeletal Muscle Tissue Development (GO:0048643),9,0,1.0,,1.0
GO_Biological_Process_2023,Positive Regulation Of Skeletal Muscle Fiber Development (GO:0048743),5,0,1.0,,1.0
GO_Biological_Process_2023,Positive Regulation Of Signaling Receptor Activity (GO:2000273),35,0,1.0,,1.0
GO_Biological_Process_2023,Positive Regulation Of Signaling (GO:0023056),36,0,1.0,,1.0
GO_Biological_Process_2023,Positive Regulation Of Signal Transduction (GO:0009967),261,0,1.0,,1.0
GO_Biological_Process_2023,Positive Regulation Of Sequestering Of Triglyceride (GO:0010890),8,0,1.0,,1.0
GO_Biological_Process_2023,Positive Regulation Of Secretion By Cell (GO:1903532),72,0,1.0,,1.0
GO_Biological_Process_2023,Positive Regulation Of Small GTPase Mediated Signal Transduction (GO:0051057),16,0,1.0,,1.0
GO_Biological_Process_2023,Positive Regulation Of Receptor Catabolic Process (GO:2000646),6,0,1.0,,1.0
GO_Biological_Process_2023,Positive Regulation Of Receptor Binding (GO:1900122),5,0,1.0,,1.0
GO_Biological_Process_2023,Positive Regulation Of Reactive Oxygen Species Metabolic Process (GO:2000379),47,1,0.13781842269493644,GRB2,1.0
GO_Biological_Process_2023,Positive Regulation Of Protein Modification By Small Protein Conjugation Or Removal (GO:1903322),76,0,1.0,,1.0
GO_Biological_Process_2023,Positive Regulation Of Protein Metabolic Process (GO:0051247),194,0,1.0,,1.0
GO_Biological_Process_2023,Positive Regulation Of Protein Maturation (GO:1903319),11,0,1.0,,1.0
GO_Biological_Process_2023,Positive Regulation Of Protein Localization To Plasma Membrane (GO:1903078),51,0,1.0,,1.0
GO_Biological_Process_2023,T-helper 1 Type Immune Response (GO:0042088),9,0,1.0,,1.0
GO_Biological_Process_2023,Positive Regulation Of Protein Localization To Membrane (GO:1905477),79,0,1.0,,1.0
GO_Biological_Process_2023,Positive Regulation Of Protein Localization To Endosome (GO:1905668),8,0,1.0,,1.0
GO_Biological_Process_2023,T-helper 1 Cell Differentiation (GO:0045063),5,0,1.0,,1.0
GO_Biological_Process_2023,Positive Regulation Of Protein Localization To Early Endosome (GO:1902966),8,0,1.0,,1.0
GO_Biological_Process_2023,"Positive Regulation Of Protein Localization To Chromosome, Telomeric Region (GO:1904816)",11,0,1.0,,1.0
GO_Biological_Process_2023,Positive Regulation Of Protein Localization To Centrosome (GO:1904781),6,0,1.0,,1.0
GO_Biological_Process_2023,Positive Regulation Of Protein Localization To Cell Surface (GO:2000010),12,0,1.0,,1.0
GO_Biological_Process_2023,Positive Regulation Of Protein Localization To Cell Periphery (GO:1904377),51,0,1.0,,1.0
GO_Biological_Process_2023,Positive Regulation Of Protein Localization To Cajal Body (GO:1904871),10,0,1.0,,1.0
GO_Biological_Process_2023,Positive Regulation Of Protein Kinase Activity (GO:0045860),144,1,0.3658928733146546,PTK2,1.0
GO_Biological_Process_2023,Positive Regulation Of Protein Kinase C Signaling (GO:0090037),8,0,1.0,,1.0
GO_Biological_Process_2023,Positive Regulation Of Protein Localization To Cilium (GO:1903566),5,0,1.0,,1.0
GO_Biological_Process_2023,Positive Regulation Of Natural Killer Cell Mediated Immune Response To Tumor Cell (GO:0002857),5,0,1.0,,1.0
GO_Biological_Process_2023,T Cell Receptor Signaling Pathway (GO:0050852),86,0,1.0,,1.0
GO_Biological_Process_2023,Positive Regulation Of Protein Polyubiquitination (GO:1902916),11,0,1.0,,1.0
GO_Biological_Process_2023,Positive Regulation Of Reactive Oxygen Species Biosynthetic Process (GO:1903428),12,0,1.0,,1.0
GO_Biological_Process_2023,Positive Regulation Of rRNA Processing (GO:2000234),9,0,1.0,,1.0
GO_Biological_Process_2023,Positive Regulation Of Pyruvate Dehydrogenase Activity (GO:1904184),5,0,1.0,,1.0
GO_Biological_Process_2023,Positive Regulation Of Purine Nucleotide Biosynthetic Process (GO:1900373),11,0,1.0,,1.0
GO_Biological_Process_2023,Positive Regulation Of Pseudopodium Assembly (GO:0031274),9,0,1.0,,1.0
GO_Biological_Process_2023,Positive Regulation Of Proteolysis Involved In Protein Catabolic Process (GO:1903052),31,1,0.09313829474056612,PTK2,1.0
GO_Biological_Process_2023,Positive Regulation Of Proteolysis (GO:0045862),59,0,1.0,,1.0
GO_Biological_Process_2023,Positive Regulation Of Protein Polymerization (GO:0032273),69,0,1.0,,1.0
GO_Biological_Process_2023,Positive Regulation Of Protein-Containing Complex Disassembly (GO:0043243),14,0,1.0,,1.0
GO_Biological_Process_2023,Positive Regulation Of Protein Tyrosine Kinase Activity (GO:0061098),37,0,1.0,,1.0
GO_Biological_Process_2023,Positive Regulation Of Protein Transport (GO:0051222),70,0,1.0,,1.0
GO_Biological_Process_2023,Positive Regulation Of Protein Targeting To Mitochondrion (GO:1903955),30,0,1.0,,1.0
GO_Biological_Process_2023,Positive Regulation Of Protein Targeting To Membrane (GO:0090314),23,0,1.0,,1.0
GO_Biological_Process_2023,Positive Regulation Of Protein Sumoylation (GO:0033235),9,0,1.0,,1.0
GO_Biological_Process_2023,Positive Regulation Of Protein Secretion (GO:0050714),76,0,1.0,,1.0
GO_Biological_Process_2023,Positive Regulation Of Protein Processing (GO:0010954),20,0,1.0,,1.0
GO_Biological_Process_2023,Positive Regulation Of Protein Ubiquitination (GO:0031398),80,0,1.0,,1.0
GO_Biological_Process_2023,Positive Regulation Of Spindle Assembly (GO:1905832),6,0,1.0,,1.0
GO_Biological_Process_2023,Positive Regulation Of Natural Killer Cell Mediated Cytotoxicity Directed Against Tumor Cell Target (GO:0002860),5,0,1.0,,1.0
GO_Biological_Process_2023,Positive Regulation Of Natural Killer Cell Cytokine Production (GO:0002729),6,0,1.0,,1.0
GO_Biological_Process_2023,Positive Regulation Of Leukocyte Activation (GO:0002696),20,0,1.0,,1.0
GO_Biological_Process_2023,Positive Regulation Of Lamellipodium Organization (GO:1902745),31,0,1.0,,1.0
GO_Biological_Process_2023,Positive Regulation Of Lamellipodium Morphogenesis (GO:2000394),6,0,1.0,,1.0
GO_Biological_Process_2023,Positive Regulation Of Lamellipodium Assembly (GO:0010592),23,0,1.0,,1.0
GO_Biological_Process_2023,Positive Regulation Of Kinase Activity (GO:0033674),103,1,0.2778128939646158,PTK2,1.0
GO_Biological_Process_2023,Positive Regulation Of Killing Of Cells Of Another Organism (GO:0051712),5,0,1.0,,1.0
GO_Biological_Process_2023,U2-type Prespliceosome Assembly (GO:1903241),23,0,1.0,,1.0
GO_Biological_Process_2023,Positive Regulation Of Keratinocyte Proliferation (GO:0010838),11,0,1.0,,1.0
GO_Biological_Process_2023,Positive Regulation Of Keratinocyte Migration (GO:0051549),9,0,1.0,,1.0
GO_Biological_Process_2023,Positive Regulation Of Isomerase Activity (GO:0010912),7,0,1.0,,1.0
GO_Biological_Process_2023,Positive Regulation Of Ion Transmembrane Transporter Activity (GO:0032414),32,1,0.09599625925398965,ATP1B3,1.0
GO_Biological_Process_2023,U4 snRNA 3'-End Processing (GO:0034475),7,0,1.0,,1.0
GO_Biological_Process_2023,Positive Regulation Of Intrinsic Apoptotic Signaling Pathway (GO:2001244),38,1,0.11295909364400733,MYC,1.0
GO_Biological_Process_2023,Positive Regulation Of Intracellular Transport (GO:0032388),39,0,1.0,,1.0
GO_Biological_Process_2023,Positive Regulation Of Intracellular Steroid Hormone Receptor Signaling Pathway (GO:0033145),7,0,1.0,,1.0
GO_Biological_Process_2023,Positive Regulation Of Leukocyte Adhesion To Vascular Endothelial Cell (GO:1904996),17,0,1.0,,1.0
GO_Biological_Process_2023,Positive Regulation Of Leukocyte Apoptotic Process (GO:2000108),9,0,1.0,,1.0
GO_Biological_Process_2023,Positive Regulation Of Leukocyte Cell-Cell Adhesion (GO:1903039),42,0,1.0,,1.0
GO_Biological_Process_2023,Positive Regulation Of Leukocyte Chemotaxis (GO:0002690),54,1,0.15667891619008786,PTK2,1.0
GO_Biological_Process_2023,Positive Regulation Of Lipoprotein Particle Clearance (GO:0010986),5,0,1.0,,1.0
GO_Biological_Process_2023,Positive Regulation Of Lipoprotein Lipase Activity (GO:0051006),6,0,1.0,,1.0
GO_Biological_Process_2023,Positive Regulation Of Lipopolysaccharide-Mediated Signaling Pathway (GO:0031666),6,0,1.0,,1.0
GO_Biological_Process_2023,Positive Regulation Of Lipid Transport (GO:0032370),11,0,1.0,,1.0
GO_Biological_Process_2023,Positive Regulation Of Lipid Storage (GO:0010884),19,0,1.0,,1.0
GO_Biological_Process_2023,Positive Regulation Of Lipid Metabolic Process (GO:0045834),24,0,1.0,,1.0
GO_Biological_Process_2023,Positive Regulation Of Lipid Localization (GO:1905954),9,0,1.0,,1.0
GO_Biological_Process_2023,Positive Regulation Of Intracellular Protein Transport (GO:0090316),126,1,0.32860601320934624,EP300,1.0
GO_Biological_Process_2023,Positive Regulation Of Lipid Catabolic Process (GO:0050996),19,0,1.0,,1.0
GO_Biological_Process_2023,Positive Regulation Of Lipase Activity (GO:0060193),9,0,1.0,,1.0
GO_Biological_Process_2023,Positive Regulation Of Ligase Activity (GO:0051351),8,0,1.0,,1.0
GO_Biological_Process_2023,Positive Regulation Of Leukocyte Tethering Or Rolling (GO:1903238),6,0,1.0,,1.0
GO_Biological_Process_2023,Positive Regulation Of Leukocyte Migration (GO:0002687),31,0,1.0,,1.0
GO_Biological_Process_2023,Positive Regulation Of Leukocyte Mediated Cytotoxicity (GO:0001912),50,0,1.0,,1.0
GO_Biological_Process_2023,Positive Regulation Of Leukocyte Differentiation (GO:1902107),7,0,1.0,,1.0
GO_Biological_Process_2023,Positive Regulation Of Leukocyte Degranulation (GO:0043302),13,0,1.0,,1.0
GO_Biological_Process_2023,Positive Regulation Of Lipid Biosynthetic Process (GO:0046889),39,0,1.0,,1.0
GO_Biological_Process_2023,Positive Regulation Of Locomotion (GO:0040017),29,0,1.0,,1.0
GO_Biological_Process_2023,Positive Regulation Of Intracellular Estrogen Receptor Signaling Pathway (GO:0033148),6,0,1.0,,1.0
GO_Biological_Process_2023,Positive Regulation Of Interleukin-6 Production (GO:0032755),74,0,1.0,,1.0
GO_Biological_Process_2023,Positive Regulation Of Immune Response (GO:0050778),80,0,1.0,,1.0
GO_Biological_Process_2023,Positive Regulation Of Immune Effector Process (GO:0002699),36,0,1.0,,1.0
GO_Biological_Process_2023,Positive Regulation Of Icosanoid Secretion (GO:0032305),5,0,1.0,,1.0
GO_Biological_Process_2023,Positive Regulation Of Hydrolase Activity (GO:0051345),170,1,0.41618425652297913,FERMT2,1.0
GO_Biological_Process_2023,Positive Regulation Of Humoral Immune Response (GO:0002922),6,0,1.0,,1.0
GO_Biological_Process_2023,Positive Regulation Of Hormone Secretion (GO:0046887),19,0,1.0,,1.0
GO_Biological_Process_2023,UDP-N-acetylglucosamine Biosynthetic Process (GO:0006048),8,0,1.0,,1.0
GO_Biological_Process_2023,Positive Regulation Of Homotypic Cell-Cell Adhesion (GO:0034112),16,0,1.0,,1.0
GO_Biological_Process_2023,Positive Regulation Of Histone Deacetylation (GO:0031065),12,0,1.0,,1.0
GO_Biological_Process_2023,Positive Regulation Of Histone Acetylation (GO:0035066),14,0,1.0,,1.0
GO_Biological_Process_2023,Positive Regulation Of Hippo Signaling (GO:0035332),8,0,1.0,,1.0
GO_Biological_Process_2023,Positive Regulation Of Heterotypic Cell-Cell Adhesion (GO:0034116),14,0,1.0,,1.0
GO_Biological_Process_2023,Positive Regulation Of Heterochromatin Formation (GO:0031453),13,0,1.0,,1.0
GO_Biological_Process_2023,Positive Regulation Of Hemostasis (GO:1900048),11,0,1.0,,1.0
GO_Biological_Process_2023,Positive Regulation Of Hemoglobin Biosynthetic Process (GO:0046985),5,0,1.0,,1.0
GO_Biological_Process_2023,Positive Regulation Of Immune Response To Tumor Cell (GO:0002839),5,0,1.0,,1.0
GO_Biological_Process_2023,Positive Regulation Of Immune System Process (GO:0002684),27,0,1.0,,1.0
GO_Biological_Process_2023,Positive Regulation Of Immunoglobulin Production (GO:0002639),34,1,0.10168565911760429,TFRC,1.0
GO_Biological_Process_2023,Positive Regulation Of Inflammatory Response (GO:0050729),102,0,1.0,,1.0
GO_Biological_Process_2023,Positive Regulation Of Interleukin-5 Production (GO:0032754),6,0,1.0,,1.0
GO_Biological_Process_2023,Positive Regulation Of Interleukin-23 Production (GO:0032747),6,0,1.0,,1.0
GO_Biological_Process_2023,Positive Regulation Of Interleukin-18 Production (GO:0032741),5,0,1.0,,1.0
GO_Biological_Process_2023,Positive Regulation Of Interleukin-17 Production (GO:0032740),24,0,1.0,,1.0
GO_Biological_Process_2023,Positive Regulation Of Interleukin-12 Production (GO:0032735),33,0,1.0,,1.0
GO_Biological_Process_2023,Positive Regulation Of Interleukin-1 Production (GO:0032732),61,0,1.0,,1.0
GO_Biological_Process_2023,Positive Regulation Of Interleukin-1 Beta Production (GO:0032731),56,0,1.0,,1.0
GO_Biological_Process_2023,Positive Regulation Of Interleukin-8 Production (GO:0032757),59,0,1.0,,1.0
GO_Biological_Process_2023,Positive Regulation Of Interferon-Beta Production (GO:0032728),36,0,1.0,,1.0
GO_Biological_Process_2023,Positive Regulation Of Integrin-Mediated Signaling Pathway (GO:2001046),12,0,1.0,,1.0
GO_Biological_Process_2023,Positive Regulation Of Insulin-Like Growth Factor Receptor Signaling Pathway (GO:0043568),7,0,1.0,,1.0
GO_Biological_Process_2023,Positive Regulation Of Insulin Secretion Involved In Cellular Response To Glucose Stimulus (GO:0035774),12,0,1.0,,1.0
GO_Biological_Process_2023,Positive Regulation Of Insulin Secretion (GO:0032024),39,0,1.0,,1.0
GO_Biological_Process_2023,Positive Regulation Of Insulin Receptor Signaling Pathway (GO:0046628),12,0,1.0,,1.0
GO_Biological_Process_2023,Positive Regulation Of Inositol Phosphate Biosynthetic Process (GO:0060732),8,0,1.0,,1.0
GO_Biological_Process_2023,Positive Regulation Of Innate Immune Response (GO:0045089),45,0,1.0,,1.0
GO_Biological_Process_2023,Positive Regulation Of Interferon-Alpha Production (GO:0032727),21,0,1.0,,1.0
GO_Biological_Process_2023,Positive Regulation Of Long-Term Synaptic Potentiation (GO:1900273),13,0,1.0,,1.0
GO_Biological_Process_2023,Positive Regulation Of Lyase Activity (GO:0051349),12,0,1.0,,1.0
GO_Biological_Process_2023,Positive Regulation Of Lymphocyte Activation (GO:0051251),45,0,1.0,,1.0
GO_Biological_Process_2023,Positive Regulation Of Monoatomic Ion Transmembrane Transport (GO:0034767),5,0,1.0,,1.0
GO_Biological_Process_2023,Positive Regulation Of Mitotic Sister Chromatid Separation (GO:1901970),15,0,1.0,,1.0
GO_Biological_Process_2023,Positive Regulation Of Mitotic Nuclear Division (GO:0045840),35,0,1.0,,1.0
GO_Biological_Process_2023,Positive Regulation Of Mitotic Metaphase/Anaphase Transition (GO:0045842),11,0,1.0,,1.0
GO_Biological_Process_2023,Positive Regulation Of Mitotic Cytokinesis (GO:1903490),5,0,1.0,,1.0
GO_Biological_Process_2023,Positive Regulation Of Mitotic Cell Cycle Spindle Assembly Checkpoint (GO:0090267),11,0,1.0,,1.0
GO_Biological_Process_2023,Positive Regulation Of Mitotic Cell Cycle Phase Transition (GO:1901992),62,1,0.1777375916556346,CCND1,1.0
GO_Biological_Process_2023,TORC1 Signaling (GO:0038202),10,0,1.0,,1.0
GO_Biological_Process_2023,Positive Regulation Of Mitophagy In Response To Mitochondrial Depolarization (GO:0098779),6,0,1.0,,1.0
GO_Biological_Process_2023,Positive Regulation Of Mitophagy (GO:1901526),6,0,1.0,,1.0
GO_Biological_Process_2023,Positive Regulation Of Mitochondrion Organization (GO:0010822),58,0,1.0,,1.0
GO_Biological_Process_2023,Positive Regulation Of Mitochondrial Translation (GO:0070131),14,0,1.0,,1.0
GO_Biological_Process_2023,Positive Regulation Of Mitochondrial Outer Membrane Permeabilization Involved In Apoptotic Signaling Pathway (GO:1901030),10,0,1.0,,1.0
GO_Biological_Process_2023,Positive Regulation Of Mitochondrial Membrane Permeability Involved In Apoptotic Process (GO:1902110),8,0,1.0,,1.0
GO_Biological_Process_2023,Positive Regulation Of Mitochondrial Membrane Permeability (GO:0035794),9,0,1.0,,1.0
GO_Biological_Process_2023,Positive Regulation Of Monoatomic Ion Transport (GO:0043270),38,0,1.0,,1.0
GO_Biological_Process_2023,Positive Regulation Of Monocyte Chemotactic Protein-1 Production (GO:0071639),8,0,1.0,,1.0
GO_Biological_Process_2023,Positive Regulation Of Monocyte Chemotaxis (GO:0090026),18,0,1.0,,1.0
GO_Biological_Process_2023,Positive Regulation Of Monocyte Differentiation (GO:0045657),9,0,1.0,,1.0
GO_Biological_Process_2023,Positive Regulation Of Natural Killer Cell Activation (GO:0032816),18,0,1.0,,1.0
GO_Biological_Process_2023,Positive Regulation Of Myotube Differentiation (GO:0010831),7,0,1.0,,1.0
GO_Biological_Process_2023,Positive Regulation Of Myoblast Fusion (GO:1901741),9,0,1.0,,1.0
GO_Biological_Process_2023,Positive Regulation Of Myoblast Differentiation (GO:0045663),38,0,1.0,,1.0
GO_Biological_Process_2023,Positive Regulation Of Myeloid Leukocyte Mediated Immunity (GO:0002888),12,0,1.0,,1.0
GO_Biological_Process_2023,Positive Regulation Of Myeloid Leukocyte Differentiation (GO:0002763),40,0,1.0,,1.0
GO_Biological_Process_2023,Positive Regulation Of Myeloid Leukocyte Cytokine Production Involved In Immune Response (GO:0061081),16,0,1.0,,1.0
GO_Biological_Process_2023,Positive Regulation Of Mitochondrial Fission (GO:0090141),19,0,1.0,,1.0
GO_Biological_Process_2023,Positive Regulation Of Myeloid Cell Differentiation (GO:0045639),34,1,0.10168565911760429,MED1,1.0
GO_Biological_Process_2023,Positive Regulation Of Myelination (GO:0031643),11,0,1.0,,1.0
GO_Biological_Process_2023,Positive Regulation Of Muscle Hypertrophy (GO:0014742),16,0,1.0,,1.0
GO_Biological_Process_2023,Positive Regulation Of Muscle Contraction (GO:0045933),11,0,1.0,,1.0
GO_Biological_Process_2023,Positive Regulation Of Muscle Cell Differentiation (GO:0051149),15,0,1.0,,1.0
GO_Biological_Process_2023,TOR Signaling (GO:0031929),29,0,1.0,,1.0
GO_Biological_Process_2023,Positive Regulation Of Multicellular Organism Growth (GO:0040018),6,0,1.0,,1.0
GO_Biological_Process_2023,Positive Regulation Of Mononuclear Cell Migration (GO:0071677),31,0,1.0,,1.0
GO_Biological_Process_2023,Positive Regulation Of Myeloid Cell Apoptotic Process (GO:0033034),7,0,1.0,,1.0
GO_Biological_Process_2023,Positive Regulation Of Mitochondrial Calcium Ion Concentration (GO:0051561),8,0,1.0,,1.0
GO_Biological_Process_2023,Positive Regulation Of Microtubule Polymerization Or Depolymerization (GO:0031112),26,0,1.0,,1.0
GO_Biological_Process_2023,Positive Regulation Of Microtubule Polymerization (GO:0031116),27,0,1.0,,1.0
GO_Biological_Process_2023,Positive Regulation Of Macrophage Cytokine Production (GO:0060907),8,0,1.0,,1.0
GO_Biological_Process_2023,Positive Regulation Of Macrophage Activation (GO:0043032),17,0,1.0,,1.0
GO_Biological_Process_2023,TRIF-dependent Toll-Like Receptor Signaling Pathway (GO:0035666),7,0,1.0,,1.0
GO_Biological_Process_2023,Positive Regulation Of Macromolecule Biosynthetic Process (GO:0010557),121,1,0.31787162644191624,NAMPT,1.0
GO_Biological_Process_2023,Positive Regulation Of Macroautophagy (GO:0016239),62,0,1.0,,1.0
GO_Biological_Process_2023,"Positive Regulation Of mRNA Splicing, Via Spliceosome (GO:0048026)",19,0,1.0,,1.0
GO_Biological_Process_2023,Positive Regulation Of mRNA Processing (GO:0050685),24,0,1.0,,1.0
GO_Biological_Process_2023,Positive Regulation Of Macrophage Derived Foam Cell Differentiation (GO:0010744),16,0,1.0,,1.0
GO_Biological_Process_2023,Positive Regulation Of mRNA Metabolic Process (GO:1903313),12,0,1.0,,1.0
GO_Biological_Process_2023,Positive Regulation Of mRNA Binding (GO:1902416),5,0,1.0,,1.0
GO_Biological_Process_2023,Positive Regulation Of mRNA 3'-End Processing (GO:0031442),9,0,1.0,,1.0
GO_Biological_Process_2023,Positive Regulation Of Lymphocyte Proliferation (GO:0050671),73,1,0.20585163721681649,TFRC,1.0
GO_Biological_Process_2023,Positive Regulation Of Lymphocyte Migration (GO:2000403),16,0,1.0,,1.0
GO_Biological_Process_2023,Positive Regulation Of Lymphocyte Differentiation (GO:0045621),39,0,1.0,,1.0
GO_Biological_Process_2023,Positive Regulation Of Lymphocyte Chemotaxis (GO:0140131),17,0,1.0,,1.0
GO_Biological_Process_2023,Positive Regulation Of Lymphocyte Apoptotic Process (GO:0070230),6,0,1.0,,1.0
GO_Biological_Process_2023,Positive Regulation Of mRNA Catabolic Process (GO:0061014),45,0,1.0,,1.0
GO_Biological_Process_2023,Positive Regulation Of Natural Killer Cell Mediated Cytotoxicity (GO:0045954),20,0,1.0,,1.0
GO_Biological_Process_2023,Positive Regulation Of Macrophage Differentiation (GO:0045651),10,0,1.0,,1.0
GO_Biological_Process_2023,Positive Regulation Of Mast Cell Activation (GO:0033005),6,0,1.0,,1.0
GO_Biological_Process_2023,Positive Regulation Of Microtubule Nucleation (GO:0090063),5,0,1.0,,1.0
GO_Biological_Process_2023,Positive Regulation Of Microglial Cell Migration (GO:1904141),5,0,1.0,,1.0
GO_Biological_Process_2023,Positive Regulation Of Microglial Cell Activation (GO:1903980),5,0,1.0,,1.0
GO_Biological_Process_2023,Positive Regulation Of miRNA-mediated Gene Silencing (GO:2000637),9,0,1.0,,1.0
GO_Biological_Process_2023,TORC2 Signaling (GO:0038203),5,0,1.0,,1.0
GO_Biological_Process_2023,TRAIL-activated Apoptotic Signaling Pathway (GO:0036462),6,0,1.0,,1.0
GO_Biological_Process_2023,Positive Regulation Of Metaphase/Anaphase Transition Of Cell Cycle (GO:1902101),11,0,1.0,,1.0
GO_Biological_Process_2023,Positive Regulation Of Male Gonad Development (GO:2000020),5,0,1.0,,1.0
GO_Biological_Process_2023,Positive Regulation Of Memory T Cell Differentiation (GO:0043382),8,0,1.0,,1.0
GO_Biological_Process_2023,Positive Regulation Of Membrane Potential (GO:0045838),6,0,1.0,,1.0
GO_Biological_Process_2023,Positive Regulation Of Membrane Invagination (GO:1905155),8,0,1.0,,1.0
GO_Biological_Process_2023,Positive Regulation Of Membrane Depolarization (GO:1904181),6,0,1.0,,1.0
GO_Biological_Process_2023,Positive Regulation Of Melanin Biosynthetic Process (GO:0048023),7,0,1.0,,1.0
GO_Biological_Process_2023,Positive Regulation Of Meiotic Nuclear Division (GO:0045836),7,0,1.0,,1.0
GO_Biological_Process_2023,Positive Regulation Of Megakaryocyte Differentiation (GO:0045654),8,0,1.0,,1.0
GO_Biological_Process_2023,Positive Regulation Of Mast Cell Degranulation (GO:0043306),8,0,1.0,,1.0
GO_Biological_Process_2023,Positive Regulation Of Membrane Protein Ectodomain Proteolysis (GO:0051044),14,0,1.0,,1.0
GO_Biological_Process_2023,Positive Regulation Of Spindle Checkpoint (GO:0090232),11,0,1.0,,1.0
GO_Biological_Process_2023,Positive Regulation Of Sprouting Angiogenesis (GO:1903672),15,0,1.0,,1.0
GO_Biological_Process_2023,Positive Regulation Of Stem Cell Differentiation (GO:2000738),17,0,1.0,,1.0
GO_Biological_Process_2023,Protein Localization To Endoplasmic Reticulum Exit Site (GO:0070973),6,0,1.0,,1.0
GO_Biological_Process_2023,Protein Localization To Endoplasmic Reticulum (GO:0070972),16,0,1.0,,1.0
GO_Biological_Process_2023,Protein Localization To Cytoplasmic Stress Granule (GO:1903608),7,0,1.0,,1.0
GO_Biological_Process_2023,Protein Localization To Condensed Chromosome (GO:1903083),10,0,1.0,,1.0
GO_Biological_Process_2023,Protein Localization To Cilium (GO:0061512),39,0,1.0,,1.0
GO_Biological_Process_2023,Protein Localization To Ciliary Transition Zone (GO:1904491),7,0,1.0,,1.0
GO_Biological_Process_2023,Protein Localization To Ciliary Membrane (GO:1903441),6,0,1.0,,1.0
GO_Biological_Process_2023,"Protein Localization To Chromosome, Telomeric Region (GO:0070198)",15,0,1.0,,1.0
GO_Biological_Process_2023,"Protein Localization To Chromosome, Centromeric Region (GO:0071459)",18,0,1.0,,1.0
GO_Biological_Process_2023,Protein Localization To Chromosome (GO:0034502),40,0,1.0,,1.0
GO_Biological_Process_2023,Protein Localization To Chromatin (GO:0071168),31,0,1.0,,1.0
GO_Biological_Process_2023,Protein Localization To Centrosome (GO:0071539),17,0,1.0,,1.0
GO_Biological_Process_2023,Protein Localization To Cell-Cell Junction (GO:0150105),15,0,1.0,,1.0
GO_Biological_Process_2023,Protein Localization To Cell Periphery (GO:1990778),138,1,0.3536958343629978,ATP1B3,1.0
GO_Biological_Process_2023,Protein Localization To Basolateral Plasma Membrane (GO:1903361),6,0,1.0,,1.0
GO_Biological_Process_2023,Protein Localization To Endosome (GO:0036010),10,0,1.0,,1.0
GO_Biological_Process_2023,Protein Localization To Kinetochore (GO:0034501),11,0,1.0,,1.0
GO_Biological_Process_2023,Protein Localization To Lysosome (GO:0061462),40,0,1.0,,1.0
GO_Biological_Process_2023,Protein Localization To Membrane Raft (GO:1903044),5,0,1.0,,1.0
GO_Biological_Process_2023,Protein Localization To Vacuole (GO:0072665),14,0,1.0,,1.0
GO_Biological_Process_2023,Protein Localization To Synapse (GO:0035418),13,0,1.0,,1.0
GO_Biological_Process_2023,Protein Localization To Site Of Double-Strand Break (GO:1990166),5,0,1.0,,1.0
GO_Biological_Process_2023,Regulation Of Inflammatory Response To Wounding (GO:0106014),9,0,1.0,,1.0
GO_Biological_Process_2023,Protein Localization To Plasma Membrane (GO:0072659),132,1,0.34126830690524534,ATP1B3,1.0
GO_Biological_Process_2023,Protein Localization To Phagophore Assembly Site (GO:0034497),13,0,1.0,,1.0
GO_Biological_Process_2023,Protein Localization To Perinuclear Region Of Cytoplasm (GO:1905719),8,0,1.0,,1.0
GO_Biological_Process_2023,Protein Localization To Golgi Apparatus (GO:0034067),28,0,1.0,,1.0
GO_Biological_Process_2023,Protein Localization To Organelle (GO:0033365),135,1,0.3475111472448858,MDM2,1.0
GO_Biological_Process_2023,Protein Localization To Nucleolus (GO:1902570),7,0,1.0,,1.0
GO_Biological_Process_2023,Protein Localization To Nuclear Envelope (GO:0090435),9,0,1.0,,1.0
GO_Biological_Process_2023,Protein Localization To Non-Motile Cilium (GO:0097499),5,0,1.0,,1.0
GO_Biological_Process_2023,Protein Localization To Mitochondrion (GO:0070585),15,0,1.0,,1.0
GO_Biological_Process_2023,Protein Localization To Microtubule Organizing Center (GO:1905508),15,0,1.0,,1.0
GO_Biological_Process_2023,Protein Localization To Microtubule Cytoskeleton (GO:0072698),9,0,1.0,,1.0
GO_Biological_Process_2023,Protein Localization To Microtubule (GO:0035372),9,0,1.0,,1.0
GO_Biological_Process_2023,Protein Localization To Nucleus (GO:0034504),121,1,0.31787162644191624,MDM2,1.0
GO_Biological_Process_2023,Protein Mannosylation (GO:0035268),19,0,1.0,,1.0
GO_Biological_Process_2023,Protein Localization (GO:0008104),346,3,0.09526629608058884,CDAN1;CTNNB1;FERMT2,1.0
GO_Biological_Process_2023,Protein Kinase C-activating G Protein-Coupled Receptor Signaling Pathway (GO:0007205),10,0,1.0,,1.0
GO_Biological_Process_2023,Protein Heterooligomerization (GO:0051291),19,0,1.0,,1.0
GO_Biological_Process_2023,Protein Glycosylation (GO:0006486),143,0,1.0,,1.0
GO_Biological_Process_2023,Protein Geranylgeranylation (GO:0018344),5,0,1.0,,1.0
GO_Biological_Process_2023,Protein Export From Nucleus (GO:0006611),26,0,1.0,,1.0
GO_Biological_Process_2023,Protein Exit From Endoplasmic Reticulum (GO:0032527),24,0,1.0,,1.0
GO_Biological_Process_2023,Protein Deubiquitination Involved In Ubiquitin-Dependent Protein Catabolic Process (GO:0071947),5,0,1.0,,1.0
GO_Biological_Process_2023,Protein Deubiquitination (GO:0016579),93,0,1.0,,1.0
GO_Biological_Process_2023,Protein Desumoylation (GO:0016926),7,0,1.0,,1.0
GO_Biological_Process_2023,T Cell Apoptotic Process (GO:0070231),7,0,1.0,,1.0
GO_Biological_Process_2023,Protein Depolymerization (GO:0051261),28,0,1.0,,1.0
GO_Biological_Process_2023,Protein Dephosphorylation (GO:0006470),121,0,1.0,,1.0
GO_Biological_Process_2023,Protein Depalmitoylation (GO:0002084),7,0,1.0,,1.0
GO_Biological_Process_2023,Protein Deneddylation (GO:0000338),10,0,1.0,,1.0
GO_Biological_Process_2023,Protein Deglycosylation (GO:0006517),7,0,1.0,,1.0
GO_Biological_Process_2023,Protein Deglutamylation (GO:0035608),5,0,1.0,,1.0
GO_Biological_Process_2023,Protein Heterotetramerization (GO:0051290),12,0,1.0,,1.0
GO_Biological_Process_2023,Protein Hexamerization (GO:0034214),8,0,1.0,,1.0
GO_Biological_Process_2023,Protein Homooligomerization (GO:0051260),128,0,1.0,,1.0
GO_Biological_Process_2023,Protein Homotetramerization (GO:0051289),53,0,1.0,,1.0
GO_Biological_Process_2023,Protein Kinase C Signaling (GO:0070528),10,0,1.0,,1.0
GO_Biological_Process_2023,Protein Kinase B Signaling (GO:0043491),24,0,1.0,,1.0
GO_Biological_Process_2023,Protein Kinase A Signaling (GO:0010737),14,0,1.0,,1.0
GO_Biological_Process_2023,Protein Insertion Into Mitochondrial Outer Membrane (GO:0045040),13,0,1.0,,1.0
GO_Biological_Process_2023,Protein Insertion Into Mitochondrial Membrane (GO:0051204),28,0,1.0,,1.0
GO_Biological_Process_2023,Protein Insertion Into Mitochondrial Inner Membrane (GO:0045039),12,0,1.0,,1.0
GO_Biological_Process_2023,Protein Insertion Into Membrane (GO:0051205),19,0,1.0,,1.0
GO_Biological_Process_2023,Protein Lipidation (GO:0006497),62,0,1.0,,1.0
GO_Biological_Process_2023,Protein Insertion Into ER Membrane By Stop-Transfer Membrane-Anchor Sequence (GO:0045050),9,0,1.0,,1.0
GO_Biological_Process_2023,"Protein Import Into Peroxisome Matrix, Receptor Recycling (GO:0016562)",6,0,1.0,,1.0
GO_Biological_Process_2023,Protein Import Into Peroxisome Matrix (GO:0016558),13,0,1.0,,1.0
GO_Biological_Process_2023,Protein Import Into Nucleus (GO:0006606),74,0,1.0,,1.0
GO_Biological_Process_2023,Protein Import Into Mitochondrial Matrix (GO:0030150),17,0,1.0,,1.0
GO_Biological_Process_2023,Protein Import (GO:0017038),5,0,1.0,,1.0
GO_Biological_Process_2023,Protein Hydroxylation (GO:0018126),13,0,1.0,,1.0
GO_Biological_Process_2023,Protein Homotrimerization (GO:0070207),14,0,1.0,,1.0
GO_Biological_Process_2023,Protein Insertion Into ER Membrane (GO:0045048),28,0,1.0,,1.0
GO_Biological_Process_2023,Protein Maturation (GO:0051604),114,0,1.0,,1.0
GO_Biological_Process_2023,Protein Maturation By Iron-Sulfur Cluster Transfer (GO:0097428),14,0,1.0,,1.0
GO_Biological_Process_2023,Protein Methylation (GO:0006479),33,0,1.0,,1.0
GO_Biological_Process_2023,Pulmonary Valve Morphogenesis (GO:0003184),18,0,1.0,,1.0
GO_Biological_Process_2023,Pulmonary Valve Development (GO:0003177),20,0,1.0,,1.0
GO_Biological_Process_2023,Pteridine-Containing Compound Metabolic Process (GO:0042558),5,0,1.0,,1.0
GO_Biological_Process_2023,Pseudouridine Synthesis (GO:0001522),12,0,1.0,,1.0
GO_Biological_Process_2023,Proximal/Distal Pattern Formation (GO:0009954),7,0,1.0,,1.0
GO_Biological_Process_2023,Proton-Transporting V-type ATPase Complex Assembly (GO:0070070),5,0,1.0,,1.0
GO_Biological_Process_2023,Proton-Transporting ATP Synthase Complex Assembly (GO:0043461),7,0,1.0,,1.0
GO_Biological_Process_2023,Proton Transmembrane Transport (GO:1902600),49,0,1.0,,1.0
GO_Biological_Process_2023,Proton Motive Force-Driven Mitochondrial ATP Synthesis (GO:0042776),52,1,0.15133197290975003,SDHB,1.0
GO_Biological_Process_2023,Proton Motive Force-Driven ATP Synthesis (GO:0015986),59,1,0.16990185577332714,SDHB,1.0
GO_Biological_Process_2023,Proteolysis (GO:0006508),319,1,0.6372355596491571,MDM2,1.0
GO_Biological_Process_2023,Proteoglycan Metabolic Process (GO:0006029),25,0,1.0,,1.0
GO_Biological_Process_2023,Proteoglycan Catabolic Process (GO:0030167),6,0,1.0,,1.0
GO_Biological_Process_2023,Proteoglycan Biosynthetic Process (GO:0030166),32,0,1.0,,1.0
GO_Biological_Process_2023,Protein-Containing Complex Disassembly (GO:0032984),62,1,0.1777375916556346,MYC,1.0
GO_Biological_Process_2023,Purine Deoxyribonucleotide Catabolic Process (GO:0009155),5,0,1.0,,1.0
GO_Biological_Process_2023,SREBP Signaling Pathway (GO:0032933),7,0,1.0,,1.0
GO_Biological_Process_2023,Purine Nucleobase Transmembrane Transport (GO:1904823),5,0,1.0,,1.0
GO_Biological_Process_2023,Purine Nucleobase Transport (GO:0006863),8,0,1.0,,1.0
GO_Biological_Process_2023,Purine Ribonucleotide Transport (GO:0015868),19,0,1.0,,1.0
GO_Biological_Process_2023,Purine Ribonucleotide Metabolic Process (GO:0009150),80,0,1.0,,1.0
GO_Biological_Process_2023,Purine Ribonucleotide Catabolic Process (GO:0009154),25,0,1.0,,1.0
GO_Biological_Process_2023,SMAD Protein Signal Transduction (GO:0060395),51,0,1.0,,1.0
GO_Biological_Process_2023,Purine Ribonucleoside Triphosphate Metabolic Process (GO:0009205),30,0,1.0,,1.0
GO_Biological_Process_2023,Purine Ribonucleoside Triphosphate Biosynthetic Process (GO:0009206),10,0,1.0,,1.0
GO_Biological_Process_2023,Purine Ribonucleoside Monophosphate Metabolic Process (GO:0009167),11,0,1.0,,1.0
GO_Biological_Process_2023,SRP-dependent Cotranslational Protein Targeting To Membrane (GO:0006614),10,0,1.0,,1.0
GO_Biological_Process_2023,Purine Ribonucleoside Monophosphate Catabolic Process (GO:0009169),7,0,1.0,,1.0
GO_Biological_Process_2023,Purine Ribonucleoside Bisphosphate Metabolic Process (GO:0034035),12,0,1.0,,1.0
GO_Biological_Process_2023,Purine Nucleotide Metabolic Process (GO:0006163),34,0,1.0,,1.0
GO_Biological_Process_2023,Purine Nucleotide Catabolic Process (GO:0006195),7,0,1.0,,1.0
GO_Biological_Process_2023,SNARE Complex Assembly (GO:0035493),9,0,1.0,,1.0
GO_Biological_Process_2023,Purine Nucleoside Bisphosphate Metabolic Process (GO:0034032),24,0,1.0,,1.0
GO_Biological_Process_2023,Purine Nucleoside Bisphosphate Catabolic Process (GO:0034034),8,0,1.0,,1.0
GO_Biological_Process_2023,Purine Nucleoside Bisphosphate Biosynthetic Process (GO:0034033),10,0,1.0,,1.0
GO_Biological_Process_2023,Purine Ribonucleoside Metabolic Process (GO:0046128),6,0,1.0,,1.0
GO_Biological_Process_2023,protein-RNA Complex Disassembly (GO:0032988),7,0,1.0,,1.0
GO_Biological_Process_2023,protein-RNA Complex Assembly (GO:0022618),141,0,1.0,,1.0
GO_Biological_Process_2023,protein-DNA Covalent Cross-Linking Repair (GO:0106300),6,0,1.0,,1.0
GO_Biological_Process_2023,Protein Repair (GO:0030091),5,0,1.0,,1.0
GO_Biological_Process_2023,Protein Processing (GO:0016485),113,0,1.0,,1.0
GO_Biological_Process_2023,Protein Prenylation (GO:0018342),10,0,1.0,,1.0
GO_Biological_Process_2023,T Cell Activation Involved In Immune Response (GO:0002286),27,0,1.0,,1.0
GO_Biological_Process_2023,Protein Polymerization (GO:0051258),62,0,1.0,,1.0
GO_Biological_Process_2023,Protein Polyglutamylation (GO:0018095),10,0,1.0,,1.0
GO_Biological_Process_2023,Protein poly-ADP-ribosylation (GO:0070212),8,0,1.0,,1.0
GO_Biological_Process_2023,Protein Retention In ER Lumen (GO:0006621),7,0,1.0,,1.0
GO_Biological_Process_2023,Protein Phosphorylation (GO:0006468),493,3,0.20230276032254962,BRAF;CDK6;PTK2,1.0
GO_Biological_Process_2023,Protein Palmitoylation (GO:0018345),30,0,1.0,,1.0
GO_Biological_Process_2023,Protein Oxidation (GO:0018158),10,0,1.0,,1.0
GO_Biological_Process_2023,Protein Neddylation (GO:0045116),22,0,1.0,,1.0
GO_Biological_Process_2023,Protein Monoubiquitination (GO:0006513),46,0,1.0,,1.0
GO_Biological_Process_2023,Protein Modification By Small Protein Removal (GO:0070646),95,0,1.0,,1.0
GO_Biological_Process_2023,Protein Modification By Small Protein Conjugation Or Removal (GO:0070647),5,0,1.0,,1.0
GO_Biological_Process_2023,Protein Modification By Small Protein Conjugation (GO:0032446),345,3,0.09464309210073177,CUL2;MDM2;SUMO2,1.0
GO_Biological_Process_2023,Protein Peptidyl-Prolyl Isomerization (GO:0000413),16,0,1.0,,1.0
GO_Biological_Process_2023,Protein Deacylation (GO:0035601),20,0,1.0,,1.0
GO_Biological_Process_2023,Protein Secretion (GO:0009306),62,0,1.0,,1.0
GO_Biological_Process_2023,Protein Sulfation (GO:0006477),5,0,1.0,,1.0
GO_Biological_Process_2023,Schwann Cell Development (GO:0014044),8,0,1.0,,1.0
GO_Biological_Process_2023,protein-DNA Complex Assembly (GO:0065004),56,1,0.16199274884581716,DNAJC9,1.0
GO_Biological_Process_2023,Protein Ufmylation (GO:0071569),5,0,1.0,,1.0
GO_Biological_Process_2023,Protein Trimerization (GO:0070206),14,0,1.0,,1.0
GO_Biological_Process_2023,Protein Transport To Vacuole Involved In Ubiquitin-Dependent Protein Catabolic Process Via The Multivesicular Body Sorting Pathway (GO:0043328),14,0,1.0,,1.0
GO_Biological_Process_2023,Protein Transport (GO:0015031),302,2,0.24571013456382698,DNM2;TFRC,1.0
GO_Biological_Process_2023,Protein Transmembrane Import Into Intracellular Organelle (GO:0044743),31,0,1.0,,1.0
GO_Biological_Process_2023,Protein Stabilization (GO:0050821),198,2,0.12862115138641014,ATP1B3;EP300,1.0
GO_Biological_Process_2023,Protein Tetramerization (GO:0051262),73,0,1.0,,1.0
GO_Biological_Process_2023,Protein Targeting To Vacuole (GO:0006623),33,0,1.0,,1.0
GO_Biological_Process_2023,Protein Targeting To Peroxisome (GO:0006625),16,0,1.0,,1.0
GO_Biological_Process_2023,Protein Targeting To Mitochondrion (GO:0006626),58,0,1.0,,1.0
GO_Biological_Process_2023,Protein Targeting To Membrane (GO:0006612),71,0,1.0,,1.0
GO_Biological_Process_2023,Protein Targeting To Lysosome (GO:0006622),25,0,1.0,,1.0
GO_Biological_Process_2023,Protein Targeting To ER (GO:0045047),23,0,1.0,,1.0
GO_Biological_Process_2023,Protein Targeting (GO:0006605),128,0,1.0,,1.0
GO_Biological_Process_2023,Protein Targeting To Vacuole Involved In Autophagy (GO:0071211),5,0,1.0,,1.0
GO_Biological_Process_2023,Protein Deacetylation (GO:0006476),39,0,1.0,,1.0
GO_Biological_Process_2023,Protein Complex Oligomerization (GO:0051259),99,0,1.0,,1.0
GO_Biological_Process_2023,Protein Catabolic Process In The Vacuole (GO:0007039),5,0,1.0,,1.0
GO_Biological_Process_2023,Positive Regulation Of Tumor Necrosis Factor Production (GO:0032760),76,0,1.0,,1.0
GO_Biological_Process_2023,Positive Regulation Of Trophoblast Cell Migration (GO:1901165),6,0,1.0,,1.0
GO_Biological_Process_2023,Positive Regulation Of Triglyceride Metabolic Process (GO:0090208),18,0,1.0,,1.0
GO_Biological_Process_2023,Positive Regulation Of Triglyceride Lipase Activity (GO:0061365),7,0,1.0,,1.0
GO_Biological_Process_2023,Positive Regulation Of Triglyceride Catabolic Process (GO:0010898),6,0,1.0,,1.0
GO_Biological_Process_2023,Positive Regulation Of Triglyceride Biosynthetic Process (GO:0010867),11,0,1.0,,1.0
GO_Biological_Process_2023,Positive Regulation Of Transporter Activity (GO:0032411),14,0,1.0,,1.0
GO_Biological_Process_2023,Positive Regulation Of Transport (GO:0051050),50,0,1.0,,1.0
GO_Biological_Process_2023,Positive Regulation Of Transmembrane Receptor Protein Serine/Threonine Kinase Signaling Pathway (GO:0090100),94,1,0.2569254284100779,EP300,1.0
GO_Biological_Process_2023,Positive Regulation Of Translational Initiation (GO:0045948),17,0,1.0,,1.0
GO_Biological_Process_2023,Positive Regulation Of Translation In Response To Stress (GO:0032056),5,0,1.0,,1.0
GO_Biological_Process_2023,Positive Regulation Of Translation (GO:0045727),103,0,1.0,,1.0
GO_Biological_Process_2023,Positive Regulation Of Transforming Growth Factor Beta Production (GO:0071636),10,0,1.0,,1.0
GO_Biological_Process_2023,Positive Regulation Of Transcription Of Nucleolar Large rRNA By RNA Polymerase I (GO:1901838),9,0,1.0,,1.0
GO_Biological_Process_2023,Positive Regulation Of Transcription Of Notch Receptor Target (GO:0007221),5,0,1.0,,1.0
GO_Biological_Process_2023,Positive Regulation Of Tumor Necrosis Factor Superfamily Cytokine Production (GO:1903557),80,0,1.0,,1.0
GO_Biological_Process_2023,Positive Regulation Of Tumor Necrosis Factor-Mediated Signaling Pathway (GO:1903265),6,0,1.0,,1.0
GO_Biological_Process_2023,Positive Regulation Of Type 2 Immune Response (GO:0002830),13,0,1.0,,1.0
GO_Biological_Process_2023,Positive Regulation Of Type I Interferon Production (GO:0032481),64,0,1.0,,1.0
GO_Biological_Process_2023,Positive Regulation Of Vascular Endothelial Growth Factor Signaling Pathway (GO:1900748),7,0,1.0,,1.0
GO_Biological_Process_2023,Positive Regulation Of Vascular Endothelial Growth Factor Receptor Signaling Pathway (GO:0030949),9,0,1.0,,1.0
GO_Biological_Process_2023,Positive Regulation Of Vascular Endothelial Growth Factor Production (GO:0010575),24,0,1.0,,1.0
GO_Biological_Process_2023,Positive Regulation Of Vascular Endothelial Cell Proliferation (GO:1905564),12,0,1.0,,1.0
GO_Biological_Process_2023,Positive Regulation Of Vascular Associated Smooth Muscle Cell Proliferation (GO:1904707),20,0,1.0,,1.0
GO_Biological_Process_2023,Positive Regulation Of Vascular Associated Smooth Muscle Cell Migration (GO:1904754),7,0,1.0,,1.0
GO_Biological_Process_2023,Positive Regulation Of Vascular Associated Smooth Muscle Cell Differentiation (GO:1905065),5,0,1.0,,1.0
GO_Biological_Process_2023,T Cell Migration (GO:0072678),16,0,1.0,,1.0
GO_Biological_Process_2023,Positive Regulation Of Vacuole Organization (GO:0044090),21,0,1.0,,1.0
GO_Biological_Process_2023,Positive Regulation Of Unsaturated Fatty Acid Biosynthetic Process (GO:2001280),6,0,1.0,,1.0
GO_Biological_Process_2023,Positive Regulation Of Ubiquitin-Protein Transferase Activity (GO:0051443),26,0,1.0,,1.0
GO_Biological_Process_2023,T Cell Mediated Immunity (GO:0002456),19,0,1.0,,1.0
GO_Biological_Process_2023,Positive Regulation Of Ubiquitin Protein Ligase Activity (GO:1904668),8,0,1.0,,1.0
GO_Biological_Process_2023,Positive Regulation Of Tyrosine Phosphorylation Of STAT Protein (GO:0042531),54,0,1.0,,1.0
GO_Biological_Process_2023,Positive Regulation Of Type II Interferon Production (GO:0032729),58,0,1.0,,1.0
GO_Biological_Process_2023,Positive Regulation Of Type I Interferon-Mediated Signaling Pathway (GO:0060340),14,0,1.0,,1.0
GO_Biological_Process_2023,Positive Regulation Of Urine Volume (GO:0035810),5,0,1.0,,1.0
GO_Biological_Process_2023,Positive Regulation Of Transcription From RNA Polymerase II Promoter Involved In Cellular Response To Chemical Stimulus (GO:1901522),14,0,1.0,,1.0
GO_Biological_Process_2023,Positive Regulation Of Transcription From RNA Polymerase II Promoter In Response To Stress (GO:0036003),17,0,1.0,,1.0
GO_Biological_Process_2023,Positive Regulation Of Transcription From RNA Polymerase II Promoter In Response To Endoplasmic Reticulum Stress (GO:1990440),10,0,1.0,,1.0
GO_Biological_Process_2023,Positive Regulation Of Synaptic Plasticity (GO:0031915),6,0,1.0,,1.0
GO_Biological_Process_2023,Positive Regulation Of Synapse Maturation (GO:0090129),8,0,1.0,,1.0
GO_Biological_Process_2023,Positive Regulation Of Synapse Assembly (GO:0051965),31,0,1.0,,1.0
GO_Biological_Process_2023,Positive Regulation Of Supramolecular Fiber Organization (GO:1902905),95,0,1.0,,1.0
GO_Biological_Process_2023,Positive Regulation Of Superoxide Anion Generation (GO:0032930),13,0,1.0,,1.0
GO_Biological_Process_2023,Positive Regulation Of Substrate Adhesion-Dependent Cell Spreading (GO:1900026),35,1,0.10451714826336693,FERMT2,1.0
GO_Biological_Process_2023,Positive Regulation Of Striated Muscle Contraction (GO:0045989),6,0,1.0,,1.0
GO_Biological_Process_2023,Positive Regulation Of Synaptic Transmission (GO:0050806),76,0,1.0,,1.0
GO_Biological_Process_2023,Positive Regulation Of Striated Muscle Cell Differentiation (GO:0051155),25,0,1.0,,1.0
GO_Biological_Process_2023,Positive Regulation Of Stress-Activated MAPK Cascade (GO:0032874),105,0,1.0,,1.0
GO_Biological_Process_2023,Positive Regulation Of Stress Fiber Assembly (GO:0051496),43,1,0.12685552137392916,FERMT2,1.0
GO_Biological_Process_2023,Positive Regulation Of Sterol Transport (GO:0032373),5,0,1.0,,1.0
GO_Biological_Process_2023,Positive Regulation Of Sterol Biosynthetic Process (GO:0106120),5,0,1.0,,1.0
GO_Biological_Process_2023,Positive Regulation Of Steroid Metabolic Process (GO:0045940),6,0,1.0,,1.0
GO_Biological_Process_2023,Positive Regulation Of Steroid Biosynthetic Process (GO:0010893),7,0,1.0,,1.0
GO_Biological_Process_2023,Positive Regulation Of Stem Cell Population Maintenance (GO:1902459),40,0,1.0,,1.0
GO_Biological_Process_2023,Positive Regulation Of Stress-Activated Protein Kinase Signaling Cascade (GO:0070304),18,0,1.0,,1.0
GO_Biological_Process_2023,Positive Regulation Of Vascular Permeability (GO:0043117),11,0,1.0,,1.0
GO_Biological_Process_2023,"Positive Regulation Of Synaptic Transmission, GABAergic (GO:0032230)",7,0,1.0,,1.0
GO_Biological_Process_2023,Positive Regulation Of Syncytium Formation By Plasma Membrane Fusion (GO:0060143),15,0,1.0,,1.0
GO_Biological_Process_2023,Positive Regulation Of Transcription Elongation By RNA Polymerase II (GO:0032968),43,1,0.12685552137392916,MED1,1.0
GO_Biological_Process_2023,Positive Regulation Of Transcription By RNA Polymerase III (GO:0045945),15,0,1.0,,1.0
GO_Biological_Process_2023,Positive Regulation Of Transcription By RNA Polymerase I (GO:0045943),33,0,1.0,,1.0
GO_Biological_Process_2023,Positive Regulation Of Tooth Mineralization (GO:0070172),7,0,1.0,,1.0
GO_Biological_Process_2023,Positive Regulation Of Toll-Like Receptor 7 Signaling Pathway (GO:0034157),5,0,1.0,,1.0
GO_Biological_Process_2023,Positive Regulation Of Toll-Like Receptor 4 Signaling Pathway (GO:0034145),10,0,1.0,,1.0
GO_Biological_Process_2023,Positive Regulation Of Toll-Like Receptor 3 Signaling Pathway (GO:0034141),6,0,1.0,,1.0
GO_Biological_Process_2023,"Positive Regulation Of Synaptic Transmission, Glutamatergic (GO:0051968)",21,0,1.0,,1.0
GO_Biological_Process_2023,Positive Regulation Of Toll-Like Receptor 2 Signaling Pathway (GO:0034137),5,0,1.0,,1.0
GO_Biological_Process_2023,Positive Regulation Of Telomere Maintenance Via Telomere Lengthening (GO:1904358),35,1,0.10451714826336693,CTNNB1,1.0
GO_Biological_Process_2023,Positive Regulation Of Telomere Maintenance Via Telomerase (GO:0032212),32,1,0.09599625925398965,CTNNB1,1.0
GO_Biological_Process_2023,Positive Regulation Of Telomere Maintenance In Response To DNA Damage (GO:1904507),14,0,1.0,,1.0
GO_Biological_Process_2023,Positive Regulation Of Telomere Maintenance (GO:0032206),51,0,1.0,,1.0
GO_Biological_Process_2023,Positive Regulation Of Telomere Capping (GO:1904355),16,0,1.0,,1.0
GO_Biological_Process_2023,Positive Regulation Of Telomerase RNA Localization To Cajal Body (GO:1904874),14,0,1.0,,1.0
GO_Biological_Process_2023,Positive Regulation Of Tau-Protein Kinase Activity (GO:1902949),5,0,1.0,,1.0
GO_Biological_Process_2023,Positive Regulation Of Tissue Remodeling (GO:0034105),9,0,1.0,,1.0
GO_Biological_Process_2023,Purine-Containing Compound Catabolic Process (GO:0072523),5,0,1.0,,1.0
GO_Biological_Process_2023,Positive Regulation Of Vasculature Development (GO:1904018),104,0,1.0,,1.0
GO_Biological_Process_2023,Positive Regulation Of Vasoconstriction (GO:0045907),12,0,1.0,,1.0
GO_Biological_Process_2023,Protein K29-linked Ubiquitination (GO:0035519),7,0,1.0,,1.0
GO_Biological_Process_2023,Protein K27-linked Ubiquitination (GO:0044314),7,0,1.0,,1.0
GO_Biological_Process_2023,Protein K11-linked Ubiquitination (GO:0070979),29,0,1.0,,1.0
GO_Biological_Process_2023,Protein K11-linked Deubiquitination (GO:0035871),9,0,1.0,,1.0
GO_Biological_Process_2023,Protection From Natural Killer Cell Mediated Cytotoxicity (GO:0042270),5,0,1.0,,1.0
GO_Biological_Process_2023,T Cell Chemotaxis (GO:0010818),9,0,1.0,,1.0
GO_Biological_Process_2023,Proteasome Assembly (GO:0043248),8,0,1.0,,1.0
GO_Biological_Process_2023,Prostanoid Metabolic Process (GO:0006692),15,0,1.0,,1.0
GO_Biological_Process_2023,Prostanoid Biosynthetic Process (GO:0046457),14,0,1.0,,1.0
GO_Biological_Process_2023,Prostaglandin Transport (GO:0015732),10,0,1.0,,1.0
GO_Biological_Process_2023,Prostaglandin Metabolic Process (GO:0006693),29,0,1.0,,1.0
GO_Biological_Process_2023,Prostaglandin Biosynthetic Process (GO:0001516),17,0,1.0,,1.0
GO_Biological_Process_2023,T Cell Differentiation (GO:0030217),44,0,1.0,,1.0
GO_Biological_Process_2023,Proline Transport (GO:0015824),8,0,1.0,,1.0
GO_Biological_Process_2023,Proline Metabolic Process (GO:0006560),5,0,1.0,,1.0
GO_Biological_Process_2023,Protein K48-linked Deubiquitination (GO:0071108),23,0,1.0,,1.0
GO_Biological_Process_2023,Protein K48-linked Ubiquitination (GO:0070936),69,1,0.1957393892543675,SKP2,1.0
GO_Biological_Process_2023,Protein K6-linked Ubiquitination (GO:0085020),9,0,1.0,,1.0
GO_Biological_Process_2023,Protein K63-linked Deubiquitination (GO:0070536),32,0,1.0,,1.0
GO_Biological_Process_2023,Protein Catabolic Process (GO:0030163),101,1,0.2732216850522336,MDM2,1.0
GO_Biological_Process_2023,Protein Autoubiquitination (GO:0051865),70,1,0.19827925179510839,MDM2,1.0
GO_Biological_Process_2023,Protein Autoprocessing (GO:0016540),18,0,1.0,,1.0
GO_Biological_Process_2023,Protein Autophosphorylation (GO:0046777),162,1,0.4011426958289302,PTK2,1.0
GO_Biological_Process_2023,Protein auto-ADP-ribosylation (GO:0070213),10,0,1.0,,1.0
GO_Biological_Process_2023,"Protein Alpha-1,2-Demannosylation (GO:0036508)",16,0,1.0,,1.0
GO_Biological_Process_2023,Protein Alkylation (GO:0008213),23,0,1.0,,1.0
GO_Biological_Process_2023,Progesterone Receptor Signaling Pathway (GO:0050847),10,0,1.0,,1.0
GO_Biological_Process_2023,Protein Acylation (GO:0043543),37,1,0.11015383886927196,EP300,1.0
GO_Biological_Process_2023,Protein O-linked Mannosylation (GO:0035269),15,0,1.0,,1.0
GO_Biological_Process_2023,Protein O-linked Glycosylation Via Threonine (GO:0018243),9,0,1.0,,1.0
GO_Biological_Process_2023,Protein O-linked Glycosylation Via Serine (GO:0018242),9,0,1.0,,1.0
GO_Biological_Process_2023,Protein O-linked Glycosylation (GO:0006493),91,0,1.0,,1.0
GO_Biological_Process_2023,Protein N-linked Glycosylation Via Asparagine (GO:0018279),23,0,1.0,,1.0
GO_Biological_Process_2023,Protein N-linked Glycosylation (GO:0006487),64,0,1.0,,1.0
GO_Biological_Process_2023,Protein K63-linked Ubiquitination (GO:0070534),51,0,1.0,,1.0
GO_Biological_Process_2023,Protein Activation Cascade (GO:0072376),14,0,1.0,,1.0
GO_Biological_Process_2023,Primary Neural Tube Formation (GO:0014020),28,0,1.0,,1.0
GO_Biological_Process_2023,Primary miRNA Processing (GO:0031053),12,0,1.0,,1.0
GO_Biological_Process_2023,Primary Alcohol Metabolic Process (GO:0034308),14,0,1.0,,1.0
GO_Biological_Process_2023,Postsynapse Assembly (GO:0099068),9,0,1.0,,1.0
GO_Biological_Process_2023,Postreplication Repair (GO:0006301),21,0,1.0,,1.0
GO_Biological_Process_2023,"Post-Translational Protein Targeting To Membrane, Translocation (GO:0031204)",7,0,1.0,,1.0
GO_Biological_Process_2023,Post-Translational Protein Targeting To Endoplasmic Reticulum Membrane (GO:0006620),14,0,1.0,,1.0
GO_Biological_Process_2023,Post-Translational Protein Modification (GO:0043687),48,0,1.0,,1.0
GO_Biological_Process_2023,Post-Transcriptional Regulation Of Gene Expression (GO:0010608),57,0,1.0,,1.0
GO_Biological_Process_2023,Post-Transcriptional Gene Silencing (GO:0016441),11,0,1.0,,1.0
GO_Biological_Process_2023,Postsynapse Organization (GO:0099173),7,0,1.0,,1.0
GO_Biological_Process_2023,T Cell Homeostasis (GO:0043029),15,0,1.0,,1.0
GO_Biological_Process_2023,Positive Regulation Of Voltage-Gated Potassium Channel Activity (GO:1903818),10,0,1.0,,1.0
GO_Biological_Process_2023,Positive Regulation Of Voltage-Gated Calcium Channel Activity (GO:1901387),12,0,1.0,,1.0
GO_Biological_Process_2023,Positive Regulation Of Viral Process (GO:0048524),41,0,1.0,,1.0
GO_Biological_Process_2023,Positive Regulation Of Viral Life Cycle (GO:1903902),22,0,1.0,,1.0
GO_Biological_Process_2023,Positive Regulation Of Viral Genome Replication (GO:0045070),29,0,1.0,,1.0
GO_Biological_Process_2023,Positive Regulation Of Viral Entry Into Host Cell (GO:0046598),12,0,1.0,,1.0
GO_Biological_Process_2023,Positive Regulation Of Vesicle Fusion (GO:0031340),5,0,1.0,,1.0
GO_Biological_Process_2023,T Cell Mediated Cytotoxicity (GO:0001913),6,0,1.0,,1.0
GO_Biological_Process_2023,Positive Regulation Of Vasculogenesis (GO:2001214),9,0,1.0,,1.0
GO_Biological_Process_2023,Postsynaptic Density Organization (GO:0097106),6,0,1.0,,1.0
GO_Biological_Process_2023,Postsynaptic Membrane Organization (GO:0001941),16,0,1.0,,1.0
GO_Biological_Process_2023,Primary Alcohol Catabolic Process (GO:0034310),8,0,1.0,,1.0
GO_Biological_Process_2023,Presynaptic Membrane Organization (GO:0097090),9,0,1.0,,1.0
GO_Biological_Process_2023,Presynaptic Membrane Assembly (GO:0097105),8,0,1.0,,1.0
GO_Biological_Process_2023,T Cell Differentiation In Thymus (GO:0033077),13,0,1.0,,1.0
GO_Biological_Process_2023,Presynaptic Active Zone Organization (GO:1990709),5,0,1.0,,1.0
GO_Biological_Process_2023,Presynapse Organization (GO:0099172),11,0,1.0,,1.0
GO_Biological_Process_2023,Presynapse Assembly (GO:0099054),15,0,1.0,,1.0
GO_Biological_Process_2023,Postsynaptic Membrane Assembly (GO:0097104),7,0,1.0,,1.0
GO_Biological_Process_2023,Prepulse Inhibition (GO:0060134),5,0,1.0,,1.0
GO_Biological_Process_2023,pre-miRNA Processing (GO:0031054),12,0,1.0,,1.0
GO_Biological_Process_2023,pre-mRNA Cleavage Required For Polyadenylation (GO:0098789),11,0,1.0,,1.0
GO_Biological_Process_2023,Potassium Ion Transport (GO:0006813),122,1,0.32003191068710407,ATP1B3,1.0
GO_Biological_Process_2023,Potassium Ion Transmembrane Transport (GO:0071805),135,1,0.3475111472448858,ATP1B3,1.0
GO_Biological_Process_2023,Potassium Ion Import Across Plasma Membrane (GO:1990573),41,1,0.1213228140718072,ATP1B3,1.0
GO_Biological_Process_2023,Potassium Ion Export Across Plasma Membrane (GO:0097623),12,0,1.0,,1.0
GO_Biological_Process_2023,Postsynaptic Neurotransmitter Receptor Diffusion Trapping (GO:0098970),7,0,1.0,,1.0
GO_Biological_Process_2023,Preassembly Of GPI Anchor In ER Membrane (GO:0016254),7,0,1.0,,1.0
GO_Biological_Process_2023,Protein Localization To Presynapse (GO:1905383),7,0,1.0,,1.0
GO_Biological_Process_2023,Regulation Of Macromolecule Biosynthetic Process (GO:0010556),53,1,0.15400959601649175,MED1,1.0
GO_Biological_Process_2023,Regulation Of Inositol Phosphate Biosynthetic Process (GO:0010919),6,0,1.0,,1.0
GO_Biological_Process_2023,Toll-Like Receptor 3 Signaling Pathway (GO:0034138),6,0,1.0,,1.0
GO_Biological_Process_2023,Tight Junction Organization (GO:0120193),5,0,1.0,,1.0
GO_Biological_Process_2023,Tight Junction Assembly (GO:0120192),52,0,1.0,,1.0
GO_Biological_Process_2023,Thyroid Hormone Transport (GO:0070327),7,0,1.0,,1.0
GO_Biological_Process_2023,Thyroid Hormone Generation (GO:0006590),10,0,1.0,,1.0
GO_Biological_Process_2023,Thymus Development (GO:0048538),13,0,1.0,,1.0
GO_Biological_Process_2023,Thiamine-Containing Compound Metabolic Process (GO:0042723),5,0,1.0,,1.0
GO_Biological_Process_2023,Toll-Like Receptor 4 Signaling Pathway (GO:0034142),17,0,1.0,,1.0
GO_Biological_Process_2023,Thiamine Transmembrane Transport (GO:0071934),5,0,1.0,,1.0
GO_Biological_Process_2023,Termination Of RNA Polymerase II Transcription (GO:0006369),7,0,1.0,,1.0
GO_Biological_Process_2023,Telomeric Loop Disassembly (GO:0090657),8,0,1.0,,1.0
GO_Biological_Process_2023,Telomeric D-loop Disassembly (GO:0061820),6,0,1.0,,1.0
GO_Biological_Process_2023,Telomere Organization (GO:0032200),63,0,1.0,,1.0
GO_Biological_Process_2023,Telomere Maintenance Via Telomere Trimming (GO:0090737),9,0,1.0,,1.0
GO_Biological_Process_2023,Telomere Maintenance Via Telomere Lengthening (GO:0010833),25,0,1.0,,1.0
GO_Biological_Process_2023,Telomere Maintenance Via Telomerase (GO:0007004),19,0,1.0,,1.0
GO_Biological_Process_2023,Terpenoid Metabolic Process (GO:0006721),6,0,1.0,,1.0
GO_Biological_Process_2023,Telomere Maintenance Via Recombination (GO:0000722),9,0,1.0,,1.0
GO_Biological_Process_2023,Toll-Like Receptor 9 Signaling Pathway (GO:0034162),5,0,1.0,,1.0
GO_Biological_Process_2023,Tooth Mineralization (GO:0034505),7,0,1.0,,1.0
GO_Biological_Process_2023,Translational Elongation (GO:0006414),40,0,1.0,,1.0
GO_Biological_Process_2023,Translation (GO:0006412),229,0,1.0,,1.0
GO_Biological_Process_2023,Transition Metal Ion Transport (GO:0000041),32,1,0.09599625925398965,TFRC,1.0
GO_Biological_Process_2023,N-terminal Protein Amino Acid Modification (GO:0031365),13,0,1.0,,1.0
GO_Biological_Process_2023,Transepithelial Transport (GO:0070633),17,0,1.0,,1.0
GO_Biological_Process_2023,Transepithelial Chloride Transport (GO:0030321),6,0,1.0,,1.0
GO_Biological_Process_2023,Transcription-Dependent Tethering Of RNA Polymerase II Gene DNA At Nuclear Periphery (GO:0000972),6,0,1.0,,1.0
GO_Biological_Process_2023,Toll-Like Receptor Signaling Pathway (GO:0002224),31,0,1.0,,1.0
GO_Biological_Process_2023,Transcription-Coupled Nucleotide-Excision Repair (GO:0006283),8,0,1.0,,1.0
GO_Biological_Process_2023,Transcription Initiation-Coupled Chromatin Remodeling (GO:0045815),33,1,0.09884537173365426,EP300,1.0
GO_Biological_Process_2023,NAD Biosynthesis Via Nicotinamide Riboside Salvage Pathway (GO:0034356),9,0,1.0,,1.0
GO_Biological_Process_2023,Transcription Initiation At RNA Polymerase I Promoter (GO:0006361),6,0,1.0,,1.0
GO_Biological_Process_2023,Transcription Elongation By RNA Polymerase II (GO:0006368),28,0,1.0,,1.0
GO_Biological_Process_2023,Transcription By RNA Polymerase III (GO:0006383),28,0,1.0,,1.0
GO_Biological_Process_2023,Transcription By RNA Polymerase I (GO:0006360),15,0,1.0,,1.0
GO_Biological_Process_2023,Toxin Transport (GO:1901998),9,0,1.0,,1.0
GO_Biological_Process_2023,Transcription Preinitiation Complex Assembly (GO:0070897),49,1,0.1432490318913628,MED1,1.0
GO_Biological_Process_2023,Translational Readthrough (GO:0006451),8,0,1.0,,1.0
GO_Biological_Process_2023,Telomere Maintenance In Response To DNA Damage (GO:0043247),11,0,1.0,,1.0
GO_Biological_Process_2023,Telomere Capping (GO:0016233),14,0,1.0,,1.0
GO_Biological_Process_2023,tRNA 5'-Leader Removal (GO:0001682),12,0,1.0,,1.0
GO_Biological_Process_2023,tRNA 5'-End Processing (GO:0099116),14,0,1.0,,1.0
GO_Biological_Process_2023,tRNA 3'-End Processing (GO:0042780),6,0,1.0,,1.0
GO_Biological_Process_2023,T-Circle Formation (GO:0090656),9,0,1.0,,1.0
GO_Biological_Process_2023,Synaptonemal Complex Organization (GO:0070193),13,0,1.0,,1.0
GO_Biological_Process_2023,Synaptonemal Complex Assembly (GO:0007130),13,0,1.0,,1.0
GO_Biological_Process_2023,Synaptic Vesicle Uncoating (GO:0016191),5,0,1.0,,1.0
GO_Biological_Process_2023,tRNA Aminoacylation (GO:0043039),22,0,1.0,,1.0
GO_Biological_Process_2023,Synaptic Vesicle Transport Along Microtubule (GO:0099517),15,0,1.0,,1.0
GO_Biological_Process_2023,Synaptic Vesicle Exocytosis (GO:0016079),41,1,0.1213228140718072,SNAP23,1.0
GO_Biological_Process_2023,NADH Metabolic Process (GO:0006734),7,0,1.0,,1.0
GO_Biological_Process_2023,Synaptic Vesicle Docking (GO:0016081),6,0,1.0,,1.0
GO_Biological_Process_2023,Synaptic Vesicle Cycle (GO:0099504),37,0,1.0,,1.0
GO_Biological_Process_2023,Synaptic Vesicle Budding From Presynaptic Endocytic Zone Membrane (GO:0016185),6,0,1.0,,1.0
GO_Biological_Process_2023,"Synaptic Transmission, Glutamatergic (GO:0035249)",27,0,1.0,,1.0
GO_Biological_Process_2023,"Synaptic Transmission, Dopaminergic (GO:0001963)",6,0,1.0,,1.0
GO_Biological_Process_2023,NADH Dehydrogenase Complex Assembly (GO:0010257),53,0,1.0,,1.0
GO_Biological_Process_2023,Telomere Maintenance (GO:0000723),67,0,1.0,,1.0
GO_Biological_Process_2023,tRNA Aminoacylation For Mitochondrial Protein Translation (GO:0070127),7,0,1.0,,1.0
GO_Biological_Process_2023,tRNA Catabolic Process (GO:0016078),5,0,1.0,,1.0
GO_Biological_Process_2023,Telencephalon Cell Migration (GO:0022029),5,0,1.0,,1.0
GO_Biological_Process_2023,Taurine Metabolic Process (GO:0019530),7,0,1.0,,1.0
GO_Biological_Process_2023,Tail-Anchored Membrane Protein Insertion Into ER Membrane (GO:0071816),16,0,1.0,,1.0
GO_Biological_Process_2023,tRNA Wobble Uridine Modification (GO:0002098),15,0,1.0,,1.0
GO_Biological_Process_2023,tRNA Wobble Base Modification (GO:0002097),15,0,1.0,,1.0
GO_Biological_Process_2023,tRNA Transport (GO:0051031),5,0,1.0,,1.0
GO_Biological_Process_2023,tRNA Transcription By RNA Polymerase III (GO:0042797),7,0,1.0,,1.0
GO_Biological_Process_2023,tRNA Aminoacylation For Protein Translation (GO:0006418),35,0,1.0,,1.0
GO_Biological_Process_2023,tRNA Transcription (GO:0009304),8,0,1.0,,1.0
GO_Biological_Process_2023,tRNA Surveillance (GO:0106354),7,0,1.0,,1.0
GO_Biological_Process_2023,"tRNA Splicing, Via Endonucleolytic Cleavage And Ligation (GO:0006388)",11,0,1.0,,1.0
GO_Biological_Process_2023,tRNA Pseudouridine Synthesis (GO:0031119),5,0,1.0,,1.0
GO_Biological_Process_2023,tRNA Processing (GO:0008033),49,0,1.0,,1.0
GO_Biological_Process_2023,tRNA Modification (GO:0006400),67,0,1.0,,1.0
GO_Biological_Process_2023,tRNA Methylation (GO:0030488),36,0,1.0,,1.0
GO_Biological_Process_2023,tRNA Metabolic Process (GO:0006399),19,0,1.0,,1.0
GO_Biological_Process_2023,tRNA Threonylcarbamoyladenosine Metabolic Process (GO:0070525),10,0,1.0,,1.0
GO_Biological_Process_2023,"Synaptic Transmission, Cholinergic (GO:0007271)",16,0,1.0,,1.0
GO_Biological_Process_2023,Translational Termination (GO:0006415),8,0,1.0,,1.0
GO_Biological_Process_2023,Translocation Of Molecules Into Host (GO:0044417),7,0,1.0,,1.0
GO_Biological_Process_2023,Ventricular Cardiac Muscle Tissue Morphogenesis (GO:0055010),33,0,1.0,,1.0
GO_Biological_Process_2023,Ventricular Cardiac Muscle Tissue Development (GO:0003229),25,0,1.0,,1.0
GO_Biological_Process_2023,Ventricular Cardiac Muscle Cell Membrane Repolarization (GO:0099625),7,0,1.0,,1.0
GO_Biological_Process_2023,Ventricular Cardiac Muscle Cell Action Potential (GO:0086005),16,0,1.0,,1.0
GO_Biological_Process_2023,Venous Blood Vessel Morphogenesis (GO:0048845),5,0,1.0,,1.0
GO_Biological_Process_2023,Venous Blood Vessel Development (GO:0060841),7,0,1.0,,1.0
GO_Biological_Process_2023,Vasodilation (GO:0042311),15,0,1.0,,1.0
GO_Biological_Process_2023,Ventricular Compact Myocardium Morphogenesis (GO:0003223),5,0,1.0,,1.0
GO_Biological_Process_2023,Vasoconstriction (GO:0042310),9,0,1.0,,1.0
GO_Biological_Process_2023,Vasculature Development (GO:0001944),16,0,1.0,,1.0
GO_Biological_Process_2023,Vascular Wound Healing (GO:0061042),6,0,1.0,,1.0
GO_Biological_Process_2023,Vascular Transport (GO:0010232),82,1,0.2281495485109367,TFRC,1.0
GO_Biological_Process_2023,Vascular Process In Circulatory System (GO:0003018),12,0,1.0,,1.0
GO_Biological_Process_2023,Vascular Endothelial Growth Factor Signaling Pathway (GO:0038084),13,0,1.0,,1.0
GO_Biological_Process_2023,Vascular Endothelial Growth Factor Receptor-2 Signaling Pathway (GO:0036324),5,0,1.0,,1.0
GO_Biological_Process_2023,Vascular Associated Smooth Muscle Contraction (GO:0014829),6,0,1.0,,1.0
GO_Biological_Process_2023,Vasculogenesis (GO:0001570),33,0,1.0,,1.0
GO_Biological_Process_2023,Vascular Associated Smooth Muscle Cell Differentiation (GO:0035886),8,0,1.0,,1.0
GO_Biological_Process_2023,Ventricular Septum Development (GO:0003281),37,0,1.0,,1.0
GO_Biological_Process_2023,Ventricular Trabecula Myocardium Morphogenesis (GO:0003222),7,0,1.0,,1.0
GO_Biological_Process_2023,Vesicle Transport Along Actin Filament (GO:0030050),18,0,1.0,,1.0
GO_Biological_Process_2023,"Vesicle Targeting, Rough ER To cis-Golgi (GO:0048207)",18,0,1.0,,1.0
GO_Biological_Process_2023,Vesicle Organization (GO:0016050),91,0,1.0,,1.0
GO_Biological_Process_2023,Vesicle Fusion With Vacuole (GO:0051469),9,0,1.0,,1.0
GO_Biological_Process_2023,Vesicle Fusion With Golgi Apparatus (GO:0048280),6,0,1.0,,1.0
GO_Biological_Process_2023,Vesicle Fusion (GO:0006906),79,0,1.0,,1.0
GO_Biological_Process_2023,Vesicle Docking (GO:0048278),19,0,1.0,,1.0
GO_Biological_Process_2023,Ventricular Septum Morphogenesis (GO:0060412),27,0,1.0,,1.0
GO_Biological_Process_2023,Vesicle Cytoskeletal Trafficking (GO:0099518),38,0,1.0,,1.0
GO_Biological_Process_2023,Vesicle Cargo Loading (GO:0035459),21,0,1.0,,1.0
GO_Biological_Process_2023,Vesicle Budding From Membrane (GO:0006900),30,0,1.0,,1.0
GO_Biological_Process_2023,Very-Low-Density Lipoprotein Particle Remodeling (GO:0034372),7,0,1.0,,1.0
GO_Biological_Process_2023,Very-Low-Density Lipoprotein Particle Assembly (GO:0034379),10,0,1.0,,1.0
GO_Biological_Process_2023,Very Long-Chain Fatty Acid Metabolic Process (GO:0000038),32,0,1.0,,1.0
GO_Biological_Process_2023,Very Long-Chain Fatty Acid Catabolic Process (GO:0042760),6,0,1.0,,1.0
GO_Biological_Process_2023,Very Long-Chain Fatty Acid Biosynthetic Process (GO:0042761),12,0,1.0,,1.0
GO_Biological_Process_2023,Vesicle Coating (GO:0006901),27,0,1.0,,1.0
GO_Biological_Process_2023,Translesion Synthesis (GO:0019985),23,0,1.0,,1.0
GO_Biological_Process_2023,Vascular Associated Smooth Muscle Cell Development (GO:0097084),6,0,1.0,,1.0
GO_Biological_Process_2023,Vacuole Organization (GO:0007033),6,0,1.0,,1.0
GO_Biological_Process_2023,Type B Pancreatic Cell Proliferation (GO:0044342),5,0,1.0,,1.0
GO_Biological_Process_2023,Tumor Necrosis Factor-Mediated Signaling Pathway (GO:0033209),38,0,1.0,,1.0
GO_Biological_Process_2023,Tubulin Complex Assembly (GO:0007021),6,0,1.0,,1.0
GO_Biological_Process_2023,Tube Closure (GO:0060606),29,0,1.0,,1.0
GO_Biological_Process_2023,Tryptophan Metabolic Process (GO:0006568),6,0,1.0,,1.0
GO_Biological_Process_2023,Tryptophan Catabolic Process (GO:0006569),6,0,1.0,,1.0
GO_Biological_Process_2023,Triglyceride-Rich Lipoprotein Particle Remodeling (GO:0034370),8,0,1.0,,1.0
GO_Biological_Process_2023,Type I Interferon-Mediated Signaling Pathway (GO:0060337),37,0,1.0,,1.0
GO_Biological_Process_2023,Triglyceride Metabolic Process (GO:0006641),43,0,1.0,,1.0
GO_Biological_Process_2023,Triglyceride Catabolic Process (GO:0019433),11,0,1.0,,1.0
GO_Biological_Process_2023,Triglyceride Biosynthetic Process (GO:0019432),17,0,1.0,,1.0
GO_Biological_Process_2023,Trigeminal Nerve Development (GO:0021559),5,0,1.0,,1.0
GO_Biological_Process_2023,Tricarboxylic Acid Metabolic Process (GO:0072350),8,0,1.0,,1.0
GO_Biological_Process_2023,Transport Along Microtubule (GO:0010970),19,0,1.0,,1.0
GO_Biological_Process_2023,Transport Across Blood-Brain Barrier (GO:0150104),83,1,0.23058878602994518,TFRC,1.0
GO_Biological_Process_2023,Transmembrane Receptor Protein Tyrosine Phosphatase Signaling Pathway (GO:0007185),5,0,1.0,,1.0
GO_Biological_Process_2023,Triglyceride Homeostasis (GO:0070328),30,0,1.0,,1.0
GO_Biological_Process_2023,Valine Metabolic Process (GO:0006573),5,0,1.0,,1.0
GO_Biological_Process_2023,Type II Interferon-Mediated Signaling Pathway (GO:0060333),9,0,1.0,,1.0
GO_Biological_Process_2023,Tyrosine Metabolic Process (GO:0006570),11,0,1.0,,1.0
GO_Biological_Process_2023,Vacuole Fusion (GO:0097576),10,0,1.0,,1.0
GO_Biological_Process_2023,Vacuolar Transport (GO:0007034),45,0,1.0,,1.0
GO_Biological_Process_2023,Vacuolar Acidification (GO:0007035),27,0,1.0,,1.0
GO_Biological_Process_2023,Uridine Transport (GO:0015862),5,0,1.0,,1.0
GO_Biological_Process_2023,N-terminal Peptidyl-Methionine Acetylation (GO:0017196),7,0,1.0,,1.0
GO_Biological_Process_2023,Ureteric Bud Development (GO:0001657),18,0,1.0,,1.0
GO_Biological_Process_2023,Ureter Development (GO:0072189),6,0,1.0,,1.0
GO_Biological_Process_2023,Type III Interferon-Mediated Signaling Pathway (GO:0038196),9,0,1.0,,1.0
GO_Biological_Process_2023,Urea Cycle (GO:0000050),5,0,1.0,,1.0
GO_Biological_Process_2023,Ubiquitin-Dependent Protein Catabolic Process Via The Multivesicular Body Sorting Pathway (GO:0043162),33,0,1.0,,1.0
GO_Biological_Process_2023,Ubiquitin-Dependent Protein Catabolic Process Via The C-end Degron Rule Pathway (GO:0140627),8,0,1.0,,1.0
GO_Biological_Process_2023,Ubiquitin-Dependent Protein Catabolic Process (GO:0006511),360,3,0.10416878903482264,CTNNB1;MDM2;SKP2,1.0
GO_Biological_Process_2023,Ubiquitin-Dependent ERAD Pathway (GO:0030433),73,0,1.0,,1.0
GO_Biological_Process_2023,Ubiquinone Metabolic Process (GO:0006743),14,0,1.0,,1.0
GO_Biological_Process_2023,Ubiquinone Biosynthetic Process (GO:0006744),13,0,1.0,,1.0
GO_Biological_Process_2023,Tyrosine Phosphorylation Of STAT Protein (GO:0007260),7,0,1.0,,1.0
GO_Biological_Process_2023,Unsaturated Fatty Acid Metabolic Process (GO:0033559),47,1,0.13781842269493644,SCD,1.0
GO_Biological_Process_2023,"Synaptic Transmission, GABAergic (GO:0051932)",14,0,1.0,,1.0
GO_Biological_Process_2023,Synaptic Signaling (GO:0099536),6,0,1.0,,1.0
GO_Biological_Process_2023,Synaptic Membrane Adhesion (GO:0099560),12,0,1.0,,1.0
GO_Biological_Process_2023,Sinoatrial Node Development (GO:0003163),7,0,1.0,,1.0
GO_Biological_Process_2023,Single Strand Break Repair (GO:0000012),7,0,1.0,,1.0
GO_Biological_Process_2023,Signal Transduction In Response To DNA Damage (GO:0042770),57,1,0.1646373116929221,GRB2,1.0
GO_Biological_Process_2023,Signal Transduction By P53 Class Mediator (GO:0072331),32,0,1.0,,1.0
GO_Biological_Process_2023,Signal Release From Synapse (GO:0099643),38,0,1.0,,1.0
GO_Biological_Process_2023,Signal Release (GO:0023061),10,0,1.0,,1.0
GO_Biological_Process_2023,Signal Peptide Processing (GO:0006465),12,0,1.0,,1.0
GO_Biological_Process_2023,Sister Chromatid Segregation (GO:0000819),34,0,1.0,,1.0
GO_Biological_Process_2023,Signal Complex Assembly (GO:0007172),5,0,1.0,,1.0
GO_Biological_Process_2023,siRNA Processing (GO:0030422),7,0,1.0,,1.0
GO_Biological_Process_2023,Short-Chain Fatty Acid Metabolic Process (GO:0046459),6,0,1.0,,1.0
GO_Biological_Process_2023,Short-Chain Fatty Acid Catabolic Process (GO:0019626),5,0,1.0,,1.0
GO_Biological_Process_2023,Serotonin Uptake (GO:0051610),8,0,1.0,,1.0
GO_Biological_Process_2023,Serotonin Transport (GO:0006837),9,0,1.0,,1.0
GO_Biological_Process_2023,Serine Transport (GO:0032329),6,0,1.0,,1.0
GO_Biological_Process_2023,Serine Family Amino Acid Catabolic Process (GO:0009071),9,0,1.0,,1.0
GO_Biological_Process_2023,Sialylation (GO:0097503),7,0,1.0,,1.0
GO_Biological_Process_2023,Sequestering Of Extracellular Ligand From Receptor (GO:0035581),9,0,1.0,,1.0
GO_Biological_Process_2023,Skeletal Muscle Cell Differentiation (GO:0035914),6,0,1.0,,1.0
GO_Biological_Process_2023,Skeletal Muscle Fiber Development (GO:0048741),11,0,1.0,,1.0
GO_Biological_Process_2023,snRNA Transcription By RNA Polymerase II (GO:0042795),10,0,1.0,,1.0
GO_Biological_Process_2023,snRNA Transcription (GO:0009301),12,0,1.0,,1.0
GO_Biological_Process_2023,snRNA Modification (GO:0040031),5,0,1.0,,1.0
GO_Biological_Process_2023,Smoothened Signaling Pathway (GO:0007224),33,0,1.0,,1.0
GO_Biological_Process_2023,Smooth Muscle Tissue Development (GO:0048745),9,0,1.0,,1.0
GO_Biological_Process_2023,Smooth Muscle Contraction (GO:0006939),14,0,1.0,,1.0
GO_Biological_Process_2023,Smooth Muscle Cell Migration (GO:0014909),6,0,1.0,,1.0
GO_Biological_Process_2023,Skeletal Muscle Contraction (GO:0003009),18,0,1.0,,1.0
GO_Biological_Process_2023,Smooth Muscle Cell Differentiation (GO:0051145),11,0,1.0,,1.0
GO_Biological_Process_2023,Skin Morphogenesis (GO:0043589),8,0,1.0,,1.0
GO_Biological_Process_2023,Skin Epidermis Development (GO:0098773),21,0,1.0,,1.0
GO_Biological_Process_2023,Skeletal System Morphogenesis (GO:0048705),42,0,1.0,,1.0
GO_Biological_Process_2023,Skeletal System Development (GO:0001501),146,0,1.0,,1.0
GO_Biological_Process_2023,Skeletal Muscle Tissue Development (GO:0007519),40,1,0.11854355482635615,CFLAR,1.0
GO_Biological_Process_2023,Skeletal Muscle Thin Filament Assembly (GO:0030240),6,0,1.0,,1.0
GO_Biological_Process_2023,Skeletal Muscle Organ Development (GO:0060538),33,1,0.09884537173365426,CFLAR,1.0
GO_Biological_Process_2023,Small Nucleolar Ribonucleoprotein Complex Assembly (GO:0000491),10,0,1.0,,1.0
GO_Biological_Process_2023,snRNA Transcription By RNA Polymerase III (GO:0042796),7,0,1.0,,1.0
GO_Biological_Process_2023,Sequestering Of Actin Monomers (GO:0042989),8,0,1.0,,1.0
GO_Biological_Process_2023,Sensory Perception Of Sour Taste (GO:0050915),8,0,1.0,,1.0
GO_Biological_Process_2023,Secondary Alcohol Biosynthetic Process (GO:1902653),24,0,1.0,,1.0
GO_Biological_Process_2023,Second-Messenger-Mediated Signaling (GO:0019932),72,0,1.0,,1.0
GO_Biological_Process_2023,Sarcoplasmic Reticulum Calcium Ion Transport (GO:0070296),10,0,1.0,,1.0
GO_Biological_Process_2023,Sarcomere Organization (GO:0045214),29,0,1.0,,1.0
GO_Biological_Process_2023,Ruffle Organization (GO:0031529),16,0,1.0,,1.0
GO_Biological_Process_2023,Ruffle Assembly (GO:0097178),5,0,1.0,,1.0
GO_Biological_Process_2023,Ribosome-Associated Ubiquitin-Dependent Protein Catabolic Process (GO:1990116),5,0,1.0,,1.0
GO_Biological_Process_2023,Secondary Alcohol Metabolic Process (GO:1902652),47,0,1.0,,1.0
GO_Biological_Process_2023,Ribosome Disassembly (GO:0032790),12,0,1.0,,1.0
GO_Biological_Process_2023,Ribosome Assembly (GO:0042255),45,0,1.0,,1.0
GO_Biological_Process_2023,Ribosomal Small Subunit Export From Nucleus (GO:0000056),6,0,1.0,,1.0
GO_Biological_Process_2023,Ribosomal Small Subunit Biogenesis (GO:0042274),80,1,0.2232482523561444,WDR36,1.0
GO_Biological_Process_2023,Ribosomal Small Subunit Assembly (GO:0000028),14,0,1.0,,1.0
GO_Biological_Process_2023,Ribosomal Large Subunit Export From Nucleus (GO:0000055),6,0,1.0,,1.0
GO_Biological_Process_2023,Ribosomal Large Subunit Biogenesis (GO:0042273),50,0,1.0,,1.0
GO_Biological_Process_2023,Ribosomal Large Subunit Assembly (GO:0000027),21,0,1.0,,1.0
GO_Biological_Process_2023,Ribosome Biogenesis (GO:0042254),148,1,0.3738982611999561,WDR36,1.0
GO_Biological_Process_2023,Sensory Perception Of Taste (GO:0050909),17,0,1.0,,1.0
GO_Biological_Process_2023,Secondary Palate Development (GO:0062009),13,0,1.0,,1.0
GO_Biological_Process_2023,Secretory Granule Organization (GO:0033363),25,0,1.0,,1.0
GO_Biological_Process_2023,Sensory Perception Of Sound (GO:0007605),90,0,1.0,,1.0
GO_Biological_Process_2023,Sensory Perception Of Smell (GO:0007608),185,0,1.0,,1.0
GO_Biological_Process_2023,Sensory Perception Of Pain (GO:0019233),20,0,1.0,,1.0
GO_Biological_Process_2023,Sensory Perception Of Mechanical Stimulus (GO:0050954),87,0,1.0,,1.0
GO_Biological_Process_2023,Sensory Perception Of Light Stimulus (GO:0050953),101,0,1.0,,1.0
GO_Biological_Process_2023,Sensory Perception Of Chemical Stimulus (GO:0007606),93,0,1.0,,1.0
GO_Biological_Process_2023,Sensory Perception Of Bitter Taste (GO:0050913),39,0,1.0,,1.0
GO_Biological_Process_2023,Secretion (GO:0046903),12,0,1.0,,1.0
GO_Biological_Process_2023,Sensory Perception (GO:0007600),49,0,1.0,,1.0
GO_Biological_Process_2023,Sensory Organ Development (GO:0007423),66,1,0.18807226187433998,PAX8,1.0
GO_Biological_Process_2023,Semaphorin-Plexin Signaling Pathway Involved In Neuron Projection Guidance (GO:1902285),12,0,1.0,,1.0
GO_Biological_Process_2023,Semaphorin-Plexin Signaling Pathway Involved In Axon Guidance (GO:1902287),8,0,1.0,,1.0
GO_Biological_Process_2023,Semaphorin-Plexin Signaling Pathway (GO:0071526),34,0,1.0,,1.0
GO_Biological_Process_2023,Self Proteolysis (GO:0097264),11,0,1.0,,1.0
GO_Biological_Process_2023,Selenocysteine Incorporation (GO:0001514),8,0,1.0,,1.0
GO_Biological_Process_2023,Selective Autophagy (GO:0061912),58,0,1.0,,1.0
GO_Biological_Process_2023,Sensory Organ Morphogenesis (GO:0090596),8,0,1.0,,1.0
GO_Biological_Process_2023,sno(s)RNA 3'-End Processing (GO:0031126),11,0,1.0,,1.0
GO_Biological_Process_2023,snoRNA Localization (GO:0048254),5,0,1.0,,1.0
GO_Biological_Process_2023,Sodium Ion Import Across Plasma Membrane (GO:0098719),21,0,1.0,,1.0
GO_Biological_Process_2023,Subtelomeric Heterochromatin Formation (GO:0031509),5,0,1.0,,1.0
GO_Biological_Process_2023,"Substrate-Dependent Cell Migration, Cell Extension (GO:0006930)",6,0,1.0,,1.0
GO_Biological_Process_2023,Substrate-Dependent Cell Migration (GO:0006929),13,0,1.0,,1.0
GO_Biological_Process_2023,Substrate Adhesion-Dependent Cell Spreading (GO:0034446),35,1,0.10451714826336693,FERMT2,1.0
GO_Biological_Process_2023,Substantia Nigra Development (GO:0021762),41,0,1.0,,1.0
GO_Biological_Process_2023,Striated Muscle Tissue Development (GO:0014706),14,0,1.0,,1.0
GO_Biological_Process_2023,Striated Muscle Hypertrophy (GO:0014897),5,0,1.0,,1.0
GO_Biological_Process_2023,Succinate Transport (GO:0015744),5,0,1.0,,1.0
GO_Biological_Process_2023,Striated Muscle Contraction (GO:0006941),56,0,1.0,,1.0
GO_Biological_Process_2023,Striated Muscle Cell Development (GO:0055002),14,0,1.0,,1.0
GO_Biological_Process_2023,Stress-Induced Premature Senescence (GO:0090400),7,0,1.0,,1.0
GO_Biological_Process_2023,Stress-Activated Protein Kinase Signaling Cascade (GO:0031098),20,0,1.0,,1.0
GO_Biological_Process_2023,Stress-Activated MAPK Cascade (GO:0051403),42,0,1.0,,1.0
GO_Biological_Process_2023,Stress Granule Assembly (GO:0034063),23,0,1.0,,1.0
GO_Biological_Process_2023,Stress Fiber Assembly (GO:0043149),14,0,1.0,,1.0
GO_Biological_Process_2023,Store-Operated Calcium Entry (GO:0002115),6,0,1.0,,1.0
GO_Biological_Process_2023,Striated Muscle Cell Differentiation (GO:0051146),18,0,1.0,,1.0
GO_Biological_Process_2023,Sterol Transport (GO:0015918),25,0,1.0,,1.0
GO_Biological_Process_2023,succinyl-CoA Catabolic Process (GO:1901289),5,0,1.0,,1.0
GO_Biological_Process_2023,Sulfate Transport (GO:0008272),11,0,1.0,,1.0
GO_Biological_Process_2023,Synapse Pruning (GO:0098883),8,0,1.0,,1.0
GO_Biological_Process_2023,Synapse Organization (GO:0050808),130,0,1.0,,1.0
GO_Biological_Process_2023,Synapse Assembly (GO:0007416),69,0,1.0,,1.0
GO_Biological_Process_2023,Surfactant Homeostasis (GO:0043129),10,0,1.0,,1.0
GO_Biological_Process_2023,Supramolecular Fiber Organization (GO:0097435),311,1,0.6278112474848719,MDM2,1.0
GO_Biological_Process_2023,Suppression Of Viral Release By Host (GO:0044790),13,0,1.0,,1.0
GO_Biological_Process_2023,Superoxide Metabolic Process (GO:0006801),32,0,1.0,,1.0
GO_Biological_Process_2023,succinyl-CoA Metabolic Process (GO:0006104),8,0,1.0,,1.0
GO_Biological_Process_2023,Superoxide Anion Generation (GO:0042554),17,0,1.0,,1.0
GO_Biological_Process_2023,Sulfur Compound Catabolic Process (GO:0044273),20,0,1.0,,1.0
GO_Biological_Process_2023,Sulfur Compound Biosynthetic Process (GO:0044272),66,0,1.0,,1.0
GO_Biological_Process_2023,Sulfur Amino Acid Transport (GO:0000101),7,0,1.0,,1.0
GO_Biological_Process_2023,Sulfur Amino Acid Metabolic Process (GO:0000096),17,0,1.0,,1.0
GO_Biological_Process_2023,Sulfur Amino Acid Catabolic Process (GO:0000098),6,0,1.0,,1.0
GO_Biological_Process_2023,Sulfur Amino Acid Biosynthetic Process (GO:0000097),7,0,1.0,,1.0
GO_Biological_Process_2023,Sulfation (GO:0051923),14,0,1.0,,1.0
GO_Biological_Process_2023,Sulfur Compound Transport (GO:0072348),21,0,1.0,,1.0
GO_Biological_Process_2023,Sterol Metabolic Process (GO:0016125),60,0,1.0,,1.0
GO_Biological_Process_2023,Sterol Homeostasis (GO:0055092),71,0,1.0,,1.0
GO_Biological_Process_2023,Sterol Catabolic Process (GO:0016127),6,0,1.0,,1.0
GO_Biological_Process_2023,Sphingomyelin Biosynthetic Process (GO:0006686),5,0,1.0,,1.0
GO_Biological_Process_2023,Sphingolipid Metabolic Process (GO:0006665),93,0,1.0,,1.0
GO_Biological_Process_2023,Sphingolipid Catabolic Process (GO:0030149),15,0,1.0,,1.0
GO_Biological_Process_2023,Sphingolipid Biosynthetic Process (GO:0030148),77,0,1.0,,1.0
GO_Biological_Process_2023,Sphingoid Metabolic Process (GO:0046519),11,0,1.0,,1.0
GO_Biological_Process_2023,Sphingoid Biosynthetic Process (GO:0046520),13,0,1.0,,1.0
GO_Biological_Process_2023,Spermidine Metabolic Process (GO:0008216),7,0,1.0,,1.0
GO_Biological_Process_2023,Sphingomyelin Metabolic Process (GO:0006684),12,0,1.0,,1.0
GO_Biological_Process_2023,Spermatid Development (GO:0007286),50,0,1.0,,1.0
GO_Biological_Process_2023,Somatic Recombination Of Immunoglobulin Genes Involved In Immune Response (GO:0002204),9,0,1.0,,1.0
GO_Biological_Process_2023,Somatic Recombination Of Immunoglobulin Gene Segments (GO:0016447),8,0,1.0,,1.0
GO_Biological_Process_2023,Somatic Hypermutation Of Immunoglobulin Genes (GO:0016446),7,0,1.0,,1.0
GO_Biological_Process_2023,Sodium-Independent Organic Anion Transport (GO:0043252),12,0,1.0,,1.0
GO_Biological_Process_2023,Sodium-Dependent Phosphate Transport (GO:0044341),7,0,1.0,,1.0
GO_Biological_Process_2023,Sodium Ion Transport (GO:0006814),89,1,0.2450659198525211,ATP1B3,1.0
GO_Biological_Process_2023,Sodium Ion Transmembrane Transport (GO:0035725),82,1,0.2281495485109367,ATP1B3,1.0
GO_Biological_Process_2023,Somite Development (GO:0061053),8,0,1.0,,1.0
GO_Biological_Process_2023,Sphingosine Biosynthetic Process (GO:0046512),13,0,1.0,,1.0
GO_Biological_Process_2023,Sphingosine Metabolic Process (GO:0006670),19,0,1.0,,1.0
GO_Biological_Process_2023,Sphingosine-1-Phosphate Receptor Signaling Pathway (GO:0003376),8,0,1.0,,1.0
GO_Biological_Process_2023,Sterol Biosynthetic Process (GO:0016126),28,0,1.0,,1.0
GO_Biological_Process_2023,Steroid Metabolic Process (GO:0008202),89,0,1.0,,1.0
GO_Biological_Process_2023,Steroid Catabolic Process (GO:0006706),12,0,1.0,,1.0
GO_Biological_Process_2023,Steroid Biosynthetic Process (GO:0006694),50,0,1.0,,1.0
GO_Biological_Process_2023,Stem Cell Differentiation (GO:0048863),40,1,0.11854355482635615,CTNNB1,1.0
GO_Biological_Process_2023,Stem Cell Development (GO:0048864),14,0,1.0,,1.0
GO_Biological_Process_2023,Stabilization Of Membrane Potential (GO:0030322),16,0,1.0,,1.0
GO_Biological_Process_2023,Sprouting Angiogenesis (GO:0002040),51,0,1.0,,1.0
GO_Biological_Process_2023,Spontaneous Synaptic Transmission (GO:0098814),6,0,1.0,,1.0
GO_Biological_Process_2023,Spliceosomal tri-snRNP Complex Assembly (GO:0000244),13,0,1.0,,1.0
GO_Biological_Process_2023,Spliceosomal snRNP Assembly (GO:0000387),36,0,1.0,,1.0
GO_Biological_Process_2023,Spliceosomal Complex Assembly (GO:0000245),61,0,1.0,,1.0
GO_Biological_Process_2023,Spleen Development (GO:0048536),7,0,1.0,,1.0
GO_Biological_Process_2023,Spindle Assembly Checkpoint Signaling (GO:0071173),26,0,1.0,,1.0
GO_Biological_Process_2023,Spindle Assembly (GO:0051225),67,0,1.0,,1.0
GO_Biological_Process_2023,Spinal Cord Dorsal/Ventral Patterning (GO:0021513),6,0,1.0,,1.0
GO_Biological_Process_2023,Spinal Cord Development (GO:0021510),12,0,1.0,,1.0
GO_Biological_Process_2023,Vesicle Transport Along Microtubule (GO:0047496),22,0,1.0,,1.0
GO_Biological_Process_2023,Vesicle-Mediated Transport (GO:0016192),393,3,0.12639030973274176,AP2S1;DNM2;SNAP23,1.0
GO_Biological_Process_2023,Vesicle-Mediated Transport Between Endosomal Compartments (GO:0098927),24,0,1.0,,1.0
GO_Biological_Process_2023,Vesicle-Mediated Transport In Synapse (GO:0099003),18,0,1.0,,1.0
GO_Biological_Process_2023,DNA Damage Checkpoint Signaling (GO:0000077),34,0,1.0,,1.0
KEGG_2021_Human,Pantothenate and CoA biosynthesis,20,0,1.0,,1.0
GO_Biological_Process_2023,"DNA Damage Response, Signal Transduction By P53 Class Mediator (GO:0030330)",36,1,0.10733986594818896,MDM2,1.0
GO_Biological_Process_2023,"DNA Damage Response, Signal Transduction By P53 Class Mediator Resulting In Transcription Of P21 Class Mediator (GO:0006978)",8,0,1.0,,1.0
GO_Biological_Process_2023,"DNA Damage Response, Signal Transduction Resulting In Transcription (GO:0042772)",9,0,1.0,,1.0
GO_Biological_Process_2023,DNA Dealkylation (GO:0035510),7,0,1.0,,1.0
GO_Biological_Process_2023,DNA Dealkylation Involved In DNA Repair (GO:0006307),7,0,1.0,,1.0
GO_Biological_Process_2023,DNA Cytosine Deamination (GO:0070383),8,0,1.0,,1.0
KEGG_2021_Human,Ovarian steroidogenesis,50,0,1.0,,1.0
KEGG_2021_Human,Other glycan degradation,17,0,1.0,,1.0
KEGG_2021_Human,Oocyte meiosis,119,0,1.0,,1.0
GO_Biological_Process_2023,DNA Deamination (GO:0045006),12,0,1.0,,1.0
KEGG_2021_Human,Olfactory transduction,370,0,1.0,,1.0
KEGG_2021_Human,Nucleotide excision repair,43,0,1.0,,1.0
GO_Biological_Process_2023,DNA Double-Strand Break Processing (GO:0000729),14,0,1.0,,1.0
GO_Biological_Process_2023,DNA Duplex Unwinding (GO:0032508),39,0,1.0,,1.0
KEGG_2021_Human,Other types of O-glycan biosynthesis,46,0,1.0,,1.0
KEGG_2021_Human,Non-homologous end-joining,13,0,1.0,,1.0
KEGG_2021_Human,Pentose and glucuronate interconversions,32,0,1.0,,1.0
KEGG_2021_Human,Peroxisome,82,0,1.0,,1.0
KEGG_2021_Human,Proteasome,46,0,1.0,,1.0
GO_Biological_Process_2023,COPII-coated Vesicle Budding (GO:0090114),35,0,1.0,,1.0
KEGG_2021_Human,Propanoate metabolism,34,0,1.0,,1.0
GO_Biological_Process_2023,COPII-coated Vesicle Cargo Loading (GO:0090110),14,0,1.0,,1.0
GO_Biological_Process_2023,CRD-mediated mRNA Stabilization (GO:0070934),10,0,1.0,,1.0
GO_Biological_Process_2023,Cdc42 Protein Signal Transduction (GO:0032488),8,0,1.0,,1.0
KEGG_2021_Human,Primary immunodeficiency,35,0,1.0,,1.0
KEGG_2021_Human,Pentose phosphate pathway,30,0,1.0,,1.0
KEGG_2021_Human,Primary bile acid biosynthesis,17,0,1.0,,1.0
KEGG_2021_Human,Phototransduction,27,0,1.0,,1.0
KEGG_2021_Human,Phosphonate and phosphinate metabolism,6,0,1.0,,1.0
KEGG_2021_Human,Phosphatidylinositol signaling system,97,0,1.0,,1.0
KEGG_2021_Human,"Phenylalanine, tyrosine and tryptophan biosynthesis",6,0,1.0,,1.0
KEGG_2021_Human,Phenylalanine metabolism,17,0,1.0,,1.0
GO_Biological_Process_2023,DNA Catabolic Process (GO:0006308),19,0,1.0,,1.0
GO_Biological_Process_2023,DNA Conformation Change (GO:0071103),12,0,1.0,,1.0
GO_Biological_Process_2023,DNA Alkylation (GO:0006305),15,0,1.0,,1.0
GO_Biological_Process_2023,COPII Vesicle Coating (GO:0048208),18,0,1.0,,1.0
KEGG_2021_Human,Nitrogen metabolism,17,0,1.0,,1.0
GO_Biological_Process_2023,DNA Geometric Change (GO:0032392),28,0,1.0,,1.0
KEGG_2021_Human,Mannose type O-glycan biosynthesis,22,0,1.0,,1.0
KEGG_2021_Human,Malaria,46,0,1.0,,1.0
GO_Biological_Process_2023,DNA Replication Initiation (GO:0006270),21,0,1.0,,1.0
KEGG_2021_Human,Lysosome,127,0,1.0,,1.0
KEGG_2021_Human,Lysine degradation,63,0,1.0,,1.0
GO_Biological_Process_2023,DNA Replication-Dependent Chromatin Assembly (GO:0006335),5,0,1.0,,1.0
GO_Biological_Process_2023,DNA Strand Elongation (GO:0022616),12,0,1.0,,1.0
GO_Biological_Process_2023,DNA Replication Checkpoint Signaling (GO:0000076),17,0,1.0,,1.0
GO_Biological_Process_2023,DNA Strand Elongation Involved In DNA Replication (GO:0006271),12,0,1.0,,1.0
KEGG_2021_Human,Linoleic acid metabolism,27,0,1.0,,1.0
GO_Biological_Process_2023,DNA Synthesis Involved In DNA Repair (GO:0000731),27,0,1.0,,1.0
KEGG_2021_Human,Leishmaniasis,73,0,1.0,,1.0
KEGG_2021_Human,Legionellosis,55,0,1.0,,1.0
GO_Biological_Process_2023,DNA Topological Change (GO:0006265),8,0,1.0,,1.0
GO_Biological_Process_2023,DNA Unwinding Involved In DNA Replication (GO:0006268),20,0,1.0,,1.0
KEGG_2021_Human,Intestinal immune network for IgA production,45,0,1.0,,1.0
GO_Biological_Process_2023,DNA Strand Resection Involved In Replication Fork Processing (GO:0110025),6,0,1.0,,1.0
KEGG_2021_Human,Nicotine addiction,40,0,1.0,,1.0
GO_Biological_Process_2023,DNA Replication (GO:0006260),73,0,1.0,,1.0
GO_Biological_Process_2023,DNA Repair (GO:0006281),285,0,1.0,,1.0
KEGG_2021_Human,Neutrophil extracellular trap formation,169,0,1.0,,1.0
GO_Biological_Process_2023,DNA Integrity Checkpoint Signaling (GO:0031570),42,0,1.0,,1.0
KEGG_2021_Human,Neuroactive ligand-receptor interaction,337,0,1.0,,1.0
KEGG_2021_Human,"Neomycin, kanamycin and gentamicin biosynthesis",5,0,1.0,,1.0
GO_Biological_Process_2023,DNA Ligation (GO:0006266),7,0,1.0,,1.0
GO_Biological_Process_2023,DNA Metabolic Process (GO:0006259),285,1,0.5954897726930894,TYMS,1.0
GO_Biological_Process_2023,DNA Methylation (GO:0006306),19,0,1.0,,1.0
GO_Biological_Process_2023,DNA Repair-Dependent Chromatin Remodeling (GO:0140861),16,0,1.0,,1.0
GO_Biological_Process_2023,DNA Methylation Involved In Embryo Development (GO:0043045),5,0,1.0,,1.0
KEGG_2021_Human,Mucin type O-glycan biosynthesis,35,0,1.0,,1.0
KEGG_2021_Human,Morphine addiction,91,0,1.0,,1.0
GO_Biological_Process_2023,DNA Methylation-Dependent Heterochromatin Formation (GO:0006346),6,0,1.0,,1.0
KEGG_2021_Human,Mismatch repair,23,0,1.0,,1.0
GO_Biological_Process_2023,DNA Modification (GO:0006304),17,0,1.0,,1.0
GO_Biological_Process_2023,DNA Recombination (GO:0006310),42,0,1.0,,1.0
KEGG_2021_Human,Metabolism of xenobiotics by cytochrome P450,70,0,1.0,,1.0
KEGG_2021_Human,N-Glycan biosynthesis,50,0,1.0,,1.0
KEGG_2021_Human,Protein export,23,0,1.0,,1.0
KEGG_2021_Human,Protein processing in endoplasmic reticulum,166,0,1.0,,1.0
GO_Biological_Process_2023,COPI-coated Vesicle Budding (GO:0035964),5,0,1.0,,1.0
KEGG_2021_Human,Tryptophan metabolism,41,0,1.0,,1.0
GO_Biological_Process_2023,7-Methylguanosine Cap Hypermethylation (GO:0036261),7,0,1.0,,1.0
GO_Biological_Process_2023,ADP Transport (GO:0015866),7,0,1.0,,1.0
KEGG_2021_Human,Toll-like receptor signaling pathway,100,0,1.0,,1.0
GO_Biological_Process_2023,AMP Metabolic Process (GO:0046033),11,0,1.0,,1.0
GO_Biological_Process_2023,ATF6-mediated Unfolded Protein Response (GO:0036500),6,0,1.0,,1.0
KEGG_2021_Human,Thiamine metabolism,15,0,1.0,,1.0
KEGG_2021_Human,Type I diabetes mellitus,41,0,1.0,,1.0
GO_Biological_Process_2023,ATP Biosynthetic Process (GO:0006754),24,0,1.0,,1.0
KEGG_2021_Human,Th1 and Th2 cell differentiation,90,0,1.0,,1.0
KEGG_2021_Human,Terpenoid backbone biosynthesis,22,0,1.0,,1.0
KEGG_2021_Human,Taurine and hypotaurine metabolism,11,0,1.0,,1.0
KEGG_2021_Human,Taste transduction,85,0,1.0,,1.0
GO_Biological_Process_2023,ATP Synthesis Coupled Electron Transport (GO:0042773),6,0,1.0,,1.0
GO_Biological_Process_2023,ATP Transport (GO:0015867),13,0,1.0,,1.0
GO_Biological_Process_2023,AV Node Cell Action Potential (GO:0086016),6,0,1.0,,1.0
GO_Biological_Process_2023,ATP Metabolic Process (GO:0046034),32,1,0.09599625925398965,NMNAT1,1.0
KEGG_2021_Human,Systemic lupus erythematosus,112,0,1.0,,1.0
KEGG_2021_Human,Type II diabetes mellitus,46,0,1.0,,1.0
KEGG_2021_Human,Ubiquinone and other terpenoid-quinone biosynthesis,11,0,1.0,,1.0
KEGG_2021_Human,mRNA surveillance pathway,92,0,1.0,,1.0
GO_Biological_Process_2023,'De Novo' Post-Translational Protein Folding (GO:0051084),28,0,1.0,,1.0
KEGG_2021_Human,beta-Alanine metabolism,30,0,1.0,,1.0
KEGG_2021_Human,alpha-Linolenic acid metabolism,23,0,1.0,,1.0
GO_Biological_Process_2023,2-Oxoglutarate Metabolic Process (GO:0006103),13,0,1.0,,1.0
KEGG_2021_Human,Vitamin digestion and absorption,24,0,1.0,,1.0
KEGG_2021_Human,Vitamin B6 metabolism,6,0,1.0,,1.0
KEGG_2021_Human,Tyrosine metabolism,35,0,1.0,,1.0
KEGG_2021_Human,Viral protein interaction with cytokine and cytokine receptor,97,0,1.0,,1.0
GO_Biological_Process_2023,3'-UTR-mediated mRNA Stabilization (GO:0070935),14,0,1.0,,1.0
KEGG_2021_Human,Vibrio cholerae infection,50,0,1.0,,1.0
KEGG_2021_Human,Vasopressin-regulated water reabsorption,44,0,1.0,,1.0
KEGG_2021_Human,Various types of N-glycan biosynthesis,39,0,1.0,,1.0
KEGG_2021_Human,"Valine, leucine and isoleucine degradation",48,0,1.0,,1.0
GO_Biological_Process_2023,3'-Phosphoadenosine 5'-Phosphosulfate Metabolic Process (GO:0050427),14,0,1.0,,1.0
GO_Biological_Process_2023,5S Class rRNA Transcription By RNA Polymerase III (GO:0042791),5,0,1.0,,1.0
GO_Biological_Process_2023,3'-UTR-mediated mRNA Destabilization (GO:0061158),15,0,1.0,,1.0
KEGG_2021_Human,Synthesis and degradation of ketone bodies,10,0,1.0,,1.0
GO_Biological_Process_2023,AV Node Cell To Bundle Of His Cell Communication (GO:0086067),6,0,1.0,,1.0
KEGG_2021_Human,Sulfur relay system,8,0,1.0,,1.0
KEGG_2021_Human,Retinol metabolism,66,0,1.0,,1.0
KEGG_2021_Human,Renin-angiotensin system,23,0,1.0,,1.0
KEGG_2021_Human,Renin secretion,68,0,1.0,,1.0
GO_Biological_Process_2023,BMP Signaling Pathway (GO:0030509),61,0,1.0,,1.0
GO_Biological_Process_2023,C-terminal Protein Amino Acid Modification (GO:0018410),11,0,1.0,,1.0
KEGG_2021_Human,Regulation of lipolysis in adipocytes,55,0,1.0,,1.0
GO_Biological_Process_2023,C-terminal Protein Lipidation (GO:0006501),5,0,1.0,,1.0
KEGG_2021_Human,Retrograde endocannabinoid signaling,140,0,1.0,,1.0
GO_Biological_Process_2023,C4-dicarboxylate Transport (GO:0015740),12,0,1.0,,1.0
KEGG_2021_Human,RNA polymerase,27,0,1.0,,1.0
KEGG_2021_Human,RNA degradation,74,0,1.0,,1.0
KEGG_2021_Human,RIG-I-like receptor signaling pathway,68,0,1.0,,1.0
KEGG_2021_Human,Pyruvate metabolism,47,0,1.0,,1.0
GO_Biological_Process_2023,CD40 Signaling Pathway (GO:0023035),8,0,1.0,,1.0
GO_Biological_Process_2023,CENP-A Containing Chromatin Assembly (GO:0034080),6,0,1.0,,1.0
GO_Biological_Process_2023,COPI Coating Of Golgi Vesicle (GO:0048205),5,0,1.0,,1.0
GO_Biological_Process_2023,"CD4-positive, Alpha-Beta T Cell Activation (GO:0035710)",5,0,1.0,,1.0
KEGG_2021_Human,Rheumatoid arthritis,89,0,1.0,,1.0
KEGG_2021_Human,Riboflavin metabolism,8,0,1.0,,1.0
KEGG_2021_Human,Ribosome,128,0,1.0,,1.0
KEGG_2021_Human,Sulfur metabolism,10,0,1.0,,1.0
KEGG_2021_Human,Steroid hormone biosynthesis,57,0,1.0,,1.0
KEGG_2021_Human,Steroid biosynthesis,20,0,1.0,,1.0
KEGG_2021_Human,Starch and sucrose metabolism,31,0,1.0,,1.0
KEGG_2021_Human,Staphylococcus aureus infection,83,0,1.0,,1.0
KEGG_2021_Human,Spliceosome,131,0,1.0,,1.0
KEGG_2021_Human,Spinocerebellar ataxia,141,0,1.0,,1.0
KEGG_2021_Human,Sphingolipid metabolism,48,0,1.0,,1.0
GO_Biological_Process_2023,Arp2/3 Complex-Mediated Actin Nucleation (GO:0034314),14,0,1.0,,1.0
GO_Biological_Process_2023,B Cell Activation (GO:0042113),92,1,0.252203759130219,CTPS1,1.0
GO_Biological_Process_2023,B Cell Activation Involved In Immune Response (GO:0002312),15,0,1.0,,1.0
GO_Biological_Process_2023,B Cell Chemotaxis (GO:0035754),5,0,1.0,,1.0
GO_Biological_Process_2023,B Cell Differentiation (GO:0030183),68,0,1.0,,1.0
GO_Biological_Process_2023,B Cell Homeostasis (GO:0001782),9,0,1.0,,1.0
GO_Biological_Process_2023,B Cell Mediated Immunity (GO:0019724),15,0,1.0,,1.0
GO_Biological_Process_2023,B Cell Proliferation (GO:0042100),31,1,0.09313829474056612,CTPS1,1.0
GO_Biological_Process_2023,B Cell Receptor Signaling Pathway (GO:0050853),32,0,1.0,,1.0
GO_Biological_Process_2023,DNA-templated DNA Replication (GO:0006261),69,0,1.0,,1.0
GO_Biological_Process_2023,Ribose Phosphate Biosynthetic Process (GO:0046390),6,0,1.0,,1.0
GO_Biological_Process_2023,DNA-templated DNA Replication Maintenance Of Fidelity (GO:0045005),42,0,1.0,,1.0
KEGG_2021_Human,Inositol phosphate metabolism,73,0,1.0,,1.0
GO_Biological_Process_2023,L-fucose Catabolic Process (GO:0042355),8,0,1.0,,1.0
GO_Biological_Process_2023,L-fucose Metabolic Process (GO:0042354),8,0,1.0,,1.0
KEGG_2021_Human,Autoimmune thyroid disease,49,0,1.0,,1.0
KEGG_2021_Human,Asthma,28,0,1.0,,1.0
KEGG_2021_Human,Ascorbate and aldarate metabolism,29,0,1.0,,1.0
GO_Biological_Process_2023,L-glutamate Import (GO:0051938),15,0,1.0,,1.0
KEGG_2021_Human,Arginine biosynthesis,21,0,1.0,,1.0
GO_Biological_Process_2023,L-aspartate Transmembrane Transport (GO:0070778),5,0,1.0,,1.0
KEGG_2021_Human,Arginine and proline metabolism,48,0,1.0,,1.0
GO_Biological_Process_2023,L-glutamate Transmembrane Transport (GO:0015813),14,0,1.0,,1.0
GO_Biological_Process_2023,L-methionine Salvage (GO:0071267),6,0,1.0,,1.0
KEGG_2021_Human,Antigen processing and presentation,66,0,1.0,,1.0
GO_Biological_Process_2023,L-ornithine Transmembrane Transport (GO:1903352),5,0,1.0,,1.0
KEGG_2021_Human,Amphetamine addiction,69,0,1.0,,1.0
GO_Biological_Process_2023,L-phenylalanine Catabolic Process (GO:0006559),5,0,1.0,,1.0
KEGG_2021_Human,Aminoacyl-tRNA biosynthesis,44,0,1.0,,1.0
KEGG_2021_Human,Arachidonic acid metabolism,59,0,1.0,,1.0
KEGG_2021_Human,Amino sugar and nucleotide sugar metabolism,48,0,1.0,,1.0
GO_Biological_Process_2023,L-aspartate Import Across Plasma Membrane (GO:0140009),5,0,1.0,,1.0
KEGG_2021_Human,Basal transcription factors,41,0,1.0,,1.0
GO_Biological_Process_2023,His-Purkinje System Development (GO:0003164),5,0,1.0,,1.0
GO_Biological_Process_2023,I-kappaB kinase/NF-kappaB Signaling (GO:0007249),45,0,1.0,,1.0
GO_Biological_Process_2023,I-kappaB Phosphorylation (GO:0007252),9,0,1.0,,1.0
GO_Biological_Process_2023,IMP Metabolic Process (GO:0046040),9,0,1.0,,1.0
KEGG_2021_Human,Cell adhesion molecules,145,0,1.0,,1.0
GO_Biological_Process_2023,IRE1-mediated Unfolded Protein Response (GO:0036498),6,0,1.0,,1.0
GO_Biological_Process_2023,ISG15-protein Conjugation (GO:0032020),5,0,1.0,,1.0
GO_Biological_Process_2023,L-ascorbic Acid Metabolic Process (GO:0019852),5,0,1.0,,1.0
KEGG_2021_Human,Calcium signaling pathway,238,0,1.0,,1.0
GO_Biological_Process_2023,JNK Cascade (GO:0007254),29,0,1.0,,1.0
KEGG_2021_Human,Butanoate metabolism,28,0,1.0,,1.0
GO_Biological_Process_2023,L-alanine Transport (GO:0015808),7,0,1.0,,1.0
GO_Biological_Process_2023,L-alpha-amino Acid Transmembrane Transport (GO:1902475),40,0,1.0,,1.0
GO_Biological_Process_2023,L-amino Acid Transport (GO:0015807),26,0,1.0,,1.0
GO_Biological_Process_2023,L-arginine Transmembrane Transport (GO:1903826),8,0,1.0,,1.0
KEGG_2021_Human,Base excision repair,33,0,1.0,,1.0
KEGG_2021_Human,Caffeine metabolism,6,0,1.0,,1.0
GO_Biological_Process_2023,Golgi Vesicle Transport (GO:0048193),190,2,0.12026354668214094,DNM2;SNAP23,1.0
GO_Biological_Process_2023,L-phenylalanine Metabolic Process (GO:0006558),5,0,1.0,,1.0
GO_Biological_Process_2023,L-serine Metabolic Process (GO:0006563),10,0,1.0,,1.0
GO_Biological_Process_2023,Wybutosine Biosynthetic Process (GO:0031591),5,0,1.0,,1.0
GO_Biological_Process_2023,"Wound Healing, Spreading Of Epidermal Cells (GO:0035313)",9,0,1.0,,1.0
GO_Biological_Process_2023,"Wound Healing, Spreading Of Cells (GO:0044319)",25,0,1.0,,1.0
GO_Biological_Process_2023,Wound Healing (GO:0042060),77,1,0.2158389054052458,CFLAR,1.0
GO_Biological_Process_2023,White Fat Cell Differentiation (GO:0050872),6,0,1.0,,1.0
GO_Biological_Process_2023,N-glycan Processing (GO:0006491),19,0,1.0,,1.0
GO_Biological_Process_2023,Water Transport (GO:0006833),17,0,1.0,,1.0
GO_Biological_Process_2023,Wybutosine Metabolic Process (GO:0031590),5,0,1.0,,1.0
GO_Biological_Process_2023,Vitamin Transport (GO:0051180),38,0,1.0,,1.0
GO_Biological_Process_2023,Vitamin D Metabolic Process (GO:0042359),11,0,1.0,,1.0
GO_Biological_Process_2023,Vitamin A Metabolic Process (GO:0006776),6,0,1.0,,1.0
GO_Biological_Process_2023,Visual System Development (GO:0150063),38,0,1.0,,1.0
GO_Biological_Process_2023,Visual Perception (GO:0007601),100,0,1.0,,1.0
GO_Biological_Process_2023,Visual Learning (GO:0008542),11,0,1.0,,1.0
GO_Biological_Process_2023,Viral mRNA Export From Host Cell Nucleus (GO:0046784),7,0,1.0,,1.0
GO_Biological_Process_2023,Vesicle-Mediated Transport To The Plasma Membrane (GO:0098876),78,0,1.0,,1.0
GO_Biological_Process_2023,Vitamin K Metabolic Process (GO:0042373),8,0,1.0,,1.0
KEGG_2021_Human,Allograft rejection,35,0,1.0,,1.0
GO_Biological_Process_2023,Xenobiotic Catabolic Process (GO:0042178),18,0,1.0,,1.0
GO_Biological_Process_2023,Xenobiotic Transport (GO:0042908),19,0,1.0,,1.0
GO_Biological_Process_2023,MHC Class II Protein Complex Assembly (GO:0002399),12,0,1.0,,1.0
GO_Biological_Process_2023,MyD88-dependent Toll-Like Receptor Signaling Pathway (GO:0002755),12,0,1.0,,1.0
GO_Biological_Process_2023,MyD88-independent Toll-Like Receptor Signaling Pathway (GO:0002756),8,0,1.0,,1.0
KEGG_2021_Human,African trypanosomiasis,33,0,1.0,,1.0
KEGG_2021_Human,Adipocytokine signaling pathway,69,0,1.0,,1.0
GO_Biological_Process_2023,N-acetylglucosamine Metabolic Process (GO:0006044),15,0,1.0,,1.0
GO_Biological_Process_2023,N-acetylneuraminate Catabolic Process (GO:0019262),6,0,1.0,,1.0
GO_Biological_Process_2023,Xenobiotic Glucuronidation (GO:0052697),6,0,1.0,,1.0
GO_Biological_Process_2023,N-acetylneuraminate Metabolic Process (GO:0006054),10,0,1.0,,1.0
KEGG_2021_Human,ABC transporters,45,0,1.0,,1.0
GO_Biological_Process_2023,Zymogen Inhibition (GO:0097341),5,0,1.0,,1.0
GO_Biological_Process_2023,Zymogen Activation (GO:0031638),44,0,1.0,,1.0
GO_Biological_Process_2023,Zinc Ion Transport (GO:0006829),23,0,1.0,,1.0
GO_Biological_Process_2023,Zinc Ion Transmembrane Transport (GO:0071577),21,0,1.0,,1.0
GO_Biological_Process_2023,Zinc Ion Import Into Organelle (GO:0062111),6,0,1.0,,1.0
GO_Biological_Process_2023,Xenobiotic Transport Across Blood-Brain Barrier (GO:1990962),5,0,1.0,,1.0
GO_Biological_Process_2023,N-acylphosphatidylethanolamine Metabolic Process (GO:0070292),8,0,1.0,,1.0
KEGG_2021_Human,Cholesterol metabolism,50,0,1.0,,1.0
GO_Biological_Process_2023,Golgi Transport Vesicle Coating (GO:0048200),5,0,1.0,,1.0
GO_Biological_Process_2023,Golgi To Vacuole Transport (GO:0006896),17,0,1.0,,1.0
GO_Biological_Process_2023,Fc-epsilon Receptor Signaling Pathway (GO:0038095),22,0,1.0,,1.0
KEGG_2021_Human,Glyoxylate and dicarboxylate metabolism,30,0,1.0,,1.0
KEGG_2021_Human,Glycosylphosphatidylinositol (GPI)-anchor biosynthesis,26,0,1.0,,1.0
KEGG_2021_Human,Glycosphingolipid biosynthesis,44,0,1.0,,1.0
KEGG_2021_Human,Glycosaminoglycan degradation,19,0,1.0,,1.0
KEGG_2021_Human,Glycosaminoglycan biosynthesis,53,0,1.0,,1.0
KEGG_2021_Human,Glycolysis / Gluconeogenesis,67,0,1.0,,1.0
KEGG_2021_Human,Graft-versus-host disease,38,0,1.0,,1.0
KEGG_2021_Human,"Glycine, serine and threonine metabolism",39,0,1.0,,1.0
KEGG_2021_Human,Glycerolipid metabolism,60,0,1.0,,1.0
KEGG_2021_Human,Glutathione metabolism,54,0,1.0,,1.0
KEGG_2021_Human,Glutamatergic synapse,112,0,1.0,,1.0
GO_Biological_Process_2023,G Protein-Coupled Acetylcholine Receptor Signaling Pathway (GO:0007213),17,0,1.0,,1.0
GO_Biological_Process_2023,G Protein-Coupled Glutamate Receptor Signaling Pathway (GO:0007216),12,0,1.0,,1.0
GO_Biological_Process_2023,G Protein-Coupled Receptor Internalization (GO:0002031),5,0,1.0,,1.0
GO_Biological_Process_2023,"G Protein-Coupled Receptor Signaling Pathway, Coupled To Cyclic Nucleotide Second Messenger (GO:0007187)",50,0,1.0,,1.0
KEGG_2021_Human,Glycerophospholipid metabolism,95,0,1.0,,1.0
KEGG_2021_Human,Galactose metabolism,31,0,1.0,,1.0
GO_Biological_Process_2023,Fc Receptor Signaling Pathway (GO:0038093),26,0,1.0,,1.0
GO_Biological_Process_2023,ESCRT III Complex Disassembly (GO:1904903),9,0,1.0,,1.0
GO_Biological_Process_2023,DNA-templated Transcription (GO:0006351),193,2,0.1233811864826114,CBFB;PAX8,1.0
KEGG_2021_Human,Inflammatory mediator regulation of TRP channels,97,0,1.0,,1.0
KEGG_2021_Human,Inflammatory bowel disease,63,0,1.0,,1.0
KEGG_2021_Human,IL-17 signaling pathway,92,0,1.0,,1.0
KEGG_2021_Human,Hypertrophic cardiomyopathy,90,0,1.0,,1.0
GO_Biological_Process_2023,DNA-templated Transcription Elongation (GO:0006354),26,0,1.0,,1.0
GO_Biological_Process_2023,DNA-templated Transcription Initiation (GO:0006352),56,1,0.16199274884581716,ELOB,1.0
GO_Biological_Process_2023,ESCRT Complex Disassembly (GO:1904896),9,0,1.0,,1.0
GO_Biological_Process_2023,DNA-templated Transcription Termination (GO:0006353),14,0,1.0,,1.0
GO_Biological_Process_2023,ER-associated Misfolded Protein Catabolic Process (GO:0071712),9,0,1.0,,1.0
KEGG_2021_Human,Homologous recombination,41,0,1.0,,1.0
KEGG_2021_Human,Histidine metabolism,22,0,1.0,,1.0
GO_Biological_Process_2023,ERAD Pathway (GO:0036503),89,0,1.0,,1.0
KEGG_2021_Human,Herpes simplex virus 1 infection,485,1,0.7874888944650078,BCL2L1,1.0
GO_Biological_Process_2023,ERBB2 Signaling Pathway (GO:0038128),13,0,1.0,,1.0
GO_Biological_Process_2023,ERBB2-EGFR Signaling Pathway (GO:0038134),5,0,1.0,,1.0
GO_Biological_Process_2023,ER Overload Response (GO:0006983),7,0,1.0,,1.0
KEGG_2021_Human,GABAergic synapse,89,0,1.0,,1.0
KEGG_2021_Human,Fructose and mannose metabolism,33,0,1.0,,1.0
GO_Biological_Process_2023,G Protein-Coupled Serotonin Receptor Signaling Pathway (GO:0098664),9,0,1.0,,1.0
KEGG_2021_Human,DNA replication,36,0,1.0,,1.0
KEGG_2021_Human,D-Glutamine and D-glutamate metabolism,5,0,1.0,,1.0
KEGG_2021_Human,Cytosolic DNA-sensing pathway,59,0,1.0,,1.0
KEGG_2021_Human,Cytokine-cytokine receptor interaction,290,0,1.0,,1.0
KEGG_2021_Human,Cysteine and methionine metabolism,49,0,1.0,,1.0
GO_Biological_Process_2023,Golgi To Endosome Transport (GO:0006895),15,0,1.0,,1.0
KEGG_2021_Human,Cortisol synthesis and secretion,64,0,1.0,,1.0
KEGG_2021_Human,Dilated cardiomyopathy,95,0,1.0,,1.0
KEGG_2021_Human,Coronavirus disease,222,0,1.0,,1.0
GO_Biological_Process_2023,Golgi To Lysosome Transport (GO:0090160),11,0,1.0,,1.0
KEGG_2021_Human,Collecting duct acid secretion,27,0,1.0,,1.0
KEGG_2021_Human,Cocaine addiction,49,0,1.0,,1.0
GO_Biological_Process_2023,Golgi To Plasma Membrane Protein Transport (GO:0043001),28,0,1.0,,1.0
KEGG_2021_Human,Circadian rhythm,28,0,1.0,,1.0
KEGG_2021_Human,Circadian entrainment,97,0,1.0,,1.0
GO_Biological_Process_2023,Golgi To Plasma Membrane Transport (GO:0006893),47,0,1.0,,1.0
KEGG_2021_Human,Complement and coagulation cascades,84,0,1.0,,1.0
KEGG_2021_Human,Dopaminergic synapse,130,0,1.0,,1.0
GO_Biological_Process_2023,Golgi Ribbon Formation (GO:0090161),8,0,1.0,,1.0
KEGG_2021_Human,ECM-receptor interaction,88,0,1.0,,1.0
GO_Biological_Process_2023,G-quadruplex DNA Unwinding (GO:0044806),6,0,1.0,,1.0
GO_Biological_Process_2023,G2/M Transition Of Mitotic Cell Cycle (GO:0000086),38,1,0.11295909364400733,DNM2,1.0
GO_Biological_Process_2023,GDP-mannose Metabolic Process (GO:0019673),5,0,1.0,,1.0
GO_Biological_Process_2023,GPI Anchor Biosynthetic Process (GO:0006506),30,0,1.0,,1.0
KEGG_2021_Human,Fatty acid elongation,27,0,1.0,,1.0
KEGG_2021_Human,Fatty acid degradation,43,0,1.0,,1.0
KEGG_2021_Human,Fatty acid biosynthesis,18,0,1.0,,1.0
KEGG_2021_Human,Fat digestion and absorption,41,0,1.0,,1.0
KEGG_2021_Human,Fanconi anemia pathway,50,0,1.0,,1.0
KEGG_2021_Human,Ether lipid metabolism,46,0,1.0,,1.0
GO_Biological_Process_2023,GPI Anchor Metabolic Process (GO:0006505),27,0,1.0,,1.0
GO_Biological_Process_2023,GTP Metabolic Process (GO:0046039),13,0,1.0,,1.0
GO_Biological_Process_2023,Golgi Disassembly (GO:0090166),5,0,1.0,,1.0
KEGG_2021_Human,Epithelial cell signaling in Helicobacter pylori infection,70,0,1.0,,1.0
GO_Biological_Process_2023,Golgi Inheritance (GO:0048313),9,0,1.0,,1.0
GO_Biological_Process_2023,Golgi Lumen Acidification (GO:0061795),9,0,1.0,,1.0
GO_Biological_Process_2023,Golgi Organization (GO:0007030),116,0,1.0,,1.0
KEGG_2021_Human,Insulin resistance,108,0,1.0,,1.0
GO_Biological_Process_2023,Regulation Of Innate Immune Response (GO:0045088),78,0,1.0,,1.0
GO_Biological_Process_2023,Ribonucleoside Bisphosphate Metabolic Process (GO:0033875),24,0,1.0,,1.0
GO_Biological_Process_2023,Ribonucleoside Bisphosphate Biosynthetic Process (GO:0034030),10,0,1.0,,1.0
GO_Biological_Process_2023,Regulation Of Oxidative Stress-Induced Neuron Intrinsic Apoptotic Signaling Pathway (GO:1903376),6,0,1.0,,1.0
GO_Biological_Process_2023,Regulation Of Oxidative Stress-Induced Intrinsic Apoptotic Signaling Pathway (GO:1902175),18,0,1.0,,1.0
GO_Biological_Process_2023,Regulation Of Oxidative Stress-Induced Cell Death (GO:1903201),7,0,1.0,,1.0
GO_Biological_Process_2023,Regulation Of Oxidative Phosphorylation (GO:0002082),16,0,1.0,,1.0
GO_Biological_Process_2023,Regulation Of Osteoclast Differentiation (GO:0045670),41,0,1.0,,1.0
GO_Biological_Process_2023,Regulation Of Osteoclast Development (GO:2001204),6,0,1.0,,1.0
GO_Biological_Process_2023,Regulation Of Osteoblast Proliferation (GO:0033688),16,0,1.0,,1.0
GO_Biological_Process_2023,Regulation Of Oxidoreductase Activity (GO:0051341),13,0,1.0,,1.0
GO_Biological_Process_2023,RNA Decapping (GO:0110154),5,0,1.0,,1.0
GO_Biological_Process_2023,Regulation Of Organelle Assembly (GO:1902115),76,0,1.0,,1.0
GO_Biological_Process_2023,Regulation Of Organ Growth (GO:0046620),7,0,1.0,,1.0
GO_Biological_Process_2023,Regulation Of Opsonization (GO:1903027),10,0,1.0,,1.0
GO_Biological_Process_2023,Regulation Of Oligodendrocyte Differentiation (GO:0048713),18,0,1.0,,1.0
GO_Biological_Process_2023,Regulation Of Nucleotide-Excision Repair (GO:2000819),26,0,1.0,,1.0
GO_Biological_Process_2023,Regulation Of Nucleocytoplasmic Transport (GO:0046822),16,0,1.0,,1.0
GO_Biological_Process_2023,Regulation Of Nucleic Acid-Templated Transcription (GO:1903506),438,2,0.4023301532616419,DNM2;MYB,1.0
GO_Biological_Process_2023,Regulation Of Ossification (GO:0030278),37,0,1.0,,1.0
GO_Biological_Process_2023,Regulation Of Nuclease Activity (GO:0032069),6,0,1.0,,1.0
GO_Biological_Process_2023,Regulation Of p38MAPK Cascade (GO:1900744),37,0,1.0,,1.0
GO_Biological_Process_2023,Regulation Of Pattern Recognition Receptor Signaling Pathway (GO:0062207),8,0,1.0,,1.0
GO_Biological_Process_2023,Regulation Of Phospholipase A2 Activity (GO:0032429),7,0,1.0,,1.0
GO_Biological_Process_2023,Regulation Of Phosphatidylinositol 3-Kinase Signaling (GO:0014066),89,1,0.2450659198525211,PTK2,1.0
GO_Biological_Process_2023,Regulation Of Phosphatidylinositol 3-Kinase Activity (GO:0043551),33,1,0.09884537173365426,PTK2,1.0
GO_Biological_Process_2023,Regulation Of Phosphate Metabolic Process (GO:0019220),13,0,1.0,,1.0
GO_Biological_Process_2023,Regulation Of Phosphatase Activity (GO:0010921),19,0,1.0,,1.0
GO_Biological_Process_2023,"Regulation Of Phagocytosis, Engulfment (GO:0060099)",10,0,1.0,,1.0
GO_Biological_Process_2023,Regulation Of Phagocytosis (GO:0050764),58,0,1.0,,1.0
GO_Biological_Process_2023,Regulation Of Pathway-Restricted SMAD Protein Phosphorylation (GO:0060393),61,0,1.0,,1.0
GO_Biological_Process_2023,Regulation Of Peroxisome Proliferator Activated Receptor Signaling Pathway (GO:0035358),10,0,1.0,,1.0
GO_Biological_Process_2023,Regulation Of Peptidyl-Threonine Phosphorylation (GO:0010799),36,0,1.0,,1.0
GO_Biological_Process_2023,Regulation Of Peptidyl-Serine Phosphorylation Of STAT Protein (GO:0033139),18,0,1.0,,1.0
GO_Biological_Process_2023,Regulation Of Peptidyl-Lysine Acetylation (GO:2000756),10,0,1.0,,1.0
GO_Biological_Process_2023,Regulation Of Peptidyl-Cysteine S-nitrosylation (GO:2000169),5,0,1.0,,1.0
GO_Biological_Process_2023,Regulation Of Peptide Hormone Secretion (GO:0090276),51,1,0.14864602149802708,PAX8,1.0
GO_Biological_Process_2023,Regulation Of Peptidase Activity (GO:0052547),27,0,1.0,,1.0
GO_Biological_Process_2023,Regulation Of Pentose-Phosphate Shunt (GO:0043456),5,0,1.0,,1.0
GO_Biological_Process_2023,Regulation Of Peptidyl-Tyrosine Phosphorylation (GO:0050730),89,0,1.0,,1.0
GO_Biological_Process_2023,Regulation Of Phospholipase C Activity (GO:1900274),11,0,1.0,,1.0
GO_Biological_Process_2023,Regulation Of Nuclear-Transcribed mRNA poly(A) Tail Shortening (GO:0060211),14,0,1.0,,1.0
GO_Biological_Process_2023,"Regulation Of Nuclear-Transcribed mRNA Catabolic Process, Deadenylation-Dependent Decay (GO:1900151)",23,0,1.0,,1.0
GO_Biological_Process_2023,Regulation Of Neuron Differentiation (GO:0045664),77,1,0.2158389054052458,MED1,1.0
GO_Biological_Process_2023,Regulation Of Neuron Death (GO:1901214),58,0,1.0,,1.0
GO_Biological_Process_2023,Regulation Of Neuron Apoptotic Process (GO:0043523),104,1,0.28009779752942315,CTNNB1,1.0
GO_Biological_Process_2023,Regulation Of Neuroinflammatory Response (GO:0150077),19,0,1.0,,1.0
GO_Biological_Process_2023,Regulation Of Neurogenesis (GO:0050767),66,1,0.18807226187433998,CTNNB1,1.0
GO_Biological_Process_2023,Regulation Of Neural Precursor Cell Proliferation (GO:2000177),22,0,1.0,,1.0
GO_Biological_Process_2023,Regulation Of Nervous System Process (GO:0031644),18,0,1.0,,1.0
GO_Biological_Process_2023,Regulation Of Neuron Migration (GO:2001222),28,0,1.0,,1.0
GO_Biological_Process_2023,Regulation Of Nervous System Development (GO:0051960),46,1,0.13509044650794752,CTNNB1,1.0
GO_Biological_Process_2023,Regulation Of Necrotic Cell Death (GO:0010939),8,0,1.0,,1.0
GO_Biological_Process_2023,Regulation Of Natural Killer Cell Proliferation (GO:0032817),9,0,1.0,,1.0
GO_Biological_Process_2023,Regulation Of Natural Killer Cell Mediated Immunity (GO:0002715),5,0,1.0,,1.0
GO_Biological_Process_2023,Regulation Of Natural Killer Cell Mediated Cytotoxicity Directed Against Tumor Cell Target (GO:0002858),7,0,1.0,,1.0
GO_Biological_Process_2023,Regulation Of Natural Killer Cell Mediated Cytotoxicity (GO:0042269),31,0,1.0,,1.0
GO_Biological_Process_2023,Regulation Of Natural Killer Cell Cytokine Production (GO:0002727),6,0,1.0,,1.0
GO_Biological_Process_2023,Regulation Of Natural Killer Cell Chemotaxis (GO:2000501),5,0,1.0,,1.0
GO_Biological_Process_2023,RNA Destabilization (GO:0050779),19,0,1.0,,1.0
GO_Biological_Process_2023,"Regulation Of Nuclear-Transcribed mRNA Catabolic Process, Nonsense-Mediated Decay (GO:2000622)",10,0,1.0,,1.0
GO_Biological_Process_2023,Regulation Of Neuron Projection Arborization (GO:0150011),14,0,1.0,,1.0
GO_Biological_Process_2023,Regulation Of Neuronal Synaptic Plasticity (GO:0048168),34,0,1.0,,1.0
GO_Biological_Process_2023,Regulation Of Nuclear Division (GO:0051783),19,0,1.0,,1.0
GO_Biological_Process_2023,Regulation Of Nuclear Cell Cycle DNA Replication (GO:0033262),8,0,1.0,,1.0
GO_Biological_Process_2023,Regulation Of Norepinephrine Secretion (GO:0014061),5,0,1.0,,1.0
GO_Biological_Process_2023,Regulation Of Non-Motile Cilium Assembly (GO:1902855),5,0,1.0,,1.0
GO_Biological_Process_2023,Regulation Of Non-Canonical Wnt Signaling Pathway (GO:2000050),13,0,1.0,,1.0
GO_Biological_Process_2023,Regulation Of Nitrogen Compound Metabolic Process (GO:0051171),13,0,1.0,,1.0
GO_Biological_Process_2023,Regulation Of Nitric Oxide Metabolic Process (GO:0080164),7,0,1.0,,1.0
GO_Biological_Process_2023,Regulation Of Neuron Projection Development (GO:0010975),172,2,0.10201221332923643,CFL1;EP300,1.0
GO_Biological_Process_2023,Regulation Of Nitric Oxide Mediated Signal Transduction (GO:0010749),5,0,1.0,,1.0
GO_Biological_Process_2023,Regulation Of Neutrophil Migration (GO:1902622),8,0,1.0,,1.0
GO_Biological_Process_2023,Regulation Of Neutrophil Extravasation (GO:2000389),5,0,1.0,,1.0
GO_Biological_Process_2023,Regulation Of Neutrophil Chemotaxis (GO:0090022),25,0,1.0,,1.0
GO_Biological_Process_2023,Regulation Of Neutrophil Activation (GO:1902563),5,0,1.0,,1.0
GO_Biological_Process_2023,Regulation Of Neurotransmitter Transport (GO:0051588),20,0,1.0,,1.0
GO_Biological_Process_2023,Regulation Of Neurotransmitter Secretion (GO:0046928),37,0,1.0,,1.0
GO_Biological_Process_2023,Regulation Of Neurotransmitter Receptor Activity (GO:0099601),42,0,1.0,,1.0
GO_Biological_Process_2023,Regulation Of Nitric Oxide Biosynthetic Process (GO:0045428),39,0,1.0,,1.0
GO_Biological_Process_2023,Regulation Of Natural Killer Cell Activation (GO:0032814),16,0,1.0,,1.0
GO_Biological_Process_2023,Regulation Of Phospholipase Activity (GO:0010517),10,0,1.0,,1.0
GO_Biological_Process_2023,Regulation Of Phospholipid Transport (GO:2001138),6,0,1.0,,1.0
GO_Biological_Process_2023,RNA Capping (GO:0036260),7,0,1.0,,1.0
GO_Biological_Process_2023,Regulation Of Protein Localization To Nucleolus (GO:1904749),7,0,1.0,,1.0
GO_Biological_Process_2023,Regulation Of Protein Localization To Membrane (GO:1905475),28,0,1.0,,1.0
GO_Biological_Process_2023,Regulation Of Protein Localization To Early Endosome (GO:1902965),8,0,1.0,,1.0
GO_Biological_Process_2023,Regulation Of Protein Localization To Cilium (GO:1903564),7,0,1.0,,1.0
GO_Biological_Process_2023,Regulation Of Protein Localization To Chromatin (GO:1905634),9,0,1.0,,1.0
GO_Biological_Process_2023,Regulation Of Protein Localization To Centrosome (GO:1904779),9,0,1.0,,1.0
GO_Biological_Process_2023,Regulation Of Protein Localization To Plasma Membrane (GO:1903076),80,1,0.2232482523561444,BCL2L1,1.0
GO_Biological_Process_2023,Regulation Of Protein Localization To Cell Surface (GO:2000008),31,1,0.09313829474056612,CTNNB1,1.0
GO_Biological_Process_2023,Regulation Of Protein Localization To Cell Cortex (GO:1904776),7,0,1.0,,1.0
GO_Biological_Process_2023,Regulation Of Protein Localization To Cajal Body (GO:1904869),10,0,1.0,,1.0
GO_Biological_Process_2023,Regulation Of Protein Localization (GO:0032880),93,1,0.25456826776950653,CTNNB1,1.0
GO_Biological_Process_2023,Regulation Of Protein Lipidation (GO:1903059),9,0,1.0,,1.0
GO_Biological_Process_2023,Regulation Of Protein Kinase Activity (GO:0045859),115,1,0.30476755810580763,PTK2,1.0
GO_Biological_Process_2023,Regulation Of Protein Kinase C Signaling (GO:0090036),16,0,1.0,,1.0
GO_Biological_Process_2023,Regulation Of Protein Kinase A Signaling (GO:0010738),16,0,1.0,,1.0
GO_Biological_Process_2023,Regulation Of Protein Localization To Cell Periphery (GO:1904375),20,0,1.0,,1.0
GO_Biological_Process_2023,Regulation Of Protein Import Into Nucleus (GO:0042306),38,1,0.11295909364400733,EP300,1.0
GO_Biological_Process_2023,Regulation Of Protein Metabolic Process (GO:0051246),95,1,0.25927526348734864,MDM2,1.0
GO_Biological_Process_2023,Regulation Of Protein Neddylation (GO:2000434),18,0,1.0,,1.0
GO_Biological_Process_2023,Regulation Of Pyruvate Dehydrogenase Activity (GO:1904182),6,0,1.0,,1.0
GO_Biological_Process_2023,Regulation Of Pseudopodium Assembly (GO:0031272),9,0,1.0,,1.0
GO_Biological_Process_2023,Regulation Of Proteolysis Involved In Protein Catabolic Process (GO:1903050),24,0,1.0,,1.0
GO_Biological_Process_2023,Regulation Of Proteolysis (GO:0030162),52,0,1.0,,1.0
GO_Biological_Process_2023,Regulation Of Protein-Containing Complex Disassembly (GO:0043244),19,0,1.0,,1.0
GO_Biological_Process_2023,Regulation Of Protein Ubiquitination (GO:0031396),106,1,0.2846463117336793,CTNNB1,1.0
GO_Biological_Process_2023,Regulation Of Protein Tyrosine Kinase Activity (GO:0061097),38,0,1.0,,1.0
GO_Biological_Process_2023,Regulation Of Protein Modification Process (GO:0031399),45,1,0.1323539881781123,PTK2,1.0
GO_Biological_Process_2023,Regulation Of Protein Transport (GO:0051223),27,0,1.0,,1.0
GO_Biological_Process_2023,Regulation Of Protein Targeting To Membrane (GO:0090313),27,0,1.0,,1.0
GO_Biological_Process_2023,Regulation Of Protein Targeting (GO:1903533),5,0,1.0,,1.0
GO_Biological_Process_2023,Regulation Of Protein Serine/Threonine Kinase Activity (GO:0071900),112,1,0.298123065601267,CCND1,1.0
GO_Biological_Process_2023,Regulation Of Protein Secretion (GO:0050708),101,0,1.0,,1.0
GO_Biological_Process_2023,Regulation Of Protein Processing (GO:0070613),23,0,1.0,,1.0
GO_Biological_Process_2023,Regulation Of Protein Polymerization (GO:0032271),32,0,1.0,,1.0
GO_Biological_Process_2023,RNA Biosynthetic Process (GO:0032774),26,0,1.0,,1.0
GO_Biological_Process_2023,Regulation Of Protein Targeting To Mitochondrion (GO:1903214),38,0,1.0,,1.0
GO_Biological_Process_2023,Regulation Of Phospholipid Metabolic Process (GO:1903725),9,0,1.0,,1.0
GO_Biological_Process_2023,Regulation Of Protein Glycosylation (GO:0060049),7,0,1.0,,1.0
GO_Biological_Process_2023,Regulation Of Protein Exit From Endoplasmic Reticulum (GO:0070861),11,0,1.0,,1.0
GO_Biological_Process_2023,Regulation Of Potassium Ion Export Across Plasma Membrane (GO:1903764),6,0,1.0,,1.0
GO_Biological_Process_2023,Regulation Of Postsynaptic Neurotransmitter Receptor Activity (GO:0098962),9,0,1.0,,1.0
GO_Biological_Process_2023,Regulation Of Postsynaptic Membrane Potential (GO:0060078),35,0,1.0,,1.0
GO_Biological_Process_2023,Regulation Of Post-Transcriptional Gene Silencing By RNA (GO:1900368),5,0,1.0,,1.0
GO_Biological_Process_2023,Regulation Of Positive Chemotaxis (GO:0050926),7,0,1.0,,1.0
GO_Biological_Process_2023,Regulation Of Podosome Assembly (GO:0071801),8,0,1.0,,1.0
GO_Biological_Process_2023,Regulation Of Platelet-Derived Growth Factor Receptor Signaling Pathway (GO:0010640),11,0,1.0,,1.0
GO_Biological_Process_2023,Regulation Of Potassium Ion Transmembrane Transport (GO:1901379),33,0,1.0,,1.0
GO_Biological_Process_2023,Regulation Of Platelet Aggregation (GO:0090330),25,0,1.0,,1.0
GO_Biological_Process_2023,Regulation Of Plasminogen Activation (GO:0010755),16,0,1.0,,1.0
GO_Biological_Process_2023,Regulation Of Plasma Membrane Repair (GO:1905684),5,0,1.0,,1.0
GO_Biological_Process_2023,Regulation Of Plasma Membrane Bounded Cell Projection Organization (GO:0120035),28,0,1.0,,1.0
GO_Biological_Process_2023,Regulation Of Plasma Membrane Bounded Cell Projection Assembly (GO:0120032),73,0,1.0,,1.0
GO_Biological_Process_2023,Regulation Of Pinocytosis (GO:0048548),8,0,1.0,,1.0
GO_Biological_Process_2023,Regulation Of Phosphorylation (GO:0042325),82,1,0.2281495485109367,PTK2,1.0
GO_Biological_Process_2023,Regulation Of Phosphoprotein Phosphatase Activity (GO:0043666),36,0,1.0,,1.0
GO_Biological_Process_2023,Regulation Of Platelet Activation (GO:0010543),28,0,1.0,,1.0
GO_Biological_Process_2023,Regulation Of Protein Export From Nucleus (GO:0046825),22,0,1.0,,1.0
GO_Biological_Process_2023,Regulation Of Potassium Ion Transport (GO:0043266),30,0,1.0,,1.0
GO_Biological_Process_2023,Regulation Of Presynapse Organization (GO:0099174),16,0,1.0,,1.0
GO_Biological_Process_2023,Regulation Of Protein Deubiquitination (GO:0090085),5,0,1.0,,1.0
GO_Biological_Process_2023,Regulation Of Protein Depolymerization (GO:1901879),5,0,1.0,,1.0
GO_Biological_Process_2023,Regulation Of Protein Dephosphorylation (GO:0035304),39,0,1.0,,1.0
GO_Biological_Process_2023,Regulation Of Protein Catabolic Process (GO:0042176),122,1,0.32003191068710407,MDM2,1.0
GO_Biological_Process_2023,Regulation Of Protein Binding (GO:0043393),117,0,1.0,,1.0
GO_Biological_Process_2023,Regulation Of Protein Autoubiquitination (GO:1902498),5,0,1.0,,1.0
GO_Biological_Process_2023,Regulation Of Protein Autophosphorylation (GO:0031952),31,0,1.0,,1.0
GO_Biological_Process_2023,Regulation Of Presynapse Assembly (GO:1905606),16,0,1.0,,1.0
GO_Biological_Process_2023,Regulation Of Protein Acetylation (GO:1901983),8,0,1.0,,1.0
GO_Biological_Process_2023,Regulation Of Protein ADP-ribosylation (GO:0010835),7,0,1.0,,1.0
GO_Biological_Process_2023,RNA Catabolic Process (GO:0006401),55,0,1.0,,1.0
GO_Biological_Process_2023,Regulation Of Proteasomal Protein Catabolic Process (GO:0061136),52,0,1.0,,1.0
GO_Biological_Process_2023,Regulation Of Prostaglandin Biosynthetic Process (GO:0031392),6,0,1.0,,1.0
GO_Biological_Process_2023,Regulation Of Programmed Cell Death (GO:0043067),176,2,0.10599677907498757,PAX8;SKP2,1.0
GO_Biological_Process_2023,Regulation Of pro-B Cell Differentiation (GO:2000973),5,0,1.0,,1.0
GO_Biological_Process_2023,Regulation Of Primary Metabolic Process (GO:0080090),43,0,1.0,,1.0
GO_Biological_Process_2023,Regulation Of Protein K63-linked Ubiquitination (GO:1900044),11,0,1.0,,1.0
GO_Biological_Process_2023,Regulation Of Myotube Differentiation (GO:0010830),23,0,1.0,,1.0
GO_Biological_Process_2023,Regulation Of Myosin-Light-Chain-Phosphatase Activity (GO:0035507),6,0,1.0,,1.0
GO_Biological_Process_2023,Regulation Of Myoblast Differentiation (GO:0045661),54,0,1.0,,1.0
GO_Biological_Process_2023,Regulation Of Long-Term Synaptic Depression (GO:1900452),8,0,1.0,,1.0
GO_Biological_Process_2023,Regulation Of Long-Term Neuronal Synaptic Plasticity (GO:0048169),9,0,1.0,,1.0
GO_Biological_Process_2023,Regulation Of Long-Chain Fatty Acid Import Across Plasma Membrane (GO:0010746),5,0,1.0,,1.0
GO_Biological_Process_2023,Regulation Of Lipoprotein Metabolic Process (GO:0050746),7,0,1.0,,1.0
GO_Biological_Process_2023,Regulation Of Lipoprotein Lipase Activity (GO:0051004),15,0,1.0,,1.0
GO_Biological_Process_2023,Regulation Of Lipopolysaccharide-Mediated Signaling Pathway (GO:0031664),21,0,1.0,,1.0
GO_Biological_Process_2023,Regulation Of Lipid Transport (GO:0032368),10,0,1.0,,1.0
GO_Biological_Process_2023,Regulation Of Long-Term Synaptic Potentiation (GO:1900271),30,0,1.0,,1.0
GO_Biological_Process_2023,Regulation Of Lipid Storage (GO:0010883),20,0,1.0,,1.0
GO_Biological_Process_2023,Regulation Of Lipid Kinase Activity (GO:0043550),11,0,1.0,,1.0
GO_Biological_Process_2023,Regulation Of Lipid Catabolic Process (GO:0050994),23,0,1.0,,1.0
GO_Biological_Process_2023,Regulation Of Lipid Biosynthetic Process (GO:0046890),28,0,1.0,,1.0
GO_Biological_Process_2023,Regulation Of Lipase Activity (GO:0060191),7,0,1.0,,1.0
GO_Biological_Process_2023,Regulation Of Leukocyte Tethering Or Rolling (GO:1903236),11,0,1.0,,1.0
GO_Biological_Process_2023,Regulation Of Leukocyte Proliferation (GO:0070663),7,0,1.0,,1.0
GO_Biological_Process_2023,Regulation Of Leukocyte Migration (GO:0002685),13,0,1.0,,1.0
GO_Biological_Process_2023,Regulation Of Lipid Metabolic Process (GO:0019216),54,0,1.0,,1.0
GO_Biological_Process_2023,Regulation Of Leukocyte Mediated Cytotoxicity (GO:0001910),9,0,1.0,,1.0
GO_Biological_Process_2023,Regulation Of Low-Density Lipoprotein Particle Clearance (GO:0010988),10,0,1.0,,1.0
GO_Biological_Process_2023,Regulation Of Lymphocyte Apoptotic Process (GO:0070228),7,0,1.0,,1.0
GO_Biological_Process_2023,Regulation Of Macroautophagy (GO:0016241),93,0,1.0,,1.0
GO_Biological_Process_2023,Regulation Of mRNA Stability (GO:0043488),73,0,1.0,,1.0
GO_Biological_Process_2023,"Regulation Of mRNA Splicing, Via Spliceosome (GO:0048024)",89,0,1.0,,1.0
GO_Biological_Process_2023,Regulation Of mRNA Processing (GO:0050684),33,0,1.0,,1.0
GO_Biological_Process_2023,Regulation Of mRNA Polyadenylation (GO:1900363),10,0,1.0,,1.0
GO_Biological_Process_2023,Regulation Of mRNA Metabolic Process (GO:1903311),14,0,1.0,,1.0
GO_Biological_Process_2023,Regulation Of mRNA Export From Nucleus (GO:0010793),5,0,1.0,,1.0
GO_Biological_Process_2023,Regulation Of Lymphocyte Activation (GO:0051249),18,0,1.0,,1.0
GO_Biological_Process_2023,Regulation Of mRNA Catabolic Process (GO:0061013),46,0,1.0,,1.0
GO_Biological_Process_2023,Regulation Of Lysosome Size (GO:0062196),7,0,1.0,,1.0
GO_Biological_Process_2023,Regulation Of Lysosome Organization (GO:1905671),5,0,1.0,,1.0
GO_Biological_Process_2023,Regulation Of Lysosomal Protein Catabolic Process (GO:1905165),8,0,1.0,,1.0
GO_Biological_Process_2023,Regulation Of Lysosomal Lumen pH (GO:0035751),23,0,1.0,,1.0
GO_Biological_Process_2023,Regulation Of Lymphocyte Proliferation (GO:0050670),18,0,1.0,,1.0
GO_Biological_Process_2023,Regulation Of Lymphocyte Migration (GO:2000401),12,0,1.0,,1.0
GO_Biological_Process_2023,Regulation Of Lymphocyte Differentiation (GO:0045619),19,0,1.0,,1.0
GO_Biological_Process_2023,Regulation Of mRNA 3'-End Processing (GO:0031440),11,0,1.0,,1.0
GO_Biological_Process_2023,Positive Regulation Of Helicase Activity (GO:0051096),5,0,1.0,,1.0
GO_Biological_Process_2023,Regulation Of Leukocyte Degranulation (GO:0043300),6,0,1.0,,1.0
GO_Biological_Process_2023,Regulation Of Leukocyte Cell-Cell Adhesion (GO:1903037),11,0,1.0,,1.0
GO_Biological_Process_2023,Regulation Of Interleukin-23 Production (GO:0032667),8,0,1.0,,1.0
GO_Biological_Process_2023,Regulation Of Interleukin-2 Production (GO:0032663),47,1,0.13781842269493644,IRF4,1.0
GO_Biological_Process_2023,Regulation Of Interleukin-18 Production (GO:0032661),8,0,1.0,,1.0
GO_Biological_Process_2023,Regulation Of Interleukin-17 Production (GO:0032660),34,0,1.0,,1.0
GO_Biological_Process_2023,Regulation Of Interleukin-12 Production (GO:0032655),49,0,1.0,,1.0
GO_Biological_Process_2023,Regulation Of Interleukin-10 Production (GO:0032653),45,1,0.1323539881781123,IRF4,1.0
GO_Biological_Process_2023,Regulation Of Interleukin-1-Mediated Signaling Pathway (GO:2000659),5,0,1.0,,1.0
GO_Biological_Process_2023,Regulation Of Interleukin-5 Production (GO:0032674),12,0,1.0,,1.0
GO_Biological_Process_2023,Regulation Of Interleukin-1 Production (GO:0032652),14,0,1.0,,1.0
GO_Biological_Process_2023,Regulation Of Interferon-Beta Production (GO:0032648),50,0,1.0,,1.0
GO_Biological_Process_2023,Regulation Of Interferon-Alpha Production (GO:0032647),26,0,1.0,,1.0
GO_Biological_Process_2023,Regulation Of Integrin-Mediated Signaling Pathway (GO:2001044),19,0,1.0,,1.0
GO_Biological_Process_2023,Regulation Of Insulin-Like Growth Factor Receptor Signaling Pathway (GO:0043567),19,0,1.0,,1.0
GO_Biological_Process_2023,Regulation Of Insulin Secretion Involved In Cellular Response To Glucose Stimulus (GO:0061178),26,0,1.0,,1.0
GO_Biological_Process_2023,Regulation Of Insulin Secretion (GO:0050796),87,0,1.0,,1.0
GO_Biological_Process_2023,Regulation Of Insulin Receptor Signaling Pathway (GO:0046626),43,0,1.0,,1.0
GO_Biological_Process_2023,Regulation Of Interleukin-1 Beta Production (GO:0032651),81,0,1.0,,1.0
GO_Biological_Process_2023,Regulation Of Leukocyte Chemotaxis (GO:0002688),17,0,1.0,,1.0
GO_Biological_Process_2023,Regulation Of Interleukin-6 Production (GO:0032675),112,0,1.0,,1.0
GO_Biological_Process_2023,Regulation Of Intestinal Cholesterol Absorption (GO:0030300),6,0,1.0,,1.0
GO_Biological_Process_2023,Regulation Of Leukocyte Adhesion To Vascular Endothelial Cell (GO:1904994),12,0,1.0,,1.0
GO_Biological_Process_2023,Regulation Of Leukocyte Activation (GO:0002694),13,0,1.0,,1.0
GO_Biological_Process_2023,Regulation Of Lens Fiber Cell Differentiation (GO:1902746),6,0,1.0,,1.0
GO_Biological_Process_2023,Regulation Of Lamellipodium Organization (GO:1902743),13,0,1.0,,1.0
GO_Biological_Process_2023,Regulation Of Lamellipodium Morphogenesis (GO:2000392),10,0,1.0,,1.0
GO_Biological_Process_2023,Regulation Of Lamellipodium Assembly (GO:0010591),33,0,1.0,,1.0
GO_Biological_Process_2023,Regulation Of Kinase Activity (GO:0043549),79,0,1.0,,1.0
GO_Biological_Process_2023,Regulation Of Interleukin-8 Production (GO:0032677),79,0,1.0,,1.0
GO_Biological_Process_2023,Regulation Of Ketone Biosynthetic Process (GO:0010566),6,0,1.0,,1.0
GO_Biological_Process_2023,Regulation Of Keratinocyte Apoptotic Process (GO:1902172),5,0,1.0,,1.0
GO_Biological_Process_2023,Regulation Of Intrinsic Apoptotic Signaling Pathway In Response To DNA Damage By P53 Class Mediator (GO:1902165),13,0,1.0,,1.0
GO_Biological_Process_2023,"RNA Phosphodiester Bond Hydrolysis, Endonucleolytic (GO:0090502)",14,0,1.0,,1.0
GO_Biological_Process_2023,Regulation Of Intrinsic Apoptotic Signaling Pathway (GO:2001242),47,1,0.13781842269493644,BCL2L1,1.0
GO_Biological_Process_2023,Regulation Of Intracellular Transport (GO:0032386),38,0,1.0,,1.0
GO_Biological_Process_2023,Regulation Of Intracellular Signal Transduction (GO:1902531),294,2,0.23638559678358426,EP300;GRB2,1.0
GO_Biological_Process_2023,Regulation Of Intracellular Protein Transport (GO:0033157),36,0,1.0,,1.0
GO_Biological_Process_2023,Regulation Of Keratinocyte Migration (GO:0051547),10,0,1.0,,1.0
GO_Biological_Process_2023,RNA Phosphodiester Bond Hydrolysis (GO:0090501),28,0,1.0,,1.0
GO_Biological_Process_2023,Regulation Of Macrophage Activation (GO:0043030),30,0,1.0,,1.0
GO_Biological_Process_2023,Regulation Of Macrophage Apoptotic Process (GO:2000109),5,0,1.0,,1.0
GO_Biological_Process_2023,Regulation Of Mitotic Spindle Organization (GO:0060236),36,0,1.0,,1.0
GO_Biological_Process_2023,Regulation Of Mitotic Spindle Checkpoint (GO:1903504),5,0,1.0,,1.0
GO_Biological_Process_2023,Regulation Of Mitotic Spindle Assembly (GO:1901673),18,0,1.0,,1.0
GO_Biological_Process_2023,Regulation Of Mitotic Sister Chromatid Separation (GO:0010965),10,0,1.0,,1.0
GO_Biological_Process_2023,Regulation Of Mitotic Sister Chromatid Segregation (GO:0033047),8,0,1.0,,1.0
GO_Biological_Process_2023,Regulation Of Mitotic Nuclear Division (GO:0007088),56,0,1.0,,1.0
GO_Biological_Process_2023,Regulation Of Mitotic Metaphase/Anaphase Transition (GO:0030071),49,0,1.0,,1.0
GO_Biological_Process_2023,Regulation Of Monoatomic Anion Transport (GO:0044070),5,0,1.0,,1.0
GO_Biological_Process_2023,Regulation Of Mitotic Cytokinesis (GO:1902412),6,0,1.0,,1.0
GO_Biological_Process_2023,Regulation Of Mitotic Cell Cycle Spindle Assembly Checkpoint (GO:0090266),17,0,1.0,,1.0
GO_Biological_Process_2023,Regulation Of Mitotic Cell Cycle Phase Transition (GO:1901990),86,1,0.23786113441059195,CDK6,1.0
GO_Biological_Process_2023,RNA Metabolic Process (GO:0016070),109,0,1.0,,1.0
GO_Biological_Process_2023,Regulation Of Mitophagy (GO:1901524),7,0,1.0,,1.0
GO_Biological_Process_2023,Regulation Of Mitochondrion Organization (GO:0010821),50,1,0.1459517163333458,EP300,1.0
GO_Biological_Process_2023,Regulation Of Mitochondrial Translation (GO:0070129),22,0,1.0,,1.0
GO_Biological_Process_2023,Regulation Of Mitochondrial Outer Membrane Permeabilization Involved In Apoptotic Signaling Pathway (GO:1901028),17,0,1.0,,1.0
GO_Biological_Process_2023,Regulation Of Mitotic Centrosome Separation (GO:0046602),8,0,1.0,,1.0
GO_Biological_Process_2023,Regulation Of Mitochondrial Membrane Potential (GO:0051881),38,1,0.11295909364400733,BCL2L1,1.0
GO_Biological_Process_2023,Regulation Of Monoatomic Cation Transmembrane Transport (GO:1904062),39,0,1.0,,1.0
GO_Biological_Process_2023,Regulation Of Monoatomic Ion Transmembrane Transporter Activity (GO:0032412),68,0,1.0,,1.0
GO_Biological_Process_2023,Regulation Of Myeloid Leukocyte Mediated Immunity (GO:0002886),8,0,1.0,,1.0
GO_Biological_Process_2023,Regulation Of Myeloid Leukocyte Differentiation (GO:0002761),7,0,1.0,,1.0
GO_Biological_Process_2023,Regulation Of Myelination (GO:0031641),25,0,1.0,,1.0
GO_Biological_Process_2023,Regulation Of Muscle System Process (GO:0090257),11,0,1.0,,1.0
GO_Biological_Process_2023,Regulation Of Muscle Organ Development (GO:0048634),6,0,1.0,,1.0
GO_Biological_Process_2023,Regulation Of Muscle Contraction (GO:0006937),29,0,1.0,,1.0
GO_Biological_Process_2023,Regulation Of Muscle Cell Differentiation (GO:0051147),24,0,1.0,,1.0
GO_Biological_Process_2023,Regulation Of Monoatomic Ion Transmembrane Transport (GO:0034765),28,0,1.0,,1.0
GO_Biological_Process_2023,Regulation Of Multicellular Organismal Development (GO:2000026),59,0,1.0,,1.0
GO_Biological_Process_2023,Regulation Of Morphogenesis Of An Epithelium (GO:1905330),8,0,1.0,,1.0
GO_Biological_Process_2023,Regulation Of Morphogenesis Of A Branching Structure (GO:0060688),5,0,1.0,,1.0
GO_Biological_Process_2023,Regulation Of Monooxygenase Activity (GO:0032768),12,0,1.0,,1.0
GO_Biological_Process_2023,RNA Export From Nucleus (GO:0006405),62,0,1.0,,1.0
GO_Biological_Process_2023,Regulation Of Monocyte Chemotaxis (GO:0090025),25,0,1.0,,1.0
GO_Biological_Process_2023,Regulation Of Monocyte Chemotactic Protein-1 Production (GO:0071637),11,0,1.0,,1.0
GO_Biological_Process_2023,Regulation Of Monoatomic Ion Transport (GO:0043269),27,0,1.0,,1.0
GO_Biological_Process_2023,Regulation Of Multicellular Organism Growth (GO:0040014),15,0,1.0,,1.0
GO_Biological_Process_2023,Regulation Of Mitochondrial Membrane Permeability Involved In Apoptotic Process (GO:1902108),5,0,1.0,,1.0
GO_Biological_Process_2023,Regulation Of Mitochondrial mRNA Stability (GO:0044528),6,0,1.0,,1.0
GO_Biological_Process_2023,Regulation Of Mitochondrial Gene Expression (GO:0062125),8,0,1.0,,1.0
GO_Biological_Process_2023,Regulation Of Membrane Protein Ectodomain Proteolysis (GO:0051043),21,0,1.0,,1.0
GO_Biological_Process_2023,Regulation Of Membrane Depolarization (GO:0003254),20,0,1.0,,1.0
GO_Biological_Process_2023,Regulation Of Melanin Biosynthetic Process (GO:0048021),10,0,1.0,,1.0
GO_Biological_Process_2023,Regulation Of Meiotic Nuclear Division (GO:0040020),7,0,1.0,,1.0
GO_Biological_Process_2023,Regulation Of Meiotic Cell Cycle (GO:0051445),20,0,1.0,,1.0
GO_Biological_Process_2023,Regulation Of Mast Cell Degranulation (GO:0043304),13,0,1.0,,1.0
GO_Biological_Process_2023,Regulation Of Mast Cell Chemotaxis (GO:0060753),5,0,1.0,,1.0
GO_Biological_Process_2023,Regulation Of Memory T Cell Differentiation (GO:0043380),9,0,1.0,,1.0
GO_Biological_Process_2023,Regulation Of Mast Cell Activation Involved In Immune Response (GO:0033006),8,0,1.0,,1.0
GO_Biological_Process_2023,Regulation Of Mammary Gland Epithelial Cell Proliferation (GO:0033599),7,0,1.0,,1.0
GO_Biological_Process_2023,Regulation Of Male Gonad Development (GO:2000018),6,0,1.0,,1.0
GO_Biological_Process_2023,RNA Modification (GO:0009451),51,0,1.0,,1.0
GO_Biological_Process_2023,Regulation Of Macrophage Migration (GO:1905521),8,0,1.0,,1.0
GO_Biological_Process_2023,Regulation Of Macrophage Differentiation (GO:0045649),14,0,1.0,,1.0
GO_Biological_Process_2023,Regulation Of Macrophage Derived Foam Cell Differentiation (GO:0010743),29,0,1.0,,1.0
GO_Biological_Process_2023,Regulation Of Macrophage Cytokine Production (GO:0010935),13,0,1.0,,1.0
GO_Biological_Process_2023,Regulation Of Mast Cell Activation (GO:0033003),9,0,1.0,,1.0
GO_Biological_Process_2023,Regulation Of Mesenchymal Stem Cell Differentiation (GO:2000739),7,0,1.0,,1.0
GO_Biological_Process_2023,Regulation Of Metal Ion Transport (GO:0010959),33,0,1.0,,1.0
GO_Biological_Process_2023,Regulation Of Metallopeptidase Activity (GO:1905048),6,0,1.0,,1.0
GO_Biological_Process_2023,Regulation Of Mitochondrial Fission (GO:0090140),26,0,1.0,,1.0
GO_Biological_Process_2023,Regulation Of Mitochondrial Depolarization (GO:0051900),10,0,1.0,,1.0
GO_Biological_Process_2023,Regulation Of Microvillus Organization (GO:0032530),7,0,1.0,,1.0
GO_Biological_Process_2023,Regulation Of Microtubule-Based Process (GO:0032886),41,0,1.0,,1.0
GO_Biological_Process_2023,Regulation Of Microtubule-Based Movement (GO:0060632),11,0,1.0,,1.0
GO_Biological_Process_2023,Regulation Of Microtubule Polymerization Or Depolymerization (GO:0031110),27,0,1.0,,1.0
GO_Biological_Process_2023,Regulation Of Microtubule Polymerization (GO:0031113),40,0,1.0,,1.0
GO_Biological_Process_2023,Regulation Of Microtubule Nucleation (GO:0010968),8,0,1.0,,1.0
GO_Biological_Process_2023,Regulation Of Microtubule Depolymerization (GO:0031114),24,0,1.0,,1.0
GO_Biological_Process_2023,Regulation Of Microtubule Cytoskeleton Organization (GO:0070507),40,0,1.0,,1.0
GO_Biological_Process_2023,Regulation Of Microtubule Binding (GO:1904526),6,0,1.0,,1.0
GO_Biological_Process_2023,Regulation Of Microglial Cell Migration (GO:1904139),6,0,1.0,,1.0
GO_Biological_Process_2023,Regulation Of Microglial Cell Activation (GO:1903978),14,0,1.0,,1.0
GO_Biological_Process_2023,Regulation Of miRNA-mediated Gene Silencing (GO:0060964),15,0,1.0,,1.0
GO_Biological_Process_2023,RNA Methylation (GO:0001510),62,0,1.0,,1.0
GO_Biological_Process_2023,Regulation Of miRNA Metabolic Process (GO:2000628),8,0,1.0,,1.0
GO_Biological_Process_2023,Regulation Of Metaphase/Anaphase Transition Of Cell Cycle (GO:1902099),32,0,1.0,,1.0
GO_Biological_Process_2023,Regulation Of rRNA Processing (GO:2000232),15,0,1.0,,1.0
GO_Biological_Process_2023,Regulation Of Reactive Oxygen Species Biosynthetic Process (GO:1903426),25,0,1.0,,1.0
GO_Biological_Process_2023,Regulation Of Reactive Oxygen Species Metabolic Process (GO:2000377),55,1,0.15933995872645573,GRB2,1.0
GO_Biological_Process_2023,Regulation Of Receptor Binding (GO:1900120),9,0,1.0,,1.0
GO_Biological_Process_2023,Response To Amino Acid Starvation (GO:1990928),40,0,1.0,,1.0
GO_Biological_Process_2023,Response To Amino Acid (GO:0043200),30,0,1.0,,1.0
GO_Biological_Process_2023,Response To Alkaloid (GO:0043279),6,0,1.0,,1.0
GO_Biological_Process_2023,Response To Alcohol (GO:0097305),29,0,1.0,,1.0
GO_Biological_Process_2023,Response To Acidic pH (GO:0010447),17,0,1.0,,1.0
GO_Biological_Process_2023,Response To X-ray (GO:0010165),11,0,1.0,,1.0
GO_Biological_Process_2023,Response To UV-C (GO:0010225),6,0,1.0,,1.0
GO_Biological_Process_2023,Response To Amyloid-Beta (GO:1904645),43,0,1.0,,1.0
GO_Biological_Process_2023,Response To UV-B (GO:0010224),16,0,1.0,,1.0
GO_Biological_Process_2023,Response To DNA Damage Checkpoint Signaling (GO:0072423),5,0,1.0,,1.0
GO_Biological_Process_2023,Response To BMP (GO:0071772),23,0,1.0,,1.0
GO_Biological_Process_2023,Response To ATP (GO:0033198),20,0,1.0,,1.0
GO_Biological_Process_2023,Respiratory Tube Development (GO:0030323),27,0,1.0,,1.0
GO_Biological_Process_2023,Respiratory System Development (GO:0060541),32,0,1.0,,1.0
GO_Biological_Process_2023,Respiratory Chain Complex IV Assembly (GO:0008535),26,0,1.0,,1.0
GO_Biological_Process_2023,Respiratory Chain Complex III Assembly (GO:0017062),11,0,1.0,,1.0
GO_Biological_Process_2023,Notch Signaling Pathway (GO:0007219),40,0,1.0,,1.0
GO_Biological_Process_2023,Resolution Of Recombination Intermediates (GO:0071139),5,0,1.0,,1.0
GO_Biological_Process_2023,Response To Angiotensin (GO:1990776),5,0,1.0,,1.0
GO_Biological_Process_2023,Response To Bile Acid (GO:1903412),5,0,1.0,,1.0
GO_Biological_Process_2023,Notch Signaling Involved In Heart Development (GO:0061314),10,0,1.0,,1.0
GO_Biological_Process_2023,Response To Epinephrine (GO:0071871),7,0,1.0,,1.0
GO_Biological_Process_2023,Response To Endoplasmic Reticulum Stress (GO:0034976),112,0,1.0,,1.0
GO_Biological_Process_2023,Response To dsRNA (GO:0043331),25,0,1.0,,1.0
GO_Biological_Process_2023,Response To Cytokine (GO:0034097),125,1,0.32647250174573383,BCL2L1,1.0
GO_Biological_Process_2023,Response To Corticosteroid (GO:0031960),10,0,1.0,,1.0
GO_Biological_Process_2023,Response To Copper Ion (GO:0046688),22,0,1.0,,1.0
GO_Biological_Process_2023,Response To Auditory Stimulus (GO:0010996),7,0,1.0,,1.0
GO_Biological_Process_2023,Response To Cocaine (GO:0042220),6,0,1.0,,1.0
GO_Biological_Process_2023,Response To Chemokine (GO:1990868),13,0,1.0,,1.0
GO_Biological_Process_2023,Response To Catecholamine (GO:0071869),5,0,1.0,,1.0
GO_Biological_Process_2023,Response To Calcium Ion (GO:0051592),104,1,0.28009779752942315,BRAF,1.0
GO_Biological_Process_2023,Response To Caffeine (GO:0031000),6,0,1.0,,1.0
GO_Biological_Process_2023,Response To Cadmium Ion (GO:0046686),21,0,1.0,,1.0
GO_Biological_Process_2023,Response To cGMP (GO:0070305),5,0,1.0,,1.0
GO_Biological_Process_2023,Response To cAMP (GO:0051591),37,0,1.0,,1.0
GO_Biological_Process_2023,Response To Cholesterol (GO:0070723),18,0,1.0,,1.0
GO_Biological_Process_2023,Response To Estrogen (GO:0043627),34,1,0.10168565911760429,EP300,1.0
GO_Biological_Process_2023,Resolution Of Meiotic Recombination Intermediates (GO:0000712),13,0,1.0,,1.0
GO_Biological_Process_2023,Reproductive System Development (GO:0061458),5,0,1.0,,1.0
GO_Biological_Process_2023,Regulation Of Viral Transcription (GO:0046782),17,0,1.0,,1.0
GO_Biological_Process_2023,Regulation Of Viral Life Cycle (GO:1903900),22,0,1.0,,1.0
GO_Biological_Process_2023,Regulation Of Viral Genome Replication (GO:0045069),67,0,1.0,,1.0
GO_Biological_Process_2023,Regulation Of Viral Entry Into Host Cell (GO:0046596),42,0,1.0,,1.0
GO_Biological_Process_2023,Regulation Of Vesicle-Mediated Transport (GO:0060627),87,1,0.240270205978753,AP2S1,1.0
GO_Biological_Process_2023,Regulation Of Vesicle Size (GO:0097494),14,0,1.0,,1.0
GO_Biological_Process_2023,Regulation Of Vesicle Fusion (GO:0031338),8,0,1.0,,1.0
GO_Biological_Process_2023,Regulation Of Viral-Induced Cytoplasmic Pattern Recognition Receptor Signaling Pathway (GO:0039531),9,0,1.0,,1.0
GO_Biological_Process_2023,Regulation Of Very-Low-Density Lipoprotein Particle Remodeling (GO:0010901),5,0,1.0,,1.0
GO_Biological_Process_2023,Regulation Of Ventricular Cardiac Muscle Cell Membrane Depolarization (GO:0060373),5,0,1.0,,1.0
GO_Biological_Process_2023,Regulation Of Ventricular Cardiac Muscle Cell Action Potential (GO:0098911),11,0,1.0,,1.0
GO_Biological_Process_2023,Regulation Of Vasoconstriction (GO:0019229),26,0,1.0,,1.0
GO_Biological_Process_2023,Regulation Of Vasculogenesis (GO:2001212),13,0,1.0,,1.0
GO_Biological_Process_2023,Regulation Of Vascular Wound Healing (GO:0061043),7,0,1.0,,1.0
GO_Biological_Process_2023,Regulation Of Vascular Endothelial Growth Factor Signaling Pathway (GO:1900746),19,0,1.0,,1.0
GO_Biological_Process_2023,Regulation Of Vascular Endothelial Growth Factor Receptor Signaling Pathway (GO:0030947),22,0,1.0,,1.0
GO_Biological_Process_2023,Regulation Of Ventricular Cardiac Muscle Cell Membrane Repolarization (GO:0060307),17,0,1.0,,1.0
GO_Biological_Process_2023,Rescue Of Stalled Ribosome (GO:0072344),22,0,1.0,,1.0
GO_Biological_Process_2023,Regulation Of Vitamin D Biosynthetic Process (GO:0060556),5,0,1.0,,1.0
GO_Biological_Process_2023,Regulation Of Voltage-Gated Calcium Channel Activity (GO:1901385),29,0,1.0,,1.0
GO_Biological_Process_2023,Replication Fork Processing (GO:0031297),45,0,1.0,,1.0
GO_Biological_Process_2023,Renal Water Homeostasis (GO:0003091),14,0,1.0,,1.0
GO_Biological_Process_2023,Renal System Process Involved In Regulation Of Blood Volume (GO:0001977),5,0,1.0,,1.0
GO_Biological_Process_2023,O-glycan Processing (GO:0016266),41,0,1.0,,1.0
GO_Biological_Process_2023,Renal Filtration Cell Differentiation (GO:0061318),5,0,1.0,,1.0
GO_Biological_Process_2023,Renal Filtration (GO:0097205),12,0,1.0,,1.0
GO_Biological_Process_2023,Renal Absorption (GO:0070293),17,0,1.0,,1.0
GO_Biological_Process_2023,Regulation Of Vitamin D Receptor Signaling Pathway (GO:0070562),6,0,1.0,,1.0
GO_Biological_Process_2023,Removal Of Superoxide Radicals (GO:0019430),10,0,1.0,,1.0
GO_Biological_Process_2023,Release Of Sequestered Calcium Ion Into Cytosol By Endoplasmic Reticulum (GO:1903514),7,0,1.0,,1.0
GO_Biological_Process_2023,Release Of Sequestered Calcium Ion Into Cytosol (GO:0051209),39,0,1.0,,1.0
GO_Biological_Process_2023,Relaxation Of Muscle (GO:0090075),13,0,1.0,,1.0
GO_Biological_Process_2023,Relaxation Of Cardiac Muscle (GO:0055119),12,0,1.0,,1.0
GO_Biological_Process_2023,Regulatory ncRNA Processing (GO:0070918),35,0,1.0,,1.0
GO_Biological_Process_2023,Regulation Of Wound Healing (GO:0061041),46,1,0.13509044650794752,PTK2,1.0
GO_Biological_Process_2023,Regulation Of Voltage-Gated Sodium Channel Activity (GO:1905150),5,0,1.0,,1.0
GO_Biological_Process_2023,Release Of Sequestered Calcium Ion Into Cytosol By Sarcoplasmic Reticulum (GO:0014808),6,0,1.0,,1.0
GO_Biological_Process_2023,Response To Ethanol (GO:0045471),18,0,1.0,,1.0
GO_Biological_Process_2023,Response To Exogenous dsRNA (GO:0043330),35,0,1.0,,1.0
GO_Biological_Process_2023,Response To Fibroblast Growth Factor (GO:0071774),19,0,1.0,,1.0
GO_Biological_Process_2023,Response To Type I Interferon (GO:0034340),9,0,1.0,,1.0
GO_Biological_Process_2023,Response To Tumor Necrosis Factor (GO:0034612),105,0,1.0,,1.0
GO_Biological_Process_2023,Response To Transforming Growth Factor Beta (GO:0071559),38,0,1.0,,1.0
GO_Biological_Process_2023,Response To Testosterone (GO:0033574),5,0,1.0,,1.0
GO_Biological_Process_2023,Response To Sterol (GO:0036314),10,0,1.0,,1.0
GO_Biological_Process_2023,Response To Retinoic Acid (GO:0032526),60,0,1.0,,1.0
GO_Biological_Process_2023,Response To Reactive Oxygen Species (GO:0000302),64,0,1.0,,1.0
GO_Biological_Process_2023,Response To Type II Interferon (GO:0034341),77,0,1.0,,1.0
GO_Biological_Process_2023,Response To Purine-Containing Compound (GO:0014074),24,0,1.0,,1.0
GO_Biological_Process_2023,Response To Progesterone (GO:0032570),13,0,1.0,,1.0
GO_Biological_Process_2023,Response To Potassium Ion (GO:0035864),7,0,1.0,,1.0
GO_Biological_Process_2023,Response To Platelet-Derived Growth Factor (GO:0036119),9,0,1.0,,1.0
GO_Biological_Process_2023,Response To Peptidoglycan (GO:0032494),5,0,1.0,,1.0
GO_Biological_Process_2023,Response To Peptide Hormone (GO:0043434),55,0,1.0,,1.0
GO_Biological_Process_2023,Response To Peptide (GO:1901652),38,0,1.0,,1.0
GO_Biological_Process_2023,Response To Organonitrogen Compound (GO:0010243),47,0,1.0,,1.0
GO_Biological_Process_2023,Response To Prostaglandin E (GO:0034695),10,0,1.0,,1.0
GO_Biological_Process_2023,NADP Metabolic Process (GO:0006739),19,0,1.0,,1.0
GO_Biological_Process_2023,Response To Unfolded Protein (GO:0006986),43,0,1.0,,1.0
GO_Biological_Process_2023,Response To Vitamin D (GO:0033280),8,0,1.0,,1.0
GO_Biological_Process_2023,Ribonucleoprotein Complex Biogenesis (GO:0022613),113,1,0.3003448012447275,WDR36,1.0
GO_Biological_Process_2023,Reverse Cholesterol Transport (GO:0043691),16,0,1.0,,1.0
GO_Biological_Process_2023,Retrotransposon Silencing (GO:0010526),21,0,1.0,,1.0
GO_Biological_Process_2023,"Retrograde Vesicle-Mediated Transport, Golgi To Endoplasmic Reticulum (GO:0006890)",46,0,1.0,,1.0
GO_Biological_Process_2023,"Retrograde Transport, Vesicle Recycling Within Golgi (GO:0000301)",8,0,1.0,,1.0
GO_Biological_Process_2023,"Retrograde Transport, Endosome To Golgi (GO:0042147)",87,0,1.0,,1.0
GO_Biological_Process_2023,"Retrograde Protein Transport, ER To Cytosol (GO:0030970)",17,0,1.0,,1.0
GO_Biological_Process_2023,Response To Vitamin (GO:0033273),8,0,1.0,,1.0
GO_Biological_Process_2023,Retrograde Axonal Transport (GO:0008090),15,0,1.0,,1.0
GO_Biological_Process_2023,Retinoic Acid Receptor Signaling Pathway (GO:0048384),11,0,1.0,,1.0
GO_Biological_Process_2023,Retinal Rod Cell Differentiation (GO:0060221),6,0,1.0,,1.0
GO_Biological_Process_2023,Retinal Metabolic Process (GO:0042574),14,0,1.0,,1.0
GO_Biological_Process_2023,Retinal Ganglion Cell Axon Guidance (GO:0031290),5,0,1.0,,1.0
GO_Biological_Process_2023,Retina Homeostasis (GO:0001895),34,0,1.0,,1.0
GO_Biological_Process_2023,Reticulophagy (GO:0061709),16,0,1.0,,1.0
GO_Biological_Process_2023,Response To Zinc Ion (GO:0010043),24,0,1.0,,1.0
GO_Biological_Process_2023,Retinoid Metabolic Process (GO:0001523),38,0,1.0,,1.0
GO_Biological_Process_2023,Response To Nutrient Levels (GO:0031667),34,0,1.0,,1.0
GO_Biological_Process_2023,Response To Nitric Oxide (GO:0071731),11,0,1.0,,1.0
GO_Biological_Process_2023,Response To Nerve Growth Factor (GO:1990089),13,0,1.0,,1.0
GO_Biological_Process_2023,Response To Interferon-Beta (GO:0035456),29,0,1.0,,1.0
GO_Biological_Process_2023,Response To Interferon-Alpha (GO:0035455),17,0,1.0,,1.0
GO_Biological_Process_2023,Response To Insulin (GO:0032868),79,0,1.0,,1.0
GO_Biological_Process_2023,Response To Hydroxyurea (GO:0072710),9,0,1.0,,1.0
GO_Biological_Process_2023,Response To Hydroperoxide (GO:0033194),7,0,1.0,,1.0
GO_Biological_Process_2023,Response To Hydrogen Peroxide (GO:0042542),45,0,1.0,,1.0
GO_Biological_Process_2023,Response To Histamine (GO:0034776),9,0,1.0,,1.0
GO_Biological_Process_2023,Response To Interleukin-1 (GO:0070555),83,0,1.0,,1.0
GO_Biological_Process_2023,Response To Hexose (GO:0009746),24,0,1.0,,1.0
GO_Biological_Process_2023,Response To Heparin (GO:0071503),5,0,1.0,,1.0
GO_Biological_Process_2023,Response To Granulocyte Macrophage Colony-Stimulating Factor (GO:0097012),5,0,1.0,,1.0
GO_Biological_Process_2023,NLS-bearing Protein Import Into Nucleus (GO:0006607),13,0,1.0,,1.0
GO_Biological_Process_2023,Response To Glucose (GO:0009749),46,0,1.0,,1.0
GO_Biological_Process_2023,Response To Glucocorticoid (GO:0051384),26,0,1.0,,1.0
GO_Biological_Process_2023,Notch Receptor Processing (GO:0007220),7,0,1.0,,1.0
GO_Biological_Process_2023,Response To Forskolin (GO:1904321),10,0,1.0,,1.0
GO_Biological_Process_2023,Response To Hepatocyte Growth Factor (GO:0035728),5,0,1.0,,1.0
GO_Biological_Process_2023,Response To Interleukin-4 (GO:0070670),8,0,1.0,,1.0
GO_Biological_Process_2023,Response To Interleukin-6 (GO:0070741),11,0,1.0,,1.0
GO_Biological_Process_2023,Response To Iron Ion (GO:0010039),12,0,1.0,,1.0
GO_Biological_Process_2023,NADPH Regeneration (GO:0006740),12,0,1.0,,1.0
GO_Biological_Process_2023,Response To Muramyl Dipeptide (GO:0032495),12,0,1.0,,1.0
GO_Biological_Process_2023,Response To Molecule Of Bacterial Origin (GO:0002237),69,0,1.0,,1.0
GO_Biological_Process_2023,Response To Misfolded Protein (GO:0051788),8,0,1.0,,1.0
GO_Biological_Process_2023,Response To Metal Ion (GO:0010038),64,0,1.0,,1.0
GO_Biological_Process_2023,Response To Manganese Ion (GO:0010042),5,0,1.0,,1.0
GO_Biological_Process_2023,Response To Magnesium Ion (GO:0032026),8,0,1.0,,1.0
GO_Biological_Process_2023,Response To Lithium Ion (GO:0010226),5,0,1.0,,1.0
GO_Biological_Process_2023,Response To Lipoteichoic Acid (GO:0070391),5,0,1.0,,1.0
GO_Biological_Process_2023,Response To Lipopolysaccharide (GO:0032496),156,0,1.0,,1.0
GO_Biological_Process_2023,NIK/NF-kappaB Signaling (GO:0038061),32,0,1.0,,1.0
GO_Biological_Process_2023,Response To Light Stimulus (GO:0009416),56,0,1.0,,1.0
GO_Biological_Process_2023,Response To Leucine (GO:0043201),10,0,1.0,,1.0
GO_Biological_Process_2023,Response To Leptin (GO:0044321),8,0,1.0,,1.0
GO_Biological_Process_2023,Response To Lead Ion (GO:0010288),6,0,1.0,,1.0
GO_Biological_Process_2023,Response To Laminar Fluid Shear Stress (GO:0034616),9,0,1.0,,1.0
GO_Biological_Process_2023,Response To Ketone (GO:1901654),20,0,1.0,,1.0
GO_Biological_Process_2023,Regulation Of Vascular Endothelial Growth Factor Production (GO:0010574),26,0,1.0,,1.0
GO_Biological_Process_2023,Ribonucleoside Bisphosphate Catabolic Process (GO:0034031),8,0,1.0,,1.0
GO_Biological_Process_2023,Regulation Of Vascular Endothelial Cell Proliferation (GO:1905562),18,0,1.0,,1.0
GO_Biological_Process_2023,Regulation Of Vascular Associated Smooth Muscle Cell Migration (GO:1904752),12,0,1.0,,1.0
GO_Biological_Process_2023,Regulation Of Smooth Muscle Cell Proliferation (GO:0048660),54,1,0.15667891619008786,CTNNB1,1.0
GO_Biological_Process_2023,Regulation Of Smooth Muscle Cell Migration (GO:0014910),19,0,1.0,,1.0
GO_Biological_Process_2023,Regulation Of Smooth Muscle Cell Differentiation (GO:0051150),6,0,1.0,,1.0
GO_Biological_Process_2023,Regulation Of Smooth Muscle Cell Apoptotic Process (GO:0034391),10,0,1.0,,1.0
GO_Biological_Process_2023,Regulation Of Small Molecule Metabolic Process (GO:0062012),40,1,0.11854355482635615,EP300,1.0
GO_Biological_Process_2023,Regulation Of Small GTPase Mediated Signal Transduction (GO:0051056),116,0,1.0,,1.0
GO_Biological_Process_2023,RISC Complex Assembly (GO:0070922),8,0,1.0,,1.0
GO_Biological_Process_2023,Regulation Of Smooth Muscle Contraction (GO:0006940),20,0,1.0,,1.0
GO_Biological_Process_2023,Regulation Of Skeletal Muscle Fiber Development (GO:0048742),7,0,1.0,,1.0
GO_Biological_Process_2023,Regulation Of Skeletal Muscle Cell Differentiation (GO:2001014),8,0,1.0,,1.0
GO_Biological_Process_2023,Regulation Of Single Stranded Viral RNA Replication Via Double Stranded DNA Intermediate (GO:0045091),17,0,1.0,,1.0
GO_Biological_Process_2023,RNA 3'-End Processing (GO:0031123),37,1,0.11015383886927196,INTS6,1.0
GO_Biological_Process_2023,Regulation Of Signal Transduction (GO:0009966),190,0,1.0,,1.0
GO_Biological_Process_2023,Regulation Of Short-Term Neuronal Synaptic Plasticity (GO:0048172),13,0,1.0,,1.0
GO_Biological_Process_2023,Regulation Of Serine-Type Endopeptidase Activity (GO:1900003),5,0,1.0,,1.0
GO_Biological_Process_2023,Regulation Of Sequestering Of Triglyceride (GO:0010889),14,0,1.0,,1.0
GO_Biological_Process_2023,Regulation Of Skeletal Muscle Contraction (GO:0014819),6,0,1.0,,1.0
GO_Biological_Process_2023,Regulation Of Sequestering Of Calcium Ion (GO:0051282),8,0,1.0,,1.0
GO_Biological_Process_2023,Regulation Of Smoothened Signaling Pathway (GO:0008589),51,0,1.0,,1.0
GO_Biological_Process_2023,Regulation Of Sodium Ion Transmembrane Transporter Activity (GO:2000649),36,0,1.0,,1.0
GO_Biological_Process_2023,Regulation Of Stress-Activated Protein Kinase Signaling Cascade (GO:0070302),11,0,1.0,,1.0
GO_Biological_Process_2023,Regulation Of Stress-Activated MAPK Cascade (GO:0032872),51,1,0.14864602149802708,MYC,1.0
GO_Biological_Process_2023,Regulation Of Stress Granule Assembly (GO:0062028),5,0,1.0,,1.0
GO_Biological_Process_2023,Regulation Of Stress Fiber Assembly (GO:0051492),74,1,0.2083601115138114,FERMT2,1.0
GO_Biological_Process_2023,Regulation Of Store-Operated Calcium Entry (GO:2001256),9,0,1.0,,1.0
GO_Biological_Process_2023,Regulation Of Sterol Biosynthetic Process (GO:0106118),8,0,1.0,,1.0
GO_Biological_Process_2023,Regulation Of Steroid Metabolic Process (GO:0019218),21,0,1.0,,1.0
GO_Biological_Process_2023,Regulation Of Sodium Ion Transmembrane Transport (GO:1902305),27,0,1.0,,1.0
GO_Biological_Process_2023,Regulation Of Steroid Biosynthetic Process (GO:0050810),16,0,1.0,,1.0
GO_Biological_Process_2023,Regulation Of Stem Cell Population Maintenance (GO:2000036),56,1,0.16199274884581716,MYC,1.0
GO_Biological_Process_2023,Regulation Of Stem Cell Division (GO:2000035),7,0,1.0,,1.0
GO_Biological_Process_2023,Regulation Of Stem Cell Differentiation (GO:2000736),45,0,1.0,,1.0
GO_Biological_Process_2023,Regulation Of Sprouting Angiogenesis (GO:1903670),33,0,1.0,,1.0
GO_Biological_Process_2023,Regulation Of Spindle Organization (GO:0090224),19,0,1.0,,1.0
GO_Biological_Process_2023,Regulation Of Spindle Assembly (GO:0090169),26,0,1.0,,1.0
GO_Biological_Process_2023,Regulation Of Sodium Ion Transport (GO:0002028),35,0,1.0,,1.0
GO_Biological_Process_2023,Regulation Of Stem Cell Proliferation (GO:0072091),16,0,1.0,,1.0
GO_Biological_Process_2023,Regulation Of Striated Muscle Cell Differentiation (GO:0051153),6,0,1.0,,1.0
GO_Biological_Process_2023,Regulation Of Sensory Perception Of Pain (GO:0051930),14,0,1.0,,1.0
GO_Biological_Process_2023,Regulation Of Secretion By Cell (GO:1903530),61,0,1.0,,1.0
GO_Biological_Process_2023,Regulation Of Respiratory System Process (GO:0044065),6,0,1.0,,1.0
GO_Biological_Process_2023,Regulation Of Respiratory Gaseous Exchange (GO:0043576),6,0,1.0,,1.0
GO_Biological_Process_2023,Regulation Of Respiratory Burst (GO:0060263),8,0,1.0,,1.0
GO_Biological_Process_2023,Regulation Of Renal Sodium Excretion (GO:0035813),5,0,1.0,,1.0
GO_Biological_Process_2023,Regulation Of Release Of Sequestered Calcium Ion Into Cytosol By Sarcoplasmic Reticulum (GO:0010880),22,0,1.0,,1.0
GO_Biological_Process_2023,Regulation Of Release Of Sequestered Calcium Ion Into Cytosol (GO:0051279),51,0,1.0,,1.0
GO_Biological_Process_2023,Regulation Of Release Of Cytochrome C From Mitochondria (GO:0090199),41,1,0.1213228140718072,BCL2L1,1.0
GO_Biological_Process_2023,Regulation Of Response To Biotic Stimulus (GO:0002831),31,0,1.0,,1.0
GO_Biological_Process_2023,Regulation Of Relaxation Of Muscle (GO:1901077),6,0,1.0,,1.0
GO_Biological_Process_2023,Regulation Of Regulatory T Cell Differentiation (GO:0045589),22,0,1.0,,1.0
GO_Biological_Process_2023,Regulation Of Regulated Secretory Pathway (GO:1903305),34,0,1.0,,1.0
GO_Biological_Process_2023,Regulation Of Receptor-Mediated Endocytosis (GO:0048259),39,0,1.0,,1.0
GO_Biological_Process_2023,Regulation Of Receptor Signaling Pathway Via STAT (GO:1904892),16,0,1.0,,1.0
GO_Biological_Process_2023,Regulation Of Receptor Signaling Pathway Via JAK-STAT (GO:0046425),50,1,0.1459517163333458,EP300,1.0
GO_Biological_Process_2023,Regulation Of Receptor Recycling (GO:0001919),16,0,1.0,,1.0
GO_Biological_Process_2023,Regulation Of Receptor Internalization (GO:0002090),36,0,1.0,,1.0
GO_Biological_Process_2023,Regulation Of Relaxation Of Cardiac Muscle (GO:1901897),5,0,1.0,,1.0
GO_Biological_Process_2023,Regulation Of Sensory Perception (GO:0051931),12,0,1.0,,1.0
GO_Biological_Process_2023,Regulation Of Response To Cytokine Stimulus (GO:0060759),16,0,1.0,,1.0
GO_Biological_Process_2023,Regulation Of Response To External Stimulus (GO:0032101),125,0,1.0,,1.0
GO_Biological_Process_2023,Regulation Of Secretion (GO:0051046),16,0,1.0,,1.0
GO_Biological_Process_2023,Regulation Of Sarcomere Organization (GO:0060297),5,0,1.0,,1.0
GO_Biological_Process_2023,Regulation Of Saliva Secretion (GO:0046877),6,0,1.0,,1.0
GO_Biological_Process_2023,Regulation Of Ryanodine-Sensitive Calcium-Release Channel Activity (GO:0060314),24,0,1.0,,1.0
GO_Biological_Process_2023,Regulation Of Ruffle Assembly (GO:1900027),23,0,1.0,,1.0
GO_Biological_Process_2023,Regulation Of Ribonucleoprotein Complex Localization (GO:2000197),5,0,1.0,,1.0
GO_Biological_Process_2023,Regulation Of Ribonuclease Activity (GO:0060700),5,0,1.0,,1.0
GO_Biological_Process_2023,Regulation Of Response To Endoplasmic Reticulum Stress (GO:1905897),13,0,1.0,,1.0
GO_Biological_Process_2023,Regulation Of Rhodopsin Mediated Signaling Pathway (GO:0022400),8,0,1.0,,1.0
GO_Biological_Process_2023,"Regulation Of Retrograde Protein Transport, ER To Cytosol (GO:1904152)",12,0,1.0,,1.0
GO_Biological_Process_2023,Regulation Of Retinoic Acid Receptor Signaling Pathway (GO:0048385),12,0,1.0,,1.0
GO_Biological_Process_2023,Regulation Of Retinal Ganglion Cell Axon Guidance (GO:0090259),5,0,1.0,,1.0
GO_Biological_Process_2023,Regulation Of Resting Membrane Potential (GO:0060075),5,0,1.0,,1.0
GO_Biological_Process_2023,Regulation Of Response To Wounding (GO:1903034),7,0,1.0,,1.0
GO_Biological_Process_2023,Regulation Of Response To Stress (GO:0080134),13,0,1.0,,1.0
GO_Biological_Process_2023,Regulation Of Response To Oxidative Stress (GO:1902882),11,0,1.0,,1.0
GO_Biological_Process_2023,"Regulation Of Retrograde Transport, Endosome To Golgi (GO:1905279)",5,0,1.0,,1.0
GO_Biological_Process_2023,Regulation Of Striated Muscle Contraction (GO:0006942),28,0,1.0,,1.0
GO_Biological_Process_2023,Regulation Of Striated Muscle Tissue Development (GO:0016202),6,0,1.0,,1.0
GO_Biological_Process_2023,RIG-I Signaling Pathway (GO:0039529),6,0,1.0,,1.0
GO_Biological_Process_2023,Regulation Of Triglyceride Metabolic Process (GO:0090207),7,0,1.0,,1.0
GO_Biological_Process_2023,Regulation Of Triglyceride Catabolic Process (GO:0010896),10,0,1.0,,1.0
GO_Biological_Process_2023,Regulation Of Triglyceride Biosynthetic Process (GO:0010866),16,0,1.0,,1.0
GO_Biological_Process_2023,Regulation Of Transposition (GO:0010528),14,0,1.0,,1.0
GO_Biological_Process_2023,Regulation Of Transport (GO:0051049),44,0,1.0,,1.0
GO_Biological_Process_2023,Regulation Of Transmission Of Nerve Impulse (GO:0051969),5,0,1.0,,1.0
GO_Biological_Process_2023,Regulation Of Transmembrane Transporter Activity (GO:0022898),9,0,1.0,,1.0
GO_Biological_Process_2023,Regulation Of Trophoblast Cell Migration (GO:1901163),13,0,1.0,,1.0
GO_Biological_Process_2023,Regulation Of Transmembrane Transport (GO:0034762),31,0,1.0,,1.0
GO_Biological_Process_2023,Regulation Of Translational Termination (GO:0006449),6,0,1.0,,1.0
GO_Biological_Process_2023,Regulation Of Translational Initiation (GO:0006446),60,0,1.0,,1.0
GO_Biological_Process_2023,Regulation Of Translation In Response To Endoplasmic Reticulum Stress (GO:0036490),5,0,1.0,,1.0
GO_Biological_Process_2023,Regulation Of Translation (GO:0006417),200,2,0.13073195698914875,DHFR;TYMS,1.0
GO_Biological_Process_2023,Regulation Of Transforming Growth Factor Beta2 Production (GO:0032909),6,0,1.0,,1.0
GO_Biological_Process_2023,Regulation Of Transforming Growth Factor Beta1 Production (GO:0032908),6,0,1.0,,1.0
GO_Biological_Process_2023,Regulation Of Transforming Growth Factor Beta Receptor Signaling Pathway (GO:0017015),109,1,0.29141617534256287,EP300,1.0
GO_Biological_Process_2023,Regulation Of Transmembrane Receptor Protein Serine/Threonine Kinase Signaling Pathway (GO:0090092),31,0,1.0,,1.0
GO_Biological_Process_2023,Regulation Of Transforming Growth Factor Beta Production (GO:0071634),16,0,1.0,,1.0
GO_Biological_Process_2023,Regulation Of Tube Diameter (GO:0035296),12,0,1.0,,1.0
GO_Biological_Process_2023,Regulation Of Tumor Necrosis Factor Superfamily Cytokine Production (GO:1903555),8,0,1.0,,1.0
GO_Biological_Process_2023,Regulation Of Vascular Associated Smooth Muscle Cell Differentiation (GO:1905063),6,0,1.0,,1.0
GO_Biological_Process_2023,Regulation Of Vascular Associated Smooth Muscle Cell Apoptotic Process (GO:1905459),6,0,1.0,,1.0
GO_Biological_Process_2023,Regulation Of Vacuole Organization (GO:0044088),16,0,1.0,,1.0
GO_Biological_Process_2023,Regulation Of Urine Volume (GO:0035809),8,0,1.0,,1.0
GO_Biological_Process_2023,Regulation Of Ubiquitin-Protein Transferase Activity (GO:0051438),31,0,1.0,,1.0
GO_Biological_Process_2023,Regulation Of Ubiquitin-Dependent Protein Catabolic Process (GO:2000058),42,1,0.12409346084705099,PTK2,1.0
GO_Biological_Process_2023,Regulation Of Ubiquitin Protein Ligase Activity (GO:1904666),17,0,1.0,,1.0
GO_Biological_Process_2023,Regulation Of Tumor Necrosis Factor Production (GO:0032680),125,0,1.0,,1.0
GO_Biological_Process_2023,Regulation Of Tyrosine Phosphorylation Of STAT Protein (GO:0042509),64,0,1.0,,1.0
GO_Biological_Process_2023,Regulation Of Type II Interferon Production (GO:0032649),87,0,1.0,,1.0
GO_Biological_Process_2023,Regulation Of Type I Interferon-Mediated Signaling Pathway (GO:0060338),33,0,1.0,,1.0
GO_Biological_Process_2023,Regulation Of Type I Interferon Production (GO:0032479),59,0,1.0,,1.0
GO_Biological_Process_2023,Regulation Of Type B Pancreatic Cell Proliferation (GO:0061469),5,0,1.0,,1.0
GO_Biological_Process_2023,Regulation Of Type B Pancreatic Cell Development (GO:2000074),7,0,1.0,,1.0
GO_Biological_Process_2023,Regulation Of Type 2 Immune Response (GO:0002828),5,0,1.0,,1.0
GO_Biological_Process_2023,Regulation Of Tumor Necrosis Factor-Mediated Signaling Pathway (GO:0010803),45,0,1.0,,1.0
GO_Biological_Process_2023,Regulation Of Type II Interferon-Mediated Signaling Pathway (GO:0060334),11,0,1.0,,1.0
GO_Biological_Process_2023,Regulation Of Transforming Growth Factor Beta Activation (GO:1901388),7,0,1.0,,1.0
GO_Biological_Process_2023,Regulation Of Transferase Activity (GO:0051338),20,0,1.0,,1.0
GO_Biological_Process_2023,Regulation Of Transcription Regulatory Region DNA Binding (GO:2000677),27,0,1.0,,1.0
GO_Biological_Process_2023,PERK-mediated Unfolded Protein Response (GO:0036499),5,0,1.0,,1.0
GO_Biological_Process_2023,Regulation Of Telomerase RNA Localization To Cajal Body (GO:1904872),17,0,1.0,,1.0
GO_Biological_Process_2023,Regulation Of Tau-Protein Kinase Activity (GO:1902947),9,0,1.0,,1.0
GO_Biological_Process_2023,Regulation Of Systemic Arterial Blood Pressure By Renin-Angiotensin (GO:0003081),6,0,1.0,,1.0
GO_Biological_Process_2023,Regulation Of Systemic Arterial Blood Pressure By Hormone (GO:0001990),15,0,1.0,,1.0
GO_Biological_Process_2023,Regulation Of Systemic Arterial Blood Pressure (GO:0003073),15,0,1.0,,1.0
GO_Biological_Process_2023,Regulation Of System Process (GO:0044057),5,0,1.0,,1.0
GO_Biological_Process_2023,Regulation Of Telomere Capping (GO:1904353),22,0,1.0,,1.0
GO_Biological_Process_2023,Regulation Of Synaptic Vesicle Exocytosis (GO:2000300),17,0,1.0,,1.0
GO_Biological_Process_2023,"Regulation Of Synaptic Transmission, GABAergic (GO:0032228)",16,0,1.0,,1.0
GO_Biological_Process_2023,Regulation Of Synapse Organization (GO:0050807),25,0,1.0,,1.0
GO_Biological_Process_2023,Regulation Of Synapse Maturation (GO:0090128),10,0,1.0,,1.0
GO_Biological_Process_2023,Regulation Of Synapse Assembly (GO:0051963),49,0,1.0,,1.0
GO_Biological_Process_2023,Regulation Of Supramolecular Fiber Organization (GO:1902903),23,0,1.0,,1.0
GO_Biological_Process_2023,R-loop Processing (GO:0062176),5,0,1.0,,1.0
GO_Biological_Process_2023,Regulation Of Superoxide Anion Generation (GO:0032928),14,0,1.0,,1.0
GO_Biological_Process_2023,"Regulation Of Synaptic Transmission, Glutamatergic (GO:0051966)",54,0,1.0,,1.0
GO_Biological_Process_2023,Regulation Of Telomere Maintenance (GO:0032204),38,1,0.11295909364400733,MYC,1.0
GO_Biological_Process_2023,Regulation Of Telomere Maintenance In Response To DNA Damage (GO:1904505),15,0,1.0,,1.0
GO_Biological_Process_2023,Regulation Of Telomere Maintenance Via Telomerase (GO:0032210),51,1,0.14864602149802708,CTNNB1,1.0
GO_Biological_Process_2023,Regulation Of Transcription Of Nucleolar Large rRNA By RNA Polymerase I (GO:1901836),13,0,1.0,,1.0
GO_Biological_Process_2023,Regulation Of Transcription Involved In G1/S Transition Of Mitotic Cell Cycle (GO:0000083),19,0,1.0,,1.0
GO_Biological_Process_2023,P-body Assembly (GO:0033962),11,0,1.0,,1.0
GO_Biological_Process_2023,Regulation Of Transcription From RNA Polymerase II Promoter In Response To Stress (GO:0043618),12,0,1.0,,1.0
GO_Biological_Process_2023,Regulation Of Transcription From RNA Polymerase II Promoter In Response To Hypoxia (GO:0061418),7,0,1.0,,1.0
GO_Biological_Process_2023,Regulation Of Transcription By RNA Polymerase III (GO:0006359),26,0,1.0,,1.0
GO_Biological_Process_2023,Regulation Of Transcription By RNA Polymerase I (GO:0006356),31,0,1.0,,1.0
GO_Biological_Process_2023,Regulation Of Trans-Synaptic Signaling (GO:0099177),35,0,1.0,,1.0
GO_Biological_Process_2023,Regulation Of Toll-Like Receptor Signaling Pathway (GO:0034121),20,0,1.0,,1.0
GO_Biological_Process_2023,Regulation Of Toll-Like Receptor 9 Signaling Pathway (GO:0034163),10,0,1.0,,1.0
GO_Biological_Process_2023,Regulation Of Toll-Like Receptor 7 Signaling Pathway (GO:0034155),6,0,1.0,,1.0
GO_Biological_Process_2023,Regulation Of Toll-Like Receptor 4 Signaling Pathway (GO:0034143),23,0,1.0,,1.0
GO_Biological_Process_2023,Regulation Of Toll-Like Receptor 3 Signaling Pathway (GO:0034139),8,0,1.0,,1.0
GO_Biological_Process_2023,Regulation Of Toll-Like Receptor 2 Signaling Pathway (GO:0034135),10,0,1.0,,1.0
GO_Biological_Process_2023,Regulation Of Tissue Remodeling (GO:0034103),19,0,1.0,,1.0
GO_Biological_Process_2023,Regulation Of Thymocyte Apoptotic Process (GO:0070243),5,0,1.0,,1.0
GO_Biological_Process_2023,Regulation Of Telomere Maintenance Via Telomere Lengthening (GO:1904356),16,0,1.0,,1.0
GO_Biological_Process_2023,Regulation Of Vascular Associated Smooth Muscle Cell Proliferation (GO:1904705),37,0,1.0,,1.0
GO_Biological_Process_2023,Positive Regulation Of Heart Rate (GO:0010460),17,0,1.0,,1.0
GO_Biological_Process_2023,Positive Regulation Of Double-Strand Break Repair Via Homologous Recombination (GO:1905168),36,0,1.0,,1.0
GO_Biological_Process_2023,Positive Regulation Of Growth Hormone Secretion (GO:0060124),5,0,1.0,,1.0
GO_Biological_Process_2023,Hair Cell Differentiation (GO:0035315),7,0,1.0,,1.0
GO_Biological_Process_2023,Guanine Nucleotide Transmembrane Transport (GO:1903790),5,0,1.0,,1.0
GO_Biological_Process_2023,Growth Hormone Receptor Signaling Pathway Via JAK-STAT (GO:0060397),7,0,1.0,,1.0
GO_Biological_Process_2023,Granulocyte Migration (GO:0097530),9,0,1.0,,1.0
GO_Biological_Process_2023,Granulocyte Differentiation (GO:0030851),12,0,1.0,,1.0
GO_Biological_Process_2023,Granulocyte Chemotaxis (GO:0071621),70,0,1.0,,1.0
GO_Biological_Process_2023,Granulocyte Activation (GO:0036230),12,0,1.0,,1.0
GO_Biological_Process_2023,Heart Contraction (GO:0060047),41,0,1.0,,1.0
GO_Biological_Process_2023,Gonad Development (GO:0008406),51,0,1.0,,1.0
GO_Biological_Process_2023,Glycosylceramide Biosynthetic Process (GO:0046476),6,0,1.0,,1.0
GO_Biological_Process_2023,Glycosyl Compound Biosynthetic Process (GO:1901659),5,0,1.0,,1.0
GO_Biological_Process_2023,Glycosphingolipid Metabolic Process (GO:0006687),31,0,1.0,,1.0
GO_Biological_Process_2023,Glycosphingolipid Catabolic Process (GO:0046479),9,0,1.0,,1.0
GO_Biological_Process_2023,Glycosphingolipid Biosynthetic Process (GO:0006688),19,0,1.0,,1.0
GO_Biological_Process_2023,Glycoside Catabolic Process (GO:0016139),6,0,1.0,,1.0
GO_Biological_Process_2023,Glycosaminoglycan Metabolic Process (GO:0030203),28,0,1.0,,1.0
GO_Biological_Process_2023,Glyoxylate Metabolic Process (GO:0046487),5,0,1.0,,1.0
GO_Biological_Process_2023,Glycosaminoglycan Catabolic Process (GO:0006027),15,0,1.0,,1.0
GO_Biological_Process_2023,Heart Development (GO:0007507),165,1,0.4068273915352813,PTK2,1.0
GO_Biological_Process_2023,Heart Morphogenesis (GO:0003007),59,1,0.16990185577332714,PTK2,1.0
GO_Biological_Process_2023,Hepaticobiliary System Development (GO:0061008),23,0,1.0,,1.0
GO_Biological_Process_2023,Heparan Sulfate Proteoglycan Metabolic Process (GO:0030201),13,0,1.0,,1.0
GO_Biological_Process_2023,Heparan Sulfate Proteoglycan Catabolic Process (GO:0030200),5,0,1.0,,1.0
GO_Biological_Process_2023,"Heparan Sulfate Proteoglycan Biosynthetic Process, Polysaccharide Chain Biosynthetic Process (GO:0015014)",7,0,1.0,,1.0
GO_Biological_Process_2023,"Heparan Sulfate Proteoglycan Biosynthetic Process, Enzymatic Modification (GO:0015015)",10,0,1.0,,1.0
GO_Biological_Process_2023,Heparan Sulfate Proteoglycan Biosynthetic Process (GO:0015012),23,0,1.0,,1.0
GO_Biological_Process_2023,Hemostasis (GO:0007599),6,0,1.0,,1.0
GO_Biological_Process_2023,Heart Looping (GO:0001947),37,0,1.0,,1.0
GO_Biological_Process_2023,Hemopoiesis (GO:0030097),101,1,0.2732216850522336,MYB,1.0
GO_Biological_Process_2023,Heme Catabolic Process (GO:0042167),10,0,1.0,,1.0
GO_Biological_Process_2023,Hematopoietic Stem Cell Proliferation (GO:0071425),10,0,1.0,,1.0
GO_Biological_Process_2023,Hematopoietic Stem Cell Differentiation (GO:0060218),9,0,1.0,,1.0
GO_Biological_Process_2023,Hematopoietic Progenitor Cell Differentiation (GO:0002244),28,0,1.0,,1.0
GO_Biological_Process_2023,Heart Trabecula Morphogenesis (GO:0061384),18,0,1.0,,1.0
GO_Biological_Process_2023,Heart Trabecula Formation (GO:0060347),6,0,1.0,,1.0
GO_Biological_Process_2023,Heart Process (GO:0003015),16,0,1.0,,1.0
GO_Biological_Process_2023,Heme Transport (GO:0015886),5,0,1.0,,1.0
GO_Biological_Process_2023,Glycosaminoglycan Biosynthetic Process (GO:0006024),58,0,1.0,,1.0
GO_Biological_Process_2023,Glycoprotein Metabolic Process (GO:0009100),53,0,1.0,,1.0
GO_Biological_Process_2023,Glycoprotein Catabolic Process (GO:0006516),16,0,1.0,,1.0
GO_Biological_Process_2023,Glutamine Transport (GO:0006868),8,0,1.0,,1.0
GO_Biological_Process_2023,Glutamine Metabolic Process (GO:0006541),13,0,1.0,,1.0
GO_Biological_Process_2023,Acylglycerol Biosynthetic Process (GO:0046463),22,0,1.0,,1.0
GO_Biological_Process_2023,Glutamine Family Amino Acid Catabolic Process (GO:0009065),14,0,1.0,,1.0
GO_Biological_Process_2023,Glutamine Family Amino Acid Biosynthetic Process (GO:0009084),11,0,1.0,,1.0
GO_Biological_Process_2023,Glutamate Receptor Signaling Pathway (GO:0007215),35,0,1.0,,1.0
GO_Biological_Process_2023,Glutamate Catabolic Process (GO:0006538),5,0,1.0,,1.0
GO_Biological_Process_2023,Glutathione Biosynthetic Process (GO:0006750),6,0,1.0,,1.0
GO_Biological_Process_2023,Glucuronate Metabolic Process (GO:0019585),14,0,1.0,,1.0
GO_Biological_Process_2023,Glucose Metabolic Process (GO:0006006),58,0,1.0,,1.0
GO_Biological_Process_2023,Glucose Import (GO:0046323),12,0,1.0,,1.0
GO_Biological_Process_2023,Glucose Homeostasis (GO:0042593),87,0,1.0,,1.0
GO_Biological_Process_2023,Glucose 6-Phosphate Metabolic Process (GO:0051156),18,0,1.0,,1.0
GO_Biological_Process_2023,Glucosamine-Containing Compound Metabolic Process (GO:1901071),14,0,1.0,,1.0
GO_Biological_Process_2023,Glucosamine-Containing Compound Catabolic Process (GO:1901072),8,0,1.0,,1.0
GO_Biological_Process_2023,Gluconeogenesis (GO:0006094),31,0,1.0,,1.0
GO_Biological_Process_2023,Glucose Transmembrane Transport (GO:1904659),22,0,1.0,,1.0
GO_Biological_Process_2023,Glutathione Catabolic Process (GO:0006751),5,0,1.0,,1.0
GO_Biological_Process_2023,Glycerol Ether Biosynthetic Process (GO:0046504),5,0,1.0,,1.0
GO_Biological_Process_2023,Glycerol Metabolic Process (GO:0006071),10,0,1.0,,1.0
GO_Biological_Process_2023,Glycoprotein Biosynthetic Process (GO:0009101),77,0,1.0,,1.0
GO_Biological_Process_2023,Glycolytic Process (GO:0006096),29,0,1.0,,1.0
GO_Biological_Process_2023,Glycolipid Transport (GO:0046836),5,0,1.0,,1.0
GO_Biological_Process_2023,Glycolipid Metabolic Process (GO:0006664),32,0,1.0,,1.0
GO_Biological_Process_2023,Glycolipid Biosynthetic Process (GO:0009247),43,0,1.0,,1.0
GO_Biological_Process_2023,Glycogen Metabolic Process (GO:0005977),19,0,1.0,,1.0
GO_Biological_Process_2023,Glycogen Catabolic Process (GO:0005980),6,0,1.0,,1.0
GO_Biological_Process_2023,Glycogen Biosynthetic Process (GO:0005978),9,0,1.0,,1.0
GO_Biological_Process_2023,Glycine Transport (GO:0015816),10,0,1.0,,1.0
GO_Biological_Process_2023,Glycine Metabolic Process (GO:0006544),7,0,1.0,,1.0
GO_Biological_Process_2023,Glycerophospholipid Metabolic Process (GO:0006650),61,0,1.0,,1.0
GO_Biological_Process_2023,Glycerophospholipid Catabolic Process (GO:0046475),25,0,1.0,,1.0
GO_Biological_Process_2023,Glycerophospholipid Biosynthetic Process (GO:0046474),108,0,1.0,,1.0
GO_Biological_Process_2023,Glycerolipid Metabolic Process (GO:0046486),9,0,1.0,,1.0
GO_Biological_Process_2023,Glycerolipid Catabolic Process (GO:0046503),18,0,1.0,,1.0
GO_Biological_Process_2023,Glycerol-3-Phosphate Metabolic Process (GO:0006072),5,0,1.0,,1.0
GO_Biological_Process_2023,Glycerol Transmembrane Transport (GO:0015793),7,0,1.0,,1.0
GO_Biological_Process_2023,Hepatocyte Differentiation (GO:0070365),5,0,1.0,,1.0
GO_Biological_Process_2023,Glucocorticoid Metabolic Process (GO:0008211),7,0,1.0,,1.0
GO_Biological_Process_2023,Hepatocyte Growth Factor Receptor Signaling Pathway (GO:0048012),6,0,1.0,,1.0
GO_Biological_Process_2023,Hepoxilin Metabolic Process (GO:0051121),7,0,1.0,,1.0
GO_Biological_Process_2023,Hyperosmotic Response (GO:0006972),7,0,1.0,,1.0
GO_Biological_Process_2023,Hydrogen Peroxide Catabolic Process (GO:0042744),17,0,1.0,,1.0
GO_Biological_Process_2023,Hydrogen Peroxide Biosynthetic Process (GO:0050665),5,0,1.0,,1.0
GO_Biological_Process_2023,Hyaluronan Metabolic Process (GO:0030212),14,0,1.0,,1.0
GO_Biological_Process_2023,Hyaluronan Catabolic Process (GO:0030214),8,0,1.0,,1.0
GO_Biological_Process_2023,Hyaluronan Biosynthetic Process (GO:0030213),6,0,1.0,,1.0
GO_Biological_Process_2023,Humoral Immune Response Mediated By Circulating Immunoglobulin (GO:0002455),5,0,1.0,,1.0
GO_Biological_Process_2023,Hypotonic Response (GO:0006971),6,0,1.0,,1.0
GO_Biological_Process_2023,Hormone Transport (GO:0009914),9,0,1.0,,1.0
GO_Biological_Process_2023,Homophilic Cell Adhesion Via Plasma Membrane Adhesion Molecules (GO:0007156),60,0,1.0,,1.0
GO_Biological_Process_2023,Homologous Recombination (GO:0035825),9,0,1.0,,1.0
GO_Biological_Process_2023,Homologous Chromosome Segregation (GO:0045143),20,0,1.0,,1.0
GO_Biological_Process_2023,Homologous Chromosome Pairing At Meiosis (GO:0007129),28,0,1.0,,1.0
GO_Biological_Process_2023,Homocysteine Metabolic Process (GO:0050667),9,0,1.0,,1.0
GO_Biological_Process_2023,Histone Ubiquitination (GO:0016574),9,0,1.0,,1.0
GO_Biological_Process_2023,Histone Monoubiquitination (GO:0010390),12,0,1.0,,1.0
GO_Biological_Process_2023,Homotypic Cell-Cell Adhesion (GO:0034109),46,0,1.0,,1.0
GO_Biological_Process_2023,Histone Modification (GO:0016570),80,1,0.2232482523561444,EP300,1.0
GO_Biological_Process_2023,Icosanoid Biosynthetic Process (GO:0046456),18,0,1.0,,1.0
GO_Biological_Process_2023,Icosanoid Secretion (GO:0032309),12,0,1.0,,1.0
GO_Biological_Process_2023,Inflammatory Response To Wounding (GO:0090594),5,0,1.0,,1.0
GO_Biological_Process_2023,Inflammatory Response (GO:0006954),233,0,1.0,,1.0
GO_Biological_Process_2023,Induction Of Positive Chemotaxis (GO:0050930),10,0,1.0,,1.0
GO_Biological_Process_2023,Induction Of Bacterial Agglutination (GO:0043152),5,0,1.0,,1.0
GO_Biological_Process_2023,Inclusion Body Assembly (GO:0070841),5,0,1.0,,1.0
GO_Biological_Process_2023,In Utero Embryonic Development (GO:0001701),27,0,1.0,,1.0
GO_Biological_Process_2023,Import Into Nucleus (GO:0051170),73,1,0.20585163721681649,CDAN1,1.0
GO_Biological_Process_2023,Icosanoid Metabolic Process (GO:0006690),50,0,1.0,,1.0
GO_Biological_Process_2023,Import Into Cell (GO:0098657),38,0,1.0,,1.0
GO_Biological_Process_2023,Immunoglobulin Production Involved In Immunoglobulin-Mediated Immune Response (GO:0002381),17,0,1.0,,1.0
GO_Biological_Process_2023,Immunoglobulin Mediated Immune Response (GO:0016064),28,0,1.0,,1.0
GO_Biological_Process_2023,Immunoglobulin V(D)J Recombination (GO:0033152),5,0,1.0,,1.0
GO_Biological_Process_2023,Immune Response-Regulating Cell Surface Receptor Signaling Pathway (GO:0002768),13,0,1.0,,1.0
GO_Biological_Process_2023,Immune Response-Inhibiting Cell Surface Receptor Signaling Pathway (GO:0002767),8,0,1.0,,1.0
GO_Biological_Process_2023,Immune Response-Activating Cell Surface Receptor Signaling Pathway (GO:0002429),22,0,1.0,,1.0
GO_Biological_Process_2023,Icosanoid Transport (GO:0071715),14,0,1.0,,1.0
GO_Biological_Process_2023,Immunological Synapse Formation (GO:0001771),7,0,1.0,,1.0
GO_Biological_Process_2023,Histone Methylation (GO:0016571),9,0,1.0,,1.0
GO_Biological_Process_2023,Histone mRNA Metabolic Process (GO:0008334),23,0,1.0,,1.0
GO_Biological_Process_2023,Histone mRNA Catabolic Process (GO:0071044),14,0,1.0,,1.0
GO_Biological_Process_2023,Histamine Metabolic Process (GO:0001692),5,0,1.0,,1.0
GO_Biological_Process_2023,Hippo Signaling (GO:0035329),17,0,1.0,,1.0
GO_Biological_Process_2023,Hindlimb Morphogenesis (GO:0035137),6,0,1.0,,1.0
GO_Biological_Process_2023,High-Density Lipoprotein Particle Remodeling (GO:0034375),15,0,1.0,,1.0
GO_Biological_Process_2023,High-Density Lipoprotein Particle Assembly (GO:0034380),9,0,1.0,,1.0
GO_Biological_Process_2023,Hexose Transmembrane Transport (GO:0008645),22,0,1.0,,1.0
GO_Biological_Process_2023,Hexose Metabolic Process (GO:0019318),44,0,1.0,,1.0
GO_Biological_Process_2023,Histidine Catabolic Process (GO:0006548),6,0,1.0,,1.0
GO_Biological_Process_2023,Hexose Import Across Plasma Membrane (GO:0140271),5,0,1.0,,1.0
GO_Biological_Process_2023,Hexose Biosynthetic Process (GO:0019319),34,0,1.0,,1.0
GO_Biological_Process_2023,Heterotypic Cell-Cell Adhesion (GO:0034113),29,0,1.0,,1.0
GO_Biological_Process_2023,Heterophilic Cell-Cell Adhesion Via Plasma Membrane Cell Adhesion Molecules (GO:0007157),49,0,1.0,,1.0
GO_Biological_Process_2023,Heterocycle Catabolic Process (GO:0046700),5,0,1.0,,1.0
GO_Biological_Process_2023,Heterocycle Biosynthetic Process (GO:0018130),11,0,1.0,,1.0
GO_Biological_Process_2023,Heterochromatin Organization (GO:0070828),38,0,1.0,,1.0
GO_Biological_Process_2023,Heterochromatin Formation (GO:0031507),29,0,1.0,,1.0
GO_Biological_Process_2023,Hexose Catabolic Process (GO:0019320),5,0,1.0,,1.0
GO_Biological_Process_2023,Histidine Metabolic Process (GO:0006547),6,0,1.0,,1.0
GO_Biological_Process_2023,Histone H2A K63-linked Deubiquitination (GO:0070537),7,0,1.0,,1.0
GO_Biological_Process_2023,Histone H2A Acetylation (GO:0043968),20,0,1.0,,1.0
GO_Biological_Process_2023,Histone Lysine Methylation (GO:0034968),32,0,1.0,,1.0
GO_Biological_Process_2023,Histone Lysine Demethylation (GO:0070076),7,0,1.0,,1.0
GO_Biological_Process_2023,Histone Deubiquitination (GO:0016578),34,0,1.0,,1.0
GO_Biological_Process_2023,Histone Deacetylation (GO:0016575),35,0,1.0,,1.0
GO_Biological_Process_2023,Histone Arginine Methylation (GO:0034969),5,0,1.0,,1.0
GO_Biological_Process_2023,Histone Acetylation (GO:0016573),59,1,0.16990185577332714,EP300,1.0
GO_Biological_Process_2023,Histone H4-K8 Acetylation (GO:0043982),15,0,1.0,,1.0
GO_Biological_Process_2023,Histone H4-K5 Acetylation (GO:0043981),15,0,1.0,,1.0
GO_Biological_Process_2023,Histone H4-K16 Acetylation (GO:0043984),11,0,1.0,,1.0
GO_Biological_Process_2023,Histone H4-K12 Acetylation (GO:0043983),6,0,1.0,,1.0
GO_Biological_Process_2023,Histone H4 Acetylation (GO:0043967),38,0,1.0,,1.0
GO_Biological_Process_2023,Histone H3-K4 Methylation (GO:0051568),26,0,1.0,,1.0
GO_Biological_Process_2023,Histone H3-K14 Acetylation (GO:0044154),10,0,1.0,,1.0
GO_Biological_Process_2023,Histone H3 Acetylation (GO:0043966),36,0,1.0,,1.0
GO_Biological_Process_2023,Histone H2A-K119 Monoubiquitination (GO:0036353),6,0,1.0,,1.0
GO_Biological_Process_2023,Histone H2A Ubiquitination (GO:0033522),11,0,1.0,,1.0
GO_Biological_Process_2023,Histone H2A Monoubiquitination (GO:0035518),14,0,1.0,,1.0
GO_Biological_Process_2023,Hepoxilin Biosynthetic Process (GO:0051122),7,0,1.0,,1.0
GO_Biological_Process_2023,Glucocorticoid Biosynthetic Process (GO:0006704),5,0,1.0,,1.0
GO_Biological_Process_2023,Glucan Metabolic Process (GO:0044042),8,0,1.0,,1.0
GO_Biological_Process_2023,Glucan Catabolic Process (GO:0009251),6,0,1.0,,1.0
GO_Biological_Process_2023,Establishment Of Protein Localization To Vacuole (GO:0072666),27,0,1.0,,1.0
GO_Biological_Process_2023,Establishment Of Protein Localization To Telomere (GO:0070200),5,0,1.0,,1.0
GO_Biological_Process_2023,Establishment Of Protein Localization To Plasma Membrane (GO:0061951),37,0,1.0,,1.0
GO_Biological_Process_2023,Establishment Of Protein Localization To Peroxisome (GO:0072663),7,0,1.0,,1.0
GO_Biological_Process_2023,Establishment Of Protein Localization To Organelle (GO:0072594),84,0,1.0,,1.0
GO_Biological_Process_2023,Establishment Of Protein Localization To Mitochondrion (GO:0072655),43,0,1.0,,1.0
GO_Biological_Process_2023,Establishment Of Protein Localization To Membrane (GO:0090150),68,1,0.19319161955513497,BRAF,1.0
GO_Biological_Process_2023,Establishment Of Skin Barrier (GO:0061436),19,0,1.0,,1.0
GO_Biological_Process_2023,Establishment Of Protein Localization To Extracellular Region (GO:0035592),40,0,1.0,,1.0
GO_Biological_Process_2023,Establishment Of Protein Localization To Chromosome (GO:0070199),14,0,1.0,,1.0
GO_Biological_Process_2023,Establishment Of Protein Localization To Chromatin (GO:0071169),8,0,1.0,,1.0
GO_Biological_Process_2023,Establishment Of Planar Polarity (GO:0001736),7,0,1.0,,1.0
GO_Biological_Process_2023,Establishment Of Mitotic Spindle Orientation (GO:0000132),29,0,1.0,,1.0
GO_Biological_Process_2023,Establishment Of Mitotic Spindle Localization (GO:0040001),34,0,1.0,,1.0
GO_Biological_Process_2023,Establishment Of Mitotic Sister Chromatid Cohesion (GO:0034087),6,0,1.0,,1.0
GO_Biological_Process_2023,"Establishment Of Mitochondrion Localization, Microtubule-Mediated (GO:0034643)",5,0,1.0,,1.0
GO_Biological_Process_2023,Establishment Of Protein Localization To Endoplasmic Reticulum (GO:0072599),16,0,1.0,,1.0
GO_Biological_Process_2023,Establishment Of Melanosome Localization (GO:0032401),16,0,1.0,,1.0
GO_Biological_Process_2023,Establishment Of Spindle Localization (GO:0051293),14,0,1.0,,1.0
GO_Biological_Process_2023,Establishment Or Maintenance Of Apical/Basal Cell Polarity (GO:0035088),26,0,1.0,,1.0
GO_Biological_Process_2023,"Exonucleolytic Trimming To Generate Mature 3'-End Of 5.8S rRNA From Tricistronic rRNA Transcript (SSU-rRNA, 5.8S rRNA, LSU-rRNA) (GO:0000467)",8,0,1.0,,1.0
GO_Biological_Process_2023,Exonucleolytic Trimming Involved In rRNA Processing (GO:0000459),8,0,1.0,,1.0
GO_Biological_Process_2023,Exonucleolytic Catabolism Of Deadenylated mRNA (GO:0043928),12,0,1.0,,1.0
GO_Biological_Process_2023,Exocytosis (GO:0006887),81,1,0.22570271170582268,SNAP23,1.0
GO_Biological_Process_2023,Exocrine System Development (GO:0035272),6,0,1.0,,1.0
GO_Biological_Process_2023,Exit From Mitosis (GO:0010458),11,0,1.0,,1.0
GO_Biological_Process_2023,Excitatory Synapse Assembly (GO:1904861),7,0,1.0,,1.0
GO_Biological_Process_2023,Establishment Of Spindle Orientation (GO:0051294),35,0,1.0,,1.0
GO_Biological_Process_2023,Excitatory Postsynaptic Potential (GO:0060079),18,0,1.0,,1.0
GO_Biological_Process_2023,Ether Lipid Metabolic Process (GO:0046485),13,0,1.0,,1.0
GO_Biological_Process_2023,Ether Lipid Biosynthetic Process (GO:0008611),9,0,1.0,,1.0
GO_Biological_Process_2023,Ethanol Oxidation (GO:0006069),7,0,1.0,,1.0
GO_Biological_Process_2023,Ethanol Metabolic Process (GO:0006067),13,0,1.0,,1.0
GO_Biological_Process_2023,Ethanol Catabolic Process (GO:0006068),5,0,1.0,,1.0
GO_Biological_Process_2023,Estrogen Biosynthetic Process (GO:0006703),7,0,1.0,,1.0
GO_Biological_Process_2023,Establishment Or Maintenance Of Epithelial Cell Apical/Basal Polarity (GO:0045197),39,0,1.0,,1.0
GO_Biological_Process_2023,Excitatory Chemical Synaptic Transmission (GO:0098976),6,0,1.0,,1.0
GO_Biological_Process_2023,Establishment Of Lymphocyte Polarity (GO:0001767),5,0,1.0,,1.0
GO_Biological_Process_2023,Establishment Of Epithelial Cell Polarity (GO:0090162),18,0,1.0,,1.0
GO_Biological_Process_2023,Establishment Of Epithelial Cell Apical/Basal Polarity (GO:0045198),9,0,1.0,,1.0
GO_Biological_Process_2023,Epithelial Cell Migration (GO:0010631),45,0,1.0,,1.0
GO_Biological_Process_2023,Adenine Nucleotide Transport (GO:0051503),20,0,1.0,,1.0
GO_Biological_Process_2023,Epithelial Cell Differentiation (GO:0030855),129,0,1.0,,1.0
GO_Biological_Process_2023,Epithelial Cell Development (GO:0002064),18,0,1.0,,1.0
GO_Biological_Process_2023,Epithelial Cell Apoptotic Process (GO:1904019),10,0,1.0,,1.0
GO_Biological_Process_2023,Epigenetic Regulation Of Gene Expression (GO:0040029),82,1,0.2281495485109367,EP300,1.0
GO_Biological_Process_2023,Epidermis Development (GO:0008544),80,0,1.0,,1.0
GO_Biological_Process_2023,Epithelial Cell Morphogenesis (GO:0003382),12,0,1.0,,1.0
GO_Biological_Process_2023,Adenosine Metabolic Process (GO:0046085),5,0,1.0,,1.0
GO_Biological_Process_2023,Epiboly Involved In Wound Healing (GO:0090505),15,0,1.0,,1.0
GO_Biological_Process_2023,Ephrin Receptor Signaling Pathway (GO:0048013),43,1,0.12685552137392916,PTK2,1.0
GO_Biological_Process_2023,Eosinophil Migration (GO:0072677),22,0,1.0,,1.0
GO_Biological_Process_2023,Eosinophil Chemotaxis (GO:0048245),22,0,1.0,,1.0
GO_Biological_Process_2023,Enzyme-Linked Receptor Protein Signaling Pathway (GO:0007167),123,0,1.0,,1.0
GO_Biological_Process_2023,Entrainment Of Circadian Clock By Photoperiod (GO:0043153),22,0,1.0,,1.0
GO_Biological_Process_2023,Adenylate Cyclase-Activating G Protein-Coupled Receptor Signaling Pathway (GO:0007189),108,0,1.0,,1.0
GO_Biological_Process_2023,Adenosine To Inosine Editing (GO:0006382),6,0,1.0,,1.0
GO_Biological_Process_2023,Epithelial Cell-Cell Adhesion (GO:0090136),11,0,1.0,,1.0
GO_Biological_Process_2023,Epithelial Cilium Movement Involved In Determination Of Left/Right Asymmetry (GO:0060287),9,0,1.0,,1.0
GO_Biological_Process_2023,Epithelial Cilium Movement Involved In Extracellular Fluid Movement (GO:0003351),18,0,1.0,,1.0
GO_Biological_Process_2023,Establishment Of Endothelial Intestinal Barrier (GO:0090557),10,0,1.0,,1.0
GO_Biological_Process_2023,Establishment Of Endothelial Barrier (GO:0061028),28,0,1.0,,1.0
GO_Biological_Process_2023,Establishment Of Chromosome Localization (GO:0051303),14,0,1.0,,1.0
GO_Biological_Process_2023,Establishment Of Centrosome Localization (GO:0051660),7,0,1.0,,1.0
GO_Biological_Process_2023,Establishment Of Apical/Basal Cell Polarity (GO:0035089),13,0,1.0,,1.0
GO_Biological_Process_2023,Establishment Of Golgi Localization (GO:0051683),6,0,1.0,,1.0
GO_Biological_Process_2023,Erythrose 4-Phosphate/Phosphoenolpyruvate Family Amino Acid Catabolic Process (GO:1902222),5,0,1.0,,1.0
GO_Biological_Process_2023,Adaptive Immune Response Based On Somatic Recombination Of Immune Receptors Built From Immunoglobulin Superfamily Domains (GO:0002460),22,0,1.0,,1.0
GO_Biological_Process_2023,Error-Prone Translesion Synthesis (GO:0042276),9,0,1.0,,1.0
GO_Biological_Process_2023,Equilibrioception (GO:0050957),5,0,1.0,,1.0
GO_Biological_Process_2023,Epoxygenase P450 Pathway (GO:0019373),17,0,1.0,,1.0
GO_Biological_Process_2023,Epithelial Tube Morphogenesis (GO:0060562),33,1,0.09884537173365426,CTNNB1,1.0
GO_Biological_Process_2023,Epithelial Tube Formation (GO:0072175),5,0,1.0,,1.0
GO_Biological_Process_2023,Epithelial Tube Branching Involved In Lung Morphogenesis (GO:0060441),5,0,1.0,,1.0
GO_Biological_Process_2023,Epithelial To Mesenchymal Transition Involved In Endocardial Cushion Formation (GO:0003198),8,0,1.0,,1.0
GO_Biological_Process_2023,Epithelial To Mesenchymal Transition (GO:0001837),47,1,0.13781842269493644,CTNNB1,1.0
GO_Biological_Process_2023,Epithelial Structure Maintenance (GO:0010669),18,0,1.0,,1.0
GO_Biological_Process_2023,External Encapsulating Structure Organization (GO:0045229),108,0,1.0,,1.0
GO_Biological_Process_2023,Extracellular Matrix Assembly (GO:0085029),17,0,1.0,,1.0
GO_Biological_Process_2023,Extracellular Matrix Disassembly (GO:0022617),43,0,1.0,,1.0
GO_Biological_Process_2023,Extracellular Matrix Organization (GO:0030198),173,0,1.0,,1.0
GO_Biological_Process_2023,Gamma-Aminobutyric Acid Signaling Pathway (GO:0007214),20,0,1.0,,1.0
GO_Biological_Process_2023,Gamma-Aminobutyric Acid Metabolic Process (GO:0009448),5,0,1.0,,1.0
GO_Biological_Process_2023,Galactosylceramide Metabolic Process (GO:0006681),6,0,1.0,,1.0
GO_Biological_Process_2023,Galactosylceramide Biosynthetic Process (GO:0006682),5,0,1.0,,1.0
GO_Biological_Process_2023,Galactose Metabolic Process (GO:0006012),6,0,1.0,,1.0
GO_Biological_Process_2023,Galactolipid Biosynthetic Process (GO:0019375),5,0,1.0,,1.0
GO_Biological_Process_2023,Fucose Catabolic Process (GO:0019317),8,0,1.0,,1.0
GO_Biological_Process_2023,Gamma-Aminobutyric Acid Transport (GO:0015812),5,0,1.0,,1.0
GO_Biological_Process_2023,Fructose Transmembrane Transport (GO:0015755),7,0,1.0,,1.0
GO_Biological_Process_2023,Fructose 6-Phosphate Metabolic Process (GO:0006002),9,0,1.0,,1.0
GO_Biological_Process_2023,"Fructose 1,6-Bisphosphate Metabolic Process (GO:0030388)",8,0,1.0,,1.0
GO_Biological_Process_2023,Free Ubiquitin Chain Polymerization (GO:0010994),6,0,1.0,,1.0
GO_Biological_Process_2023,Formation Of Translation Preinitiation Complex (GO:0001731),7,0,1.0,,1.0
GO_Biological_Process_2023,Formation Of Extrachromosomal Circular DNA (GO:0001325),9,0,1.0,,1.0
GO_Biological_Process_2023,Formation Of Cytoplasmic Translation Initiation Complex (GO:0001732),13,0,1.0,,1.0
GO_Biological_Process_2023,Forelimb Morphogenesis (GO:0035136),9,0,1.0,,1.0
GO_Biological_Process_2023,Fructose Metabolic Process (GO:0006000),7,0,1.0,,1.0
GO_Biological_Process_2023,Gamma-Delta T Cell Activation (GO:0046629),9,0,1.0,,1.0
GO_Biological_Process_2023,Ganglioside Biosynthetic Process (GO:0001574),14,0,1.0,,1.0
GO_Biological_Process_2023,Ganglioside Catabolic Process (GO:0006689),6,0,1.0,,1.0
GO_Biological_Process_2023,Glucan Biosynthetic Process (GO:0009250),9,0,1.0,,1.0
GO_Biological_Process_2023,Glomerulus Vasculature Development (GO:0072012),5,0,1.0,,1.0
GO_Biological_Process_2023,Glomerular Filtration (GO:0003094),10,0,1.0,,1.0
GO_Biological_Process_2023,Glomerular Epithelial Cell Differentiation (GO:0072311),5,0,1.0,,1.0
GO_Biological_Process_2023,Glomerular Epithelial Cell Development (GO:0072310),6,0,1.0,,1.0
GO_Biological_Process_2023,Glial Cell Differentiation (GO:0010001),34,1,0.10168565911760429,SOX10,1.0
GO_Biological_Process_2023,Acylglycerol Catabolic Process (GO:0046464),23,0,1.0,,1.0
GO_Biological_Process_2023,Acylglycerol Homeostasis (GO:0055090),23,0,1.0,,1.0
GO_Biological_Process_2023,Gland Morphogenesis (GO:0022612),5,0,1.0,,1.0
GO_Biological_Process_2023,Gland Development (GO:0048732),72,1,0.203335351773417,PAX8,1.0
GO_Biological_Process_2023,Genitalia Development (GO:0048806),14,0,1.0,,1.0
GO_Biological_Process_2023,Generation Of Neurons (GO:0048699),172,2,0.10201221332923643,CDK6;CFLAR,1.0
GO_Biological_Process_2023,Gene Expression (GO:0010467),288,0,1.0,,1.0
GO_Biological_Process_2023,Gastrulation (GO:0007369),18,0,1.0,,1.0
GO_Biological_Process_2023,Gas Transport (GO:0015669),12,0,1.0,,1.0
GO_Biological_Process_2023,Gap Junction Assembly (GO:0016264),6,0,1.0,,1.0
GO_Biological_Process_2023,Ganglioside Metabolic Process (GO:0001573),19,0,1.0,,1.0
GO_Biological_Process_2023,Forebrain Neuron Development (GO:0021884),6,0,1.0,,1.0
GO_Biological_Process_2023,Inhibition Of Cysteine-Type Endopeptidase Activity (GO:0097340),7,0,1.0,,1.0
GO_Biological_Process_2023,Folic Acid Transport (GO:0015884),7,0,1.0,,1.0
GO_Biological_Process_2023,Fluid Transport (GO:0042044),17,0,1.0,,1.0
GO_Biological_Process_2023,Fatty Acid Beta-Oxidation Using acyl-CoA Oxidase (GO:0033540),11,0,1.0,,1.0
GO_Biological_Process_2023,Fatty Acid Beta-Oxidation Using acyl-CoA Dehydrogenase (GO:0033539),10,0,1.0,,1.0
GO_Biological_Process_2023,Fatty Acid Beta-Oxidation (GO:0006635),48,0,1.0,,1.0
GO_Biological_Process_2023,Fatty Acid Alpha-Oxidation (GO:0001561),7,0,1.0,,1.0
GO_Biological_Process_2023,Fat-Soluble Vitamin Metabolic Process (GO:0006775),24,0,1.0,,1.0
GO_Biological_Process_2023,Fat-Soluble Vitamin Catabolic Process (GO:0042363),8,0,1.0,,1.0
GO_Biological_Process_2023,Acylglycerol Metabolic Process (GO:0006639),39,0,1.0,,1.0
GO_Biological_Process_2023,Fatty Acid Biosynthetic Process (GO:0006633),64,1,0.18292098441133461,SCD,1.0
GO_Biological_Process_2023,Facultative Heterochromatin Formation (GO:0140718),12,0,1.0,,1.0
GO_Biological_Process_2023,Eye Photoreceptor Cell Development (GO:0042462),13,0,1.0,,1.0
GO_Biological_Process_2023,Eye Morphogenesis (GO:0048592),18,0,1.0,,1.0
GO_Biological_Process_2023,Eye Development (GO:0001654),55,0,1.0,,1.0
GO_Biological_Process_2023,Extrinsic Apoptotic Signaling Pathway Via Death Domain Receptors (GO:0008625),29,0,1.0,,1.0
GO_Biological_Process_2023,Extrinsic Apoptotic Signaling Pathway (GO:0097191),66,1,0.18807226187433998,BCL2L1,1.0
GO_Biological_Process_2023,Extracellular Transport (GO:0006858),12,0,1.0,,1.0
GO_Biological_Process_2023,Extracellular Structure Organization (GO:0043062),107,0,1.0,,1.0
GO_Biological_Process_2023,Eye Photoreceptor Cell Differentiation (GO:0001754),12,0,1.0,,1.0
GO_Biological_Process_2023,Fatty Acid Catabolic Process (GO:0009062),60,0,1.0,,1.0
GO_Biological_Process_2023,Fatty Acid Derivative Biosynthetic Process (GO:1901570),24,0,1.0,,1.0
GO_Biological_Process_2023,Fatty Acid Elongation (GO:0030497),12,0,1.0,,1.0
GO_Biological_Process_2023,Filopodium Assembly (GO:0046847),17,0,1.0,,1.0
GO_Biological_Process_2023,Fibroblast Growth Factor Receptor Signaling Pathway (GO:0008543),39,0,1.0,,1.0
GO_Biological_Process_2023,Fibrinolysis (GO:0042730),12,0,1.0,,1.0
GO_Biological_Process_2023,Female Gonad Development (GO:0008585),5,0,1.0,,1.0
GO_Biological_Process_2023,Female Gamete Generation (GO:0007292),31,0,1.0,,1.0
GO_Biological_Process_2023,fatty-acyl-CoA Metabolic Process (GO:0035337),18,0,1.0,,1.0
GO_Biological_Process_2023,fatty-acyl-CoA Catabolic Process (GO:0036115),5,0,1.0,,1.0
GO_Biological_Process_2023,fatty-acyl-CoA Biosynthetic Process (GO:0046949),25,0,1.0,,1.0
GO_Biological_Process_2023,Fatty Acid Transport (GO:0015908),35,0,1.0,,1.0
GO_Biological_Process_2023,Fatty Acid Transmembrane Transport (GO:1902001),12,0,1.0,,1.0
GO_Biological_Process_2023,Fatty Acid Oxidation (GO:0019395),51,0,1.0,,1.0
GO_Biological_Process_2023,Fatty Acid Metabolic Process (GO:0006631),122,0,1.0,,1.0
GO_Biological_Process_2023,Fatty Acid Homeostasis (GO:0055089),10,0,1.0,,1.0
GO_Biological_Process_2023,"Fatty Acid Elongation, Unsaturated Fatty Acid (GO:0019368)",6,0,1.0,,1.0
GO_Biological_Process_2023,"Fatty Acid Elongation, Saturated Fatty Acid (GO:0019367)",6,0,1.0,,1.0
GO_Biological_Process_2023,"Fatty Acid Elongation, Polyunsaturated Fatty Acid (GO:0034626)",6,0,1.0,,1.0
GO_Biological_Process_2023,"Fatty Acid Elongation, Monounsaturated Fatty Acid (GO:0034625)",6,0,1.0,,1.0
GO_Biological_Process_2023,Foam Cell Differentiation (GO:0090077),6,0,1.0,,1.0
GO_Biological_Process_2023,Inhibitory Postsynaptic Potential (GO:0060080),7,0,1.0,,1.0
GO_Biological_Process_2023,Inhibitory Synapse Assembly (GO:1904862),12,0,1.0,,1.0
GO_Biological_Process_2023,Innate Immune Response In Mucosa (GO:0002227),18,0,1.0,,1.0
GO_Biological_Process_2023,Malate Metabolic Process (GO:0006108),7,0,1.0,,1.0
GO_Biological_Process_2023,Maintenance Of Synapse Structure (GO:0099558),10,0,1.0,,1.0
GO_Biological_Process_2023,Maintenance Of Protein Location In Nucleus (GO:0051457),18,0,1.0,,1.0
GO_Biological_Process_2023,Maintenance Of Protein Location In Extracellular Region (GO:0071694),6,0,1.0,,1.0
GO_Biological_Process_2023,Maintenance Of Protein Localization In Organelle (GO:0072595),18,0,1.0,,1.0
GO_Biological_Process_2023,Maintenance Of Protein Localization In Endoplasmic Reticulum (GO:0035437),11,0,1.0,,1.0
GO_Biological_Process_2023,Maintenance Of Lens Transparency (GO:0036438),6,0,1.0,,1.0
GO_Biological_Process_2023,Male Gonad Development (GO:0008584),44,0,1.0,,1.0
GO_Biological_Process_2023,Maintenance Of Gastrointestinal Epithelium (GO:0030277),17,0,1.0,,1.0
GO_Biological_Process_2023,Maintenance Of Blood-Brain Barrier (GO:0035633),29,0,1.0,,1.0
GO_Biological_Process_2023,Maintenance Of Apical/Basal Cell Polarity (GO:0035090),7,0,1.0,,1.0
GO_Biological_Process_2023,Maintenance Of DNA Repeat Elements (GO:0043570),5,0,1.0,,1.0
GO_Biological_Process_2023,Magnesium Ion Transport (GO:0015693),10,0,1.0,,1.0
GO_Biological_Process_2023,Macropinocytosis (GO:0044351),6,0,1.0,,1.0
GO_Biological_Process_2023,Macrophage Migration (GO:1905517),11,0,1.0,,1.0
GO_Biological_Process_2023,Macrophage Differentiation (GO:0030225),21,0,1.0,,1.0
GO_Biological_Process_2023,Maintenance Of Epithelial Cell Apical/Basal Polarity (GO:0045199),7,0,1.0,,1.0
GO_Biological_Process_2023,Macrophage Derived Foam Cell Differentiation (GO:0010742),6,0,1.0,,1.0
GO_Biological_Process_2023,Male Meiosis I (GO:0007141),16,0,1.0,,1.0
GO_Biological_Process_2023,Mammary Gland Epithelial Cell Differentiation (GO:0060644),7,0,1.0,,1.0
GO_Biological_Process_2023,Medium-Chain fatty-acyl-CoA Metabolic Process (GO:0036112),5,0,1.0,,1.0
GO_Biological_Process_2023,Medium-Chain Fatty Acid Metabolic Process (GO:0051791),14,0,1.0,,1.0
GO_Biological_Process_2023,Medium-Chain Fatty Acid Biosynthetic Process (GO:0051792),5,0,1.0,,1.0
GO_Biological_Process_2023,Mature B Cell Differentiation Involved In Immune Response (GO:0002313),13,0,1.0,,1.0
GO_Biological_Process_2023,"Maturation Of SSU-rRNA From Tricistronic rRNA Transcript (SSU-rRNA, 5.8S rRNA, LSU-rRNA) (GO:0000462)",29,0,1.0,,1.0
GO_Biological_Process_2023,Maturation Of SSU-rRNA (GO:0030490),37,0,1.0,,1.0
GO_Biological_Process_2023,"Maturation Of LSU-rRNA From Tricistronic rRNA Transcript (SSU-rRNA, 5.8S rRNA, LSU-rRNA) (GO:0000463)",14,0,1.0,,1.0
GO_Biological_Process_2023,Mammary Gland Development (GO:0030879),21,0,1.0,,1.0
GO_Biological_Process_2023,Maturation Of LSU-rRNA (GO:0000470),20,0,1.0,,1.0
GO_Biological_Process_2023,Maturation Of 5.8S rRNA (GO:0000460),16,0,1.0,,1.0
GO_Biological_Process_2023,Mast Cell Mediated Immunity (GO:0002448),11,0,1.0,,1.0
GO_Biological_Process_2023,Mast Cell Degranulation (GO:0043303),10,0,1.0,,1.0
GO_Biological_Process_2023,Mast Cell Activation Involved In Immune Response (GO:0002279),10,0,1.0,,1.0
GO_Biological_Process_2023,Marginal Zone B Cell Differentiation (GO:0002315),6,0,1.0,,1.0
GO_Biological_Process_2023,Manganese Ion Transport (GO:0006828),8,0,1.0,,1.0
GO_Biological_Process_2023,Mammary Gland Epithelium Development (GO:0061180),14,0,1.0,,1.0
GO_Biological_Process_2023,"Maturation Of 5.8S rRNA From Tricistronic rRNA Transcript (SSU-rRNA, 5.8S rRNA, LSU-rRNA) (GO:0000466)",21,0,1.0,,1.0
GO_Biological_Process_2023,Macrophage Chemotaxis (GO:0048246),10,0,1.0,,1.0
GO_Biological_Process_2023,Macrophage Activation Involved In Immune Response (GO:0002281),11,0,1.0,,1.0
GO_Biological_Process_2023,Macrophage Activation (GO:0042116),35,0,1.0,,1.0
GO_Biological_Process_2023,mRNA Catabolic Process (GO:0006402),41,0,1.0,,1.0
GO_Biological_Process_2023,mRNA 5'-Splice Site Recognition (GO:0000395),5,0,1.0,,1.0
GO_Biological_Process_2023,mRNA 3'-Splice Site Recognition (GO:0000389),5,0,1.0,,1.0
GO_Biological_Process_2023,mRNA 3'-End Processing By Stem-Loop Binding And Cleavage (GO:0006398),5,0,1.0,,1.0
GO_Biological_Process_2023,mRNA 3'-End Processing (GO:0031124),40,0,1.0,,1.0
GO_Biological_Process_2023,Lytic Vacuole Organization (GO:0080171),36,0,1.0,,1.0
GO_Biological_Process_2023,Lysosome Organization (GO:0007040),43,0,1.0,,1.0
GO_Biological_Process_2023,"mRNA Cis Splicing, Via Spliceosome (GO:0045292)",17,0,1.0,,1.0
GO_Biological_Process_2023,Lysosome Localization (GO:0032418),42,0,1.0,,1.0
GO_Biological_Process_2023,Lysosomal Microautophagy (GO:0016237),11,0,1.0,,1.0
GO_Biological_Process_2023,Lysosomal Membrane Organization (GO:0097212),11,0,1.0,,1.0
GO_Biological_Process_2023,Lysosomal Lumen Acidification (GO:0007042),16,0,1.0,,1.0
GO_Biological_Process_2023,Lymphoid Progenitor Cell Differentiation (GO:0002320),6,0,1.0,,1.0
GO_Biological_Process_2023,Lymphocyte Proliferation (GO:0046651),38,1,0.11295909364400733,CTPS1,1.0
GO_Biological_Process_2023,Lymphocyte Migration Into Lymphoid Organs (GO:0097021),6,0,1.0,,1.0
GO_Biological_Process_2023,Lymphocyte Migration (GO:0072676),38,0,1.0,,1.0
GO_Biological_Process_2023,Lysosomal Transport (GO:0007041),102,0,1.0,,1.0
GO_Biological_Process_2023,mRNA Cleavage Involved In mRNA Processing (GO:0098787),12,0,1.0,,1.0
GO_Biological_Process_2023,mRNA Destabilization (GO:0061157),43,0,1.0,,1.0
GO_Biological_Process_2023,mRNA Export From Nucleus (GO:0006406),58,0,1.0,,1.0
GO_Biological_Process_2023,Macromolecule Modification (GO:0043412),80,0,1.0,,1.0
GO_Biological_Process_2023,Macromolecule Depalmitoylation (GO:0098734),7,0,1.0,,1.0
GO_Biological_Process_2023,Macromolecule Catabolic Process (GO:0009057),84,0,1.0,,1.0
GO_Biological_Process_2023,Macromolecule Biosynthetic Process (GO:0009059),179,1,0.43266246746781245,TYMS,1.0
GO_Biological_Process_2023,Macroautophagy (GO:0016236),103,0,1.0,,1.0
GO_Biological_Process_2023,mRNA Transport (GO:0051028),56,0,1.0,,1.0
GO_Biological_Process_2023,mRNA Transcription By RNA Polymerase II (GO:0042789),38,1,0.11295909364400733,MED1,1.0
GO_Biological_Process_2023,mRNA Transcription (GO:0009299),43,1,0.12685552137392916,MED1,1.0
GO_Biological_Process_2023,mRNA Stabilization (GO:0048255),48,0,1.0,,1.0
GO_Biological_Process_2023,"mRNA Splicing, Via Spliceosome (GO:0000398)",206,0,1.0,,1.0
GO_Biological_Process_2023,mRNA Splice Site Recognition (GO:0006376),29,0,1.0,,1.0
GO_Biological_Process_2023,mRNA Pseudouridine Synthesis (GO:1990481),8,0,1.0,,1.0
GO_Biological_Process_2023,mRNA Processing (GO:0006397),207,0,1.0,,1.0
GO_Biological_Process_2023,mRNA Polyadenylation (GO:0006378),24,0,1.0,,1.0
GO_Biological_Process_2023,mRNA Modification (GO:0016556),27,0,1.0,,1.0
GO_Biological_Process_2023,mRNA Methylation (GO:0080009),15,0,1.0,,1.0
GO_Biological_Process_2023,mRNA Metabolic Process (GO:0016071),81,0,1.0,,1.0
GO_Biological_Process_2023,Meiosis I (GO:0007127),24,0,1.0,,1.0
GO_Biological_Process_2023,Meiotic DNA Double-Strand Break Formation (GO:0042138),5,0,1.0,,1.0
GO_Biological_Process_2023,Meiotic Sister Chromatid Cohesion (GO:0051177),10,0,1.0,,1.0
GO_Biological_Process_2023,Melanin Biosynthetic Process (GO:0042438),7,0,1.0,,1.0
GO_Biological_Process_2023,Microtubule Polymerization Or Depolymerization (GO:0031109),27,0,1.0,,1.0
GO_Biological_Process_2023,Microtubule Polymerization (GO:0046785),33,0,1.0,,1.0
GO_Biological_Process_2023,Microtubule Nucleation (GO:0007020),22,0,1.0,,1.0
GO_Biological_Process_2023,Microtubule Depolymerization (GO:0007019),17,0,1.0,,1.0
GO_Biological_Process_2023,Microtubule Cytoskeleton Organization Involved In Mitosis (GO:1902850),59,0,1.0,,1.0
GO_Biological_Process_2023,Microtubule Bundle Formation (GO:0001578),50,0,1.0,,1.0
GO_Biological_Process_2023,Microtubule Anchoring At Microtubule Organizing Center (GO:0072393),12,0,1.0,,1.0
GO_Biological_Process_2023,Microtubule-Based Transport (GO:0099111),12,0,1.0,,1.0
GO_Biological_Process_2023,Microtubule Anchoring At Centrosome (GO:0034454),10,0,1.0,,1.0
GO_Biological_Process_2023,Microglial Cell Activation (GO:0001774),20,0,1.0,,1.0
GO_Biological_Process_2023,miRNA-mediated Gene Silencing By Inhibition Of Translation (GO:0035278),14,0,1.0,,1.0
GO_Biological_Process_2023,miRNA-mediated Gene Silencing (GO:0035195),26,0,1.0,,1.0
GO_Biological_Process_2023,miRNA Processing (GO:0035196),32,0,1.0,,1.0
GO_Biological_Process_2023,miRNA Metabolic Process (GO:0010586),15,0,1.0,,1.0
GO_Biological_Process_2023,Methylguanosine-Cap Decapping (GO:0110156),11,0,1.0,,1.0
GO_Biological_Process_2023,Methionine Metabolic Process (GO:0006555),7,0,1.0,,1.0
GO_Biological_Process_2023,Microtubule Anchoring (GO:0034453),9,0,1.0,,1.0
GO_Biological_Process_2023,Microvillus Assembly (GO:0030033),13,0,1.0,,1.0
GO_Biological_Process_2023,Microvillus Organization (GO:0032528),12,0,1.0,,1.0
GO_Biological_Process_2023,Midbody Abscission (GO:0061952),15,0,1.0,,1.0
GO_Biological_Process_2023,Mitochondrial Fusion (GO:0008053),18,0,1.0,,1.0
GO_Biological_Process_2023,Mitochondrial Fragmentation Involved In Apoptotic Process (GO:0043653),8,0,1.0,,1.0
GO_Biological_Process_2023,Mitochondrial Fission (GO:0000266),13,0,1.0,,1.0
GO_Biological_Process_2023,"Mitochondrial Electron Transport, Ubiquinol To Cytochrome C (GO:0006122)",10,0,1.0,,1.0
GO_Biological_Process_2023,"Mitochondrial Electron Transport, Cytochrome C To Oxygen (GO:0006123)",15,0,1.0,,1.0
GO_Biological_Process_2023,"Mitochondrial Electron Transport, NADH To Ubiquinone (GO:0006120)",34,0,1.0,,1.0
GO_Biological_Process_2023,Mitochondrial Cytochrome C Oxidase Assembly (GO:0033617),22,0,1.0,,1.0
GO_Biological_Process_2023,Mitochondrial Calcium Ion Transmembrane Transport (GO:0006851),14,0,1.0,,1.0
GO_Biological_Process_2023,Mitochondrial Calcium Ion Homeostasis (GO:0051560),20,0,1.0,,1.0
GO_Biological_Process_2023,Mitochondrial RNA Processing (GO:0000963),9,0,1.0,,1.0
GO_Biological_Process_2023,Mitochondrial RNA Metabolic Process (GO:0000959),20,0,1.0,,1.0
GO_Biological_Process_2023,Mitochondrial RNA 3'-End Processing (GO:0000965),5,0,1.0,,1.0
GO_Biological_Process_2023,Mitochondrial DNA Replication (GO:0006264),9,0,1.0,,1.0
GO_Biological_Process_2023,Mitochondrial DNA Metabolic Process (GO:0032042),13,0,1.0,,1.0
GO_Biological_Process_2023,Mitochondrial ATP Synthesis Coupled Electron Transport (GO:0042775),67,1,0.19063591851385706,SDHB,1.0
GO_Biological_Process_2023,Mismatch Repair (GO:0006298),25,0,1.0,,1.0
GO_Biological_Process_2023,Midbrain Dopaminergic Neuron Differentiation (GO:1904948),10,0,1.0,,1.0
GO_Biological_Process_2023,Metaphase Plate Congression (GO:0051310),51,0,1.0,,1.0
GO_Biological_Process_2023,Lymphocyte Mediated Immunity (GO:0002449),15,0,1.0,,1.0
GO_Biological_Process_2023,Activation Of Transmembrane Receptor Protein Tyrosine Kinase Activity (GO:0007171),5,0,1.0,,1.0
GO_Biological_Process_2023,Metanephric Collecting Duct Development (GO:0072205),5,0,1.0,,1.0
GO_Biological_Process_2023,Membrane Organization (GO:0061024),164,2,0.09417603876066455,DNM2;SNAP23,1.0
GO_Biological_Process_2023,Membrane Lipid Metabolic Process (GO:0006643),17,0,1.0,,1.0
GO_Biological_Process_2023,Membrane Lipid Catabolic Process (GO:0046466),8,0,1.0,,1.0
GO_Biological_Process_2023,Membrane Lipid Biosynthetic Process (GO:0046467),57,0,1.0,,1.0
GO_Biological_Process_2023,Membrane Invagination (GO:0010324),6,0,1.0,,1.0
GO_Biological_Process_2023,Membrane Fission (GO:0090148),38,0,1.0,,1.0
GO_Biological_Process_2023,Membrane Depolarization During Cardiac Muscle Cell Action Potential (GO:0086012),16,0,1.0,,1.0
GO_Biological_Process_2023,Membrane Protein Ectodomain Proteolysis (GO:0006509),22,0,1.0,,1.0
GO_Biological_Process_2023,Membrane Depolarization During Action Potential (GO:0086010),13,0,1.0,,1.0
GO_Biological_Process_2023,Membrane Biogenesis (GO:0044091),6,0,1.0,,1.0
GO_Biological_Process_2023,Membrane Assembly (GO:0071709),38,0,1.0,,1.0
GO_Biological_Process_2023,Melanosome Transport (GO:0032402),15,0,1.0,,1.0
GO_Biological_Process_2023,Melanosome Organization (GO:0032438),37,0,1.0,,1.0
GO_Biological_Process_2023,Melanosome Localization (GO:0032400),18,0,1.0,,1.0
GO_Biological_Process_2023,Melanosome Assembly (GO:1903232),18,0,1.0,,1.0
GO_Biological_Process_2023,Melanocyte Differentiation (GO:0030318),11,0,1.0,,1.0
GO_Biological_Process_2023,Membrane Depolarization (GO:0051899),13,0,1.0,,1.0
GO_Biological_Process_2023,Membrane Protein Intracellular Domain Proteolysis (GO:0031293),13,0,1.0,,1.0
GO_Biological_Process_2023,Membrane Protein Proteolysis (GO:0033619),34,0,1.0,,1.0
GO_Biological_Process_2023,Membrane Raft Organization (GO:0031579),14,0,1.0,,1.0
GO_Biological_Process_2023,Metallo-Sulfur Cluster Assembly (GO:0031163),26,0,1.0,,1.0
GO_Biological_Process_2023,Metal Ion Transport (GO:0030001),170,1,0.41618425652297913,TRPM7,1.0
GO_Biological_Process_2023,Mesonephric Tubule Development (GO:0072164),16,0,1.0,,1.0
GO_Biological_Process_2023,Mesodermal Cell Fate Commitment (GO:0001710),5,0,1.0,,1.0
GO_Biological_Process_2023,Mesodermal Cell Differentiation (GO:0048333),8,0,1.0,,1.0
GO_Biological_Process_2023,Mesoderm Morphogenesis (GO:0048332),12,0,1.0,,1.0
GO_Biological_Process_2023,Mesoderm Formation (GO:0001707),20,0,1.0,,1.0
GO_Biological_Process_2023,Mesoderm Development (GO:0007498),19,0,1.0,,1.0
GO_Biological_Process_2023,Mesenchyme Morphogenesis (GO:0072132),18,0,1.0,,1.0
GO_Biological_Process_2023,Mesenchyme Development (GO:0060485),17,0,1.0,,1.0
GO_Biological_Process_2023,Activin Receptor Signaling Pathway (GO:0032924),16,0,1.0,,1.0
GO_Biological_Process_2023,Mesenchymal Cell Migration (GO:0090497),32,1,0.09599625925398965,SOX10,1.0
GO_Biological_Process_2023,Mesenchymal Cell Differentiation Involved In Kidney Development (GO:0072161),5,0,1.0,,1.0
GO_Biological_Process_2023,Mesenchymal Cell Differentiation (GO:0048762),54,1,0.15667891619008786,CTNNB1,1.0
GO_Biological_Process_2023,Memory (GO:0007613),57,0,1.0,,1.0
GO_Biological_Process_2023,Membrane Repolarization During Cardiac Muscle Cell Action Potential (GO:0086013),14,0,1.0,,1.0
GO_Biological_Process_2023,Membrane Repolarization During Action Potential (GO:0086011),14,0,1.0,,1.0
GO_Biological_Process_2023,Metanephric Mesenchyme Development (GO:0072075),10,0,1.0,,1.0
GO_Biological_Process_2023,Engulfment Of Apoptotic Cell (GO:0043652),10,0,1.0,,1.0
GO_Biological_Process_2023,Lymphocyte Differentiation (GO:0030098),89,0,1.0,,1.0
GO_Biological_Process_2023,Lymphocyte Apoptotic Process (GO:0070227),7,0,1.0,,1.0
GO_Biological_Process_2023,Intracellular Protein Transmembrane Transport (GO:0065002),45,0,1.0,,1.0
GO_Biological_Process_2023,Intracellular Phosphate Ion Homeostasis (GO:0030643),5,0,1.0,,1.0
GO_Biological_Process_2023,Intracellular pH Reduction (GO:0051452),30,0,1.0,,1.0
GO_Biological_Process_2023,Intracellular pH Elevation (GO:0051454),7,0,1.0,,1.0
GO_Biological_Process_2023,Intracellular Oxygen Homeostasis (GO:0032364),5,0,1.0,,1.0
GO_Biological_Process_2023,Intracellular Monoatomic Ion Homeostasis (GO:0006873),20,0,1.0,,1.0
GO_Biological_Process_2023,Intracellular Lipid Transport (GO:0032365),17,0,1.0,,1.0
GO_Biological_Process_2023,Intracellular Protein Transport (GO:0006886),319,0,1.0,,1.0
GO_Biological_Process_2023,acyl-CoA Biosynthetic Process (GO:0071616),13,0,1.0,,1.0
GO_Biological_Process_2023,Intracellular Estrogen Receptor Signaling Pathway (GO:0030520),15,0,1.0,,1.0
GO_Biological_Process_2023,Intracellular Copper Ion Homeostasis (GO:0006878),11,0,1.0,,1.0
GO_Biological_Process_2023,Intracellular Cholesterol Transport (GO:0032367),16,0,1.0,,1.0
GO_Biological_Process_2023,Intracellular Calcium Ion Homeostasis (GO:0006874),137,0,1.0,,1.0
GO_Biological_Process_2023,intra-Golgi Vesicle-Mediated Transport (GO:0006891),31,0,1.0,,1.0
GO_Biological_Process_2023,Intestinal Lipid Absorption (GO:0098856),10,0,1.0,,1.0
GO_Biological_Process_2023,Intestinal Epithelial Cell Differentiation (GO:0060575),8,0,1.0,,1.0
GO_Biological_Process_2023,Intracellular Glucose Homeostasis (GO:0001678),43,0,1.0,,1.0
GO_Biological_Process_2023,Intestinal Cholesterol Absorption (GO:0030299),8,0,1.0,,1.0
GO_Biological_Process_2023,Intracellular Sequestering Of Iron Ion (GO:0006880),5,0,1.0,,1.0
GO_Biological_Process_2023,Intracellular Sterol Transport (GO:0032366),15,0,1.0,,1.0
GO_Biological_Process_2023,Isoleucine Metabolic Process (GO:0006549),5,0,1.0,,1.0
GO_Biological_Process_2023,Iron-Sulfur Cluster Assembly (GO:0016226),26,0,1.0,,1.0
GO_Biological_Process_2023,Acute Inflammatory Response (GO:0002526),26,0,1.0,,1.0
GO_Biological_Process_2023,Iron Ion Transmembrane Transport (GO:0034755),9,0,1.0,,1.0
GO_Biological_Process_2023,Iron Coordination Entity Transport (GO:1901678),5,0,1.0,,1.0
GO_Biological_Process_2023,Ionotropic Glutamate Receptor Signaling Pathway (GO:0035235),12,0,1.0,,1.0
GO_Biological_Process_2023,Intrinsic Apoptotic Signaling Pathway In Response To Oxidative Stress (GO:0008631),11,0,1.0,,1.0
GO_Biological_Process_2023,Intracellular Steroid Hormone Receptor Signaling Pathway (GO:0030518),41,1,0.1213228140718072,MED1,1.0
GO_Biological_Process_2023,Intrinsic Apoptotic Signaling Pathway In Response To Endoplasmic Reticulum Stress (GO:0070059),28,0,1.0,,1.0
GO_Biological_Process_2023,Intrinsic Apoptotic Signaling Pathway By P53 Class Mediator (GO:0072332),35,1,0.10451714826336693,EP300,1.0
GO_Biological_Process_2023,Intraciliary Transport Involved In Cilium Assembly (GO:0035735),5,0,1.0,,1.0
GO_Biological_Process_2023,Intraciliary Retrograde Transport (GO:0035721),13,0,1.0,,1.0
GO_Biological_Process_2023,Intraciliary Anterograde Transport (GO:0035720),13,0,1.0,,1.0
GO_Biological_Process_2023,Intracellular Zinc Ion Homeostasis (GO:0006882),17,0,1.0,,1.0
GO_Biological_Process_2023,Intracellular Water Homeostasis (GO:0009992),5,0,1.0,,1.0
GO_Biological_Process_2023,Intracellular Triglyceride Homeostasis (GO:0035356),6,0,1.0,,1.0
GO_Biological_Process_2023,Acute-Phase Response (GO:0006953),13,0,1.0,,1.0
GO_Biological_Process_2023,Intestinal Absorption (GO:0050892),11,0,1.0,,1.0
GO_Biological_Process_2023,Interstrand Cross-Link Repair (GO:0036297),35,0,1.0,,1.0
GO_Biological_Process_2023,Internal Peptidyl-Lysine Acetylation (GO:0018393),38,1,0.11295909364400733,EP300,1.0
GO_Biological_Process_2023,Insulin Metabolic Process (GO:1901142),9,0,1.0,,1.0
GO_Biological_Process_2023,Inositol Phosphate-Mediated Signaling (GO:0048016),19,0,1.0,,1.0
GO_Biological_Process_2023,Inositol Phosphate Metabolic Process (GO:0043647),22,0,1.0,,1.0
GO_Biological_Process_2023,Inositol Phosphate Biosynthetic Process (GO:0032958),10,0,1.0,,1.0
GO_Biological_Process_2023,Inositol Metabolic Process (GO:0006020),6,0,1.0,,1.0
GO_Biological_Process_2023,Inositol Lipid-Mediated Signaling (GO:0048017),33,0,1.0,,1.0
GO_Biological_Process_2023,Inorganic Cation Transmembrane Transport (GO:0098662),283,2,0.2236042238968532,ATP1B3;TRPM7,1.0
GO_Biological_Process_2023,Insulin Processing (GO:0030070),5,0,1.0,,1.0
GO_Biological_Process_2023,Inorganic Cation Import Across Plasma Membrane (GO:0098659),102,1,0.27552086375120666,ATP1B3,1.0
GO_Biological_Process_2023,Inorganic Anion Transmembrane Transport (GO:0098661),62,0,1.0,,1.0
GO_Biological_Process_2023,Inner Mitochondrial Membrane Organization (GO:0007007),34,0,1.0,,1.0
GO_Biological_Process_2023,Inner Ear Receptor Cell Stereocilium Organization (GO:0060122),11,0,1.0,,1.0
GO_Biological_Process_2023,Inner Ear Receptor Cell Differentiation (GO:0060113),6,0,1.0,,1.0
GO_Biological_Process_2023,Inner Ear Receptor Cell Development (GO:0060119),7,0,1.0,,1.0
GO_Biological_Process_2023,Inner Dynein Arm Assembly (GO:0036159),14,0,1.0,,1.0
GO_Biological_Process_2023,Innate Immune Response-Activating Signaling Pathway (GO:0002758),16,0,1.0,,1.0
GO_Biological_Process_2023,Inorganic Anion Transport (GO:0015698),58,0,1.0,,1.0
GO_Biological_Process_2023,acyl-CoA Metabolic Process (GO:0006637),30,0,1.0,,1.0
GO_Biological_Process_2023,Insulin Secretion (GO:0030073),19,0,1.0,,1.0
GO_Biological_Process_2023,Insulin Secretion Involved In Cellular Response To Glucose Stimulus (GO:0035773),6,0,1.0,,1.0
GO_Biological_Process_2023,Intermembrane Lipid Transfer (GO:0120009),7,0,1.0,,1.0
GO_Biological_Process_2023,Intermediate Filament Organization (GO:0045109),66,0,1.0,,1.0
GO_Biological_Process_2023,Intermediate Filament Bundle Assembly (GO:0045110),6,0,1.0,,1.0
GO_Biological_Process_2023,Interleukin-9-Mediated Signaling Pathway (GO:0038113),6,0,1.0,,1.0
GO_Biological_Process_2023,Interleukin-6-Mediated Signaling Pathway (GO:0070102),13,0,1.0,,1.0
GO_Biological_Process_2023,Interleukin-5-Mediated Signaling Pathway (GO:0038043),5,0,1.0,,1.0
GO_Biological_Process_2023,Interleukin-4-Mediated Signaling Pathway (GO:0035771),5,0,1.0,,1.0
GO_Biological_Process_2023,Interleukin-3-Mediated Signaling Pathway (GO:0038156),6,0,1.0,,1.0
GO_Biological_Process_2023,Interleukin-27-Mediated Signaling Pathway (GO:0070106),5,0,1.0,,1.0
GO_Biological_Process_2023,Interleukin-2-Mediated Signaling Pathway (GO:0038110),7,0,1.0,,1.0
GO_Biological_Process_2023,interleukin-17A-mediated Signaling Pathway (GO:0038173),5,0,1.0,,1.0
GO_Biological_Process_2023,Interleukin-15-Mediated Signaling Pathway (GO:0035723),10,0,1.0,,1.0
GO_Biological_Process_2023,Interleukin-12-Mediated Signaling Pathway (GO:0035722),8,0,1.0,,1.0
GO_Biological_Process_2023,Interleukin-1-Mediated Signaling Pathway (GO:0070498),19,0,1.0,,1.0
GO_Biological_Process_2023,Interferon-Mediated Signaling Pathway (GO:0140888),48,0,1.0,,1.0
GO_Biological_Process_2023,Integrated Stress Response Signaling (GO:0140467),29,0,1.0,,1.0
GO_Biological_Process_2023,Insulin-Like Growth Factor Receptor Signaling Pathway (GO:0048009),10,0,1.0,,1.0
GO_Biological_Process_2023,Isoprenoid Biosynthetic Process (GO:0008299),8,0,1.0,,1.0
GO_Biological_Process_2023,Isoprenoid Metabolic Process (GO:0006720),8,0,1.0,,1.0
GO_Biological_Process_2023,Isotype Switching (GO:0045190),11,0,1.0,,1.0
GO_Biological_Process_2023,Keratan Sulfate Biosynthetic Process (GO:0018146),15,0,1.0,,1.0
GO_Biological_Process_2023,Lipoprotein Catabolic Process (GO:0042159),10,0,1.0,,1.0
GO_Biological_Process_2023,Lipoprotein Biosynthetic Process (GO:0042158),14,0,1.0,,1.0
GO_Biological_Process_2023,Lipopolysaccharide-Mediated Signaling Pathway (GO:0031663),20,0,1.0,,1.0
GO_Biological_Process_2023,Lipid Transport (GO:0006869),104,0,1.0,,1.0
GO_Biological_Process_2023,Lipid Translocation (GO:0034204),24,0,1.0,,1.0
GO_Biological_Process_2023,Lipid Phosphorylation (GO:0046834),9,0,1.0,,1.0
GO_Biological_Process_2023,Lipid Oxidation (GO:0034440),12,0,1.0,,1.0
GO_Biological_Process_2023,Lipoprotein Localization (GO:0044872),12,0,1.0,,1.0
GO_Biological_Process_2023,Lipid Modification (GO:0030258),42,0,1.0,,1.0
GO_Biological_Process_2023,Lipid Hydroxylation (GO:0002933),6,0,1.0,,1.0
GO_Biological_Process_2023,Lipid Droplet Organization (GO:0034389),29,0,1.0,,1.0
GO_Biological_Process_2023,Lipid Droplet Formation (GO:0140042),12,0,1.0,,1.0
GO_Biological_Process_2023,Lipid Droplet Disassembly (GO:1905691),5,0,1.0,,1.0
GO_Biological_Process_2023,Lipid Catabolic Process (GO:0016042),20,0,1.0,,1.0
GO_Biological_Process_2023,Lipid Biosynthetic Process (GO:0008610),71,0,1.0,,1.0
GO_Biological_Process_2023,Linoleic Acid Metabolic Process (GO:0043651),19,0,1.0,,1.0
GO_Biological_Process_2023,Lipid Import Into Cell (GO:0140354),9,0,1.0,,1.0
GO_Biological_Process_2023,Lipoprotein Metabolic Process (GO:0042157),5,0,1.0,,1.0
GO_Biological_Process_2023,Lipoprotein Transport (GO:0042953),11,0,1.0,,1.0
GO_Biological_Process_2023,Lipoxygenase Pathway (GO:0019372),7,0,1.0,,1.0
GO_Biological_Process_2023,Lymphocyte Activation Involved In Immune Response (GO:0002285),23,0,1.0,,1.0
GO_Biological_Process_2023,Lymphatic Endothelial Cell Differentiation (GO:0060836),7,0,1.0,,1.0
GO_Biological_Process_2023,Lung Epithelium Development (GO:0060428),9,0,1.0,,1.0
GO_Biological_Process_2023,Lung Development (GO:0030324),33,0,1.0,,1.0
GO_Biological_Process_2023,Low-Density Lipoprotein Particle Remodeling (GO:0034374),11,0,1.0,,1.0
GO_Biological_Process_2023,Long-Term Synaptic Potentiation (GO:0060291),20,0,1.0,,1.0
GO_Biological_Process_2023,Long-Term Synaptic Depression (GO:0060292),6,0,1.0,,1.0
GO_Biological_Process_2023,Long-Term Memory (GO:0007616),20,0,1.0,,1.0
GO_Biological_Process_2023,Long-Chain fatty-acyl-CoA Metabolic Process (GO:0035336),23,0,1.0,,1.0
GO_Biological_Process_2023,Long-Chain fatty-acyl-CoA Biosynthetic Process (GO:0035338),17,0,1.0,,1.0
GO_Biological_Process_2023,Long-Chain Fatty Acid Transport (GO:0015909),21,0,1.0,,1.0
GO_Biological_Process_2023,Long-Chain Fatty Acid Metabolic Process (GO:0001676),76,0,1.0,,1.0
GO_Biological_Process_2023,Long-Chain Fatty Acid Import Into Cell (GO:0044539),9,0,1.0,,1.0
GO_Biological_Process_2023,Long-Chain Fatty Acid Catabolic Process (GO:0042758),6,0,1.0,,1.0
GO_Biological_Process_2023,Long-Chain Fatty Acid Biosynthetic Process (GO:0042759),23,0,1.0,,1.0
GO_Biological_Process_2023,Locomotor Rhythm (GO:0045475),6,0,1.0,,1.0
GO_Biological_Process_2023,Liver Development (GO:0001889),35,0,1.0,,1.0
GO_Biological_Process_2023,Limb Morphogenesis (GO:0035108),20,0,1.0,,1.0
GO_Biological_Process_2023,Lymphocyte Chemotaxis (GO:0048247),40,0,1.0,,1.0
GO_Biological_Process_2023,Limb Development (GO:0060173),28,0,1.0,,1.0
GO_Biological_Process_2023,Leukotriene Metabolic Process (GO:0006691),20,0,1.0,,1.0
GO_Biological_Process_2023,Lamellipodium Organization (GO:0097581),30,0,1.0,,1.0
GO_Biological_Process_2023,Lamellipodium Assembly (GO:0030032),25,0,1.0,,1.0
GO_Biological_Process_2023,Lactation (GO:0007595),8,0,1.0,,1.0
GO_Biological_Process_2023,Lactate Metabolic Process (GO:0006089),7,0,1.0,,1.0
GO_Biological_Process_2023,Kynurenine Metabolic Process (GO:0070189),7,0,1.0,,1.0
GO_Biological_Process_2023,Kinetochore Organization (GO:0051383),10,0,1.0,,1.0
GO_Biological_Process_2023,Kinetochore Assembly (GO:0051382),9,0,1.0,,1.0
GO_Biological_Process_2023,Late Endosome To Lysosome Transport (GO:1902774),15,0,1.0,,1.0
GO_Biological_Process_2023,Killing By Host Of Symbiont Cells (GO:0051873),11,0,1.0,,1.0
GO_Biological_Process_2023,Kidney Mesenchyme Development (GO:0072074),7,0,1.0,,1.0
GO_Biological_Process_2023,Ketone Body Metabolic Process (GO:1902224),6,0,1.0,,1.0
GO_Biological_Process_2023,Ketone Body Biosynthetic Process (GO:0046951),5,0,1.0,,1.0
GO_Biological_Process_2023,Ketone Biosynthetic Process (GO:0042181),8,0,1.0,,1.0
GO_Biological_Process_2023,Keratinocyte Proliferation (GO:0043616),6,0,1.0,,1.0
GO_Biological_Process_2023,Actomyosin Structure Organization (GO:0031032),76,0,1.0,,1.0
GO_Biological_Process_2023,Keratan Sulfate Metabolic Process (GO:0042339),17,0,1.0,,1.0
GO_Biological_Process_2023,Kidney Morphogenesis (GO:0060993),5,0,1.0,,1.0
GO_Biological_Process_2023,Late Endosome To Vacuole Transport (GO:0045324),19,0,1.0,,1.0
GO_Biological_Process_2023,Late Endosome To Vacuole Transport Via Multivesicular Body Sorting Pathway (GO:0032511),24,0,1.0,,1.0
GO_Biological_Process_2023,Late Nucleophagy (GO:0044805),7,0,1.0,,1.0
GO_Biological_Process_2023,Leukotriene Biosynthetic Process (GO:0019370),15,0,1.0,,1.0
GO_Biological_Process_2023,Leukotriene D4 Metabolic Process (GO:1901748),7,0,1.0,,1.0
GO_Biological_Process_2023,Leukotriene D4 Biosynthetic Process (GO:1901750),5,0,1.0,,1.0
GO_Biological_Process_2023,Leukocyte Tethering Or Rolling (GO:0050901),17,0,1.0,,1.0
GO_Biological_Process_2023,Leukocyte Chemotaxis Involved In Inflammatory Response (GO:0002232),5,0,1.0,,1.0
GO_Biological_Process_2023,Leukocyte Cell-Cell Adhesion (GO:0007159),30,0,1.0,,1.0
GO_Biological_Process_2023,Leukocyte Apoptotic Process (GO:0071887),5,0,1.0,,1.0
GO_Biological_Process_2023,Leukocyte Aggregation (GO:0070486),7,0,1.0,,1.0
GO_Biological_Process_2023,Leukocyte Adhesion To Vascular Endothelial Cell (GO:0061756),19,0,1.0,,1.0
GO_Biological_Process_2023,Leucine Transport (GO:0015820),9,0,1.0,,1.0
GO_Biological_Process_2023,Leucine Metabolic Process (GO:0006551),6,0,1.0,,1.0
GO_Biological_Process_2023,Leptin-Mediated Signaling Pathway (GO:0033210),8,0,1.0,,1.0
GO_Biological_Process_2023,Lens Fiber Cell Differentiation (GO:0070306),10,0,1.0,,1.0
GO_Biological_Process_2023,Lens Fiber Cell Development (GO:0070307),7,0,1.0,,1.0
GO_Biological_Process_2023,Left/Right Pattern Formation (GO:0060972),30,0,1.0,,1.0
GO_Biological_Process_2023,Learning (GO:0007612),42,0,1.0,,1.0
GO_Biological_Process_2023,Learned Vocalization Behavior Or Vocal Learning (GO:0098598),7,0,1.0,,1.0
GO_Biological_Process_2023,Leukotriene Transport (GO:0071716),6,0,1.0,,1.0
GO_Biological_Process_2023,Mitochondrial Gene Expression (GO:0140053),103,0,1.0,,1.0
GO_Biological_Process_2023,Energy Reserve Metabolic Process (GO:0006112),18,0,1.0,,1.0
GO_Biological_Process_2023,Endothelium Development (GO:0003158),11,0,1.0,,1.0
GO_Biological_Process_2023,Cardiac Left Ventricle Morphogenesis (GO:0003214),13,0,1.0,,1.0
GO_Biological_Process_2023,Cardiac Epithelial To Mesenchymal Transition (GO:0060317),19,0,1.0,,1.0
GO_Biological_Process_2023,Cardiac Conduction System Development (GO:0003161),25,0,1.0,,1.0
GO_Biological_Process_2023,Cardiac Conduction (GO:0061337),45,0,1.0,,1.0
GO_Biological_Process_2023,Cardiac Cell Development (GO:0055006),14,0,1.0,,1.0
GO_Biological_Process_2023,Cardiac Atrium Morphogenesis (GO:0003209),18,0,1.0,,1.0
GO_Biological_Process_2023,Cardiac Atrium Development (GO:0003230),7,0,1.0,,1.0
GO_Biological_Process_2023,Cardiac Muscle Cell Action Potential (GO:0086001),29,0,1.0,,1.0
GO_Biological_Process_2023,Carboxylic Acid Transport (GO:0046942),53,0,1.0,,1.0
GO_Biological_Process_2023,Carboxylic Acid Metabolic Process (GO:0019752),32,0,1.0,,1.0
GO_Biological_Process_2023,Carboxylic Acid Catabolic Process (GO:0046395),17,0,1.0,,1.0
GO_Biological_Process_2023,Carboxylic Acid Biosynthetic Process (GO:0046394),17,0,1.0,,1.0
GO_Biological_Process_2023,Carbon Dioxide Transport (GO:0015670),8,0,1.0,,1.0
GO_Biological_Process_2023,Carbohydrate Phosphorylation (GO:0046835),9,0,1.0,,1.0
GO_Biological_Process_2023,Carbohydrate Derivative Transport (GO:1901264),16,0,1.0,,1.0
GO_Biological_Process_2023,Carbohydrate Derivative Catabolic Process (GO:1901136),17,0,1.0,,1.0
GO_Biological_Process_2023,Carboxylic Acid Transmembrane Transport (GO:1905039),39,0,1.0,,1.0
GO_Biological_Process_2023,Carbohydrate Derivative Biosynthetic Process (GO:1901137),28,0,1.0,,1.0
GO_Biological_Process_2023,Cardiac Muscle Cell Action Potential Involved In Contraction (GO:0086002),29,0,1.0,,1.0
GO_Biological_Process_2023,Cardiac Muscle Cell Development (GO:0055013),25,0,1.0,,1.0
GO_Biological_Process_2023,Cardiolipin Acyl-Chain Remodeling (GO:0035965),5,0,1.0,,1.0
GO_Biological_Process_2023,Cardiocyte Differentiation (GO:0035051),12,0,1.0,,1.0
GO_Biological_Process_2023,Cardioblast Differentiation (GO:0010002),8,0,1.0,,1.0
GO_Biological_Process_2023,Cardiac Ventricle Morphogenesis (GO:0003208),42,0,1.0,,1.0
GO_Biological_Process_2023,Cardiac Ventricle Development (GO:0003231),19,0,1.0,,1.0
GO_Biological_Process_2023,Cardiac Right Ventricle Morphogenesis (GO:0003215),12,0,1.0,,1.0
GO_Biological_Process_2023,Cardiac Pacemaker Cell Development (GO:0060926),6,0,1.0,,1.0
GO_Biological_Process_2023,Cardiac Muscle Cell Contraction (GO:0086003),18,0,1.0,,1.0
GO_Biological_Process_2023,Cardiac Myofibril Assembly (GO:0055003),15,0,1.0,,1.0
GO_Biological_Process_2023,Cardiac Muscle Tissue Development (GO:0048738),52,0,1.0,,1.0
GO_Biological_Process_2023,Cardiac Muscle Hypertrophy (GO:0003300),7,0,1.0,,1.0
GO_Biological_Process_2023,Cardiac Muscle Contraction (GO:0060048),33,0,1.0,,1.0
GO_Biological_Process_2023,Cardiac Muscle Cell-Cardiac Muscle Cell Adhesion (GO:0086042),6,0,1.0,,1.0
GO_Biological_Process_2023,Cardiac Muscle Cell Myoblast Differentiation (GO:0060379),6,0,1.0,,1.0
GO_Biological_Process_2023,Cardiac Muscle Cell Membrane Repolarization (GO:0099622),10,0,1.0,,1.0
GO_Biological_Process_2023,Cardiac Muscle Cell Differentiation (GO:0055007),27,0,1.0,,1.0
GO_Biological_Process_2023,Cardiac Muscle Tissue Morphogenesis (GO:0055008),31,0,1.0,,1.0
GO_Biological_Process_2023,Carbohydrate Catabolic Process (GO:0016052),40,0,1.0,,1.0
GO_Biological_Process_2023,Carbohydrate Biosynthetic Process (GO:0016051),25,0,1.0,,1.0
GO_Biological_Process_2023,Cap-Dependent Translational Initiation (GO:0002191),5,0,1.0,,1.0
GO_Biological_Process_2023,cGMP Metabolic Process (GO:0046068),11,0,1.0,,1.0
GO_Biological_Process_2023,cGMP Biosynthetic Process (GO:0006182),9,0,1.0,,1.0
GO_Biological_Process_2023,cAMP-mediated Signaling (GO:0019933),26,0,1.0,,1.0
GO_Biological_Process_2023,cAMP Metabolic Process (GO:0046058),12,0,1.0,,1.0
GO_Biological_Process_2023,cAMP Biosynthetic Process (GO:0006171),9,0,1.0,,1.0
GO_Biological_Process_2023,Bundle Of His cell-Purkinje Myocyte Adhesion Involved In Cell Communication (GO:0086073),5,0,1.0,,1.0
GO_Biological_Process_2023,Bundle Of His Cell To Purkinje Myocyte Communication (GO:0086069),8,0,1.0,,1.0
GO_Biological_Process_2023,cGMP-mediated Signaling (GO:0019934),16,0,1.0,,1.0
GO_Biological_Process_2023,Brown Fat Cell Differentiation (GO:0050873),8,0,1.0,,1.0
GO_Biological_Process_2023,Adrenergic Receptor Signaling Pathway (GO:0071875),18,0,1.0,,1.0
GO_Biological_Process_2023,Branched-Chain Amino Acid Transport (GO:0015803),10,0,1.0,,1.0
GO_Biological_Process_2023,Branched-Chain Amino Acid Metabolic Process (GO:0009081),15,0,1.0,,1.0
GO_Biological_Process_2023,Branched-Chain Amino Acid Catabolic Process (GO:0009083),17,0,1.0,,1.0
GO_Biological_Process_2023,Brain Morphogenesis (GO:0048854),10,0,1.0,,1.0
GO_Biological_Process_2023,Brain Development (GO:0007420),158,0,1.0,,1.0
GO_Biological_Process_2023,Bradykinin Catabolic Process (GO:0010815),5,0,1.0,,1.0
GO_Biological_Process_2023,Adrenal Gland Development (GO:0030325),9,0,1.0,,1.0
GO_Biological_Process_2023,calcineurin-NFAT Signaling Cascade (GO:0033173),10,0,1.0,,1.0
GO_Biological_Process_2023,Calcineurin-Mediated Signaling (GO:0097720),11,0,1.0,,1.0
GO_Biological_Process_2023,Calcitonin Family Receptor Signaling Pathway (GO:0097646),6,0,1.0,,1.0
GO_Biological_Process_2023,Canonical Wnt Signaling Pathway (GO:0060070),64,1,0.18292098441133461,CTNNB1,1.0
GO_Biological_Process_2023,Camera-Type Eye Morphogenesis (GO:0048593),9,0,1.0,,1.0
GO_Biological_Process_2023,Camera-Type Eye Development (GO:0043010),25,0,1.0,,1.0
GO_Biological_Process_2023,Calcium-Mediated Signaling Using Intracellular Calcium Source (GO:0035584),20,0,1.0,,1.0
GO_Biological_Process_2023,Calcium-Mediated Signaling (GO:0019722),85,0,1.0,,1.0
GO_Biological_Process_2023,Calcium-Ion Regulated Exocytosis (GO:0017156),25,0,1.0,,1.0
GO_Biological_Process_2023,Calcium-Independent Cell-Cell Adhesion Via Plasma Membrane Cell-Adhesion Molecules (GO:0016338),19,0,1.0,,1.0
GO_Biological_Process_2023,Calcium-Dependent Cell-Cell Adhesion Via Plasma Membrane Cell Adhesion Molecules (GO:0016339),38,0,1.0,,1.0
GO_Biological_Process_2023,Calcium Ion-Regulated Exocytosis Of Neurotransmitter (GO:0048791),14,0,1.0,,1.0
GO_Biological_Process_2023,Calcium Ion Transport Into Cytosol (GO:0060402),9,0,1.0,,1.0
GO_Biological_Process_2023,Calcium Ion Transport (GO:0006816),111,1,0.29589439691654523,TRPM7,1.0
GO_Biological_Process_2023,Calcium Ion Transmembrane Transport (GO:0070588),79,1,0.2207861471335334,TRPM7,1.0
GO_Biological_Process_2023,Calcium Ion Transmembrane Import Into Cytosol (GO:0097553),83,0,1.0,,1.0
GO_Biological_Process_2023,Calcium Ion Import Across Plasma Membrane (GO:0098703),37,0,1.0,,1.0
GO_Biological_Process_2023,Calcium Ion Import (GO:0070509),12,0,1.0,,1.0
GO_Biological_Process_2023,Calcium Ion Homeostasis (GO:0055074),102,0,1.0,,1.0
GO_Biological_Process_2023,Calcium Import Into The Mitochondrion (GO:0036444),9,0,1.0,,1.0
GO_Biological_Process_2023,Cardiolipin Biosynthetic Process (GO:0032049),7,0,1.0,,1.0
GO_Biological_Process_2023,Box C/D snoRNP Assembly (GO:0000492),8,0,1.0,,1.0
GO_Biological_Process_2023,Cardiolipin Metabolic Process (GO:0032048),12,0,1.0,,1.0
GO_Biological_Process_2023,Cartilage Development (GO:0051216),52,0,1.0,,1.0
GO_Biological_Process_2023,Cellular Response To Angiotensin (GO:1904385),7,0,1.0,,1.0
GO_Biological_Process_2023,Cellular Response To Amyloid-Beta (GO:1904646),34,0,1.0,,1.0
GO_Biological_Process_2023,Cellular Response To Amino Acid Stimulus (GO:0071230),34,0,1.0,,1.0
GO_Biological_Process_2023,Cellular Response To Amino Acid Starvation (GO:0034198),41,0,1.0,,1.0
GO_Biological_Process_2023,Cellular Response To Alkaloid (GO:0071312),16,0,1.0,,1.0
GO_Biological_Process_2023,Cellular Response To Alcohol (GO:0097306),52,1,0.15133197290975003,CTNNB1,1.0
GO_Biological_Process_2023,Cellular Response To Acidic pH (GO:0071468),12,0,1.0,,1.0
GO_Biological_Process_2023,Cellular Response To Arsenic-Containing Substance (GO:0071243),13,0,1.0,,1.0
GO_Biological_Process_2023,Cellular Response To Acid Chemical (GO:0071229),27,0,1.0,,1.0
GO_Biological_Process_2023,Cellular Response To UV-B (GO:0071493),11,0,1.0,,1.0
GO_Biological_Process_2023,Cellular Response To UV-A (GO:0071492),10,0,1.0,,1.0
GO_Biological_Process_2023,Cellular Response To BMP Stimulus (GO:0071773),66,0,1.0,,1.0
GO_Biological_Process_2023,Cellular Response To ATP (GO:0071318),14,0,1.0,,1.0
GO_Biological_Process_2023,Cellular Respiration (GO:0045333),82,1,0.2281495485109367,SDHB,1.0
GO_Biological_Process_2023,Cellular Nitrogen Compound Biosynthetic Process (GO:0044271),32,0,1.0,,1.0
GO_Biological_Process_2023,Cellular Modified Amino Acid Catabolic Process (GO:0042219),13,0,1.0,,1.0
GO_Biological_Process_2023,Cellular Response To Acetylcholine (GO:1905145),9,0,1.0,,1.0
GO_Biological_Process_2023,Cellular Modified Amino Acid Biosynthetic Process (GO:0042398),7,0,1.0,,1.0
GO_Biological_Process_2023,Cellular Response To Bacterial Lipopeptide (GO:0071221),6,0,1.0,,1.0
GO_Biological_Process_2023,Cellular Response To Cadmium Ion (GO:0071276),22,0,1.0,,1.0
GO_Biological_Process_2023,Cellular Response To Fatty Acid (GO:0071398),15,0,1.0,,1.0
GO_Biological_Process_2023,Cellular Response To Exogenous dsRNA (GO:0071360),14,0,1.0,,1.0
GO_Biological_Process_2023,Cellular Response To Estrogen Stimulus (GO:0071391),15,0,1.0,,1.0
GO_Biological_Process_2023,Cellular Response To Estradiol Stimulus (GO:0071392),20,0,1.0,,1.0
GO_Biological_Process_2023,Cellular Response To Epinephrine Stimulus (GO:0071872),7,0,1.0,,1.0
GO_Biological_Process_2023,Cellular Response To dsRNA (GO:0071359),17,0,1.0,,1.0
GO_Biological_Process_2023,Cellular Response To Cytokine Stimulus (GO:0071345),302,0,1.0,,1.0
GO_Biological_Process_2023,Cellular Response To cAMP (GO:0071320),30,0,1.0,,1.0
GO_Biological_Process_2023,Cellular Response To Corticosteroid Stimulus (GO:0071384),15,0,1.0,,1.0
GO_Biological_Process_2023,Cellular Response To Cold (GO:0070417),5,0,1.0,,1.0
GO_Biological_Process_2023,Cellular Response To Cholesterol (GO:0071397),10,0,1.0,,1.0
GO_Biological_Process_2023,Cellular Response To Chemokine (GO:1990869),57,0,1.0,,1.0
GO_Biological_Process_2023,Cellular Response To Chemical Stress (GO:0062197),87,0,1.0,,1.0
GO_Biological_Process_2023,Cellular Response To Catecholamine Stimulus (GO:0071870),18,0,1.0,,1.0
GO_Biological_Process_2023,Cellular Response To Calcium Ion (GO:0071277),67,1,0.19063591851385706,BRAF,1.0
GO_Biological_Process_2023,Cellular Response To Caffeine (GO:0071313),6,0,1.0,,1.0
GO_Biological_Process_2023,Cellular Response To Copper Ion (GO:0071280),18,0,1.0,,1.0
GO_Biological_Process_2023,Cellular Lipid Catabolic Process (GO:0044242),22,0,1.0,,1.0
GO_Biological_Process_2023,Cellular Lipid Biosynthetic Process (GO:0097384),5,0,1.0,,1.0
GO_Biological_Process_2023,Cellular Hypotonic Response (GO:0071476),6,0,1.0,,1.0
GO_Biological_Process_2023,Cell Morphogenesis Involved In Differentiation (GO:0000904),24,0,1.0,,1.0
GO_Biological_Process_2023,Cell Migration Involved In Sprouting Angiogenesis (GO:0002042),16,0,1.0,,1.0
GO_Biological_Process_2023,Cell Migration Involved In Heart Development (GO:0060973),7,0,1.0,,1.0
GO_Biological_Process_2023,Cell Junction Organization (GO:0034330),62,0,1.0,,1.0
GO_Biological_Process_2023,Cell Junction Maintenance (GO:0034331),18,0,1.0,,1.0
GO_Biological_Process_2023,Cell Junction Disassembly (GO:0150146),5,0,1.0,,1.0
GO_Biological_Process_2023,Cell Junction Assembly (GO:0034329),94,0,1.0,,1.0
GO_Biological_Process_2023,Cell Morphogenesis Involved In Neuron Differentiation (GO:0048667),77,0,1.0,,1.0
GO_Biological_Process_2023,Cell Differentiation In Spinal Cord (GO:0021515),9,0,1.0,,1.0
GO_Biological_Process_2023,Cell Cycle G2/M Phase Transition (GO:0044839),40,1,0.11854355482635615,DNM2,1.0
GO_Biological_Process_2023,Cell Communication By Electrical Coupling Involved In Cardiac Conduction (GO:0086064),16,0,1.0,,1.0
GO_Biological_Process_2023,Cell Chemotaxis (GO:0060326),44,0,1.0,,1.0
GO_Biological_Process_2023,Catecholamine Uptake (GO:0090493),6,0,1.0,,1.0
GO_Biological_Process_2023,Catecholamine Transport (GO:0051937),7,0,1.0,,1.0
GO_Biological_Process_2023,Catecholamine Metabolic Process (GO:0006584),11,0,1.0,,1.0
GO_Biological_Process_2023,Catecholamine Biosynthetic Process (GO:0042423),10,0,1.0,,1.0
GO_Biological_Process_2023,Cell Differentiation In Hindbrain (GO:0021533),11,0,1.0,,1.0
GO_Biological_Process_2023,Cell Part Morphogenesis (GO:0032990),10,0,1.0,,1.0
GO_Biological_Process_2023,Cell Projection Assembly (GO:0030031),12,0,1.0,,1.0
GO_Biological_Process_2023,Cell Projection Organization (GO:0030030),20,0,1.0,,1.0
GO_Biological_Process_2023,Cellular Hyperosmotic Response (GO:0071474),6,0,1.0,,1.0
GO_Biological_Process_2023,Cellular Glucuronidation (GO:0052695),14,0,1.0,,1.0
GO_Biological_Process_2023,Cellular Defense Response (GO:0006968),47,0,1.0,,1.0
GO_Biological_Process_2023,Cellular Component Maintenance (GO:0043954),12,0,1.0,,1.0
GO_Biological_Process_2023,Cellular Component Disassembly (GO:0022411),45,0,1.0,,1.0
GO_Biological_Process_2023,Cellular Component Assembly (GO:0022607),254,2,0.1902635335576485,ELOB;MDM2,1.0
GO_Biological_Process_2023,Cellular Biogenic Amine Catabolic Process (GO:0042402),6,0,1.0,,1.0
GO_Biological_Process_2023,Cell-Matrix Adhesion (GO:0007160),107,1,0.2869099657202279,FERMT2,1.0
GO_Biological_Process_2023,Cell-Cell Signaling Involved In Cardiac Conduction (GO:0086019),5,0,1.0,,1.0
GO_Biological_Process_2023,Cell-Cell Junction Organization (GO:0045216),68,0,1.0,,1.0
GO_Biological_Process_2023,Cell-Cell Junction Assembly (GO:0007043),71,1,0.20081123128848624,CTNNB1,1.0
GO_Biological_Process_2023,Cell-Cell Adhesion Via Plasma-Membrane Adhesion Molecules (GO:0098742),172,0,1.0,,1.0
GO_Biological_Process_2023,Cell-Cell Adhesion Mediated By Cadherin (GO:0044331),26,0,1.0,,1.0
GO_Biological_Process_2023,Cell Surface Toll-Like Receptor Signaling Pathway (GO:0140895),16,0,1.0,,1.0
GO_Biological_Process_2023,Cell Surface Receptor Signaling Pathway Involved In Heart Development (GO:0061311),16,0,1.0,,1.0
GO_Biological_Process_2023,Cell Surface Pattern Recognition Receptor Signaling Pathway (GO:0002752),8,0,1.0,,1.0
GO_Biological_Process_2023,Cell Proliferation In Forebrain (GO:0021846),10,0,1.0,,1.0
GO_Biological_Process_2023,Carnitine Metabolic Process (GO:0009437),9,0,1.0,,1.0
GO_Biological_Process_2023,Bone Resorption (GO:0045453),8,0,1.0,,1.0
GO_Biological_Process_2023,Bone Morphogenesis (GO:0060349),14,0,1.0,,1.0
GO_Biological_Process_2023,Bone Development (GO:0060348),44,0,1.0,,1.0
GO_Biological_Process_2023,Antigen Processing And Presentation Of Endogenous Peptide Antigen Via MHC Class I Via ER Pathway (GO:0002484),13,0,1.0,,1.0
GO_Biological_Process_2023,Antigen Processing And Presentation Of Endogenous Peptide Antigen Via MHC Class I (GO:0019885),6,0,1.0,,1.0
GO_Biological_Process_2023,Antigen Processing And Presentation Of Endogenous Peptide Antigen (GO:0002483),21,0,1.0,,1.0
GO_Biological_Process_2023,Antifungal Innate Immune Response (GO:0061760),14,0,1.0,,1.0
GO_Biological_Process_2023,Antibacterial Humoral Response (GO:0019731),41,0,1.0,,1.0
GO_Biological_Process_2023,Anterograde Trans-Synaptic Signaling (GO:0098916),199,0,1.0,,1.0
GO_Biological_Process_2023,Anterograde Synaptic Vesicle Transport (GO:0048490),15,0,1.0,,1.0
GO_Biological_Process_2023,"Antigen Processing And Presentation Of Endogenous Peptide Antigen Via MHC Class I Via ER Pathway, TAP-independent (GO:0002486)",13,0,1.0,,1.0
GO_Biological_Process_2023,Anterograde Dendritic Transport (GO:0098937),6,0,1.0,,1.0
GO_Biological_Process_2023,Anterograde Axonal Protein Transport (GO:0099641),7,0,1.0,,1.0
GO_Biological_Process_2023,Anterior/Posterior Pattern Specification (GO:0009952),59,0,1.0,,1.0
GO_Biological_Process_2023,Anterior/Posterior Axis Specification (GO:0009948),19,0,1.0,,1.0
GO_Biological_Process_2023,Anoikis (GO:0043276),8,0,1.0,,1.0
GO_Biological_Process_2023,Angiotensin-Activated Signaling Pathway (GO:0038166),6,0,1.0,,1.0
GO_Biological_Process_2023,Angiotensin Maturation (GO:0002003),8,0,1.0,,1.0
GO_Biological_Process_2023,Angiogenesis Involved In Wound Healing (GO:0060055),10,0,1.0,,1.0
GO_Biological_Process_2023,Anterograde Axonal Transport (GO:0008089),39,0,1.0,,1.0
GO_Biological_Process_2023,Androgen Receptor Signaling Pathway (GO:0030521),17,0,1.0,,1.0
GO_Biological_Process_2023,Antigen Processing And Presentation Of Endogenous Peptide Antigen Via MHC Class Ib (GO:0002476),13,0,1.0,,1.0
GO_Biological_Process_2023,Antigen Processing And Presentation Of Peptide Antigen Via MHC Class I (GO:0002474),18,0,1.0,,1.0
GO_Biological_Process_2023,Adult Feeding Behavior (GO:0008343),6,0,1.0,,1.0
GO_Biological_Process_2023,Apoptotic Nuclear Changes (GO:0030262),16,0,1.0,,1.0
GO_Biological_Process_2023,Apoptotic Mitochondrial Changes (GO:0008637),34,1,0.10168565911760429,BCL2L1,1.0
GO_Biological_Process_2023,Apoptotic Cell Clearance (GO:0043277),28,0,1.0,,1.0
GO_Biological_Process_2023,Apoptotic DNA Fragmentation (GO:0006309),8,0,1.0,,1.0
GO_Biological_Process_2023,Apical Protein Localization (GO:0045176),9,0,1.0,,1.0
GO_Biological_Process_2023,Apical Junction Assembly (GO:0043297),54,0,1.0,,1.0
GO_Biological_Process_2023,Antigen Processing And Presentation Of Exogenous Peptide Antigen Via MHC Class I (GO:0042590),6,0,1.0,,1.0
GO_Biological_Process_2023,Aortic Valve Morphogenesis (GO:0003180),37,0,1.0,,1.0
GO_Biological_Process_2023,Aorta Morphogenesis (GO:0035909),17,0,1.0,,1.0
GO_Biological_Process_2023,Aorta Development (GO:0035904),14,0,1.0,,1.0
GO_Biological_Process_2023,Antiviral Innate Immune Response (GO:0140374),46,0,1.0,,1.0
GO_Biological_Process_2023,Antimicrobial Humoral Response (GO:0019730),89,0,1.0,,1.0
GO_Biological_Process_2023,Antimicrobial Humoral Immune Response Mediated By Antimicrobial Peptide (GO:0061844),60,0,1.0,,1.0
GO_Biological_Process_2023,Antigen Receptor-Mediated Signaling Pathway (GO:0050851),111,0,1.0,,1.0
GO_Biological_Process_2023,Antigen Processing And Presentation Of Peptide Antigen Via MHC Class Ib (GO:0002428),13,0,1.0,,1.0
GO_Biological_Process_2023,Aortic Valve Development (GO:0003176),40,0,1.0,,1.0
GO_Biological_Process_2023,Anaphase-Promoting Complex-Dependent Catabolic Process (GO:0031145),21,0,1.0,,1.0
GO_Biological_Process_2023,Amyloid-Beta Metabolic Process (GO:0050435),14,0,1.0,,1.0
GO_Biological_Process_2023,Amyloid-Beta Formation (GO:0034205),8,0,1.0,,1.0
GO_Biological_Process_2023,Amide Biosynthetic Process (GO:0043604),51,0,1.0,,1.0
GO_Biological_Process_2023,Ameboidal-Type Cell Migration (GO:0001667),20,0,1.0,,1.0
GO_Biological_Process_2023,"Alternative mRNA Splicing, Via Spliceosome (GO:0000380)",16,0,1.0,,1.0
GO_Biological_Process_2023,Alpha-Linolenic Acid Metabolic Process (GO:0036109),9,0,1.0,,1.0
GO_Biological_Process_2023,Alpha-Beta T Cell Activation (GO:0046631),13,0,1.0,,1.0
GO_Biological_Process_2023,Alpha-Amino Acid Metabolic Process (GO:1901605),29,0,1.0,,1.0
GO_Biological_Process_2023,Alpha-Amino Acid Catabolic Process (GO:1901606),29,0,1.0,,1.0
GO_Biological_Process_2023,Amide Transport (GO:0042886),32,0,1.0,,1.0
GO_Biological_Process_2023,Alpha-Amino Acid Biosynthetic Process (GO:1901607),10,0,1.0,,1.0
GO_Biological_Process_2023,Aldehyde Catabolic Process (GO:0046185),7,0,1.0,,1.0
GO_Biological_Process_2023,Aldehyde Biosynthetic Process (GO:0046184),6,0,1.0,,1.0
GO_Biological_Process_2023,Alcohol Catabolic Process (GO:0046164),8,0,1.0,,1.0
GO_Biological_Process_2023,Alanine Transport (GO:0032328),12,0,1.0,,1.0
GO_Biological_Process_2023,Aggrephagy (GO:0035973),6,0,1.0,,1.0
GO_Biological_Process_2023,Aerobic Respiration (GO:0009060),57,1,0.1646373116929221,SDHB,1.0
GO_Biological_Process_2023,Aerobic Electron Transport Chain (GO:0019646),65,1,0.1855006253075374,SDHB,1.0
GO_Biological_Process_2023,Alditol Metabolic Process (GO:0019400),6,0,1.0,,1.0
GO_Biological_Process_2023,Amine Metabolic Process (GO:0009308),9,0,1.0,,1.0
GO_Biological_Process_2023,Amine Transport (GO:0015837),7,0,1.0,,1.0
GO_Biological_Process_2023,Amino Acid Catabolic Process (GO:0009063),38,0,1.0,,1.0
GO_Biological_Process_2023,Amyloid Precursor Protein Metabolic Process (GO:0042982),17,0,1.0,,1.0
GO_Biological_Process_2023,Amyloid Precursor Protein Catabolic Process (GO:0042987),13,0,1.0,,1.0
GO_Biological_Process_2023,Amylin Receptor Signaling Pathway (GO:0097647),5,0,1.0,,1.0
GO_Biological_Process_2023,Ammonium Transmembrane Transport (GO:0072488),10,0,1.0,,1.0
GO_Biological_Process_2023,Ammonium Homeostasis (GO:0097272),5,0,1.0,,1.0
GO_Biological_Process_2023,Aminophospholipid Transport (GO:0015917),5,0,1.0,,1.0
GO_Biological_Process_2023,Aminoglycan Metabolic Process (GO:0006022),9,0,1.0,,1.0
GO_Biological_Process_2023,Aminoglycan Catabolic Process (GO:0006026),14,0,1.0,,1.0
GO_Biological_Process_2023,Aminoglycan Biosynthetic Process (GO:0006023),21,0,1.0,,1.0
GO_Biological_Process_2023,Amino-Acid Betaine Transport (GO:0015838),7,0,1.0,,1.0
GO_Biological_Process_2023,Amino-Acid Betaine Metabolic Process (GO:0006577),6,0,1.0,,1.0
GO_Biological_Process_2023,Amino Sugar Metabolic Process (GO:0006040),9,0,1.0,,1.0
GO_Biological_Process_2023,Amino Sugar Catabolic Process (GO:0046348),7,0,1.0,,1.0
GO_Biological_Process_2023,Amino Sugar Biosynthetic Process (GO:0046349),9,0,1.0,,1.0
GO_Biological_Process_2023,Amino Acid Transport (GO:0006865),46,0,1.0,,1.0
GO_Biological_Process_2023,Amino Acid Transmembrane Transport (GO:0003333),42,0,1.0,,1.0
GO_Biological_Process_2023,Amino Acid Import Across Plasma Membrane (GO:0089718),27,0,1.0,,1.0
GO_Biological_Process_2023,Arachidonate Transport (GO:1903963),9,0,1.0,,1.0
GO_Biological_Process_2023,Arachidonic Acid Metabolic Process (GO:0019369),50,0,1.0,,1.0
GO_Biological_Process_2023,Arachidonic Acid Secretion (GO:0050482),9,0,1.0,,1.0
GO_Biological_Process_2023,Arginine Catabolic Process (GO:0006527),7,0,1.0,,1.0
GO_Biological_Process_2023,Basement Membrane Organization (GO:0071711),10,0,1.0,,1.0
GO_Biological_Process_2023,"Base-Excision Repair, Gap-Filling (GO:0006287)",12,0,1.0,,1.0
GO_Biological_Process_2023,"Base-Excision Repair, AP Site Formation (GO:0006285)",11,0,1.0,,1.0
GO_Biological_Process_2023,Base-Excision Repair (GO:0006284),36,0,1.0,,1.0
GO_Biological_Process_2023,Base Conversion Or Substitution Editing (GO:0016553),17,0,1.0,,1.0
GO_Biological_Process_2023,Barbed-End Actin Filament Capping (GO:0051016),18,0,1.0,,1.0
GO_Biological_Process_2023,Axonogenesis (GO:0007409),185,1,0.44339310778799657,PTK2,1.0
GO_Biological_Process_2023,Basic Amino Acid Transmembrane Transport (GO:1990822),8,0,1.0,,1.0
GO_Biological_Process_2023,Axoneme Assembly (GO:0035082),40,0,1.0,,1.0
GO_Biological_Process_2023,Axonemal Central Apparatus Assembly (GO:1904158),5,0,1.0,,1.0
GO_Biological_Process_2023,Axonal Transport Of Mitochondrion (GO:0019896),12,0,1.0,,1.0
GO_Biological_Process_2023,Axonal Transport (GO:0098930),39,0,1.0,,1.0
GO_Biological_Process_2023,Axonal Fasciculation (GO:0007413),12,0,1.0,,1.0
GO_Biological_Process_2023,Axon Guidance (GO:0007411),146,1,0.36990806160245215,PTK2,1.0
GO_Biological_Process_2023,Axon Extension Involved In Axon Guidance (GO:0048846),6,0,1.0,,1.0
GO_Biological_Process_2023,Axon Extension (GO:0048675),22,0,1.0,,1.0
GO_Biological_Process_2023,Axonemal Dynein Complex Assembly (GO:0070286),37,0,1.0,,1.0
GO_Biological_Process_2023,Basic Amino Acid Transport (GO:0015802),5,0,1.0,,1.0
GO_Biological_Process_2023,Behavioral Fear Response (GO:0001662),5,0,1.0,,1.0
GO_Biological_Process_2023,Benzene-Containing Compound Metabolic Process (GO:0042537),7,0,1.0,,1.0
GO_Biological_Process_2023,Body Fluid Secretion (GO:0007589),13,0,1.0,,1.0
GO_Biological_Process_2023,Blood Vessel Morphogenesis (GO:0048514),53,0,1.0,,1.0
GO_Biological_Process_2023,Blood Vessel Endothelial Cell Proliferation Involved In Sprouting Angiogenesis (GO:0002043),5,0,1.0,,1.0
GO_Biological_Process_2023,Blood Vessel Endothelial Cell Migration (GO:0043534),21,0,1.0,,1.0
GO_Biological_Process_2023,Blood Vessel Diameter Maintenance (GO:0097746),36,0,1.0,,1.0
GO_Biological_Process_2023,"Blood Coagulation, Intrinsic Pathway (GO:0007597)",7,0,1.0,,1.0
GO_Biological_Process_2023,"Blood Coagulation, Fibrin Clot Formation (GO:0072378)",14,0,1.0,,1.0
GO_Biological_Process_2023,Blood Circulation (GO:0008015),50,0,1.0,,1.0
GO_Biological_Process_2023,Bleb Assembly (GO:0032060),6,0,1.0,,1.0
GO_Biological_Process_2023,Biomineral Tissue Development (GO:0031214),9,0,1.0,,1.0
GO_Biological_Process_2023,Biogenic Amine Metabolic Process (GO:0006576),12,0,1.0,,1.0
GO_Biological_Process_2023,Biogenic Amine Biosynthetic Process (GO:0042401),10,0,1.0,,1.0
GO_Biological_Process_2023,Bile Acid Metabolic Process (GO:0008206),29,0,1.0,,1.0
GO_Biological_Process_2023,Bile Acid Biosynthetic Process (GO:0006699),25,0,1.0,,1.0
GO_Biological_Process_2023,Bile Acid And Bile Salt Transport (GO:0015721),22,0,1.0,,1.0
GO_Biological_Process_2023,Bicellular Tight Junction Assembly (GO:0070830),47,0,1.0,,1.0
GO_Biological_Process_2023,Bicarbonate Transport (GO:0015701),19,0,1.0,,1.0
GO_Biological_Process_2023,Axon Development (GO:0061564),99,1,0.26860179452098903,DHFR,1.0
GO_Biological_Process_2023,Cellular Response To Fibroblast Growth Factor Stimulus (GO:0044344),54,0,1.0,,1.0
GO_Biological_Process_2023,Axo-Dendritic Transport (GO:0008088),5,0,1.0,,1.0
GO_Biological_Process_2023,Autophagy Of Peroxisome (GO:0030242),9,0,1.0,,1.0
GO_Biological_Process_2023,Astrocyte Differentiation (GO:0048708),5,0,1.0,,1.0
GO_Biological_Process_2023,Astrocyte Activation (GO:0048143),12,0,1.0,,1.0
GO_Biological_Process_2023,Astral Microtubule Organization (GO:0030953),8,0,1.0,,1.0
GO_Biological_Process_2023,Associative Learning (GO:0008306),18,0,1.0,,1.0
GO_Biological_Process_2023,Aspartate Transmembrane Transport (GO:0015810),9,0,1.0,,1.0
GO_Biological_Process_2023,Aspartate Metabolic Process (GO:0006531),5,0,1.0,,1.0
GO_Biological_Process_2023,Aspartate Family Amino Acid Metabolic Process (GO:0009066),12,0,1.0,,1.0
GO_Biological_Process_2023,Atrial Cardiac Muscle Cell Action Potential (GO:0086014),12,0,1.0,,1.0
GO_Biological_Process_2023,Aspartate Family Amino Acid Catabolic Process (GO:0009068),11,0,1.0,,1.0
GO_Biological_Process_2023,Artery Morphogenesis (GO:0048844),30,0,1.0,,1.0
GO_Biological_Process_2023,Artery Development (GO:0060840),23,0,1.0,,1.0
GO_Biological_Process_2023,Aromatic Compound Catabolic Process (GO:0019439),7,0,1.0,,1.0
GO_Biological_Process_2023,Aromatic Compound Biosynthetic Process (GO:0019438),5,0,1.0,,1.0
GO_Biological_Process_2023,Aromatic Amino Acid Transport (GO:0015801),7,0,1.0,,1.0
GO_Biological_Process_2023,Aromatic Amino Acid Family Catabolic Process (GO:0009074),10,0,1.0,,1.0
GO_Biological_Process_2023,Arginine Metabolic Process (GO:0006525),10,0,1.0,,1.0
GO_Biological_Process_2023,Aspartate Family Amino Acid Biosynthetic Process (GO:0009067),7,0,1.0,,1.0
GO_Biological_Process_2023,Atrial Cardiac Muscle Cell To AV Node Cell Signaling (GO:0086026),7,0,1.0,,1.0
GO_Biological_Process_2023,Atrial Cardiac Muscle Tissue Development (GO:0003228),12,0,1.0,,1.0
GO_Biological_Process_2023,Atrial Septum Development (GO:0003283),13,0,1.0,,1.0
GO_Biological_Process_2023,Autophagy Of Nucleus (GO:0044804),18,0,1.0,,1.0
GO_Biological_Process_2023,Autophagy Of Mitochondrion (GO:0000422),48,0,1.0,,1.0
GO_Biological_Process_2023,Autophagosome-Lysosome Fusion (GO:0061909),8,0,1.0,,1.0
GO_Biological_Process_2023,Autophagosome Organization (GO:1905037),59,0,1.0,,1.0
GO_Biological_Process_2023,Autophagosome Membrane Docking (GO:0016240),6,0,1.0,,1.0
GO_Biological_Process_2023,Autophagosome Maturation (GO:0097352),44,0,1.0,,1.0
GO_Biological_Process_2023,Autophagosome Assembly (GO:0000045),63,0,1.0,,1.0
GO_Biological_Process_2023,Autocrine Signaling (GO:0035425),5,0,1.0,,1.0
GO_Biological_Process_2023,Auditory Receptor Cell Stereocilium Organization (GO:0060088),6,0,1.0,,1.0
GO_Biological_Process_2023,Auditory Receptor Cell Morphogenesis (GO:0002093),6,0,1.0,,1.0
GO_Biological_Process_2023,Auditory Behavior (GO:0031223),7,0,1.0,,1.0
GO_Biological_Process_2023,Attachment Of Mitotic Spindle Microtubules To Kinetochore (GO:0051315),12,0,1.0,,1.0
GO_Biological_Process_2023,Attachment Of GPI Anchor To Protein (GO:0016255),5,0,1.0,,1.0
GO_Biological_Process_2023,Atrioventricular Valve Morphogenesis (GO:0003181),19,0,1.0,,1.0
GO_Biological_Process_2023,Atrioventricular Valve Formation (GO:0003190),6,0,1.0,,1.0
GO_Biological_Process_2023,Atrioventricular Valve Development (GO:0003171),13,0,1.0,,1.0
GO_Biological_Process_2023,Atrial Septum Morphogenesis (GO:0060413),10,0,1.0,,1.0
GO_Biological_Process_2023,Axo-Dendritic Protein Transport (GO:0099640),7,0,1.0,,1.0
GO_Biological_Process_2023,Cellular Response To Fluid Shear Stress (GO:0071498),11,0,1.0,,1.0
GO_Biological_Process_2023,Cellular Response To Forskolin (GO:1904322),10,0,1.0,,1.0
GO_Biological_Process_2023,Cellular Response To Glucocorticoid Stimulus (GO:0071385),17,0,1.0,,1.0
GO_Biological_Process_2023,Detection Of Mechanical Stimulus Involved In Sensory Perception Of Sound (GO:0050910),8,0,1.0,,1.0
GO_Biological_Process_2023,Detection Of Mechanical Stimulus Involved In Sensory Perception (GO:0050974),14,0,1.0,,1.0
GO_Biological_Process_2023,Adenylate Cyclase-Inhibiting G Protein-Coupled Receptor Signaling Pathway (GO:0007193),51,0,1.0,,1.0
GO_Biological_Process_2023,Detection Of Light Stimulus Involved In Visual Perception (GO:0050908),11,0,1.0,,1.0
GO_Biological_Process_2023,Detection Of Light Stimulus Involved In Sensory Perception (GO:0050962),11,0,1.0,,1.0
GO_Biological_Process_2023,Detection Of Chemical Stimulus Involved In Sensory Perception Of Taste (GO:0050912),42,0,1.0,,1.0
GO_Biological_Process_2023,Detection Of Chemical Stimulus Involved In Sensory Perception Of Smell (GO:0050911),109,0,1.0,,1.0
GO_Biological_Process_2023,Detection Of Molecule Of Bacterial Origin (GO:0032490),5,0,1.0,,1.0
GO_Biological_Process_2023,Detection Of Chemical Stimulus Involved In Sensory Perception Of Bitter Taste (GO:0001580),38,0,1.0,,1.0
GO_Biological_Process_2023,Detection Of Calcium Ion (GO:0005513),12,0,1.0,,1.0
GO_Biological_Process_2023,Detection Of Bacterium (GO:0016045),12,0,1.0,,1.0
GO_Biological_Process_2023,Desmosome Organization (GO:0002934),6,0,1.0,,1.0
GO_Biological_Process_2023,Desensitization Of G Protein-Coupled Receptor Signaling Pathway (GO:0002029),9,0,1.0,,1.0
GO_Biological_Process_2023,Dermatan Sulfate Proteoglycan Metabolic Process (GO:0050655),5,0,1.0,,1.0
GO_Biological_Process_2023,Dermatan Sulfate Proteoglycan Biosynthetic Process (GO:0050651),7,0,1.0,,1.0
GO_Biological_Process_2023,Dermatan Sulfate Metabolic Process (GO:0030205),5,0,1.0,,1.0
GO_Biological_Process_2023,Detection Of Chemical Stimulus Involved In Sensory Perception (GO:0050907),111,0,1.0,,1.0
GO_Biological_Process_2023,Depyrimidination (GO:0045008),7,0,1.0,,1.0
GO_Biological_Process_2023,Adenylate Cyclase-Inhibiting G Protein-Coupled Acetylcholine Receptor Signaling Pathway (GO:0007197),7,0,1.0,,1.0
GO_Biological_Process_2023,Detection Of Virus (GO:0009597),5,0,1.0,,1.0
GO_Biological_Process_2023,Digestive Tract Development (GO:0048565),37,0,1.0,,1.0
GO_Biological_Process_2023,Digestive System Development (GO:0055123),10,0,1.0,,1.0
GO_Biological_Process_2023,Dicarboxylic Acid Transport (GO:0006835),24,0,1.0,,1.0
GO_Biological_Process_2023,Adenylate Cyclase-Activating Dopamine Receptor Signaling Pathway (GO:0007191),5,0,1.0,,1.0
GO_Biological_Process_2023,Dicarboxylic Acid Catabolic Process (GO:0043649),16,0,1.0,,1.0
GO_Biological_Process_2023,Dicarboxylic Acid Biosynthetic Process (GO:0043650),9,0,1.0,,1.0
GO_Biological_Process_2023,Diacylglycerol Metabolic Process (GO:0046339),23,0,1.0,,1.0
GO_Biological_Process_2023,Detection Of Stimulus Involved In Sensory Perception Of Pain (GO:0062149),6,0,1.0,,1.0
GO_Biological_Process_2023,Diacylglycerol Biosynthetic Process (GO:0006651),7,0,1.0,,1.0
GO_Biological_Process_2023,Development Of Primary Female Sexual Characteristics (GO:0046545),6,0,1.0,,1.0
GO_Biological_Process_2023,Determination Of Liver Left/Right Asymmetry (GO:0071910),5,0,1.0,,1.0
GO_Biological_Process_2023,Determination Of Left/Right Symmetry (GO:0007368),43,0,1.0,,1.0
GO_Biological_Process_2023,Determination Of Heart Left/Right Asymmetry (GO:0061371),40,0,1.0,,1.0
GO_Biological_Process_2023,Determination Of Digestive Tract Left/Right Asymmetry (GO:0071907),6,0,1.0,,1.0
GO_Biological_Process_2023,Determination Of Bilateral Symmetry (GO:0009855),26,0,1.0,,1.0
GO_Biological_Process_2023,Detection Of Visible Light (GO:0009584),17,0,1.0,,1.0
GO_Biological_Process_2023,Development Of Primary Male Sexual Characteristics (GO:0046546),44,0,1.0,,1.0
GO_Biological_Process_2023,Dephosphorylation (GO:0016311),143,0,1.0,,1.0
GO_Biological_Process_2023,Dense Core Granule Cytoskeletal Transport (GO:0099519),6,0,1.0,,1.0
GO_Biological_Process_2023,Dendritic Spine Organization (GO:0097061),25,0,1.0,,1.0
GO_Biological_Process_2023,Cytoskeleton-Dependent Intracellular Transport (GO:0030705),20,0,1.0,,1.0
GO_Biological_Process_2023,Cytoskeleton-Dependent Cytokinesis (GO:0061640),80,1,0.2232482523561444,CFL1,1.0
GO_Biological_Process_2023,Cytoskeleton Organization (GO:0007010),111,1,0.29589439691654523,CFL1,1.0
GO_Biological_Process_2023,Cytoplasmic Translational Initiation (GO:0002183),28,0,1.0,,1.0
GO_Biological_Process_2023,Cytoplasmic Translation (GO:0002181),89,0,1.0,,1.0
GO_Biological_Process_2023,Cytoplasmic Sequestering Of Transcription Factor (GO:0042994),13,0,1.0,,1.0
GO_Biological_Process_2023,Cytoplasmic Sequestering Of Protein (GO:0051220),13,0,1.0,,1.0
GO_Biological_Process_2023,Cytosolic Pattern Recognition Receptor Signaling Pathway (GO:0002753),23,0,1.0,,1.0
GO_Biological_Process_2023,Cytoplasmic Sequestering Of NF-kappaB (GO:0007253),7,0,1.0,,1.0
GO_Biological_Process_2023,Cytolysis By Host Of Symbiont Cells (GO:0051838),6,0,1.0,,1.0
GO_Biological_Process_2023,Cytokine-Mediated Signaling Pathway (GO:0019221),253,0,1.0,,1.0
GO_Biological_Process_2023,Cytochrome Complex Assembly (GO:0017004),7,0,1.0,,1.0
GO_Biological_Process_2023,Cytidine To Uridine Editing (GO:0016554),11,0,1.0,,1.0
GO_Biological_Process_2023,Cyclooxygenase Pathway (GO:0019371),8,0,1.0,,1.0
GO_Biological_Process_2023,Cyclic-Nucleotide-Mediated Signaling (GO:0019935),39,0,1.0,,1.0
GO_Biological_Process_2023,Cyclic Nucleotide Transport (GO:0070729),7,0,1.0,,1.0
GO_Biological_Process_2023,Cytoplasmic Microtubule Organization (GO:0031122),48,0,1.0,,1.0
GO_Biological_Process_2023,Cytosolic Transport (GO:0016482),120,0,1.0,,1.0
GO_Biological_Process_2023,Deadenylation-Dependent Decapping Of Nuclear-Transcribed mRNA (GO:0000290),7,0,1.0,,1.0
GO_Biological_Process_2023,Defense Response To Gram-negative Bacterium (GO:0050829),67,0,1.0,,1.0
GO_Biological_Process_2023,Dendritic Spine Morphogenesis (GO:0060997),14,0,1.0,,1.0
GO_Biological_Process_2023,Dendritic Spine Maintenance (GO:0097062),7,0,1.0,,1.0
GO_Biological_Process_2023,Dendritic Cell Migration (GO:0036336),18,0,1.0,,1.0
GO_Biological_Process_2023,Dendritic Cell Differentiation (GO:0097028),22,0,1.0,,1.0
GO_Biological_Process_2023,Dendritic Cell Chemotaxis (GO:0002407),15,0,1.0,,1.0
GO_Biological_Process_2023,Dendrite Self-Avoidance (GO:0070593),12,0,1.0,,1.0
GO_Biological_Process_2023,Dendrite Morphogenesis (GO:0048813),34,0,1.0,,1.0
GO_Biological_Process_2023,Dendrite Extension (GO:0097484),5,0,1.0,,1.0
GO_Biological_Process_2023,Dendrite Arborization (GO:0140059),6,0,1.0,,1.0
GO_Biological_Process_2023,Delamination (GO:0060232),6,0,1.0,,1.0
GO_Biological_Process_2023,Dehydroascorbic Acid Transport (GO:0070837),8,0,1.0,,1.0
GO_Biological_Process_2023,Definitive Hemopoiesis (GO:0060216),6,0,1.0,,1.0
GO_Biological_Process_2023,Defense Response To Virus (GO:0051607),187,2,0.11716644489109873,BCL2L1;SKP2,1.0
GO_Biological_Process_2023,Defense Response To Tumor Cell (GO:0002357),11,0,1.0,,1.0
GO_Biological_Process_2023,Defense Response To Fungus (GO:0050832),27,0,1.0,,1.0
GO_Biological_Process_2023,Defense Response To Bacterium (GO:0042742),186,0,1.0,,1.0
GO_Biological_Process_2023,Defense Response To Gram-positive Bacterium (GO:0050830),75,0,1.0,,1.0
GO_Biological_Process_2023,Digestive Tract Morphogenesis (GO:0048546),15,0,1.0,,1.0
GO_Biological_Process_2023,Diol Metabolic Process (GO:0034311),10,0,1.0,,1.0
GO_Biological_Process_2023,Diterpenoid Metabolic Process (GO:0016101),27,0,1.0,,1.0
GO_Biological_Process_2023,Dolichol Metabolic Process (GO:0019348),13,0,1.0,,1.0
GO_Biological_Process_2023,"Endonucleolytic Cleavage Of Tricistronic rRNA Transcript (SSU-rRNA, 5.8S rRNA, LSU-rRNA) (GO:0000479)",13,0,1.0,,1.0
GO_Biological_Process_2023,"Endonucleolytic Cleavage In ITS1 To Separate SSU-rRNA From 5.8S rRNA And LSU-rRNA From Tricistronic rRNA Transcript (SSU-rRNA, 5.8S rRNA, LSU-rRNA) (GO:0000447)",7,0,1.0,,1.0
GO_Biological_Process_2023,Endomembrane System Organization (GO:0010256),180,0,1.0,,1.0
GO_Biological_Process_2023,Endolysosomal Toll-Like Receptor Signaling Pathway (GO:0140894),13,0,1.0,,1.0
GO_Biological_Process_2023,Endodermal Cell Fate Commitment (GO:0001711),9,0,1.0,,1.0
GO_Biological_Process_2023,Endodermal Cell Differentiation (GO:0035987),31,0,1.0,,1.0
GO_Biological_Process_2023,Endoderm Formation (GO:0001706),35,0,1.0,,1.0
GO_Biological_Process_2023,Endoplasmic Reticulum Calcium Ion Homeostasis (GO:0032469),19,0,1.0,,1.0
GO_Biological_Process_2023,Endoderm Development (GO:0007492),14,0,1.0,,1.0
GO_Biological_Process_2023,Endocytic Recycling (GO:0032456),59,0,1.0,,1.0
GO_Biological_Process_2023,Endochondral Ossification (GO:0001958),8,0,1.0,,1.0
GO_Biological_Process_2023,Endochondral Bone Morphogenesis (GO:0060350),12,0,1.0,,1.0
GO_Biological_Process_2023,Endocardial Cushion Morphogenesis (GO:0003203),21,0,1.0,,1.0
GO_Biological_Process_2023,Endocardial Cushion Development (GO:0003197),23,0,1.0,,1.0
GO_Biological_Process_2023,Enamel Mineralization (GO:0070166),5,0,1.0,,1.0
GO_Biological_Process_2023,Embryonic Skeletal System Morphogenesis (GO:0048704),30,0,1.0,,1.0
GO_Biological_Process_2023,Endocytosis (GO:0006897),186,1,0.4451620502399579,DNM2,1.0
GO_Biological_Process_2023,Endoplasmic Reticulum Mannose Trimming (GO:1904380),13,0,1.0,,1.0
GO_Biological_Process_2023,Endoplasmic Reticulum Membrane Organization (GO:0090158),11,0,1.0,,1.0
GO_Biological_Process_2023,Endoplasmic Reticulum Organization (GO:0007029),54,0,1.0,,1.0
GO_Biological_Process_2023,Endothelial Cell Proliferation (GO:0001935),18,0,1.0,,1.0
GO_Biological_Process_2023,Endothelial Cell Migration (GO:0043542),39,0,1.0,,1.0
GO_Biological_Process_2023,Endothelial Cell Differentiation (GO:0045446),12,0,1.0,,1.0
GO_Biological_Process_2023,Endothelial Cell Development (GO:0001885),20,0,1.0,,1.0
GO_Biological_Process_2023,Endothelial Cell Chemotaxis (GO:0035767),8,0,1.0,,1.0
GO_Biological_Process_2023,Endosome Transport Via Multivesicular Body Sorting Pathway (GO:0032509),23,0,1.0,,1.0
GO_Biological_Process_2023,Endosome To Pigment Granule Transport (GO:0043485),8,0,1.0,,1.0
GO_Biological_Process_2023,Endosome To Melanosome Transport (GO:0035646),8,0,1.0,,1.0
GO_Biological_Process_2023,Endosome To Lysosome Transport Via Multivesicular Body Sorting Pathway (GO:0032510),15,0,1.0,,1.0
GO_Biological_Process_2023,Endosome To Lysosome Transport (GO:0008333),57,0,1.0,,1.0
GO_Biological_Process_2023,Endosome Organization (GO:0007032),52,0,1.0,,1.0
GO_Biological_Process_2023,Endosomal Vesicle Fusion (GO:0034058),10,0,1.0,,1.0
GO_Biological_Process_2023,Endosomal Transport (GO:0016197),173,0,1.0,,1.0
GO_Biological_Process_2023,Endosomal Lumen Acidification (GO:0048388),11,0,1.0,,1.0
GO_Biological_Process_2023,Endoplasmic Reticulum Tubular Network Organization (GO:0071786),16,0,1.0,,1.0
GO_Biological_Process_2023,Endoplasmic Reticulum To Cytosol Transport (GO:1903513),15,0,1.0,,1.0
GO_Biological_Process_2023,Endoplasmic Reticulum To Golgi Vesicle-Mediated Transport (GO:0006888),110,0,1.0,,1.0
GO_Biological_Process_2023,Embryonic Skeletal System Development (GO:0048706),34,0,1.0,,1.0
GO_Biological_Process_2023,Cyclic Nucleotide Biosynthetic Process (GO:0009190),19,0,1.0,,1.0
GO_Biological_Process_2023,Embryonic Skeletal Joint Development (GO:0072498),5,0,1.0,,1.0
GO_Biological_Process_2023,Embryonic Organ Morphogenesis (GO:0048562),44,0,1.0,,1.0
GO_Biological_Process_2023,Double-Strand Break Repair Via Synthesis-Dependent Strand Annealing (GO:0045003),5,0,1.0,,1.0
GO_Biological_Process_2023,Double-Strand Break Repair Via Nonhomologous End Joining (GO:0006303),41,0,1.0,,1.0
GO_Biological_Process_2023,Double-Strand Break Repair Via Homologous Recombination (GO:0000724),110,0,1.0,,1.0
GO_Biological_Process_2023,Double-Strand Break Repair Via Classical Nonhomologous End Joining (GO:0097680),5,0,1.0,,1.0
GO_Biological_Process_2023,Double-Strand Break Repair Via Break-Induced Replication (GO:0000727),11,0,1.0,,1.0
GO_Biological_Process_2023,Double-Strand Break Repair (GO:0006302),167,0,1.0,,1.0
GO_Biological_Process_2023,Dosage Compensation By Inactivation Of X Chromosome (GO:0009048),11,0,1.0,,1.0
GO_Biological_Process_2023,Ear Development (GO:0043583),5,0,1.0,,1.0
GO_Biological_Process_2023,Dosage Compensation (GO:0007549),9,0,1.0,,1.0
GO_Biological_Process_2023,Dorsal Aorta Morphogenesis (GO:0035912),6,0,1.0,,1.0
GO_Biological_Process_2023,Dorsal Aorta Development (GO:0035907),6,0,1.0,,1.0
GO_Biological_Process_2023,Adenylate Cyclase-Activating Adrenergic Receptor Signaling Pathway (GO:0071880),15,0,1.0,,1.0
GO_Biological_Process_2023,Dopamine Uptake (GO:0090494),7,0,1.0,,1.0
GO_Biological_Process_2023,Dopamine Transport (GO:0015872),9,0,1.0,,1.0
GO_Biological_Process_2023,Dopamine Metabolic Process (GO:0042417),16,0,1.0,,1.0
GO_Biological_Process_2023,Dolichol-Linked Oligosaccharide Biosynthetic Process (GO:0006488),14,0,1.0,,1.0
GO_Biological_Process_2023,Dorsal/Ventral Pattern Formation (GO:0009953),27,0,1.0,,1.0
GO_Biological_Process_2023,Early Endosome To Golgi Transport (GO:0034498),12,0,1.0,,1.0
GO_Biological_Process_2023,Early Endosome To Late Endosome Transport (GO:0045022),23,0,1.0,,1.0
GO_Biological_Process_2023,Ectoderm Development (GO:0007398),9,0,1.0,,1.0
GO_Biological_Process_2023,Embryonic Organ Development (GO:0048568),75,0,1.0,,1.0
GO_Biological_Process_2023,Embryonic Limb Morphogenesis (GO:0030326),34,1,0.10168565911760429,CTNNB1,1.0
GO_Biological_Process_2023,Embryonic Hindlimb Morphogenesis (GO:0035116),5,0,1.0,,1.0
GO_Biological_Process_2023,Embryonic Hemopoiesis (GO:0035162),13,0,1.0,,1.0
GO_Biological_Process_2023,Embryonic Heart Tube Morphogenesis (GO:0003143),41,0,1.0,,1.0
GO_Biological_Process_2023,Embryonic Heart Tube Development (GO:0035050),16,0,1.0,,1.0
GO_Biological_Process_2023,Embryonic Forelimb Morphogenesis (GO:0035115),8,0,1.0,,1.0
GO_Biological_Process_2023,Embryonic Eye Morphogenesis (GO:0048048),9,0,1.0,,1.0
GO_Biological_Process_2023,Embryonic Digit Morphogenesis (GO:0042733),17,0,1.0,,1.0
GO_Biological_Process_2023,Embryonic Digestive Tract Morphogenesis (GO:0048557),8,0,1.0,,1.0
GO_Biological_Process_2023,Embryonic Digestive Tract Development (GO:0048566),19,0,1.0,,1.0
GO_Biological_Process_2023,Embryonic Cranial Skeleton Morphogenesis (GO:0048701),14,0,1.0,,1.0
GO_Biological_Process_2023,Embryonic Brain Development (GO:1990403),5,0,1.0,,1.0
GO_Biological_Process_2023,Embryonic Axis Specification (GO:0000578),16,0,1.0,,1.0
GO_Biological_Process_2023,Embryonic Appendage Morphogenesis (GO:0035113),10,0,1.0,,1.0
GO_Biological_Process_2023,Embryo Development Ending In Birth Or Egg Hatching (GO:0009792),16,0,1.0,,1.0
GO_Biological_Process_2023,Elastic Fiber Assembly (GO:0048251),6,0,1.0,,1.0
GO_Biological_Process_2023,Embryonic Placenta Development (GO:0001892),8,0,1.0,,1.0
GO_Biological_Process_2023,Energy Derivation By Oxidation Of Organic Compounds (GO:0015980),40,0,1.0,,1.0
GO_Biological_Process_2023,Cristae Formation (GO:0042407),12,0,1.0,,1.0
GO_Biological_Process_2023,Cotranslational Protein Targeting To Membrane (GO:0006613),13,0,1.0,,1.0
GO_Biological_Process_2023,Cellular Response To Prostaglandin E Stimulus (GO:0071380),6,0,1.0,,1.0
GO_Biological_Process_2023,Cellular Response To Potassium Ion (GO:0035865),7,0,1.0,,1.0
GO_Biological_Process_2023,Cellular Response To Platelet-Derived Growth Factor Stimulus (GO:0036120),8,0,1.0,,1.0
GO_Biological_Process_2023,Cellular Response To Peptide Hormone Stimulus (GO:0071375),89,0,1.0,,1.0
GO_Biological_Process_2023,Cellular Response To Peptide (GO:1901653),56,1,0.16199274884581716,MDM2,1.0
GO_Biological_Process_2023,Cellular Response To pH (GO:0071467),20,0,1.0,,1.0
GO_Biological_Process_2023,Cellular Response To Oxygen-Containing Compound (GO:1901701),399,1,0.7194775561375997,BRAF,1.0
GO_Biological_Process_2023,Cellular Response To Prostaglandin Stimulus (GO:0071379),9,0,1.0,,1.0
GO_Biological_Process_2023,Cellular Response To Oxygen Levels (GO:0071453),7,0,1.0,,1.0
GO_Biological_Process_2023,Cellular Response To Oxidative Stress (GO:0034599),115,0,1.0,,1.0
GO_Biological_Process_2023,Cellular Response To Osmotic Stress (GO:0071470),28,0,1.0,,1.0
GO_Biological_Process_2023,Cellular Response To Organonitrogen Compound (GO:0071417),104,1,0.28009779752942315,CTNNB1,1.0
GO_Biological_Process_2023,Cellular Response To Organic Substance (GO:0071310),81,0,1.0,,1.0
GO_Biological_Process_2023,Cellular Response To Nutrient Levels (GO:0031669),78,0,1.0,,1.0
GO_Biological_Process_2023,Cellular Response To Nitrogen Starvation (GO:0006995),10,0,1.0,,1.0
GO_Biological_Process_2023,Cellular Response To Nitrogen Levels (GO:0043562),10,0,1.0,,1.0
GO_Biological_Process_2023,Cellular Response To Oxidised Low-Density Lipoprotein Particle Stimulus (GO:0140052),9,0,1.0,,1.0
GO_Biological_Process_2023,Cellular Response To Nitrogen Compound (GO:1901699),16,0,1.0,,1.0
GO_Biological_Process_2023,Cellular Response To Purine-Containing Compound (GO:0071415),9,0,1.0,,1.0
GO_Biological_Process_2023,Cellular Response To Reactive Nitrogen Species (GO:1902170),7,0,1.0,,1.0
GO_Biological_Process_2023,Adenylate Cyclase-Modulating G Protein-Coupled Receptor Signaling Pathway (GO:0007188),160,0,1.0,,1.0
GO_Biological_Process_2023,Cellular Response To Virus (GO:0098586),63,0,1.0,,1.0
GO_Biological_Process_2023,Cellular Response To Vascular Endothelial Growth Factor Stimulus (GO:0035924),32,0,1.0,,1.0
GO_Biological_Process_2023,Cellular Response To Unfolded Protein (GO:0034620),16,0,1.0,,1.0
GO_Biological_Process_2023,Cellular Response To Type III Interferon (GO:0071358),9,0,1.0,,1.0
GO_Biological_Process_2023,Cellular Response To Type II Interferon (GO:0071346),63,0,1.0,,1.0
GO_Biological_Process_2023,Cellular Response To Type I Interferon (GO:0071357),38,0,1.0,,1.0
GO_Biological_Process_2023,Cellular Response To Radiation (GO:0071478),45,1,0.1323539881781123,GRB2,1.0
GO_Biological_Process_2023,Cellular Response To Tumor Necrosis Factor (GO:0071356),116,0,1.0,,1.0
GO_Biological_Process_2023,Cellular Response To Superoxide (GO:0071451),11,0,1.0,,1.0
GO_Biological_Process_2023,Cellular Response To Sterol Depletion (GO:0071501),8,0,1.0,,1.0
GO_Biological_Process_2023,Cellular Response To Sterol (GO:0036315),15,0,1.0,,1.0
GO_Biological_Process_2023,Cellular Response To Starvation (GO:0009267),124,0,1.0,,1.0
GO_Biological_Process_2023,Cellular Response To Salt (GO:1902075),107,1,0.2869099657202279,BRAF,1.0
GO_Biological_Process_2023,Cellular Response To Retinoic Acid (GO:0071300),41,0,1.0,,1.0
GO_Biological_Process_2023,Cellular Response To Reactive Oxygen Species (GO:0034614),73,0,1.0,,1.0
GO_Biological_Process_2023,Cellular Response To Topologically Incorrect Protein (GO:0035967),21,0,1.0,,1.0
GO_Biological_Process_2023,Cellular Response To Nitric Oxide (GO:0071732),7,0,1.0,,1.0
GO_Biological_Process_2023,Cellular Response To Nerve Growth Factor Stimulus (GO:1990090),21,0,1.0,,1.0
GO_Biological_Process_2023,Cellular Response To Muramyl Dipeptide (GO:0071225),8,0,1.0,,1.0
GO_Biological_Process_2023,Cellular Response To Interleukin-12 (GO:0071349),10,0,1.0,,1.0
GO_Biological_Process_2023,Cellular Response To Interleukin-1 (GO:0071347),79,0,1.0,,1.0
GO_Biological_Process_2023,Cellular Response To Interferon-Beta (GO:0035458),22,0,1.0,,1.0
GO_Biological_Process_2023,Cellular Response To Interferon-Alpha (GO:0035457),7,0,1.0,,1.0
GO_Biological_Process_2023,Cellular Response To Inorganic Substance (GO:0071241),18,0,1.0,,1.0
GO_Biological_Process_2023,Cellular Response To Increased Oxygen Levels (GO:0036295),8,0,1.0,,1.0
GO_Biological_Process_2023,Cellular Response To Hydroxyurea (GO:0072711),8,0,1.0,,1.0
GO_Biological_Process_2023,Cellular Response To Interleukin-15 (GO:0071350),10,0,1.0,,1.0
GO_Biological_Process_2023,Cellular Response To Hydrogen Peroxide (GO:0070301),34,0,1.0,,1.0
GO_Biological_Process_2023,Cellular Response To Hexose Stimulus (GO:0071331),25,0,1.0,,1.0
GO_Biological_Process_2023,Cellular Response To Hepatocyte Growth Factor Stimulus (GO:0035729),5,0,1.0,,1.0
GO_Biological_Process_2023,Cellular Response To Heat (GO:0034605),33,0,1.0,,1.0
GO_Biological_Process_2023,Cellular Response To Granulocyte Macrophage Colony-Stimulating Factor Stimulus (GO:0097011),5,0,1.0,,1.0
GO_Biological_Process_2023,Adiponectin-Activated Signaling Pathway (GO:0033211),5,0,1.0,,1.0
GO_Biological_Process_2023,Cellular Response To Glucose Stimulus (GO:0071333),34,0,1.0,,1.0
GO_Biological_Process_2023,Cellular Response To Glucose Starvation (GO:0042149),42,0,1.0,,1.0
GO_Biological_Process_2023,Cellular Response To Histamine (GO:0071420),6,0,1.0,,1.0
GO_Biological_Process_2023,Cellular Response To Interleukin-2 (GO:0071352),7,0,1.0,,1.0
GO_Biological_Process_2023,Cellular Response To Interleukin-4 (GO:0071353),12,0,1.0,,1.0
GO_Biological_Process_2023,Cellular Response To Interleukin-6 (GO:0071354),22,0,1.0,,1.0
GO_Biological_Process_2023,Cellular Response To Monoamine Stimulus (GO:0071868),6,0,1.0,,1.0
GO_Biological_Process_2023,Cellular Response To Molecule Of Bacterial Origin (GO:0071219),114,0,1.0,,1.0
GO_Biological_Process_2023,Cellular Response To Misfolded Protein (GO:0071218),19,0,1.0,,1.0
GO_Biological_Process_2023,Cellular Response To Metal Ion (GO:0071248),131,1,0.3391743444915935,BRAF,1.0
GO_Biological_Process_2023,Cellular Response To Mechanical Stimulus (GO:0071260),47,0,1.0,,1.0
GO_Biological_Process_2023,Cellular Response To Magnesium Ion (GO:0071286),5,0,1.0,,1.0
GO_Biological_Process_2023,Cellular Response To Low-Density Lipoprotein Particle Stimulus (GO:0071404),22,0,1.0,,1.0
GO_Biological_Process_2023,Cellular Response To Lipoteichoic Acid (GO:0071223),5,0,1.0,,1.0
GO_Biological_Process_2023,Cellular Response To Lipopolysaccharide (GO:0071222),121,0,1.0,,1.0
GO_Biological_Process_2023,Cellular Response To Lipid (GO:0071396),221,1,0.5037122592944148,MED1,1.0
GO_Biological_Process_2023,Cellular Response To Leucine Starvation (GO:1990253),12,0,1.0,,1.0
GO_Biological_Process_2023,Cellular Response To Leucine (GO:0071233),10,0,1.0,,1.0
GO_Biological_Process_2023,Cellular Response To Leptin Stimulus (GO:0044320),7,0,1.0,,1.0
GO_Biological_Process_2023,Cellular Response To Laminar Fluid Shear Stress (GO:0071499),6,0,1.0,,1.0
GO_Biological_Process_2023,Cellular Response To Ketone (GO:1901655),43,0,1.0,,1.0
GO_Biological_Process_2023,Cellular Response To Iron Ion (GO:0071281),5,0,1.0,,1.0
GO_Biological_Process_2023,Cellular Response To Interleukin-9 (GO:0071355),6,0,1.0,,1.0
GO_Biological_Process_2023,Cellular Response To Zinc Ion (GO:0071294),14,0,1.0,,1.0
GO_Biological_Process_2023,Central Nervous System Development (GO:0007417),273,2,0.21203914618543257,PAX8;SOX10,1.0
GO_Biological_Process_2023,Central Nervous System Neuron Axonogenesis (GO:0021955),10,0,1.0,,1.0
GO_Biological_Process_2023,Central Nervous System Neuron Development (GO:0021954),17,0,1.0,,1.0
GO_Biological_Process_2023,Cochlea Morphogenesis (GO:0090103),11,0,1.0,,1.0
GO_Biological_Process_2023,Cobalamin Transport (GO:0015889),8,0,1.0,,1.0
GO_Biological_Process_2023,Cobalamin Metabolic Process (GO:0009235),7,0,1.0,,1.0
GO_Biological_Process_2023,Cleavage Furrow Formation (GO:0036089),6,0,1.0,,1.0
GO_Biological_Process_2023,"Clathrin-Coated Vesicle Cargo Loading, AP-3-mediated (GO:0035654)",6,0,1.0,,1.0
GO_Biological_Process_2023,Clathrin-Coated Vesicle Cargo Loading (GO:0035652),6,0,1.0,,1.0
GO_Biological_Process_2023,Clathrin Coat Disassembly (GO:0072318),6,0,1.0,,1.0
GO_Biological_Process_2023,Coenzyme A Biosynthetic Process (GO:0015937),10,0,1.0,,1.0
GO_Biological_Process_2023,Clathrin Coat Assembly (GO:0048268),13,0,1.0,,1.0
GO_Biological_Process_2023,Circulatory System Development (GO:0072359),128,0,1.0,,1.0
GO_Biological_Process_2023,Cilium-Dependent Cell Motility (GO:0060285),20,0,1.0,,1.0
GO_Biological_Process_2023,Cilium Organization (GO:0044782),221,0,1.0,,1.0
GO_Biological_Process_2023,Cilium Movement Involved In Cell Motility (GO:0060294),8,0,1.0,,1.0
GO_Biological_Process_2023,Cilium Movement (GO:0003341),58,0,1.0,,1.0
GO_Biological_Process_2023,Cilium Disassembly (GO:0061523),5,0,1.0,,1.0
GO_Biological_Process_2023,Cilium Assembly (GO:0060271),237,0,1.0,,1.0
GO_Biological_Process_2023,Citrulline Metabolic Process (GO:0000052),6,0,1.0,,1.0
GO_Biological_Process_2023,Coenzyme A Metabolic Process (GO:0015936),15,0,1.0,,1.0
GO_Biological_Process_2023,Cognition (GO:0050890),44,0,1.0,,1.0
GO_Biological_Process_2023,Collagen Fibril Organization (GO:0030199),42,0,1.0,,1.0
GO_Biological_Process_2023,Cortical Cytoskeleton Organization (GO:0030865),27,0,1.0,,1.0
GO_Biological_Process_2023,Cortical Actin Cytoskeleton Organization (GO:0030866),19,0,1.0,,1.0
GO_Biological_Process_2023,Coronary Vasculature Morphogenesis (GO:0060977),7,0,1.0,,1.0
GO_Biological_Process_2023,Coronary Vasculature Development (GO:0060976),7,0,1.0,,1.0
GO_Biological_Process_2023,Copper Ion Transport (GO:0006825),10,0,1.0,,1.0
GO_Biological_Process_2023,Copper Ion Import (GO:0015677),6,0,1.0,,1.0
GO_Biological_Process_2023,Copper Ion Homeostasis (GO:0055070),14,0,1.0,,1.0
GO_Biological_Process_2023,Contractile Actin Filament Bundle Assembly (GO:0030038),14,0,1.0,,1.0
GO_Biological_Process_2023,Contact Inhibition (GO:0060242),5,0,1.0,,1.0
GO_Biological_Process_2023,Constitutive Heterochromatin Formation (GO:0140719),8,0,1.0,,1.0
GO_Biological_Process_2023,Connective Tissue Development (GO:0061448),38,1,0.11295909364400733,NAMPT,1.0
GO_Biological_Process_2023,Complement Receptor Mediated Signaling Pathway (GO:0002430),10,0,1.0,,1.0
GO_Biological_Process_2023,"Complement Activation, Lectin Pathway (GO:0001867)",8,0,1.0,,1.0
GO_Biological_Process_2023,Commissural Neuron Axon Guidance (GO:0071679),8,0,1.0,,1.0
GO_Biological_Process_2023,Columnar/Cuboidal Epithelial Cell Differentiation (GO:0002065),10,0,1.0,,1.0
GO_Biological_Process_2023,Collecting Duct Development (GO:0072044),7,0,1.0,,1.0
GO_Biological_Process_2023,Collagen-Activated Signaling Pathway (GO:0038065),8,0,1.0,,1.0
GO_Biological_Process_2023,Chromosome Organization (GO:0051276),44,1,0.1296090217958688,MYC,1.0
GO_Biological_Process_2023,Cranial Nerve Development (GO:0021545),13,0,1.0,,1.0
GO_Biological_Process_2023,Chromosome Condensation (GO:0030261),31,1,0.09313829474056612,NCAPD3,1.0
GO_Biological_Process_2023,Chromatin Remodeling (GO:0006338),224,2,0.1566501102221705,FOXA1;MYC,1.0
GO_Biological_Process_2023,Chitin Catabolic Process (GO:0006032),5,0,1.0,,1.0
GO_Biological_Process_2023,Chemokine-Mediated Signaling Pathway (GO:0070098),55,0,1.0,,1.0
GO_Biological_Process_2023,Chemokine (C-X-C Motif) Ligand 12 Signaling Pathway (GO:0038146),5,0,1.0,,1.0
GO_Biological_Process_2023,"Chemical Synaptic Transmission, Postsynaptic (GO:0099565)",25,0,1.0,,1.0
GO_Biological_Process_2023,Chemical Synaptic Transmission (GO:0007268),271,0,1.0,,1.0
GO_Biological_Process_2023,Chaperone-Mediated Protein Complex Assembly (GO:0051131),19,0,1.0,,1.0
GO_Biological_Process_2023,Chaperone Cofactor-Dependent Protein Refolding (GO:0051085),23,0,1.0,,1.0
GO_Biological_Process_2023,Chitin Metabolic Process (GO:0006030),5,0,1.0,,1.0
GO_Biological_Process_2023,Cerebral Cortex Cell Migration (GO:0021795),5,0,1.0,,1.0
GO_Biological_Process_2023,Ceramide Metabolic Process (GO:0006672),55,0,1.0,,1.0
GO_Biological_Process_2023,Ceramide Catabolic Process (GO:0046514),14,0,1.0,,1.0
GO_Biological_Process_2023,Ceramide Biosynthetic Process (GO:0046513),42,0,1.0,,1.0
GO_Biological_Process_2023,Centromeric Sister Chromatid Cohesion (GO:0070601),5,0,1.0,,1.0
GO_Biological_Process_2023,Centromere Complex Assembly (GO:0034508),14,0,1.0,,1.0
GO_Biological_Process_2023,Central Nervous System Projection Neuron Axonogenesis (GO:0021952),10,0,1.0,,1.0
GO_Biological_Process_2023,Central Nervous System Neuron Differentiation (GO:0021953),30,0,1.0,,1.0
GO_Biological_Process_2023,Ceramide Transport (GO:0035627),13,0,1.0,,1.0
GO_Biological_Process_2023,Chloride Ion Homeostasis (GO:0055064),9,0,1.0,,1.0
GO_Biological_Process_2023,Chloride Transmembrane Transport (GO:1902476),48,0,1.0,,1.0
GO_Biological_Process_2023,Chloride Transport (GO:0006821),77,0,1.0,,1.0
GO_Biological_Process_2023,Adenylate Cyclase-Inhibiting Serotonin Receptor Signaling Pathway (GO:0007198),6,0,1.0,,1.0
GO_Biological_Process_2023,Chordate Embryonic Development (GO:0043009),58,0,1.0,,1.0
GO_Biological_Process_2023,Chondroitin Sulfate Proteoglycan Metabolic Process (GO:0050654),9,0,1.0,,1.0
GO_Biological_Process_2023,Chondroitin Sulfate Proteoglycan Biosynthetic Process (GO:0050650),19,0,1.0,,1.0
GO_Biological_Process_2023,Chondroitin Sulfate Metabolic Process (GO:0030204),16,0,1.0,,1.0
GO_Biological_Process_2023,Chondroitin Sulfate Biosynthetic Process (GO:0030206),13,0,1.0,,1.0
GO_Biological_Process_2023,Chondrocyte Differentiation (GO:0002062),29,0,1.0,,1.0
GO_Biological_Process_2023,Chondrocyte Development (GO:0002063),5,0,1.0,,1.0
GO_Biological_Process_2023,Choline Transport (GO:0015871),6,0,1.0,,1.0
GO_Biological_Process_2023,Choline Metabolic Process (GO:0019695),5,0,1.0,,1.0
GO_Biological_Process_2023,Cholesterol Transport (GO:0030301),50,0,1.0,,1.0
GO_Biological_Process_2023,Cholesterol Metabolic Process (GO:0008203),67,0,1.0,,1.0
GO_Biological_Process_2023,Cholesterol Import (GO:0070508),5,0,1.0,,1.0
GO_Biological_Process_2023,Cholesterol Homeostasis (GO:0042632),70,0,1.0,,1.0
GO_Biological_Process_2023,Cholesterol Efflux (GO:0033344),23,0,1.0,,1.0
GO_Biological_Process_2023,Cholesterol Catabolic Process (GO:0006707),6,0,1.0,,1.0
GO_Biological_Process_2023,Cholesterol Biosynthetic Process (GO:0006695),25,0,1.0,,1.0
GO_Biological_Process_2023,Chromatin Remodeling At Centromere (GO:0031055),6,0,1.0,,1.0
GO_Biological_Process_2023,Positive Regulation Of Heart Contraction (GO:0045823),21,0,1.0,,1.0
GO_Biological_Process_2023,Mitochondrial Genome Maintenance (GO:0000002),11,0,1.0,,1.0
GO_Biological_Process_2023,Mitochondrial Outer Membrane Permeabilization (GO:0097345),7,0,1.0,,1.0
GO_Biological_Process_2023,Peptidyl-Lysine Deacetylation (GO:0034983),7,0,1.0,,1.0
GO_Biological_Process_2023,Peptidyl-Glutamic Acid Modification (GO:0018200),21,0,1.0,,1.0
GO_Biological_Process_2023,Peptidyl-Diphthamide Metabolic Process (GO:0017182),5,0,1.0,,1.0
GO_Biological_Process_2023,Peptidyl-Diphthamide Biosynthetic Process From Peptidyl-Histidine (GO:0017183),5,0,1.0,,1.0
GO_Biological_Process_2023,Peptidyl-Cysteine Modification (GO:0018198),9,0,1.0,,1.0
GO_Biological_Process_2023,Peptidyl-Arginine Modification (GO:0018195),6,0,1.0,,1.0
GO_Biological_Process_2023,Peptidyl-Amino Acid Modification (GO:0018193),9,0,1.0,,1.0
GO_Biological_Process_2023,Peptidyl-Lysine Dimethylation (GO:0018027),9,0,1.0,,1.0
GO_Biological_Process_2023,peptidyl-S-diacylglycerol-L-cysteine Biosynthetic Process From Peptidyl-Cysteine (GO:0018231),22,0,1.0,,1.0
GO_Biological_Process_2023,Peptide Transport (GO:0015833),6,0,1.0,,1.0
GO_Biological_Process_2023,Peptide Metabolic Process (GO:0006518),51,0,1.0,,1.0
GO_Biological_Process_2023,Peptide Hormone Secretion (GO:0030072),25,0,1.0,,1.0
GO_Biological_Process_2023,Peptide Cross-Linking (GO:0018149),26,0,1.0,,1.0
GO_Biological_Process_2023,Peptide Catabolic Process (GO:0043171),20,0,1.0,,1.0
GO_Biological_Process_2023,Peptide Biosynthetic Process (GO:0043043),150,0,1.0,,1.0
GO_Biological_Process_2023,Peptide Antigen Assembly With MHC Protein Complex (GO:0002501),16,0,1.0,,1.0
GO_Biological_Process_2023,peptidyl-L-cysteine S-palmitoylation (GO:0018230),22,0,1.0,,1.0
GO_Biological_Process_2023,Peptide Antigen Assembly With MHC Class II Protein Complex (GO:0002503),12,0,1.0,,1.0
GO_Biological_Process_2023,Peptidyl-Lysine Hydroxylation (GO:0017185),7,0,1.0,,1.0
GO_Biological_Process_2023,Actin Filament Bundle Assembly (GO:0051017),33,0,1.0,,1.0
GO_Biological_Process_2023,Peptidyl-Tyrosine Dephosphorylation Involved In Inactivation Of Protein Kinase Activity (GO:1990264),7,0,1.0,,1.0
GO_Biological_Process_2023,Peptidyl-Tyrosine Dephosphorylation (GO:0035335),29,0,1.0,,1.0
GO_Biological_Process_2023,Peptidyl-Tyrosine Autophosphorylation (GO:0038083),13,0,1.0,,1.0
GO_Biological_Process_2023,Peptidyl-Threonine Phosphorylation (GO:0018107),58,0,1.0,,1.0
GO_Biological_Process_2023,Peptidyl-Threonine Modification (GO:0018210),66,0,1.0,,1.0
GO_Biological_Process_2023,Peptidyl-Threonine Dephosphorylation (GO:0035970),17,0,1.0,,1.0
GO_Biological_Process_2023,Peptidyl-Serine Phosphorylation (GO:0018105),156,0,1.0,,1.0
GO_Biological_Process_2023,Peptidyl-Lysine Methylation (GO:0018022),25,0,1.0,,1.0
GO_Biological_Process_2023,Peptidyl-Serine Modification (GO:0018209),164,0,1.0,,1.0
GO_Biological_Process_2023,Peptidyl-Serine Autophosphorylation (GO:0036289),7,0,1.0,,1.0
GO_Biological_Process_2023,Peptidyl-Proline Modification (GO:0018208),21,0,1.0,,1.0
GO_Biological_Process_2023,Peptidyl-Proline Hydroxylation To 4-hydroxy-L-proline (GO:0018401),7,0,1.0,,1.0
GO_Biological_Process_2023,Peptidyl-Proline Hydroxylation (GO:0019511),10,0,1.0,,1.0
GO_Biological_Process_2023,Peptidyl-Methionine Modification (GO:0018206),13,0,1.0,,1.0
GO_Biological_Process_2023,Peptidyl-Lysine Trimethylation (GO:0018023),14,0,1.0,,1.0
GO_Biological_Process_2023,Peptidyl-Lysine Monomethylation (GO:0018026),8,0,1.0,,1.0
GO_Biological_Process_2023,Peptidyl-Serine Dephosphorylation (GO:0070262),9,0,1.0,,1.0
GO_Biological_Process_2023,"Pentose-Phosphate Shunt, Non-Oxidative Branch (GO:0009052)",5,0,1.0,,1.0
GO_Biological_Process_2023,Pentose-Phosphate Shunt (GO:0006098),11,0,1.0,,1.0
GO_Biological_Process_2023,Pattern Recognition Receptor Signaling Pathway (GO:0002221),56,0,1.0,,1.0
GO_Biological_Process_2023,Organic Hydroxy Compound Transport (GO:0015850),44,0,1.0,,1.0
GO_Biological_Process_2023,Organic Hydroxy Compound Catabolic Process (GO:1901616),9,0,1.0,,1.0
GO_Biological_Process_2023,Organic Hydroxy Compound Biosynthetic Process (GO:1901617),42,0,1.0,,1.0
GO_Biological_Process_2023,Organic Cyclic Compound Catabolic Process (GO:1901361),11,0,1.0,,1.0
GO_Biological_Process_2023,Organic Cyclic Compound Biosynthetic Process (GO:1901362),29,0,1.0,,1.0
GO_Biological_Process_2023,Organic Cation Transport (GO:0015695),30,0,1.0,,1.0
GO_Biological_Process_2023,Organic Anion Transport (GO:0015711),87,0,1.0,,1.0
GO_Biological_Process_2023,Organic Substance Transport (GO:0071702),196,1,0.4625503686562658,TRPM7,1.0
GO_Biological_Process_2023,Organelle Transport Along Microtubule (GO:0072384),38,0,1.0,,1.0
GO_Biological_Process_2023,Organelle Membrane Fusion (GO:0090174),26,0,1.0,,1.0
GO_Biological_Process_2023,Organelle Fusion (GO:0048284),26,0,1.0,,1.0
GO_Biological_Process_2023,Organelle Fission (GO:0048285),22,0,1.0,,1.0
GO_Biological_Process_2023,Organelle Disassembly (GO:1903008),54,0,1.0,,1.0
GO_Biological_Process_2023,Organelle Assembly (GO:0070925),314,0,1.0,,1.0
GO_Biological_Process_2023,Oogenesis (GO:0048477),15,0,1.0,,1.0
GO_Biological_Process_2023,One-Carbon Compound Transport (GO:0019755),32,0,1.0,,1.0
GO_Biological_Process_2023,Organelle Organization (GO:0006996),401,2,0.36067952207407583,CFL1;MYC,1.0
GO_Biological_Process_2023,Organonitrogen Compound Biosynthetic Process (GO:1901566),123,0,1.0,,1.0
GO_Biological_Process_2023,Organonitrogen Compound Catabolic Process (GO:1901565),73,0,1.0,,1.0
GO_Biological_Process_2023,Organophosphate Biosynthetic Process (GO:0090407),33,0,1.0,,1.0
GO_Biological_Process_2023,Pathway-Restricted SMAD Protein Phosphorylation (GO:0060389),14,0,1.0,,1.0
GO_Biological_Process_2023,Parallel Actin Filament Bundle Assembly (GO:0030046),6,0,1.0,,1.0
GO_Biological_Process_2023,Pancreas Development (GO:0031016),14,0,1.0,,1.0
GO_Biological_Process_2023,p38MAPK Cascade (GO:0038066),8,0,1.0,,1.0
GO_Biological_Process_2023,Oxygen Transport (GO:0015671),7,0,1.0,,1.0
GO_Biological_Process_2023,Oxoacid Metabolic Process (GO:0043436),21,0,1.0,,1.0
GO_Biological_Process_2023,Oxidative Phosphorylation (GO:0006119),59,1,0.16990185577332714,SDHB,1.0
GO_Biological_Process_2023,Outflow Tract Septum Morphogenesis (GO:0003148),24,0,1.0,,1.0
GO_Biological_Process_2023,Outer Mitochondrial Membrane Organization (GO:0007008),13,0,1.0,,1.0
GO_Biological_Process_2023,Outer Dynein Arm Assembly (GO:0036158),21,0,1.0,,1.0
GO_Biological_Process_2023,Osteoclast Differentiation (GO:0030316),25,0,1.0,,1.0
GO_Biological_Process_2023,Osteoblast Development (GO:0002076),7,0,1.0,,1.0
GO_Biological_Process_2023,Osmosensory Signaling Pathway (GO:0007231),5,0,1.0,,1.0
GO_Biological_Process_2023,Ornithine Transport (GO:0015822),5,0,1.0,,1.0
GO_Biological_Process_2023,Ornithine Metabolic Process (GO:0006591),9,0,1.0,,1.0
GO_Biological_Process_2023,Organophosphate Ester Transport (GO:0015748),25,0,1.0,,1.0
GO_Biological_Process_2023,Organophosphate Catabolic Process (GO:0046434),11,0,1.0,,1.0
GO_Biological_Process_2023,Peptidyl-Tyrosine Modification (GO:0018212),54,1,0.15667891619008786,PTK2,1.0
GO_Biological_Process_2023,Omega-Hydroxylase P450 Pathway (GO:0097267),10,0,1.0,,1.0
GO_Biological_Process_2023,Peptidyl-Tyrosine Phosphorylation (GO:0018108),66,1,0.18807226187433998,PTK2,1.0
GO_Biological_Process_2023,Pericardium Morphogenesis (GO:0003344),5,0,1.0,,1.0
GO_Biological_Process_2023,Photoreceptor Cell Development (GO:0042461),14,0,1.0,,1.0
GO_Biological_Process_2023,Photoperiodism (GO:0009648),23,0,1.0,,1.0
GO_Biological_Process_2023,Phosphorylation (GO:0016310),422,3,0.1472114279123456,BRAF;CDK6;PTK2,1.0
GO_Biological_Process_2023,Phospholipid Transport (GO:0015914),58,0,1.0,,1.0
GO_Biological_Process_2023,Phospholipid Translocation (GO:0045332),31,0,1.0,,1.0
GO_Biological_Process_2023,Phospholipid Metabolic Process (GO:0006644),67,0,1.0,,1.0
GO_Biological_Process_2023,Phospholipid Homeostasis (GO:0055091),12,0,1.0,,1.0
GO_Biological_Process_2023,Photoreceptor Cell Differentiation (GO:0046530),5,0,1.0,,1.0
GO_Biological_Process_2023,Phospholipid Efflux (GO:0033700),11,0,1.0,,1.0
GO_Biological_Process_2023,Phospholipid Catabolic Process (GO:0009395),27,0,1.0,,1.0
GO_Biological_Process_2023,Phospholipid Biosynthetic Process (GO:0008654),26,0,1.0,,1.0
GO_Biological_Process_2023,Phospholipase C-activating Dopamine Receptor Signaling Pathway (GO:0060158),6,0,1.0,,1.0
GO_Biological_Process_2023,Phospholipase C-activating G Protein-Coupled Receptor Signaling Pathway (GO:0007200),82,0,1.0,,1.0
GO_Biological_Process_2023,Phosphatidylserine Metabolic Process (GO:0006658),19,0,1.0,,1.0
GO_Biological_Process_2023,Phosphatidylserine Acyl-Chain Remodeling (GO:0036150),7,0,1.0,,1.0
GO_Biological_Process_2023,Phosphatidylinositol-Mediated Signaling (GO:0048015),62,0,1.0,,1.0
GO_Biological_Process_2023,Phospholipid Dephosphorylation (GO:0046839),30,0,1.0,,1.0
GO_Biological_Process_2023,Phosphatidylinositol-3-Phosphate Biosynthetic Process (GO:0036092),11,0,1.0,,1.0
GO_Biological_Process_2023,"Phototransduction, Visible Light (GO:0007603)",8,0,1.0,,1.0
GO_Biological_Process_2023,Piecemeal Microautophagy Of The Nucleus (GO:0034727),9,0,1.0,,1.0
GO_Biological_Process_2023,Plasminogen Activation (GO:0031639),8,0,1.0,,1.0
GO_Biological_Process_2023,Plasma Membrane Tubulation (GO:0097320),13,0,1.0,,1.0
GO_Biological_Process_2023,Plasma Membrane To Endosome Transport (GO:0048227),7,0,1.0,,1.0
GO_Biological_Process_2023,Plasma Membrane Repair (GO:0001778),21,0,1.0,,1.0
GO_Biological_Process_2023,Plasma Membrane Raft Organization (GO:0044857),5,0,1.0,,1.0
GO_Biological_Process_2023,Plasma Membrane Raft Assembly (GO:0044854),5,0,1.0,,1.0
GO_Biological_Process_2023,Plasma Membrane Phospholipid Scrambling (GO:0017121),7,0,1.0,,1.0
GO_Biological_Process_2023,piRNA Processing (GO:0034587),19,0,1.0,,1.0
GO_Biological_Process_2023,Plasma Membrane Organization (GO:0007009),71,0,1.0,,1.0
GO_Biological_Process_2023,Plasma Membrane Bounded Cell Projection Organization (GO:0120036),131,0,1.0,,1.0
GO_Biological_Process_2023,Plasma Membrane Bounded Cell Projection Morphogenesis (GO:0120039),49,1,0.1432490318913628,DNM2,1.0
GO_Biological_Process_2023,Plasma Membrane Bounded Cell Projection Assembly (GO:0120031),268,0,1.0,,1.0
GO_Biological_Process_2023,Placenta Blood Vessel Development (GO:0060674),6,0,1.0,,1.0
GO_Biological_Process_2023,Pituitary Gland Development (GO:0021983),6,0,1.0,,1.0
GO_Biological_Process_2023,Pinocytosis (GO:0006907),9,0,1.0,,1.0
GO_Biological_Process_2023,Pigment Granule Transport (GO:0051904),15,0,1.0,,1.0
GO_Biological_Process_2023,Plasma Membrane Invagination (GO:0099024),26,0,1.0,,1.0
GO_Biological_Process_2023,Phosphatidylinositol Phosphate Biosynthetic Process (GO:0046854),44,0,1.0,,1.0
GO_Biological_Process_2023,Phosphatidylinositol Metabolic Process (GO:0046488),63,0,1.0,,1.0
GO_Biological_Process_2023,Phosphatidylinositol Dephosphorylation (GO:0046856),16,0,1.0,,1.0
GO_Biological_Process_2023,Pharyngeal System Development (GO:0060037),15,0,1.0,,1.0
GO_Biological_Process_2023,Pharyngeal Arch Artery Morphogenesis (GO:0061626),6,0,1.0,,1.0
GO_Biological_Process_2023,Phagosome-Lysosome Fusion (GO:0090385),11,0,1.0,,1.0
GO_Biological_Process_2023,Phagosome Maturation (GO:0090382),15,0,1.0,,1.0
GO_Biological_Process_2023,Phagosome Acidification (GO:0090383),5,0,1.0,,1.0
GO_Biological_Process_2023,Phagolysosome Assembly (GO:0001845),14,0,1.0,,1.0
GO_Biological_Process_2023,"Phagocytosis, Engulfment (GO:0006911)",30,0,1.0,,1.0
GO_Biological_Process_2023,Phasic Smooth Muscle Contraction (GO:0014821),11,0,1.0,,1.0
GO_Biological_Process_2023,Phagocytosis (GO:0006909),68,0,1.0,,1.0
GO_Biological_Process_2023,Peroxisome Proliferator Activated Receptor Signaling Pathway (GO:0035357),7,0,1.0,,1.0
GO_Biological_Process_2023,Peroxisome Organization (GO:0007031),24,0,1.0,,1.0
GO_Biological_Process_2023,Peroxisome Fission (GO:0016559),8,0,1.0,,1.0
GO_Biological_Process_2023,Peroxisomal Transport (GO:0043574),8,0,1.0,,1.0
GO_Biological_Process_2023,Peroxisomal Membrane Transport (GO:0015919),17,0,1.0,,1.0
GO_Biological_Process_2023,Peripheral Nervous System Neuron Development (GO:0048935),5,0,1.0,,1.0
GO_Biological_Process_2023,Peripheral Nervous System Axon Ensheathment (GO:0032292),8,0,1.0,,1.0
GO_Biological_Process_2023,Pexophagy (GO:0000425),5,0,1.0,,1.0
GO_Biological_Process_2023,Phenol-Containing Compound Biosynthetic Process (GO:0046189),9,0,1.0,,1.0
GO_Biological_Process_2023,Phosphate Ion Homeostasis (GO:0055062),12,0,1.0,,1.0
GO_Biological_Process_2023,Phosphate Ion Transmembrane Transport (GO:0035435),9,0,1.0,,1.0
GO_Biological_Process_2023,Phosphatidylinositol Biosynthetic Process (GO:0006661),98,0,1.0,,1.0
GO_Biological_Process_2023,Phosphatidylinositol Acyl-Chain Remodeling (GO:0036149),5,0,1.0,,1.0
GO_Biological_Process_2023,Phosphatidylinositol 3-Kinase Signaling (GO:0014065),32,0,1.0,,1.0
GO_Biological_Process_2023,Phosphatidylglycerol Metabolic Process (GO:0046471),19,0,1.0,,1.0
GO_Biological_Process_2023,Phosphatidylglycerol Biosynthetic Process (GO:0006655),9,0,1.0,,1.0
GO_Biological_Process_2023,Phosphatidylglycerol Acyl-Chain Remodeling (GO:0036148),8,0,1.0,,1.0
GO_Biological_Process_2023,Phosphatidylethanolamine Metabolic Process (GO:0046337),24,0,1.0,,1.0
GO_Biological_Process_2023,Phosphatidylethanolamine Biosynthetic Process (GO:0006646),9,0,1.0,,1.0
GO_Biological_Process_2023,Phosphatidylethanolamine Acyl-Chain Remodeling (GO:0036152),9,0,1.0,,1.0
GO_Biological_Process_2023,Phosphatidylcholine Metabolic Process (GO:0046470),53,0,1.0,,1.0
GO_Biological_Process_2023,Phosphatidylcholine Catabolic Process (GO:0034638),7,0,1.0,,1.0
GO_Biological_Process_2023,Phosphatidylcholine Biosynthetic Process (GO:0006656),19,0,1.0,,1.0
GO_Biological_Process_2023,Phosphatidylcholine Acyl-Chain Remodeling (GO:0036151),12,0,1.0,,1.0
GO_Biological_Process_2023,Phosphatidic Acid Metabolic Process (GO:0046473),32,0,1.0,,1.0
GO_Biological_Process_2023,Phosphatidic Acid Biosynthetic Process (GO:0006654),29,0,1.0,,1.0
GO_Biological_Process_2023,Phosphate-Containing Compound Metabolic Process (GO:0006796),180,0,1.0,,1.0
GO_Biological_Process_2023,Phosphate Ion Transport (GO:0006817),18,0,1.0,,1.0
GO_Biological_Process_2023,Pericardium Development (GO:0060039),6,0,1.0,,1.0
GO_Biological_Process_2023,Oligosaccharide-Lipid Intermediate Biosynthetic Process (GO:0006490),12,0,1.0,,1.0
GO_Biological_Process_2023,Oligosaccharide Metabolic Process (GO:0009311),45,0,1.0,,1.0
GO_Biological_Process_2023,Oligosaccharide Catabolic Process (GO:0009313),8,0,1.0,,1.0
GO_Biological_Process_2023,Neuron Projection Guidance (GO:0097485),122,1,0.32003191068710407,PTK2,1.0
GO_Biological_Process_2023,Neuron Projection Fasciculation (GO:0106030),10,0,1.0,,1.0
GO_Biological_Process_2023,Neuron Projection Extension Involved In Neuron Projection Guidance (GO:1902284),6,0,1.0,,1.0
GO_Biological_Process_2023,Neuron Projection Extension (GO:1990138),38,1,0.11295909364400733,CTNNB1,1.0
GO_Biological_Process_2023,Neuron Projection Development (GO:0031175),190,1,0.45218273716292706,DNM2,1.0
GO_Biological_Process_2023,Neuron Projection Arborization (GO:0140058),7,0,1.0,,1.0
GO_Biological_Process_2023,Neuron Migration (GO:0001764),55,0,1.0,,1.0
GO_Biological_Process_2023,Neuron Projection Maintenance (GO:1990535),10,0,1.0,,1.0
GO_Biological_Process_2023,Neuron Maturation (GO:0042551),17,0,1.0,,1.0
GO_Biological_Process_2023,Neuron Fate Commitment (GO:0048663),18,0,1.0,,1.0
GO_Biological_Process_2023,Actin Filament Depolymerization (GO:0030042),10,0,1.0,,1.0
GO_Biological_Process_2023,Neuron Development (GO:0048666),149,0,1.0,,1.0
GO_Biological_Process_2023,Neuron Cell-Cell Adhesion (GO:0007158),14,0,1.0,,1.0
GO_Biological_Process_2023,Neuron Apoptotic Process (GO:0051402),19,0,1.0,,1.0
GO_Biological_Process_2023,Neuromuscular Synaptic Transmission (GO:0007274),16,0,1.0,,1.0
GO_Biological_Process_2023,Neuromuscular Process Controlling Balance (GO:0050885),13,0,1.0,,1.0
GO_Biological_Process_2023,Neuron Fate Specification (GO:0048665),7,0,1.0,,1.0
GO_Biological_Process_2023,Neuromuscular Process (GO:0050905),17,0,1.0,,1.0
GO_Biological_Process_2023,Neuron Projection Organization (GO:0106027),16,0,1.0,,1.0
GO_Biological_Process_2023,Neuron Remodeling (GO:0016322),9,0,1.0,,1.0
GO_Biological_Process_2023,Neurotrophin Signaling Pathway (GO:0038179),15,0,1.0,,1.0
GO_Biological_Process_2023,Neurotrophin TRK Receptor Signaling Pathway (GO:0048011),6,0,1.0,,1.0
GO_Biological_Process_2023,Neurotransmitter Uptake (GO:0001504),11,0,1.0,,1.0
GO_Biological_Process_2023,Neurotransmitter Transport (GO:0006836),52,0,1.0,,1.0
GO_Biological_Process_2023,Neurotransmitter Secretion (GO:0007269),43,0,1.0,,1.0
GO_Biological_Process_2023,Neurotransmitter Reuptake (GO:0098810),8,0,1.0,,1.0
GO_Biological_Process_2023,"Neurotransmitter Receptor Transport, Postsynaptic Endosome To Lysosome (GO:0098943)",6,0,1.0,,1.0
GO_Biological_Process_2023,Neuron Projection Regeneration (GO:0031102),9,0,1.0,,1.0
GO_Biological_Process_2023,"Neurotransmitter Receptor Transport, Endosome To Postsynaptic Membrane (GO:0098887)",6,0,1.0,,1.0
GO_Biological_Process_2023,Neurotransmitter Receptor Transport To Postsynaptic Membrane (GO:0098969),9,0,1.0,,1.0
GO_Biological_Process_2023,Neurotransmitter Receptor Diffusion Trapping (GO:0099628),7,0,1.0,,1.0
GO_Biological_Process_2023,Neurotransmitter Loading Into Synaptic Vesicle (GO:0098700),5,0,1.0,,1.0
GO_Biological_Process_2023,Neurotransmitter Biosynthetic Process (GO:0042136),10,0,1.0,,1.0
GO_Biological_Process_2023,Neuropeptide Signaling Pathway (GO:0007218),67,0,1.0,,1.0
GO_Biological_Process_2023,Neuronal Ion Channel Clustering (GO:0045161),8,0,1.0,,1.0
GO_Biological_Process_2023,Neuronal Action Potential (GO:0019228),7,0,1.0,,1.0
GO_Biological_Process_2023,"Neurotransmitter Receptor Transport, Endosome To Plasma Membrane (GO:0099639)",7,0,1.0,,1.0
GO_Biological_Process_2023,Neuromuscular Junction Development (GO:0007528),24,0,1.0,,1.0
GO_Biological_Process_2023,Neurogenesis (GO:0022008),49,1,0.1432490318913628,CDK6,1.0
GO_Biological_Process_2023,Neuroepithelial Cell Differentiation (GO:0060563),7,0,1.0,,1.0
GO_Biological_Process_2023,Negative Regulation Of Vascular Associated Smooth Muscle Cell Proliferation (GO:1904706),17,0,1.0,,1.0
GO_Biological_Process_2023,Negative Regulation Of Vascular Associated Smooth Muscle Cell Differentiation (GO:1905064),7,0,1.0,,1.0
GO_Biological_Process_2023,Negative Regulation Of Ubiquitin-Protein Transferase Activity (GO:0051444),17,0,1.0,,1.0
GO_Biological_Process_2023,Negative Regulation Of Ubiquitin-Dependent Protein Catabolic Process (GO:2000059),37,0,1.0,,1.0
GO_Biological_Process_2023,Negative Regulation Of Ubiquitin Protein Ligase Activity (GO:1904667),8,0,1.0,,1.0
GO_Biological_Process_2023,Negative Regulation Of Tyrosine Phosphorylation Of STAT Protein (GO:0042532),9,0,1.0,,1.0
GO_Biological_Process_2023,Negative Regulation Of Type II Interferon-Mediated Signaling Pathway (GO:0060336),6,0,1.0,,1.0
GO_Biological_Process_2023,Negative Regulation Of Vascular Endothelial Growth Factor Receptor Signaling Pathway (GO:0030948),10,0,1.0,,1.0
GO_Biological_Process_2023,Negative Regulation Of Type II Interferon Production (GO:0032689),28,0,1.0,,1.0
GO_Biological_Process_2023,Negative Regulation Of Type I Interferon Production (GO:0032480),38,0,1.0,,1.0
GO_Biological_Process_2023,Negative Regulation Of Type 2 Immune Response (GO:0002829),6,0,1.0,,1.0
GO_Biological_Process_2023,Negative Regulation Of Tumor Necrosis Factor-Mediated Signaling Pathway (GO:0010804),20,0,1.0,,1.0
GO_Biological_Process_2023,Negative Regulation Of Tumor Necrosis Factor Superfamily Cytokine Production (GO:1903556),49,0,1.0,,1.0
GO_Biological_Process_2023,Negative Regulation Of Tumor Necrosis Factor Production (GO:0032720),47,0,1.0,,1.0
GO_Biological_Process_2023,Negative Regulation Of Trophoblast Cell Migration (GO:1901164),5,0,1.0,,1.0
GO_Biological_Process_2023,Negative Regulation Of Triglyceride Metabolic Process (GO:0090209),8,0,1.0,,1.0
GO_Biological_Process_2023,Negative Regulation Of Type I Interferon-Mediated Signaling Pathway (GO:0060339),15,0,1.0,,1.0
GO_Biological_Process_2023,Negative Regulation Of Vascular Endothelial Growth Factor Signaling Pathway (GO:1900747),9,0,1.0,,1.0
GO_Biological_Process_2023,Negative Regulation Of Viral Entry Into Host Cell (GO:0046597),18,0,1.0,,1.0
GO_Biological_Process_2023,Negative Regulation Of Viral Genome Replication (GO:0045071),53,0,1.0,,1.0
GO_Biological_Process_2023,Neuroblast Proliferation (GO:0007405),5,0,1.0,,1.0
GO_Biological_Process_2023,Neural Tube Development (GO:0021915),17,0,1.0,,1.0
GO_Biological_Process_2023,Neural Tube Closure (GO:0001843),32,0,1.0,,1.0
GO_Biological_Process_2023,Neural Crest Cell Migration (GO:0001755),36,1,0.10733986594818896,SOX10,1.0
GO_Biological_Process_2023,Neural Crest Cell Differentiation (GO:0014033),17,0,1.0,,1.0
GO_Biological_Process_2023,Neural Crest Cell Development (GO:0014032),43,1,0.12685552137392916,SOX10,1.0
GO_Biological_Process_2023,Nervous System Development (GO:0007399),428,3,0.151655307200306,EP300;PAX8;SOX10,1.0
GO_Biological_Process_2023,Nerve Growth Factor Signaling Pathway (GO:0038180),9,0,1.0,,1.0
GO_Biological_Process_2023,Actin Filament Network Formation (GO:0051639),8,0,1.0,,1.0
GO_Biological_Process_2023,Negative Regulation Of Wound Healing (GO:0061045),27,0,1.0,,1.0
GO_Biological_Process_2023,Negative Regulation Of Voltage-Gated Potassium Channel Activity (GO:1903817),10,0,1.0,,1.0
GO_Biological_Process_2023,Negative Regulation Of Voltage-Gated Calcium Channel Activity (GO:1901386),12,0,1.0,,1.0
GO_Biological_Process_2023,Negative Regulation Of Vitamin Metabolic Process (GO:0046137),5,0,1.0,,1.0
GO_Biological_Process_2023,Negative Regulation Of Viral-Induced Cytoplasmic Pattern Recognition Receptor Signaling Pathway (GO:0039532),16,0,1.0,,1.0
GO_Biological_Process_2023,Negative Regulation Of Viral Transcription (GO:0032897),13,0,1.0,,1.0
GO_Biological_Process_2023,Negative Regulation Of Viral Process (GO:0048525),61,0,1.0,,1.0
GO_Biological_Process_2023,Negative Regulation Of Viral Life Cycle (GO:1903901),20,0,1.0,,1.0
GO_Biological_Process_2023,Neutral Amino Acid Transport (GO:0015804),35,0,1.0,,1.0
GO_Biological_Process_2023,Neutrophil Activation (GO:0042119),18,0,1.0,,1.0
GO_Biological_Process_2023,Neutrophil Activation Involved In Immune Response (GO:0002283),11,0,1.0,,1.0
GO_Biological_Process_2023,Neutrophil Chemotaxis (GO:0030593),67,0,1.0,,1.0
GO_Biological_Process_2023,Nucleoside Metabolic Process (GO:0009116),9,0,1.0,,1.0
GO_Biological_Process_2023,Nucleoside Diphosphate Metabolic Process (GO:0009132),8,0,1.0,,1.0
GO_Biological_Process_2023,Nucleoside Diphosphate Catabolic Process (GO:0009134),6,0,1.0,,1.0
GO_Biological_Process_2023,Nucleolar Chromatin Organization (GO:1990700),7,0,1.0,,1.0
GO_Biological_Process_2023,Nucleocytoplasmic Transport (GO:0006913),49,1,0.1432490318913628,CDAN1,1.0
GO_Biological_Process_2023,Nucleobase-Containing Small Molecule Interconversion (GO:0015949),7,0,1.0,,1.0
GO_Biological_Process_2023,Nucleobase-Containing Compound Catabolic Process (GO:0034655),44,0,1.0,,1.0
GO_Biological_Process_2023,Nucleoside Phosphate Catabolic Process (GO:1901292),11,0,1.0,,1.0
GO_Biological_Process_2023,Nucleobase Transport (GO:0015851),5,0,1.0,,1.0
GO_Biological_Process_2023,Actin Filament Bundle Organization (GO:0061572),32,0,1.0,,1.0
GO_Biological_Process_2023,Nucleic Acid-Templated Transcription (GO:0097659),40,1,0.11854355482635615,PAX8,1.0
GO_Biological_Process_2023,Nucleic Acid Transport (GO:0050657),6,0,1.0,,1.0
GO_Biological_Process_2023,Nucleic Acid Phosphodiester Bond Hydrolysis (GO:0090305),25,0,1.0,,1.0
GO_Biological_Process_2023,Nucleic Acid Metabolic Process (GO:0090304),30,0,1.0,,1.0
GO_Biological_Process_2023,Nuclear-Transcribed mRNA poly(A) Tail Shortening (GO:0000289),20,0,1.0,,1.0
GO_Biological_Process_2023,"Nuclear-Transcribed mRNA Catabolic Process, Nonsense-Mediated Decay (GO:0000184)",28,0,1.0,,1.0
GO_Biological_Process_2023,Nucleobase Catabolic Process (GO:0046113),6,0,1.0,,1.0
GO_Biological_Process_2023,Nucleoside Transport (GO:0015858),5,0,1.0,,1.0
GO_Biological_Process_2023,Nucleoside Triphosphate Biosynthetic Process (GO:0009142),5,0,1.0,,1.0
GO_Biological_Process_2023,Nucleoside Triphosphate Metabolic Process (GO:0009141),10,0,1.0,,1.0
GO_Biological_Process_2023,Oligosaccharide Biosynthetic Process (GO:0009312),22,0,1.0,,1.0
GO_Biological_Process_2023,Olefinic Compound Biosynthetic Process (GO:0120255),6,0,1.0,,1.0
GO_Biological_Process_2023,Odontogenesis Of Dentin-Containing Tooth (GO:0042475),14,0,1.0,,1.0
GO_Biological_Process_2023,Odontogenesis (GO:0042476),39,0,1.0,,1.0
GO_Biological_Process_2023,Nucleus Organization (GO:0006997),44,0,1.0,,1.0
GO_Biological_Process_2023,Nucleotide-Sugar Metabolic Process (GO:0009225),12,0,1.0,,1.0
GO_Biological_Process_2023,Nucleotide-Sugar Biosynthetic Process (GO:0009226),15,0,1.0,,1.0
GO_Biological_Process_2023,"Nucleotide-Excision Repair, DNA Gap Filling (GO:0006297)",5,0,1.0,,1.0
GO_Biological_Process_2023,Nucleotide-Excision Repair (GO:0006289),54,0,1.0,,1.0
GO_Biological_Process_2023,Nucleotide-Binding Oligomerization Domain Containing Signaling Pathway (GO:0070423),11,0,1.0,,1.0
GO_Biological_Process_2023,Nucleotide-Binding Oligomerization Domain Containing 2 Signaling Pathway (GO:0070431),6,0,1.0,,1.0
GO_Biological_Process_2023,"Nucleotide-Binding Domain, Leucine Rich Repeat Containing Receptor Signaling Pathway (GO:0035872)",5,0,1.0,,1.0
GO_Biological_Process_2023,Nucleotide Transport (GO:0006862),6,0,1.0,,1.0
GO_Biological_Process_2023,Nucleotide Catabolic Process (GO:0009166),6,0,1.0,,1.0
GO_Biological_Process_2023,Nucleosome Organization (GO:0034728),72,1,0.203335351773417,DNAJC9,1.0
GO_Biological_Process_2023,Nucleosome Disassembly (GO:0006337),18,0,1.0,,1.0
GO_Biological_Process_2023,Nucleosome Assembly (GO:0006334),51,1,0.14864602149802708,DNAJC9,1.0
GO_Biological_Process_2023,"Nuclear-Transcribed mRNA Catabolic Process, Exonucleolytic, 3'-5' (GO:0034427)",10,0,1.0,,1.0
GO_Biological_Process_2023,Platelet Activating Factor Metabolic Process (GO:0046469),6,0,1.0,,1.0
GO_Biological_Process_2023,"Nuclear-Transcribed mRNA Catabolic Process, Exonucleolytic (GO:0000291)",17,0,1.0,,1.0
GO_Biological_Process_2023,"Nuclear-Transcribed mRNA Catabolic Process, Deadenylation-Dependent Decay (GO:0000288)",39,0,1.0,,1.0
GO_Biological_Process_2023,Norepinephrine Biosynthetic Process (GO:0042421),5,0,1.0,,1.0
GO_Biological_Process_2023,Noradrenergic Neuron Differentiation (GO:0003357),6,0,1.0,,1.0
GO_Biological_Process_2023,Nonribosomal Peptide Biosynthetic Process (GO:0019184),7,0,1.0,,1.0
GO_Biological_Process_2023,Non-Motile Cilium Assembly (GO:1905515),31,0,1.0,,1.0
GO_Biological_Process_2023,Non-Membrane-Bounded Organelle Assembly (GO:0140694),119,0,1.0,,1.0
GO_Biological_Process_2023,Non-Canonical Wnt Signaling Pathway (GO:0035567),41,0,1.0,,1.0
GO_Biological_Process_2023,Nitrogen Compound Transport (GO:0071705),161,0,1.0,,1.0
GO_Biological_Process_2023,Norepinephrine Metabolic Process (GO:0042415),6,0,1.0,,1.0
GO_Biological_Process_2023,Nitric Oxide Metabolic Process (GO:0046209),16,0,1.0,,1.0
GO_Biological_Process_2023,Nitric Oxide Biosynthetic Process (GO:0006809),15,0,1.0,,1.0
GO_Biological_Process_2023,Nicotinamide Nucleotide Metabolic Process (GO:0046496),17,0,1.0,,1.0
GO_Biological_Process_2023,Actin Filament Capping (GO:0051693),18,0,1.0,,1.0
GO_Biological_Process_2023,Neutrophil Migration (GO:1990266),74,0,1.0,,1.0
GO_Biological_Process_2023,Neutrophil Mediated Immunity (GO:0002446),12,0,1.0,,1.0
GO_Biological_Process_2023,Neutrophil Extravasation (GO:0072672),5,0,1.0,,1.0
GO_Biological_Process_2023,Neutrophil Degranulation (GO:0043312),5,0,1.0,,1.0
GO_Biological_Process_2023,Nitric Oxide Mediated Signal Transduction (GO:0007263),18,0,1.0,,1.0
GO_Biological_Process_2023,Norepinephrine Transport (GO:0015874),6,0,1.0,,1.0
GO_Biological_Process_2023,Nose Development (GO:0043584),6,0,1.0,,1.0
GO_Biological_Process_2023,Notochord Development (GO:0030903),5,0,1.0,,1.0
GO_Biological_Process_2023,Nuclear-Transcribed mRNA Catabolic Process (GO:0000956),85,0,1.0,,1.0
GO_Biological_Process_2023,Nuclear Transport (GO:0051169),38,0,1.0,,1.0
GO_Biological_Process_2023,Nuclear Pore Organization (GO:0006999),14,0,1.0,,1.0
GO_Biological_Process_2023,Nuclear Pore Complex Assembly (GO:0051292),10,0,1.0,,1.0
GO_Biological_Process_2023,Nuclear Polyadenylation-Dependent tRNA Catabolic Process (GO:0071038),6,0,1.0,,1.0
GO_Biological_Process_2023,Nuclear Polyadenylation-Dependent rRNA Catabolic Process (GO:0071035),6,0,1.0,,1.0
GO_Biological_Process_2023,Nuclear Polyadenylation-Dependent ncRNA Catabolic Process (GO:0071046),6,0,1.0,,1.0
GO_Biological_Process_2023,Nuclear Migration (GO:0007097),15,0,1.0,,1.0
GO_Biological_Process_2023,Nuclear Membrane Reassembly (GO:0031468),23,0,1.0,,1.0
GO_Biological_Process_2023,Nuclear Membrane Organization (GO:0071763),26,0,1.0,,1.0
GO_Biological_Process_2023,Nuclear Membrane Disassembly (GO:0051081),8,0,1.0,,1.0
GO_Biological_Process_2023,Nuclear mRNA Surveillance (GO:0071028),9,0,1.0,,1.0
GO_Biological_Process_2023,Nuclear Export (GO:0051168),48,0,1.0,,1.0
GO_Biological_Process_2023,Nuclear Envelope Organization (GO:0006998),17,0,1.0,,1.0
GO_Biological_Process_2023,Nuclear Chromosome Segregation (GO:0098813),16,0,1.0,,1.0
GO_Biological_Process_2023,Nuclear Body Organization (GO:0030575),11,0,1.0,,1.0
GO_Biological_Process_2023,Nuclear RNA Surveillance (GO:0071027),10,0,1.0,,1.0
GO_Biological_Process_2023,"Nuclear-Transcribed mRNA Catabolic Process, Deadenylation-Independent Decay (GO:0031086)",6,0,1.0,,1.0
GO_Biological_Process_2023,Platelet Aggregation (GO:0070527),35,0,1.0,,1.0
GO_Biological_Process_2023,Platelet Dense Granule Organization (GO:0060155),22,0,1.0,,1.0
GO_Biological_Process_2023,Platelet-Derived Growth Factor Receptor Signaling Pathway (GO:0048008),15,0,1.0,,1.0
GO_Biological_Process_2023,Positive Regulation Of Chromosome Organization (GO:2001252),33,1,0.09884537173365426,NCAPD3,1.0
GO_Biological_Process_2023,Positive Regulation Of Chromatin Binding (GO:0035563),8,0,1.0,,1.0
GO_Biological_Process_2023,Positive Regulation Of Chondrocyte Differentiation (GO:0032332),10,0,1.0,,1.0
GO_Biological_Process_2023,Positive Regulation Of Cholesterol Transport (GO:0032376),31,0,1.0,,1.0
GO_Biological_Process_2023,Positive Regulation Of Cholesterol Storage (GO:0010886),5,0,1.0,,1.0
GO_Biological_Process_2023,Positive Regulation Of Cholesterol Metabolic Process (GO:0090205),10,0,1.0,,1.0
GO_Biological_Process_2023,Positive Regulation Of Cholesterol Efflux (GO:0010875),22,0,1.0,,1.0
GO_Biological_Process_2023,Positive Regulation Of Cilium Assembly (GO:0045724),22,0,1.0,,1.0
GO_Biological_Process_2023,Positive Regulation Of Cholesterol Biosynthetic Process (GO:0045542),5,0,1.0,,1.0
GO_Biological_Process_2023,Positive Regulation Of Chemokine Production (GO:0032722),52,0,1.0,,1.0
GO_Biological_Process_2023,Positive Regulation Of Chemokine (C-X-C Motif) Ligand 2 Production (GO:2000343),6,0,1.0,,1.0
GO_Biological_Process_2023,Positive Regulation Of Centriole Replication (GO:0046601),8,0,1.0,,1.0
GO_Biological_Process_2023,Positive Regulation Of Cellular Senescence (GO:2000774),10,0,1.0,,1.0
GO_Biological_Process_2023,Positive Regulation Of Cellular Response To Insulin Stimulus (GO:1900078),13,0,1.0,,1.0
GO_Biological_Process_2023,Positive Regulation Of Cellular Respiration (GO:1901857),10,0,1.0,,1.0
GO_Biological_Process_2023,Positive Regulation Of Cellular Extravasation (GO:0002693),12,0,1.0,,1.0
GO_Biological_Process_2023,Positive Regulation Of Chemotaxis (GO:0050921),44,0,1.0,,1.0
GO_Biological_Process_2023,Positive Regulation Of Cellular Component Organization (GO:0051130),111,1,0.29589439691654523,TFRC,1.0
GO_Biological_Process_2023,Positive Regulation Of Cilium Movement (GO:0003353),6,0,1.0,,1.0
GO_Biological_Process_2023,Positive Regulation Of Circadian Rhythm (GO:0042753),11,0,1.0,,1.0
GO_Biological_Process_2023,Positive Regulation Of Cytosolic Calcium Ion Concentration Involved In Phospholipase C-activating G Protein-Coupled Signaling Pathway (GO:0051482),27,0,1.0,,1.0
GO_Biological_Process_2023,Positive Regulation Of Cytoskeleton Organization (GO:0051495),77,0,1.0,,1.0
GO_Biological_Process_2023,Positive Regulation Of Cytoplasmic Transport (GO:1903651),11,0,1.0,,1.0
GO_Biological_Process_2023,Positive Regulation Of Cytoplasmic Translation (GO:2000767),14,0,1.0,,1.0
GO_Biological_Process_2023,Positive Regulation Of Cytokinesis (GO:0032467),37,0,1.0,,1.0
GO_Biological_Process_2023,Positive Regulation Of Cytokine-Mediated Signaling Pathway (GO:0001961),42,0,1.0,,1.0
GO_Biological_Process_2023,Positive Regulation Of Cytokine Production Involved In Inflammatory Response (GO:1900017),18,0,1.0,,1.0
GO_Biological_Process_2023,Positive Regulation Of Cilium-Dependent Cell Motility (GO:2000155),6,0,1.0,,1.0
GO_Biological_Process_2023,Positive Regulation Of Cytokine Production Involved In Immune Response (GO:0002720),32,0,1.0,,1.0
GO_Biological_Process_2023,Positive Regulation Of Cysteine-Type Endopeptidase Activity Involved In Apoptotic Signaling Pathway (GO:2001269),6,0,1.0,,1.0
GO_Biological_Process_2023,Positive Regulation Of Cysteine-Type Endopeptidase Activity Involved In Apoptotic Process (GO:0043280),106,1,0.2846463117336793,MYC,1.0
GO_Biological_Process_2023,Positive Regulation Of Cysteine-Type Endopeptidase Activity (GO:2001056),63,1,0.1803333147103331,MYC,1.0
GO_Biological_Process_2023,Positive Regulation Of Cyclase Activity (GO:0031281),11,0,1.0,,1.0
GO_Biological_Process_2023,Positive Regulation Of Collagen Metabolic Process (GO:0010714),16,0,1.0,,1.0
GO_Biological_Process_2023,Positive Regulation Of Collagen Biosynthetic Process (GO:0032967),15,0,1.0,,1.0
GO_Biological_Process_2023,Positive Regulation Of Coagulation (GO:0050820),11,0,1.0,,1.0
GO_Biological_Process_2023,Positive Regulation Of Cytokine Production (GO:0001819),312,1,0.6290023172071117,IRF4,1.0
GO_Biological_Process_2023,Positive Regulation Of Cellular Component Biogenesis (GO:0044089),91,1,0.24983187998932194,TFRC,1.0
GO_Biological_Process_2023,Positive Regulation Of Cellular Catabolic Process (GO:0031331),143,0,1.0,,1.0
GO_Biological_Process_2023,Positive Regulation Of Cellular Biosynthetic Process (GO:0031328),173,2,0.10300431869025582,ADSL;CTNNB1,1.0
GO_Biological_Process_2023,Positive Regulation Of Cell Communication (GO:0010647),30,0,1.0,,1.0
GO_Biological_Process_2023,Positive Regulation Of Cell Adhesion Mediated By Integrin (GO:0033630),17,0,1.0,,1.0
GO_Biological_Process_2023,Positive Regulation Of Cell Adhesion (GO:0045785),86,0,1.0,,1.0
GO_Biological_Process_2023,Positive Regulation Of Cell Activation (GO:0050867),14,0,1.0,,1.0
GO_Biological_Process_2023,Positive Regulation Of Cation Transmembrane Transport (GO:1904064),18,0,1.0,,1.0
GO_Biological_Process_2023,Positive Regulation Of Cation Channel Activity (GO:2001259),38,0,1.0,,1.0
GO_Biological_Process_2023,Positive Regulation Of Catecholamine Secretion (GO:0033605),6,0,1.0,,1.0
GO_Biological_Process_2023,acetyl-CoA Biosynthetic Process (GO:0006085),12,0,1.0,,1.0
GO_Biological_Process_2023,Positive Regulation Of Catalytic Activity (GO:0043085),40,0,1.0,,1.0
GO_Biological_Process_2023,Positive Regulation Of Cartilage Development (GO:0061036),17,0,1.0,,1.0
GO_Biological_Process_2023,Positive Regulation Of Cardiocyte Differentiation (GO:1905209),9,0,1.0,,1.0
GO_Biological_Process_2023,Positive Regulation Of Cardiac Muscle Tissue Growth (GO:0055023),16,0,1.0,,1.0
GO_Biological_Process_2023,Positive Regulation Of Cardiac Muscle Hypertrophy (GO:0010613),17,0,1.0,,1.0
GO_Biological_Process_2023,Positive Regulation Of Cardiac Muscle Cell Proliferation (GO:0060045),13,0,1.0,,1.0
GO_Biological_Process_2023,Positive Regulation Of Cardiac Muscle Cell Differentiation (GO:2000727),5,0,1.0,,1.0
GO_Biological_Process_2023,Positive Regulation Of Cardiac Epithelial To Mesenchymal Transition (GO:0062043),7,0,1.0,,1.0
GO_Biological_Process_2023,Positive Regulation Of Catabolic Process (GO:0009896),79,1,0.2207861471335334,PTK2,1.0
GO_Biological_Process_2023,Positive Regulation Of Cell Cycle G1/S Phase Transition (GO:1902808),38,0,1.0,,1.0
GO_Biological_Process_2023,Positive Regulation Of Cell Cycle Phase Transition (GO:1901989),16,0,1.0,,1.0
GO_Biological_Process_2023,Positive Regulation Of Cell Cycle Process (GO:0090068),115,1,0.30476755810580763,NCAPD3,1.0
GO_Biological_Process_2023,Wnt Signaling Pathway Involved In Midbrain Dopaminergic Neuron Differentiation (GO:1904953),9,0,1.0,,1.0
GO_Biological_Process_2023,Positive Regulation Of Cell-Cell Adhesion Mediated By Integrin (GO:0033634),5,0,1.0,,1.0
GO_Biological_Process_2023,Positive Regulation Of Cell-Cell Adhesion (GO:0022409),45,1,0.1323539881781123,FOXA1,1.0
GO_Biological_Process_2023,Positive Regulation Of Cell Projection Organization (GO:0031346),118,1,0.3113502232841786,EP300,1.0
GO_Biological_Process_2023,"Wnt Signaling Pathway, Planar Cell Polarity Pathway (GO:0060071)",26,0,1.0,,1.0
GO_Biological_Process_2023,Positive Regulation Of Cell Motility (GO:2000147),219,2,0.1511680829643252,FERMT2;PTK2,1.0
GO_Biological_Process_2023,Positive Regulation Of Cell Morphogenesis Involved In Differentiation (GO:0010770),12,0,1.0,,1.0
GO_Biological_Process_2023,Positive Regulation Of Cell Migration Involved In Sprouting Angiogenesis (GO:0090050),16,0,1.0,,1.0
GO_Biological_Process_2023,Positive Regulation Of Cell Migration By Vascular Endothelial Growth Factor Signaling Pathway (GO:0038089),7,0,1.0,,1.0
GO_Biological_Process_2023,Positive Regulation Of Cell Migration (GO:0030335),269,2,0.20743105426790198,FERMT2;PTK2,1.0
GO_Biological_Process_2023,Positive Regulation Of Cell Killing (GO:0031343),6,0,1.0,,1.0
GO_Biological_Process_2023,Positive Regulation Of Cell Junction Assembly (GO:1901890),60,1,0.17252188692075576,FERMT2,1.0
GO_Biological_Process_2023,Positive Regulation Of Cell Growth (GO:0030307),104,0,1.0,,1.0
GO_Biological_Process_2023,Positive Regulation Of Cell Division (GO:0051781),41,0,1.0,,1.0
GO_Biological_Process_2023,[2Fe-2S] Cluster Assembly (GO:0044571),9,0,1.0,,1.0
GO_Biological_Process_2023,Positive Regulation Of Cell Development (GO:0010720),34,0,1.0,,1.0
GO_Biological_Process_2023,Positive Regulation Of Cell Death (GO:0010942),47,0,1.0,,1.0
GO_Biological_Process_2023,Positive Regulation Of Deacetylase Activity (GO:0090045),6,0,1.0,,1.0
GO_Biological_Process_2023,Positive Regulation Of Defense Response (GO:0031349),121,0,1.0,,1.0
GO_Biological_Process_2023,Positive Regulation Of Defense Response To Bacterium (GO:1900426),9,0,1.0,,1.0
GO_Biological_Process_2023,Positive Regulation Of Defense Response To Virus By Host (GO:0002230),28,0,1.0,,1.0
GO_Biological_Process_2023,Positive Regulation Of Filopodium Assembly (GO:0051491),27,0,1.0,,1.0
GO_Biological_Process_2023,UV Protection (GO:0009650),7,0,1.0,,1.0
GO_Biological_Process_2023,Positive Regulation Of Fibroblast Apoptotic Process (GO:2000271),6,0,1.0,,1.0
GO_Biological_Process_2023,Positive Regulation Of Fever Generation (GO:0031622),5,0,1.0,,1.0
GO_Biological_Process_2023,Positive Regulation Of Fatty Acid Oxidation (GO:0046321),11,0,1.0,,1.0
GO_Biological_Process_2023,Positive Regulation Of Fatty Acid Metabolic Process (GO:0045923),17,0,1.0,,1.0
GO_Biological_Process_2023,Positive Regulation Of Fatty Acid Biosynthetic Process (GO:0045723),13,0,1.0,,1.0
GO_Biological_Process_2023,Positive Regulation Of Flagellated Sperm Motility (GO:1902093),6,0,1.0,,1.0
GO_Biological_Process_2023,Positive Regulation Of Fatty Acid Beta-Oxidation (GO:0032000),7,0,1.0,,1.0
GO_Biological_Process_2023,Positive Regulation Of Extrinsic Apoptotic Signaling Pathway Via Death Domain Receptors (GO:1902043),5,0,1.0,,1.0
GO_Biological_Process_2023,Positive Regulation Of Extrinsic Apoptotic Signaling Pathway (GO:2001238),31,0,1.0,,1.0
GO_Biological_Process_2023,Positive Regulation Of Extracellular Matrix Organization (GO:1903055),18,0,1.0,,1.0
GO_Biological_Process_2023,Positive Regulation Of Extracellular Matrix Disassembly (GO:0090091),7,0,1.0,,1.0
GO_Biological_Process_2023,Positive Regulation Of Extracellular Matrix Assembly (GO:1901203),8,0,1.0,,1.0
GO_Biological_Process_2023,Positive Regulation Of Exosomal Secretion (GO:1903543),14,0,1.0,,1.0
GO_Biological_Process_2023,Positive Regulation Of Exocytosis (GO:0045921),37,0,1.0,,1.0
GO_Biological_Process_2023,Positive Regulation Of Fat Cell Differentiation (GO:0045600),50,0,1.0,,1.0
GO_Biological_Process_2023,Positive Regulation Of Focal Adhesion Disassembly (GO:0120183),5,0,1.0,,1.0
GO_Biological_Process_2023,Positive Regulation Of Gap Junction Assembly (GO:1903598),5,0,1.0,,1.0
GO_Biological_Process_2023,Positive Regulation Of Gastrulation (GO:2000543),6,0,1.0,,1.0
GO_Biological_Process_2023,Positive Regulation Of Growth (GO:0045927),79,0,1.0,,1.0
GO_Biological_Process_2023,Positive Regulation Of Granulocyte Macrophage Colony-Stimulating Factor Production (GO:0032725),13,0,1.0,,1.0
GO_Biological_Process_2023,Positive Regulation Of Granulocyte Differentiation (GO:0030854),5,0,1.0,,1.0
GO_Biological_Process_2023,Positive Regulation Of Granulocyte Chemotaxis (GO:0071624),21,0,1.0,,1.0
GO_Biological_Process_2023,Positive Regulation Of Gonad Development (GO:1905941),5,0,1.0,,1.0
GO_Biological_Process_2023,Positive Regulation Of Glycoprotein Biosynthetic Process (GO:0010560),13,0,1.0,,1.0
GO_Biological_Process_2023,Positive Regulation Of Glycolytic Process (GO:0045821),18,0,1.0,,1.0
GO_Biological_Process_2023,Positive Regulation Of Glycogen Metabolic Process (GO:0070875),14,0,1.0,,1.0
GO_Biological_Process_2023,Positive Regulation Of Glycogen Biosynthetic Process (GO:0045725),13,0,1.0,,1.0
GO_Biological_Process_2023,Positive Regulation Of Glucose Transmembrane Transport (GO:0010828),31,1,0.09313829474056612,BRAF,1.0
GO_Biological_Process_2023,Positive Regulation Of Glucose Metabolic Process (GO:0010907),15,0,1.0,,1.0
GO_Biological_Process_2023,Positive Regulation Of Glucose Import (GO:0046326),25,0,1.0,,1.0
GO_Biological_Process_2023,Positive Regulation Of Gluconeogenesis (GO:0045722),7,0,1.0,,1.0
GO_Biological_Process_2023,Positive Regulation Of Gliogenesis (GO:0014015),6,0,1.0,,1.0
GO_Biological_Process_2023,Positive Regulation Of Glial Cell Migration (GO:1903977),7,0,1.0,,1.0
GO_Biological_Process_2023,Positive Regulation Of Glial Cell Differentiation (GO:0045687),17,0,1.0,,1.0
GO_Biological_Process_2023,UDP-N-acetylglucosamine Metabolic Process (GO:0006047),10,0,1.0,,1.0
GO_Biological_Process_2023,Positive Regulation Of Execution Phase Of Apoptosis (GO:1900119),7,0,1.0,,1.0
GO_Biological_Process_2023,Positive Regulation Of Carbohydrate Metabolic Process (GO:0045913),34,0,1.0,,1.0
GO_Biological_Process_2023,Positive Regulation Of Excitatory Postsynaptic Potential (GO:2000463),21,0,1.0,,1.0
GO_Biological_Process_2023,Positive Regulation Of Establishment Of Protein Localization To Mitochondrion (GO:1903749),33,0,1.0,,1.0
GO_Biological_Process_2023,Positive Regulation Of Endocytosis (GO:0045807),79,0,1.0,,1.0
GO_Biological_Process_2023,Positive Regulation Of Endocytic Recycling (GO:2001137),7,0,1.0,,1.0
GO_Biological_Process_2023,Positive Regulation Of Early Endosome To Late Endosome Transport (GO:2000643),8,0,1.0,,1.0
GO_Biological_Process_2023,Positive Regulation Of Double-Strand Break Repair Via Nonhomologous End Joining (GO:2001034),13,0,1.0,,1.0
GO_Biological_Process_2023,Adult Heart Development (GO:0007512),8,0,1.0,,1.0
GO_Biological_Process_2023,Positive Regulation Of Double-Strand Break Repair (GO:2000781),84,0,1.0,,1.0
GO_Biological_Process_2023,Positive Regulation Of Developmental Growth (GO:0048639),49,0,1.0,,1.0
GO_Biological_Process_2023,Positive Regulation Of Endopeptidase Activity (GO:0010950),29,0,1.0,,1.0
GO_Biological_Process_2023,Positive Regulation Of Dephosphorylation (GO:0035306),29,0,1.0,,1.0
GO_Biological_Process_2023,Positive Regulation Of Dendritic Spine Development (GO:0060999),17,0,1.0,,1.0
GO_Biological_Process_2023,Positive Regulation Of Dendritic Cell Cytokine Production (GO:0002732),8,0,1.0,,1.0
GO_Biological_Process_2023,Positive Regulation Of Dendritic Cell Chemotaxis (GO:2000510),7,0,1.0,,1.0
GO_Biological_Process_2023,Positive Regulation Of Dendritic Cell Antigen Processing And Presentation (GO:0002606),5,0,1.0,,1.0
GO_Biological_Process_2023,Positive Regulation Of Dendrite Morphogenesis (GO:0050775),16,0,1.0,,1.0
GO_Biological_Process_2023,Positive Regulation Of Dendrite Extension (GO:1903861),16,0,1.0,,1.0
GO_Biological_Process_2023,Positive Regulation Of Dendrite Development (GO:1900006),10,0,1.0,,1.0
GO_Biological_Process_2023,Positive Regulation Of Dendritic Spine Morphogenesis (GO:0061003),7,0,1.0,,1.0
GO_Biological_Process_2023,Positive Regulation Of Endoplasmic Reticulum Stress-Induced Intrinsic Apoptotic Signaling Pathway (GO:1902237),6,0,1.0,,1.0
GO_Biological_Process_2023,Positive Regulation Of Endoplasmic Reticulum Unfolded Protein Response (GO:1900103),11,0,1.0,,1.0
GO_Biological_Process_2023,Positive Regulation Of Endothelial Cell Apoptotic Process (GO:2000353),15,0,1.0,,1.0
GO_Biological_Process_2023,Positive Regulation Of Establishment Of Protein Localization (GO:1904951),17,0,1.0,,1.0
GO_Biological_Process_2023,Positive Regulation Of Establishment Of Endothelial Barrier (GO:1903142),5,0,1.0,,1.0
GO_Biological_Process_2023,Positive Regulation Of Epithelial Tube Formation (GO:1905278),7,0,1.0,,1.0
GO_Biological_Process_2023,UV-damage Excision Repair (GO:0070914),12,0,1.0,,1.0
GO_Biological_Process_2023,Positive Regulation Of Epithelial Cell Proliferation Involved In Wound Healing (GO:0060054),8,0,1.0,,1.0
GO_Biological_Process_2023,Positive Regulation Of Epithelial Cell Proliferation (GO:0050679),123,1,0.3221854709546818,MYC,1.0
GO_Biological_Process_2023,Positive Regulation Of Epithelial Cell Migration (GO:0010634),94,1,0.2569254284100779,PTK2,1.0
GO_Biological_Process_2023,V(D)J Recombination (GO:0033151),12,0,1.0,,1.0
GO_Biological_Process_2023,Positive Regulation Of Epithelial Cell Differentiation (GO:0030858),20,0,1.0,,1.0
GO_Biological_Process_2023,Positive Regulation Of Epithelial Cell Apoptotic Process (GO:1904037),22,0,1.0,,1.0
GO_Biological_Process_2023,Positive Regulation Of Epidermis Development (GO:0045684),9,0,1.0,,1.0
GO_Biological_Process_2023,Positive Regulation Of Epidermal Growth Factor-Activated Receptor Activity (GO:0045741),10,0,1.0,,1.0
GO_Biological_Process_2023,Positive Regulation Of Epidermal Growth Factor Receptor Signaling Pathway (GO:0045742),33,0,1.0,,1.0
GO_Biological_Process_2023,Positive Regulation Of Endothelial Cell Proliferation (GO:0001938),77,0,1.0,,1.0
GO_Biological_Process_2023,Positive Regulation Of Endothelial Cell Migration (GO:0010595),83,0,1.0,,1.0
GO_Biological_Process_2023,Positive Regulation Of Endothelial Cell Development (GO:1901552),5,0,1.0,,1.0
GO_Biological_Process_2023,Positive Regulation Of Endothelial Cell Chemotaxis (GO:2001028),14,0,1.0,,1.0
GO_Biological_Process_2023,Positive Regulation Of Establishment Of Protein Localization To Telomere (GO:1904851),9,0,1.0,,1.0
GO_Biological_Process_2023,Negative Regulation Of Transposition (GO:0010529),25,0,1.0,,1.0
GO_Biological_Process_2023,Positive Regulation Of Canonical Wnt Signaling Pathway (GO:0090263),83,0,1.0,,1.0
GO_Biological_Process_2023,Positive Regulation Of Calcium Ion-Dependent Exocytosis (GO:0045956),8,0,1.0,,1.0
GO_Biological_Process_2023,Positive Regulation Of JNK Cascade (GO:0046330),77,0,1.0,,1.0
GO_Biological_Process_2023,Positive Regulation Of IRE1-mediated Unfolded Protein Response (GO:1903896),6,0,1.0,,1.0
GO_Biological_Process_2023,Positive Regulation Of I-kappaB Phosphorylation (GO:1903721),5,0,1.0,,1.0
GO_Biological_Process_2023,Positive Regulation Of I-kappaB kinase/NF-kappaB Signaling (GO:0043123),171,2,0.10102284230543572,CFLAR;TFRC,1.0
GO_Biological_Process_2023,Positive Regulation Of GTPase Activity (GO:0043547),219,1,0.5005366390768015,FERMT2,1.0
GO_Biological_Process_2023,Positive Regulation Of G1/S Transition Of Mitotic Cell Cycle (GO:1900087),30,0,1.0,,1.0
GO_Biological_Process_2023,Positive Regulation Of G Protein-Coupled Receptor Signaling Pathway (GO:0045745),18,0,1.0,,1.0
GO_Biological_Process_2023,Positive Regulation Of JUN Kinase Activity (GO:0043507),30,0,1.0,,1.0
GO_Biological_Process_2023,Positive Regulation Of ERK1 And ERK2 Cascade (GO:0070374),175,2,0.10499662760271507,BRAF;FERMT2,1.0
GO_Biological_Process_2023,Positive Regulation Of ERAD Pathway (GO:1904294),12,0,1.0,,1.0
GO_Biological_Process_2023,Positive Regulation Of ER-associated Ubiquitin-Dependent Protein Catabolic Process (GO:1903071),6,0,1.0,,1.0
GO_Biological_Process_2023,"Positive Regulation Of DNA-templated Transcription, Elongation (GO:0032786)",56,1,0.16199274884581716,MED1,1.0
GO_Biological_Process_2023,Acid Secretion (GO:0046717),7,0,1.0,,1.0
GO_Biological_Process_2023,Positive Regulation Of DNA-templated DNA Replication (GO:2000105),10,0,1.0,,1.0
GO_Biological_Process_2023,Positive Regulation Of DNA-directed DNA Polymerase Activity (GO:1900264),12,0,1.0,,1.0
GO_Biological_Process_2023,Acidic Amino Acid Transport (GO:0015800),9,0,1.0,,1.0
GO_Biological_Process_2023,Positive Regulation Of ERBB Signaling Pathway (GO:1901186),24,0,1.0,,1.0
GO_Biological_Process_2023,Positive Regulation Of DNA Replication (GO:0045740),18,0,1.0,,1.0
GO_Biological_Process_2023,Positive Regulation Of MAP Kinase Activity (GO:0043406),90,0,1.0,,1.0
GO_Biological_Process_2023,Positive Regulation Of MHC Class II Biosynthetic Process (GO:0045348),10,0,1.0,,1.0
GO_Biological_Process_2023,Positive Regulation Of T Cell Apoptotic Process (GO:0070234),9,0,1.0,,1.0
GO_Biological_Process_2023,Positive Regulation Of T Cell Activation (GO:0050870),104,1,0.28009779752942315,TFRC,1.0
GO_Biological_Process_2023,Positive Regulation Of SMAD Protein Signal Transduction (GO:0060391),17,0,1.0,,1.0
GO_Biological_Process_2023,Positive Regulation Of Rho Protein Signal Transduction (GO:0035025),31,0,1.0,,1.0
GO_Biological_Process_2023,Positive Regulation Of Ras Protein Signal Transduction (GO:0046579),50,0,1.0,,1.0
GO_Biological_Process_2023,Positive Regulation Of RNA Splicing (GO:0033120),30,0,1.0,,1.0
GO_Biological_Process_2023,Positive Regulation Of RNA Metabolic Process (GO:0051254),31,0,1.0,,1.0
GO_Biological_Process_2023,Positive Regulation Of MAPK Cascade (GO:0043410),304,2,0.24804414160857313,BRAF;FERMT2,1.0
GO_Biological_Process_2023,Positive Regulation Of RNA Biosynthetic Process (GO:1902680),9,0,1.0,,1.0
GO_Biological_Process_2023,Positive Regulation Of RIG-I Signaling Pathway (GO:1900246),8,0,1.0,,1.0
GO_Biological_Process_2023,Positive Regulation Of Notch Signaling Pathway (GO:0045747),29,0,1.0,,1.0
GO_Biological_Process_2023,Positive Regulation Of NLRP3 Inflammasome Complex Assembly (GO:1900227),18,0,1.0,,1.0
GO_Biological_Process_2023,Positive Regulation Of NK T Cell Proliferation (GO:0051142),5,0,1.0,,1.0
GO_Biological_Process_2023,Positive Regulation Of NK T Cell Activation (GO:0051135),8,0,1.0,,1.0
GO_Biological_Process_2023,Positive Regulation Of NIK/NF-kappaB Signaling (GO:1901224),53,1,0.15400959601649175,EP300,1.0
GO_Biological_Process_2023,Acetylcholine Receptor Signaling Pathway (GO:0095500),20,0,1.0,,1.0
GO_Biological_Process_2023,Positive Regulation Of RNA Binding (GO:1905216),5,0,1.0,,1.0
GO_Biological_Process_2023,Positive Regulation Of DNA Repair (GO:0045739),88,0,1.0,,1.0
GO_Biological_Process_2023,Positive Regulation Of DNA Recombination (GO:0045911),51,1,0.14864602149802708,TFRC,1.0
GO_Biological_Process_2023,Positive Regulation Of DNA Methylation-Dependent Heterochromatin Formation (GO:0090309),10,0,1.0,,1.0
GO_Biological_Process_2023,Positive Chemotaxis (GO:0050918),16,0,1.0,,1.0
GO_Biological_Process_2023,Pore Complex Assembly (GO:0046931),18,0,1.0,,1.0
GO_Biological_Process_2023,Polysaccharide Biosynthetic Process (GO:0000271),12,0,1.0,,1.0
GO_Biological_Process_2023,Polyol Metabolic Process (GO:0019751),17,0,1.0,,1.0
GO_Biological_Process_2023,Polyol Biosynthetic Process (GO:0046173),15,0,1.0,,1.0
GO_Biological_Process_2023,Polyamine Transport (GO:0015846),5,0,1.0,,1.0
GO_Biological_Process_2023,Polyamine Metabolic Process (GO:0006595),11,0,1.0,,1.0
GO_Biological_Process_2023,Positive Regulation By Host Of Viral Genome Replication (GO:0044829),7,0,1.0,,1.0
GO_Biological_Process_2023,Polyamine Biosynthetic Process (GO:0006596),6,0,1.0,,1.0
GO_Biological_Process_2023,poly-N-acetyllactosamine Metabolic Process (GO:0030309),5,0,1.0,,1.0
GO_Biological_Process_2023,poly(A)+ mRNA Export From Nucleus (GO:0016973),18,0,1.0,,1.0
GO_Biological_Process_2023,Polarized Epithelial Cell Differentiation (GO:0030859),13,0,1.0,,1.0
GO_Biological_Process_2023,Podocyte Differentiation (GO:0072112),11,0,1.0,,1.0
GO_Biological_Process_2023,Podocyte Development (GO:0072015),6,0,1.0,,1.0
GO_Biological_Process_2023,Podocyte Cell Migration (GO:0090521),5,0,1.0,,1.0
GO_Biological_Process_2023,Plus-End-Directed Organelle Transport Along Microtubule (GO:0072386),5,0,1.0,,1.0
GO_Biological_Process_2023,Polyadenylation-Dependent snoRNA 3'-End Processing (GO:0071051),6,0,1.0,,1.0
GO_Biological_Process_2023,Positive Regulation By Symbiont Of Entry Into Host (GO:0075294),12,0,1.0,,1.0
GO_Biological_Process_2023,Positive Regulation Of ATP Biosynthetic Process (GO:2001171),8,0,1.0,,1.0
GO_Biological_Process_2023,Positive Regulation Of ATP Metabolic Process (GO:1903580),9,0,1.0,,1.0
GO_Biological_Process_2023,Positive Regulation Of DNA Metabolic Process (GO:0051054),107,1,0.2869099657202279,MYC,1.0
GO_Biological_Process_2023,Positive Regulation Of DNA Demethylation (GO:1901537),7,0,1.0,,1.0
GO_Biological_Process_2023,"Positive Regulation Of DNA Damage Response, Signal Transduction By P53 Class Mediator (GO:0043517)",15,0,1.0,,1.0
GO_Biological_Process_2023,Actin Crosslink Formation (GO:0051764),11,0,1.0,,1.0
GO_Biological_Process_2023,Positive Regulation Of DNA Binding (GO:0043388),33,0,1.0,,1.0
GO_Biological_Process_2023,Positive Regulation Of CoA-transferase Activity (GO:1905920),7,0,1.0,,1.0
GO_Biological_Process_2023,Positive Regulation Of CREB Transcription Factor Activity (GO:0032793),17,0,1.0,,1.0
GO_Biological_Process_2023,"Positive Regulation Of CD8-positive, Alpha-Beta T Cell Activation (GO:2001187)",8,0,1.0,,1.0
GO_Biological_Process_2023,"Positive Regulation Of CD4-positive, Alpha-Beta T Cell Differentiation (GO:0043372)",7,0,1.0,,1.0
GO_Biological_Process_2023,"Positive Regulation Of CD4-positive, Alpha-Beta T Cell Activation (GO:2000516)",11,0,1.0,,1.0
GO_Biological_Process_2023,"Positive Regulation Of CD4-positive, CD25-positive, Alpha-Beta Regulatory T Cell Differentiation (GO:0032831)",5,0,1.0,,1.0
GO_Biological_Process_2023,Positive Regulation Of BMP Signaling Pathway (GO:0030513),23,0,1.0,,1.0
GO_Biological_Process_2023,Positive Regulation Of B Cell Receptor Signaling Pathway (GO:0050861),6,0,1.0,,1.0
GO_Biological_Process_2023,Positive Regulation Of B Cell Differentiation (GO:0045579),10,0,1.0,,1.0
GO_Biological_Process_2023,Positive Regulation Of B Cell Activation (GO:0050871),52,1,0.15133197290975003,TFRC,1.0
GO_Biological_Process_2023,Positive Regulation Of Arp2/3 Complex-Mediated Actin Nucleation (GO:2000601),7,0,1.0,,1.0
GO_Biological_Process_2023,Actin Cytoskeleton Reorganization (GO:0031532),53,1,0.15400959601649175,GRB2,1.0
GO_Biological_Process_2023,Positive Regulation Of T Cell Chemotaxis (GO:0010820),12,0,1.0,,1.0
GO_Biological_Process_2023,Positive Regulation Of T Cell Cytokine Production (GO:0002726),21,0,1.0,,1.0
GO_Biological_Process_2023,Positive Regulation Of T Cell Differentiation (GO:0045582),64,0,1.0,,1.0
GO_Biological_Process_2023,Positive Regulation Of T Cell Differentiation In Thymus (GO:0033089),5,0,1.0,,1.0
GO_Biological_Process_2023,Positive Regulation Of Axonogenesis (GO:0050772),38,0,1.0,,1.0
GO_Biological_Process_2023,Positive Regulation Of Axon Extension (GO:0045773),19,0,1.0,,1.0
GO_Biological_Process_2023,Positive Regulation Of Autophagy Of Mitochondrion In Response To Mitochondrial Depolarization (GO:1904925),5,0,1.0,,1.0
GO_Biological_Process_2023,Positive Regulation Of Autophagy Of Mitochondrion (GO:1903599),10,0,1.0,,1.0
GO_Biological_Process_2023,Positive Regulation Of Autophagy (GO:0010508),103,0,1.0,,1.0
GO_Biological_Process_2023,Positive Regulation Of Autophagosome Maturation (GO:1901098),6,0,1.0,,1.0
GO_Biological_Process_2023,Positive Regulation Of Autophagosome Assembly (GO:2000786),16,0,1.0,,1.0
GO_Biological_Process_2023,Positive Regulation Of Behavior (GO:0048520),11,0,1.0,,1.0
GO_Biological_Process_2023,Positive Regulation Of Attachment Of Spindle Microtubules To Kinetochore (GO:0051987),10,0,1.0,,1.0
GO_Biological_Process_2023,Positive Regulation Of Astrocyte Differentiation (GO:0048711),7,0,1.0,,1.0
GO_Biological_Process_2023,Positive Regulation Of Aspartic-Type Peptidase Activity (GO:1905247),7,0,1.0,,1.0
GO_Biological_Process_2023,Positive Regulation Of Aspartic-Type Endopeptidase Activity Involved In Amyloid Precursor Protein Catabolic Process (GO:1902961),6,0,1.0,,1.0
GO_Biological_Process_2023,Positive Regulation Of Apoptotic Signaling Pathway (GO:2001235),61,0,1.0,,1.0
GO_Biological_Process_2023,acetyl-CoA Biosynthetic Process From Pyruvate (GO:0006086),5,0,1.0,,1.0
GO_Biological_Process_2023,Positive Regulation Of Apoptotic Cell Clearance (GO:2000427),6,0,1.0,,1.0
GO_Biological_Process_2023,Positive Regulation Of Antigen Receptor-Mediated Signaling Pathway (GO:0050857),20,0,1.0,,1.0
GO_Biological_Process_2023,Positive Regulation Of Attachment Of Mitotic Spindle Microtubules To Kinetochore (GO:1902425),7,0,1.0,,1.0
GO_Biological_Process_2023,Positive Regulation Of Binding (GO:0051099),91,0,1.0,,1.0
GO_Biological_Process_2023,Positive Regulation Of Biomineral Tissue Development (GO:0070169),43,0,1.0,,1.0
GO_Biological_Process_2023,Positive Regulation Of Biosynthetic Process (GO:0009891),44,0,1.0,,1.0
GO_Biological_Process_2023,Positive Regulation Of Calcium Ion Transport Into Cytosol (GO:0010524),8,0,1.0,,1.0
GO_Biological_Process_2023,Positive Regulation Of Calcium Ion Transport (GO:0051928),27,0,1.0,,1.0
GO_Biological_Process_2023,Positive Regulation Of Calcium Ion Transmembrane Transporter Activity (GO:1901021),27,0,1.0,,1.0
GO_Biological_Process_2023,Positive Regulation Of Calcium Ion Transmembrane Transport (GO:1904427),42,0,1.0,,1.0
GO_Biological_Process_2023,Positive Regulation Of Calcium Ion Import Across Plasma Membrane (GO:1905665),8,0,1.0,,1.0
GO_Biological_Process_2023,Positive Regulation Of Calcium Ion Import (GO:0090280),7,0,1.0,,1.0
GO_Biological_Process_2023,Positive Regulation Of Calcineurin-Mediated Signaling (GO:0106058),18,0,1.0,,1.0
GO_Biological_Process_2023,Positive Regulation Of calcineurin-NFAT Signaling Cascade (GO:0070886),18,0,1.0,,1.0
GO_Biological_Process_2023,Positive Regulation Of cAMP-mediated Signaling (GO:0043950),6,0,1.0,,1.0
GO_Biological_Process_2023,Positive Regulation Of Brown Fat Cell Differentiation (GO:0090336),13,0,1.0,,1.0
GO_Biological_Process_2023,Positive Regulation Of Bone Resorption (GO:0045780),10,0,1.0,,1.0
GO_Biological_Process_2023,Positive Regulation Of Bone Mineralization (GO:0030501),38,0,1.0,,1.0
GO_Biological_Process_2023,Positive Regulation Of Blood Vessel Endothelial Cell Proliferation Involved In Sprouting Angiogenesis (GO:1903589),8,0,1.0,,1.0
GO_Biological_Process_2023,Positive Regulation Of Blood Vessel Endothelial Cell Migration (GO:0043536),45,0,1.0,,1.0
GO_Biological_Process_2023,Positive Regulation Of Blood Pressure (GO:0045777),8,0,1.0,,1.0
GO_Biological_Process_2023,Positive Regulation Of Blood Coagulation (GO:0030194),21,0,1.0,,1.0
GO_Biological_Process_2023,Positive Regulation Of Blood Circulation (GO:1903524),6,0,1.0,,1.0
GO_Biological_Process_2023,Positive Regulation Of Antigen Processing And Presentation (GO:0002579),5,0,1.0,,1.0
GO_Biological_Process_2023,Positive Regulation Of Calcium-Mediated Signaling (GO:0050850),12,0,1.0,,1.0
GO_Biological_Process_2023,Positive Regulation Of Animal Organ Morphogenesis (GO:0110110),5,0,1.0,,1.0
GO_Biological_Process_2023,Positive Regulation Of Amyloid-Beta Formation (GO:1902004),17,0,1.0,,1.0
GO_Biological_Process_2023,"Positive Regulation Of Wnt Signaling Pathway, Planar Cell Polarity Pathway (GO:2000096)",5,0,1.0,,1.0
GO_Biological_Process_2023,Positive Regulation Of Wnt Signaling Pathway (GO:0030177),107,0,1.0,,1.0
GO_Biological_Process_2023,Positive Regulation Of TORC1 Signaling (GO:1904263),27,0,1.0,,1.0
GO_Biological_Process_2023,Positive Regulation Of TOR Signaling (GO:0032008),46,0,1.0,,1.0
GO_Biological_Process_2023,Positive Regulation Of T-helper Cell Differentiation (GO:0045624),12,0,1.0,,1.0
GO_Biological_Process_2023,Positive Regulation Of T-helper 2 Cell Differentiation (GO:0045630),5,0,1.0,,1.0
GO_Biological_Process_2023,Positive Regulation Of T-helper 2 Cell Cytokine Production (GO:2000553),7,0,1.0,,1.0
GO_Biological_Process_2023,Positive Regulation Of Acrosome Reaction (GO:2000344),8,0,1.0,,1.0
GO_Biological_Process_2023,Positive Regulation Of T-helper 17 Type Immune Response (GO:2000318),13,0,1.0,,1.0
GO_Biological_Process_2023,Positive Regulation Of T-helper 1 Type Immune Response (GO:0002827),12,0,1.0,,1.0
GO_Biological_Process_2023,Positive Regulation Of T-helper 1 Cell Cytokine Production (GO:2000556),5,0,1.0,,1.0
GO_Biological_Process_2023,Positive Regulation Of T Cell Receptor Signaling Pathway (GO:0050862),13,0,1.0,,1.0
GO_Biological_Process_2023,Positive Regulation Of T Cell Proliferation (GO:0042102),64,1,0.18292098441133461,TFRC,1.0
GO_Biological_Process_2023,Positive Regulation Of T Cell Migration (GO:2000406),25,0,1.0,,1.0
GO_Biological_Process_2023,Positive Regulation Of T Cell Mediated Immunity (GO:0002711),42,0,1.0,,1.0
GO_Biological_Process_2023,Positive Regulation Of T Cell Mediated Cytotoxicity (GO:0001916),33,0,1.0,,1.0
GO_Biological_Process_2023,Positive Regulation Of T-helper 17 Cell Differentiation (GO:2000321),6,0,1.0,,1.0
GO_Biological_Process_2023,Positive Regulation Of Actin Cytoskeleton Reorganization (GO:2000251),8,0,1.0,,1.0
GO_Biological_Process_2023,Positive Regulation Of Actin Filament Bundle Assembly (GO:0032233),51,1,0.14864602149802708,FERMT2,1.0
GO_Biological_Process_2023,Positive Regulation Of Actin Filament Depolymerization (GO:0030836),10,0,1.0,,1.0
GO_Biological_Process_2023,Positive Regulation Of Amyloid-Beta Clearance (GO:1900223),6,0,1.0,,1.0
GO_Biological_Process_2023,Positive Regulation Of Amyloid Precursor Protein Catabolic Process (GO:1902993),21,0,1.0,,1.0
GO_Biological_Process_2023,Positive Regulation Of Amide Metabolic Process (GO:0034250),84,0,1.0,,1.0
GO_Biological_Process_2023,acetyl-CoA Metabolic Process (GO:0006084),16,0,1.0,,1.0
GO_Biological_Process_2023,Positive Regulation Of Alpha-Beta T Cell Differentiation (GO:0046638),13,0,1.0,,1.0
GO_Biological_Process_2023,Positive Regulation Of Alpha-Beta T Cell Activation (GO:0046635),18,0,1.0,,1.0
GO_Biological_Process_2023,Positive Regulation Of Alcohol Biosynthetic Process (GO:1902932),12,0,1.0,,1.0
GO_Biological_Process_2023,Positive Regulation Of Adipose Tissue Development (GO:1904179),7,0,1.0,,1.0
GO_Biological_Process_2023,Positive Regulation Of Adenylate Cyclase Activity (GO:0045762),25,0,1.0,,1.0
GO_Biological_Process_2023,Positive Regulation Of Adaptive Immune Response Based On Somatic Recombination Of Immune Receptors Built From Immunoglobulin Superfamily Domains (GO:0002824),14,0,1.0,,1.0
GO_Biological_Process_2023,Positive Regulation Of Adaptive Immune Response (GO:0002821),8,0,1.0,,1.0
GO_Biological_Process_2023,Positive Regulation Of Acute Inflammatory Response (GO:0002675),13,0,1.0,,1.0
GO_Biological_Process_2023,Positive Regulation Of Activin Receptor Signaling Pathway (GO:0032927),5,0,1.0,,1.0
GO_Biological_Process_2023,Positive Regulation Of Activation Of Janus Kinase Activity (GO:0010536),6,0,1.0,,1.0
GO_Biological_Process_2023,Positive Regulation Of Activated T Cell Proliferation (GO:0042104),19,0,1.0,,1.0
GO_Biological_Process_2023,Positive Regulation Of Actin Nucleation (GO:0051127),10,0,1.0,,1.0
GO_Biological_Process_2023,Positive Regulation Of Actin Filament Polymerization (GO:0030838),40,0,1.0,,1.0
GO_Biological_Process_2023,Positive Regulation Of Angiogenesis (GO:0045766),119,0,1.0,,1.0
GO_Biological_Process_2023,Mitochondrial Membrane Organization (GO:0007006),32,1,0.09599625925398965,BCL2L1,1.0
GO_Biological_Process_2023,Negative Regulation Of Transporter Activity (GO:0032410),8,0,1.0,,1.0
GO_Biological_Process_2023,Negative Regulation Of Transmembrane Transport (GO:0034763),10,0,1.0,,1.0
GO_Biological_Process_2023,Negative Regulation Of Autophagy (GO:0010507),59,0,1.0,,1.0
GO_Biological_Process_2023,Negative Regulation Of Autophagosome Assembly (GO:1902902),10,0,1.0,,1.0
GO_Biological_Process_2023,Negative Regulation Of Astrocyte Differentiation (GO:0048712),5,0,1.0,,1.0
GO_Biological_Process_2023,Negative Regulation Of Appetite (GO:0032099),7,0,1.0,,1.0
GO_Biological_Process_2023,Activation Of Cysteine-Type Endopeptidase Activity (GO:0097202),16,0,1.0,,1.0
GO_Biological_Process_2023,Negative Regulation Of Antigen Receptor-Mediated Signaling Pathway (GO:0050858),24,0,1.0,,1.0
GO_Biological_Process_2023,Negative Regulation Of Angiogenesis (GO:0016525),86,1,0.23786113441059195,CTNNB1,1.0
GO_Biological_Process_2023,Negative Regulation Of Axon Extension (GO:0030517),30,0,1.0,,1.0
GO_Biological_Process_2023,Negative Regulation Of Androgen Receptor Signaling Pathway (GO:0060766),14,0,1.0,,1.0
GO_Biological_Process_2023,Negative Regulation Of Amyloid-Beta Clearance (GO:1900222),7,0,1.0,,1.0
GO_Biological_Process_2023,Negative Regulation Of Amyloid Precursor Protein Catabolic Process (GO:1902992),18,0,1.0,,1.0
GO_Biological_Process_2023,Negative Regulation Of Amyloid Precursor Protein Biosynthetic Process (GO:0042985),5,0,1.0,,1.0
GO_Biological_Process_2023,Negative Regulation Of Amyloid Fibril Formation (GO:1905907),11,0,1.0,,1.0
GO_Biological_Process_2023,Negative Regulation Of Amino Acid Transport (GO:0051956),5,0,1.0,,1.0
GO_Biological_Process_2023,Negative Regulation Of Alpha-Beta T Cell Proliferation (GO:0046642),9,0,1.0,,1.0
GO_Biological_Process_2023,Negative Regulation Of Alpha-Beta T Cell Differentiation (GO:0046639),8,0,1.0,,1.0
GO_Biological_Process_2023,Negative Regulation Of Amyloid-Beta Formation (GO:1902430),16,0,1.0,,1.0
GO_Biological_Process_2023,Negative Regulation Of Alpha-Beta T Cell Activation (GO:0046636),10,0,1.0,,1.0
GO_Biological_Process_2023,Negative Regulation Of Axon Extension Involved In Axon Guidance (GO:0048843),19,0,1.0,,1.0
GO_Biological_Process_2023,Negative Regulation Of Axonogenesis (GO:0050771),22,0,1.0,,1.0
GO_Biological_Process_2023,Negative Regulation Of Calcium Ion Import (GO:0090281),5,0,1.0,,1.0
GO_Biological_Process_2023,Negative Regulation Of Calcineurin-Mediated Signaling (GO:0106057),11,0,1.0,,1.0
GO_Biological_Process_2023,Negative Regulation Of calcineurin-NFAT Signaling Cascade (GO:0070885),11,0,1.0,,1.0
GO_Biological_Process_2023,Negative Regulation Of cAMP-mediated Signaling (GO:0043951),8,0,1.0,,1.0
GO_Biological_Process_2023,Negative Regulation Of cAMP-dependent Protein Kinase Activity (GO:2000480),7,0,1.0,,1.0
GO_Biological_Process_2023,Negative Regulation Of Bone Resorption (GO:0045779),9,0,1.0,,1.0
GO_Biological_Process_2023,Negative Regulation Of Bone Remodeling (GO:0046851),11,0,1.0,,1.0
GO_Biological_Process_2023,Negative Regulation Of Axon Regeneration (GO:0048681),5,0,1.0,,1.0
GO_Biological_Process_2023,Negative Regulation Of Bone Mineralization (GO:0030502),12,0,1.0,,1.0
GO_Biological_Process_2023,Negative Regulation Of Blood Vessel Endothelial Cell Proliferation Involved In Sprouting Angiogenesis (GO:1903588),6,0,1.0,,1.0
GO_Biological_Process_2023,Negative Regulation Of Blood Vessel Endothelial Cell Migration (GO:0043537),33,0,1.0,,1.0
GO_Biological_Process_2023,Negative Regulation Of Blood Pressure (GO:0045776),13,0,1.0,,1.0
GO_Biological_Process_2023,Negative Regulation Of Blood Coagulation (GO:0030195),30,0,1.0,,1.0
GO_Biological_Process_2023,Negative Regulation Of Biosynthetic Process (GO:0009890),15,0,1.0,,1.0
GO_Biological_Process_2023,Negative Regulation Of Biomineral Tissue Development (GO:0070168),20,0,1.0,,1.0
GO_Biological_Process_2023,Negative Regulation Of Binding (GO:0051100),84,0,1.0,,1.0
GO_Biological_Process_2023,Negative Regulation Of Blood Vessel Morphogenesis (GO:2000181),77,1,0.2158389054052458,CTNNB1,1.0
GO_Biological_Process_2023,Negative Regulation Of Alcohol Biosynthetic Process (GO:1902931),12,0,1.0,,1.0
GO_Biological_Process_2023,Negative Regulation Of Adenylate Cyclase Activity (GO:0007194),10,0,1.0,,1.0
GO_Biological_Process_2023,Negative Regulation Of Acute Inflammatory Response (GO:0002674),6,0,1.0,,1.0
GO_Biological_Process_2023,Negative Regulation Of SMAD Protein Signal Transduction (GO:0060392),7,0,1.0,,1.0
GO_Biological_Process_2023,Negative Regulation Of Rho Protein Signal Transduction (GO:0035024),17,0,1.0,,1.0
GO_Biological_Process_2023,Negative Regulation Of Ras Protein Signal Transduction (GO:0046580),34,0,1.0,,1.0
GO_Biological_Process_2023,Negative Regulation Of RNA Splicing (GO:0033119),18,0,1.0,,1.0
GO_Biological_Process_2023,Negative Regulation Of RNA Metabolic Process (GO:0051253),10,0,1.0,,1.0
GO_Biological_Process_2023,Negative Regulation Of RNA Catabolic Process (GO:1902369),7,0,1.0,,1.0
GO_Biological_Process_2023,Negative Regulation Of RNA Biosynthetic Process (GO:1902679),16,0,1.0,,1.0
GO_Biological_Process_2023,Negative Regulation Of T Cell Activation (GO:0050868),49,0,1.0,,1.0
GO_Biological_Process_2023,Negative Regulation Of RIG-I Signaling Pathway (GO:0039536),6,0,1.0,,1.0
GO_Biological_Process_2023,Negative Regulation Of Notch Signaling Pathway (GO:0045746),27,0,1.0,,1.0
GO_Biological_Process_2023,Negative Regulation Of NLRP3 Inflammasome Complex Assembly (GO:1900226),12,0,1.0,,1.0
GO_Biological_Process_2023,Negative Regulation Of NIK/NF-kappaB Signaling (GO:1901223),26,0,1.0,,1.0
GO_Biological_Process_2023,Negative Regulation Of NF-kappaB Transcription Factor Activity (GO:0032088),80,0,1.0,,1.0
GO_Biological_Process_2023,Negative Regulation Of MAPK Cascade (GO:0043409),101,1,0.2732216850522336,MYC,1.0
GO_Biological_Process_2023,Negative Regulation Of MAP Kinase Activity (GO:0043407),51,0,1.0,,1.0
GO_Biological_Process_2023,Negative Regulation Of JUN Kinase Activity (GO:0043508),12,0,1.0,,1.0
GO_Biological_Process_2023,Negative Regulation Of PERK-mediated Unfolded Protein Response (GO:1903898),5,0,1.0,,1.0
GO_Biological_Process_2023,Negative Regulation Of T Cell Apoptotic Process (GO:0070233),7,0,1.0,,1.0
GO_Biological_Process_2023,Negative Regulation Of T Cell Cytokine Production (GO:0002725),8,0,1.0,,1.0
GO_Biological_Process_2023,Negative Regulation Of T Cell Differentiation (GO:0045581),13,0,1.0,,1.0
GO_Biological_Process_2023,Negative Regulation Of Activin Receptor Signaling Pathway (GO:0032926),9,0,1.0,,1.0
GO_Biological_Process_2023,Negative Regulation Of Activated T Cell Proliferation (GO:0046007),10,0,1.0,,1.0
GO_Biological_Process_2023,Negative Regulation Of Actin Nucleation (GO:0051126),7,0,1.0,,1.0
GO_Biological_Process_2023,Negative Regulation Of Actin Filament Polymerization (GO:0030837),23,0,1.0,,1.0
GO_Biological_Process_2023,Negative Regulation Of Actin Filament Depolymerization (GO:0030835),5,0,1.0,,1.0
GO_Biological_Process_2023,Negative Regulation Of Actin Filament Bundle Assembly (GO:0032232),26,0,1.0,,1.0
GO_Biological_Process_2023,Negative Regulation Of Wnt Signaling Pathway (GO:0030178),137,0,1.0,,1.0
GO_Biological_Process_2023,Negative Regulation Of TORC1 Signaling (GO:1904262),23,0,1.0,,1.0
GO_Biological_Process_2023,Negative Regulation Of TOR Signaling (GO:0032007),52,0,1.0,,1.0
GO_Biological_Process_2023,Negative Regulation Of T-helper Cell Differentiation (GO:0045623),10,0,1.0,,1.0
GO_Biological_Process_2023,Negative Regulation Of T-helper 17 Type Immune Response (GO:2000317),6,0,1.0,,1.0
GO_Biological_Process_2023,Negative Regulation Of T-helper 17 Cell Differentiation (GO:2000320),7,0,1.0,,1.0
GO_Biological_Process_2023,Negative Regulation Of T Cell Receptor Signaling Pathway (GO:0050860),18,0,1.0,,1.0
GO_Biological_Process_2023,Negative Regulation Of T Cell Proliferation (GO:0042130),36,0,1.0,,1.0
GO_Biological_Process_2023,Negative Regulation Of T Cell Mediated Immunity (GO:0002710),14,0,1.0,,1.0
GO_Biological_Process_2023,Negative Regulation Of T Cell Mediated Cytotoxicity (GO:0001915),7,0,1.0,,1.0
GO_Biological_Process_2023,Negative Regulation Of T Cell Differentiation In Thymus (GO:0033085),5,0,1.0,,1.0
GO_Biological_Process_2023,Negative Regulation Of Calcium Ion Transmembrane Transport (GO:1903170),19,0,1.0,,1.0
GO_Biological_Process_2023,Negative Regulation Of JNK Cascade (GO:0046329),34,0,1.0,,1.0
GO_Biological_Process_2023,Negative Regulation Of Calcium Ion Transmembrane Transporter Activity (GO:1901020),30,0,1.0,,1.0
GO_Biological_Process_2023,Negative Regulation Of Canonical Wnt Signaling Pathway (GO:0090090),111,0,1.0,,1.0
GO_Biological_Process_2023,Negative Regulation Of Cold-Induced Thermogenesis (GO:0120163),45,0,1.0,,1.0
GO_Biological_Process_2023,Negative Regulation Of Coagulation (GO:0050819),12,0,1.0,,1.0
GO_Biological_Process_2023,Negative Regulation Of Circadian Rhythm (GO:0042754),7,0,1.0,,1.0
GO_Biological_Process_2023,Negative Regulation Of Cilium Assembly (GO:1902018),14,0,1.0,,1.0
GO_Biological_Process_2023,Negative Regulation Of Chromosome Organization (GO:2001251),8,0,1.0,,1.0
GO_Biological_Process_2023,Negative Regulation Of Chondrocyte Differentiation (GO:0032331),13,0,1.0,,1.0
GO_Biological_Process_2023,Negative Regulation Of Cholesterol Transport (GO:0032375),9,0,1.0,,1.0
GO_Biological_Process_2023,Negative Regulation Of Complement Activation (GO:0045916),12,0,1.0,,1.0
GO_Biological_Process_2023,Negative Regulation Of Cholesterol Storage (GO:0010887),8,0,1.0,,1.0
GO_Biological_Process_2023,Negative Regulation Of Chemokine-Mediated Signaling Pathway (GO:0070100),5,0,1.0,,1.0
GO_Biological_Process_2023,Negative Regulation Of Chemokine Production (GO:0032682),16,0,1.0,,1.0
GO_Biological_Process_2023,Negative Regulation Of Centrosome Duplication (GO:0010826),10,0,1.0,,1.0
GO_Biological_Process_2023,Negative Regulation Of Centriole Replication (GO:0046600),6,0,1.0,,1.0
GO_Biological_Process_2023,Negative Regulation Of Cellular Response To Vascular Endothelial Growth Factor Stimulus (GO:1902548),11,0,1.0,,1.0
GO_Biological_Process_2023,Negative Regulation Of Cellular Response To Insulin Stimulus (GO:1900077),27,0,1.0,,1.0
GO_Biological_Process_2023,Negative Regulation Of Cellular Response To Hypoxia (GO:1900038),5,0,1.0,,1.0
GO_Biological_Process_2023,Negative Regulation Of Chemotaxis (GO:0050922),31,0,1.0,,1.0
GO_Biological_Process_2023,Negative Regulation Of Cellular Response To Growth Factor Stimulus (GO:0090288),71,0,1.0,,1.0
GO_Biological_Process_2023,"Negative Regulation Of Complement Activation, Classical Pathway (GO:0045959)",7,0,1.0,,1.0
GO_Biological_Process_2023,Negative Regulation Of Cyclin-Dependent Protein Kinase Activity (GO:1904030),20,0,1.0,,1.0
GO_Biological_Process_2023,Negative Regulation Of Dephosphorylation (GO:0035305),10,0,1.0,,1.0
GO_Biological_Process_2023,Negative Regulation Of Dendritic Spine Development (GO:0061000),5,0,1.0,,1.0
GO_Biological_Process_2023,Negative Regulation Of Dendritic Cell Apoptotic Process (GO:2000669),6,0,1.0,,1.0
GO_Biological_Process_2023,Negative Regulation Of Delayed Rectifier Potassium Channel Activity (GO:1902260),8,0,1.0,,1.0
GO_Biological_Process_2023,Negative Regulation Of Defense Response To Virus (GO:0050687),14,0,1.0,,1.0
GO_Biological_Process_2023,Negative Regulation Of Defense Response (GO:0031348),110,0,1.0,,1.0
GO_Biological_Process_2023,Negative Regulation Of Cytoskeleton Organization (GO:0051494),26,0,1.0,,1.0
GO_Biological_Process_2023,Negative Regulation Of Cyclase Activity (GO:0031280),11,0,1.0,,1.0
GO_Biological_Process_2023,Negative Regulation Of Cytoplasmic Translation (GO:2000766),8,0,1.0,,1.0
GO_Biological_Process_2023,Negative Regulation Of Cytokine-Mediated Signaling Pathway (GO:0001960),58,0,1.0,,1.0
GO_Biological_Process_2023,Negative Regulation Of Cytokine Production Involved In Inflammatory Response (GO:1900016),20,0,1.0,,1.0
GO_Biological_Process_2023,Negative Regulation Of Cytokine Production Involved In Immune Response (GO:0002719),16,0,1.0,,1.0
GO_Biological_Process_2023,Negative Regulation Of Cytokine Production (GO:0001818),177,0,1.0,,1.0
GO_Biological_Process_2023,Negative Regulation Of Cysteine-Type Endopeptidase Activity Involved In Apoptotic Process (GO:0043154),48,0,1.0,,1.0
GO_Biological_Process_2023,Negative Regulation Of Cysteine-Type Endopeptidase Activity (GO:2000117),52,0,1.0,,1.0
GO_Biological_Process_2023,Negative Regulation Of Cyclin-Dependent Protein Serine/Threonine Kinase Activity (GO:0045736),19,0,1.0,,1.0
GO_Biological_Process_2023,Negative Regulation Of Cytokinesis (GO:0032466),5,0,1.0,,1.0
GO_Biological_Process_2023,Negative Regulation Of Cellular Metabolic Process (GO:0031324),45,1,0.1323539881781123,CDK6,1.0
GO_Biological_Process_2023,Negative Regulation Of Cellular Extravasation (GO:0002692),5,0,1.0,,1.0
GO_Biological_Process_2023,Negative Regulation Of Cellular Catabolic Process (GO:0031330),65,0,1.0,,1.0
GO_Biological_Process_2023,Negative Regulation Of Cell Cycle (GO:0045786),84,1,0.2330204474516032,CDK6,1.0
GO_Biological_Process_2023,Negative Regulation Of Cell Communication (GO:0010648),22,0,1.0,,1.0
GO_Biological_Process_2023,Negative Regulation Of Cell Adhesion Mediated By Integrin (GO:0033629),9,0,1.0,,1.0
GO_Biological_Process_2023,Negative Regulation Of Cell Adhesion (GO:0007162),72,1,0.203335351773417,PTK2,1.0
GO_Biological_Process_2023,Negative Regulation Of Cell Activation (GO:0050866),13,0,1.0,,1.0
GO_Biological_Process_2023,Negative Regulation Of Cation Transmembrane Transport (GO:1904063),15,0,1.0,,1.0
GO_Biological_Process_2023,Negative Regulation Of Cation Channel Activity (GO:2001258),28,0,1.0,,1.0
GO_Biological_Process_2023,Negative Regulation Of Cell Cycle G1/S Phase Transition (GO:1902807),35,0,1.0,,1.0
GO_Biological_Process_2023,Negative Regulation Of Catecholamine Secretion (GO:0033604),6,0,1.0,,1.0
GO_Biological_Process_2023,Negative Regulation Of Catabolic Process (GO:0009895),72,0,1.0,,1.0
GO_Biological_Process_2023,Negative Regulation Of Cartilage Development (GO:0061037),13,0,1.0,,1.0
GO_Biological_Process_2023,Negative Regulation Of Cardiocyte Differentiation (GO:1905208),6,0,1.0,,1.0
GO_Biological_Process_2023,Negative Regulation Of Cardiac Muscle Tissue Growth (GO:0055022),5,0,1.0,,1.0
GO_Biological_Process_2023,Negative Regulation Of Cardiac Muscle Hypertrophy (GO:0010614),12,0,1.0,,1.0
GO_Biological_Process_2023,Negative Regulation Of Cardiac Muscle Cell Differentiation (GO:2000726),5,0,1.0,,1.0
GO_Biological_Process_2023,Negative Regulation Of Cardiac Muscle Cell Apoptotic Process (GO:0010667),5,0,1.0,,1.0
GO_Biological_Process_2023,Negative Regulation Of Catalytic Activity (GO:0043086),26,0,1.0,,1.0
GO_Biological_Process_2023,Negative Regulation Of Cell Cycle G2/M Phase Transition (GO:1902750),7,0,1.0,,1.0
GO_Biological_Process_2023,Negative Regulation Of Cell Cycle Phase Transition (GO:1901988),12,0,1.0,,1.0
GO_Biological_Process_2023,Negative Regulation Of Cell Cycle Process (GO:0010948),33,0,1.0,,1.0
GO_Biological_Process_2023,Activation Of NF-kappaB-inducing Kinase Activity (GO:0007250),15,0,1.0,,1.0
GO_Biological_Process_2023,Negative Regulation Of Cell-Substrate Junction Organization (GO:0150118),15,0,1.0,,1.0
GO_Biological_Process_2023,Negative Regulation Of Cell-Substrate Adhesion (GO:0010812),39,0,1.0,,1.0
GO_Biological_Process_2023,Negative Regulation Of Cell-Matrix Adhesion (GO:0001953),31,0,1.0,,1.0
GO_Biological_Process_2023,Negative Regulation Of Cell-Cell Adhesion Mediated By Cadherin (GO:2000048),9,0,1.0,,1.0
GO_Biological_Process_2023,Negative Regulation Of Cell-Cell Adhesion (GO:0022408),40,1,0.11854355482635615,PTK2,1.0
GO_Biological_Process_2023,Negative Regulation Of Cell Size (GO:0045792),5,0,1.0,,1.0
GO_Biological_Process_2023,Negative Regulation Of Cell Projection Organization (GO:0031345),50,0,1.0,,1.0
GO_Biological_Process_2023,Negative Regulation Of Cell Population Proliferation (GO:0008285),372,3,0.11205501265410363,CDK6;CTNNB1;MYC,1.0
GO_Biological_Process_2023,Negative Regulation Of Cell Motility (GO:2000146),131,0,1.0,,1.0
GO_Biological_Process_2023,Negative Regulation Of Cell Migration Involved In Sprouting Angiogenesis (GO:0090051),13,0,1.0,,1.0
GO_Biological_Process_2023,Negative Regulation Of Cell Migration (GO:0030336),161,0,1.0,,1.0
GO_Biological_Process_2023,Negative Regulation Of Cell Junction Assembly (GO:1901889),24,0,1.0,,1.0
GO_Biological_Process_2023,Negative Regulation Of Cell Growth (GO:0030308),122,0,1.0,,1.0
GO_Biological_Process_2023,Activation Of Adenylate Cyclase Activity (GO:0007190),20,0,1.0,,1.0
GO_Biological_Process_2023,Negative Regulation Of Cell Development (GO:0010721),21,0,1.0,,1.0
GO_Biological_Process_2023,Negative Regulation Of Cell Death (GO:0060548),63,0,1.0,,1.0
GO_Biological_Process_2023,Negative Regulation Of Calcium Ion Transport (GO:0051926),17,0,1.0,,1.0
GO_Biological_Process_2023,Negative Regulation Of I-kappaB kinase/NF-kappaB Signaling (GO:0043124),42,0,1.0,,1.0
GO_Biological_Process_2023,Negative Regulation Of GTPase Activity (GO:0034260),19,0,1.0,,1.0
GO_Biological_Process_2023,Negative Regulation Of G2/M Transition Of Mitotic Cell Cycle (GO:0010972),28,0,1.0,,1.0
GO_Biological_Process_2023,Modulation Of Chemical Synaptic Transmission (GO:0050804),122,0,1.0,,1.0
GO_Biological_Process_2023,Modulation By Symbiont Of Entry Into Host (GO:0052372),19,0,1.0,,1.0
GO_Biological_Process_2023,Modulation By Host Of Viral Genome Replication (GO:0044827),21,0,1.0,,1.0
GO_Biological_Process_2023,Modulation By Host Of Symbiont Process (GO:0051851),40,1,0.11854355482635615,EP300,1.0
GO_Biological_Process_2023,Modified Amino Acid Transport (GO:0072337),29,0,1.0,,1.0
GO_Biological_Process_2023,Modification-Dependent Protein Catabolic Process (GO:0019941),190,1,0.45218273716292706,MDM2,1.0
GO_Biological_Process_2023,Modification-Dependent Macromolecule Catabolic Process (GO:0043632),7,0,1.0,,1.0
GO_Biological_Process_2023,Modulation Of Excitatory Postsynaptic Potential (GO:0098815),30,0,1.0,,1.0
GO_Biological_Process_2023,Mitral Valve Morphogenesis (GO:0003183),9,0,1.0,,1.0
GO_Biological_Process_2023,Mitotic Spindle Organization (GO:0007052),85,0,1.0,,1.0
GO_Biological_Process_2023,Mitotic Spindle Midzone Assembly (GO:0051256),10,0,1.0,,1.0
GO_Biological_Process_2023,Mitotic Spindle Elongation (GO:0000022),10,0,1.0,,1.0
GO_Biological_Process_2023,Mitotic Spindle Checkpoint Signaling (GO:0071174),26,0,1.0,,1.0
GO_Biological_Process_2023,Mitotic Spindle Assembly Checkpoint Signaling (GO:0007094),26,0,1.0,,1.0
GO_Biological_Process_2023,Mitotic Spindle Assembly (GO:0090307),44,0,1.0,,1.0
GO_Biological_Process_2023,Mitotic Sister Chromatid Segregation (GO:0000070),111,1,0.29589439691654523,NCAPD3,1.0
GO_Biological_Process_2023,Mitral Valve Development (GO:0003174),7,0,1.0,,1.0
GO_Biological_Process_2023,Mitotic Sister Chromatid Cohesion (GO:0007064),19,0,1.0,,1.0
GO_Biological_Process_2023,Monoacylglycerol Biosynthetic Process (GO:0006640),6,0,1.0,,1.0
GO_Biological_Process_2023,Monoacylglycerol Metabolic Process (GO:0046462),13,0,1.0,,1.0
GO_Biological_Process_2023,Mononuclear Cell Differentiation (GO:1903131),24,0,1.0,,1.0
GO_Biological_Process_2023,Monocyte Differentiation (GO:0030224),10,0,1.0,,1.0
GO_Biological_Process_2023,Monocyte Chemotaxis (GO:0002548),39,0,1.0,,1.0
GO_Biological_Process_2023,Monocyte Activation (GO:0042117),8,0,1.0,,1.0
GO_Biological_Process_2023,Monocarboxylic Acid Transport (GO:0015718),69,0,1.0,,1.0
GO_Biological_Process_2023,Monocarboxylic Acid Metabolic Process (GO:0032787),95,0,1.0,,1.0
GO_Biological_Process_2023,Monocarboxylic Acid Catabolic Process (GO:0072329),20,0,1.0,,1.0
GO_Biological_Process_2023,Monoacylglycerol Catabolic Process (GO:0052651),6,0,1.0,,1.0
GO_Biological_Process_2023,Monocarboxylic Acid Biosynthetic Process (GO:0072330),65,0,1.0,,1.0
GO_Biological_Process_2023,Monoatomic Cation Transport (GO:0006812),42,1,0.12409346084705099,TRPM7,1.0
GO_Biological_Process_2023,Monoatomic Cation Transmembrane Transport (GO:0098655),280,2,0.2201285532126303,ATP1B3;TRPM7,1.0
GO_Biological_Process_2023,Monoatomic Cation Homeostasis (GO:0055080),77,0,1.0,,1.0
GO_Biological_Process_2023,Monoatomic Anion Transport (GO:0006820),57,0,1.0,,1.0
GO_Biological_Process_2023,Monoatomic Anion Transmembrane Transport (GO:0098656),54,0,1.0,,1.0
GO_Biological_Process_2023,Monoatomic Anion Homeostasis (GO:0055081),9,0,1.0,,1.0
GO_Biological_Process_2023,Monoamine Transport (GO:0015844),10,0,1.0,,1.0
GO_Biological_Process_2023,Monoatomic Ion Transport (GO:0006811),106,0,1.0,,1.0
GO_Biological_Process_2023,Mitotic Recombination (GO:0006312),14,0,1.0,,1.0
GO_Biological_Process_2023,Mitotic Nuclear Membrane Reassembly (GO:0007084),9,0,1.0,,1.0
GO_Biological_Process_2023,Mitotic Nuclear Membrane Organization (GO:0101024),9,0,1.0,,1.0
GO_Biological_Process_2023,Mitochondrion Distribution (GO:0048311),11,0,1.0,,1.0
GO_Biological_Process_2023,Mitochondrion Disassembly (GO:0061726),36,0,1.0,,1.0
GO_Biological_Process_2023,Mitochondrial Transport (GO:0006839),53,1,0.15400959601649175,BCL2L1,1.0
GO_Biological_Process_2023,Mitochondrial Translational Elongation (GO:0070125),5,0,1.0,,1.0
GO_Biological_Process_2023,Mitochondrial Translation (GO:0032543),98,0,1.0,,1.0
GO_Biological_Process_2023,Mitochondrial Transcription (GO:0006390),12,0,1.0,,1.0
GO_Biological_Process_2023,Mitochondrial tRNA Processing (GO:0090646),6,0,1.0,,1.0
GO_Biological_Process_2023,Mitochondrion Morphogenesis (GO:0070584),8,0,1.0,,1.0
GO_Biological_Process_2023,Mitochondrial tRNA Modification (GO:0070900),7,0,1.0,,1.0
GO_Biological_Process_2023,Mitochondrial Respiratory Chain Complex Assembly (GO:0033108),90,0,1.0,,1.0
GO_Biological_Process_2023,Mitochondrial Respiratory Chain Complex III Assembly (GO:0034551),11,0,1.0,,1.0
GO_Biological_Process_2023,Mitochondrial Respiratory Chain Complex I Assembly (GO:0032981),53,0,1.0,,1.0
GO_Biological_Process_2023,Mitochondrial Respirasome Assembly (GO:0097250),9,0,1.0,,1.0
GO_Biological_Process_2023,Mitochondrial Proton-Transporting ATP Synthase Complex Assembly (GO:0033615),7,0,1.0,,1.0
GO_Biological_Process_2023,Mitochondrial Protein Processing (GO:0034982),10,0,1.0,,1.0
GO_Biological_Process_2023,Mitochondrial Protein Catabolic Process (GO:0035694),5,0,1.0,,1.0
GO_Biological_Process_2023,Mitochondrial Ribosome Assembly (GO:0061668),9,0,1.0,,1.0
GO_Biological_Process_2023,Mitochondrion Organization (GO:0007005),158,1,0.3934797450482188,BCL2L1,1.0
GO_Biological_Process_2023,Mitochondrion Transport Along Microtubule (GO:0047497),14,0,1.0,,1.0
GO_Biological_Process_2023,Mitochondrion-Endoplasmic Reticulum Membrane Tethering (GO:1990456),6,0,1.0,,1.0
GO_Biological_Process_2023,Mitotic Nuclear Membrane Disassembly (GO:0007077),6,0,1.0,,1.0
GO_Biological_Process_2023,Mitotic Nuclear Division (GO:0140014),45,0,1.0,,1.0
GO_Biological_Process_2023,Mitotic Metaphase Plate Congression (GO:0007080),50,0,1.0,,1.0
GO_Biological_Process_2023,Mitotic intra-S DNA Damage Checkpoint Signaling (GO:0031573),14,0,1.0,,1.0
GO_Biological_Process_2023,Mitotic Cytokinetic Process (GO:1902410),18,0,1.0,,1.0
GO_Biological_Process_2023,Mitotic Cytokinesis (GO:0000281),59,1,0.16990185577332714,CFL1,1.0
GO_Biological_Process_2023,Activation Of Protein Kinase B Activity (GO:0032148),25,0,1.0,,1.0
GO_Biological_Process_2023,Mitotic Cell Cycle Checkpoint Signaling (GO:0007093),25,0,1.0,,1.0
GO_Biological_Process_2023,Mitotic G2/M Transition Checkpoint (GO:0044818),46,0,1.0,,1.0
GO_Biological_Process_2023,Mitotic G2 DNA Damage Checkpoint Signaling (GO:0007095),30,0,1.0,,1.0
GO_Biological_Process_2023,Mitotic G1/S Transition Checkpoint Signaling (GO:0044819),10,0,1.0,,1.0
GO_Biological_Process_2023,Activation Of Protein Kinase Activity (GO:0032147),81,0,1.0,,1.0
GO_Biological_Process_2023,Mitotic DNA Replication Checkpoint Signaling (GO:0033314),9,0,1.0,,1.0
GO_Biological_Process_2023,Mitotic DNA Replication (GO:1902969),10,0,1.0,,1.0
GO_Biological_Process_2023,Mitotic DNA Integrity Checkpoint Signaling (GO:0044774),12,0,1.0,,1.0
GO_Biological_Process_2023,Mitotic DNA Damage Checkpoint Signaling (GO:0044773),56,1,0.16199274884581716,CCND1,1.0
GO_Biological_Process_2023,Mitophagy (GO:0000423),16,0,1.0,,1.0
GO_Biological_Process_2023,Monosaccharide Biosynthetic Process (GO:0046364),7,0,1.0,,1.0
GO_Biological_Process_2023,Monosaccharide Transmembrane Transport (GO:0015749),14,0,1.0,,1.0
GO_Biological_Process_2023,Monoubiquitinated Histone H2A Deubiquitination (GO:0035522),27,0,1.0,,1.0
GO_Biological_Process_2023,Monoubiquitinated Histone Deubiquitination (GO:0035521),27,0,1.0,,1.0
GO_Biological_Process_2023,Negative Regulation Of Arp2/3 Complex-Mediated Actin Nucleation (GO:0034316),5,0,1.0,,1.0
GO_Biological_Process_2023,Negative Regulation Of ATP-dependent Activity (GO:0032780),16,0,1.0,,1.0
GO_Biological_Process_2023,Negative Regulation By Host Of Viral Transcription (GO:0043922),12,0,1.0,,1.0
GO_Biological_Process_2023,Negative Regulation By Host Of Viral Process (GO:0044793),12,0,1.0,,1.0
GO_Biological_Process_2023,Negative Regulation By Host Of Viral Genome Replication (GO:0044828),8,0,1.0,,1.0
GO_Biological_Process_2023,Negative Chemotaxis (GO:0050919),31,0,1.0,,1.0
GO_Biological_Process_2023,ncRNA-mediated Post-Transcriptional Gene Silencing (GO:0035194),18,0,1.0,,1.0
GO_Biological_Process_2023,Negative Regulation Of B Cell Activation (GO:0050869),20,0,1.0,,1.0
GO_Biological_Process_2023,ncRNA Transcription (GO:0098781),13,0,1.0,,1.0
GO_Biological_Process_2023,ncRNA Export From Nucleus (GO:0097064),8,0,1.0,,1.0
GO_Biological_Process_2023,ncRNA Catabolic Process (GO:0034661),33,0,1.0,,1.0
GO_Biological_Process_2023,Natural Killer Cell Differentiation (GO:0001779),7,0,1.0,,1.0
GO_Biological_Process_2023,Natural Killer Cell Degranulation (GO:0043320),5,0,1.0,,1.0
GO_Biological_Process_2023,Natural Killer Cell Activation Involved In Immune Response (GO:0002323),22,0,1.0,,1.0
GO_Biological_Process_2023,Natural Killer Cell Activation (GO:0030101),43,0,1.0,,1.0
GO_Biological_Process_2023,Myotube Differentiation (GO:0014902),25,0,1.0,,1.0
GO_Biological_Process_2023,ncRNA Metabolic Process (GO:0034660),17,0,1.0,,1.0
GO_Biological_Process_2023,Negative Regulation Of B Cell Apoptotic Process (GO:0002903),7,0,1.0,,1.0
GO_Biological_Process_2023,Negative Regulation Of B Cell Proliferation (GO:0030889),10,0,1.0,,1.0
GO_Biological_Process_2023,Negative Regulation Of B Cell Receptor Signaling Pathway (GO:0050859),5,0,1.0,,1.0
GO_Biological_Process_2023,Negative Regulation Of G1/S Transition Of Mitotic Cell Cycle (GO:2000134),32,0,1.0,,1.0
GO_Biological_Process_2023,Negative Regulation Of G Protein-Coupled Receptor Signaling Pathway (GO:0045744),21,0,1.0,,1.0
GO_Biological_Process_2023,Negative Regulation Of ERK1 And ERK2 Cascade (GO:0070373),46,0,1.0,,1.0
GO_Biological_Process_2023,Negative Regulation Of ERBB Signaling Pathway (GO:1901185),18,0,1.0,,1.0
GO_Biological_Process_2023,Negative Regulation Of ERAD Pathway (GO:1904293),5,0,1.0,,1.0
GO_Biological_Process_2023,"Negative Regulation Of DNA-templated Transcription, Elongation (GO:0032785)",18,0,1.0,,1.0
GO_Biological_Process_2023,Negative Regulation Of DNA-templated DNA Replication (GO:2000104),7,0,1.0,,1.0
GO_Biological_Process_2023,Negative Regulation Of DNA-binding Transcription Factor Activity (GO:0043433),147,0,1.0,,1.0
GO_Biological_Process_2023,Negative Regulation Of DNA Replication (GO:0008156),15,0,1.0,,1.0
GO_Biological_Process_2023,Negative Regulation Of DNA Recombination (GO:0045910),40,0,1.0,,1.0
GO_Biological_Process_2023,Negative Regulation Of DNA Metabolic Process (GO:0051053),48,0,1.0,,1.0
GO_Biological_Process_2023,Negative Regulation Of DNA Biosynthetic Process (GO:2000279),31,0,1.0,,1.0
GO_Biological_Process_2023,Negative Regulation Of DNA Binding (GO:0043392),29,0,1.0,,1.0
GO_Biological_Process_2023,"Negative Regulation Of CD8-positive, Alpha-Beta T Cell Activation (GO:2001186)",7,0,1.0,,1.0
GO_Biological_Process_2023,"Negative Regulation Of CD4-positive, Alpha-Beta T Cell Proliferation (GO:2000562)",6,0,1.0,,1.0
GO_Biological_Process_2023,"Negative Regulation Of CD4-positive, Alpha-Beta T Cell Activation (GO:2000515)",11,0,1.0,,1.0
GO_Biological_Process_2023,Negative Regulation Of BMP Signaling Pathway (GO:0030514),43,0,1.0,,1.0
GO_Biological_Process_2023,Myotube Cell Development (GO:0014904),14,0,1.0,,1.0
GO_Biological_Process_2023,Negative Regulation Of Developmental Growth (GO:0048640),30,0,1.0,,1.0
GO_Biological_Process_2023,Myofibril Assembly (GO:0030239),46,1,0.13509044650794752,CFLAR,1.0
GO_Biological_Process_2023,Myoblast Fusion (GO:0007520),18,0,1.0,,1.0
GO_Biological_Process_2023,Multivesicular Body-Lysosome Fusion (GO:0061763),9,0,1.0,,1.0
GO_Biological_Process_2023,Multivesicular Body Sorting Pathway (GO:0071985),24,0,1.0,,1.0
GO_Biological_Process_2023,Multivesicular Body Organization (GO:0036257),30,0,1.0,,1.0
GO_Biological_Process_2023,Multivesicular Body Assembly (GO:0036258),29,0,1.0,,1.0
GO_Biological_Process_2023,Multinuclear Osteoclast Differentiation (GO:0072674),5,0,1.0,,1.0
GO_Biological_Process_2023,Multicellular Organismal-Level Water Homeostasis (GO:0050891),19,0,1.0,,1.0
GO_Biological_Process_2023,Multicellular Organismal-Level Iron Ion Homeostasis (GO:0060586),12,0,1.0,,1.0
GO_Biological_Process_2023,Muscle Cell Development (GO:0055001),32,0,1.0,,1.0
GO_Biological_Process_2023,Multi-Pass Transmembrane Protein Insertion Into ER Membrane (GO:0160063),7,0,1.0,,1.0
GO_Biological_Process_2023,Mucosal Immune Response (GO:0002385),24,0,1.0,,1.0
GO_Biological_Process_2023,Motor Neuron Axon Guidance (GO:0008045),8,0,1.0,,1.0
GO_Biological_Process_2023,Motile Cilium Assembly (GO:0044458),17,0,1.0,,1.0
GO_Biological_Process_2023,Morphogenesis Of An Epithelial Sheet (GO:0002011),9,0,1.0,,1.0
GO_Biological_Process_2023,Activation Of Phospholipase C Activity (GO:0007202),26,0,1.0,,1.0
GO_Biological_Process_2023,Morphogenesis Of A Polarized Epithelium (GO:0001738),12,0,1.0,,1.0
GO_Biological_Process_2023,Monoubiquitinated Protein Deubiquitination (GO:0035520),33,0,1.0,,1.0
GO_Biological_Process_2023,Multi-Ciliated Epithelial Cell Differentiation (GO:1903251),7,0,1.0,,1.0
GO_Biological_Process_2023,Muscle Cell Differentiation (GO:0042692),35,0,1.0,,1.0
GO_Biological_Process_2023,Muscle Cell Fate Commitment (GO:0042693),9,0,1.0,,1.0
GO_Biological_Process_2023,Muscle Cell Migration (GO:0014812),9,0,1.0,,1.0
GO_Biological_Process_2023,Myoblast Differentiation (GO:0045445),20,0,1.0,,1.0
GO_Biological_Process_2023,Myeloid Leukocyte Mediated Immunity (GO:0002444),7,0,1.0,,1.0
GO_Biological_Process_2023,Myeloid Leukocyte Differentiation (GO:0002573),71,0,1.0,,1.0
GO_Biological_Process_2023,Myeloid Dendritic Cell Differentiation (GO:0043011),9,0,1.0,,1.0
GO_Biological_Process_2023,Myeloid Dendritic Cell Activation (GO:0001773),13,0,1.0,,1.0
GO_Biological_Process_2023,Activation Of Cysteine-Type Endopeptidase Activity Involved In Apoptotic Process (GO:0006919),65,0,1.0,,1.0
GO_Biological_Process_2023,Activation Of Cysteine-Type Endopeptidase Activity Involved In Apoptotic Process By Cytochrome C (GO:0008635),5,0,1.0,,1.0
GO_Biological_Process_2023,Myeloid Cell Activation Involved In Immune Response (GO:0002275),17,0,1.0,,1.0
GO_Biological_Process_2023,Myelination In Peripheral Nervous System (GO:0022011),12,0,1.0,,1.0
GO_Biological_Process_2023,Myelination (GO:0042552),47,1,0.13781842269493644,SOX10,1.0
GO_Biological_Process_2023,Myelin Maintenance (GO:0043217),9,0,1.0,,1.0
GO_Biological_Process_2023,Myelin Assembly (GO:0032288),9,0,1.0,,1.0
GO_Biological_Process_2023,Muscle Tissue Morphogenesis (GO:0060415),17,0,1.0,,1.0
GO_Biological_Process_2023,Muscle Tissue Development (GO:0060537),35,1,0.10451714826336693,CFLAR,1.0
GO_Biological_Process_2023,Muscle Organ Development (GO:0007517),56,0,1.0,,1.0
GO_Biological_Process_2023,Muscle Filament Sliding (GO:0030049),10,0,1.0,,1.0
GO_Biological_Process_2023,Muscle Contraction (GO:0006936),94,0,1.0,,1.0
GO_Biological_Process_2023,Myoblast Migration (GO:0051451),7,0,1.0,,1.0
GO_Biological_Process_2023,Negative Regulation Of Digestive System Process (GO:0060457),6,0,1.0,,1.0
GO_Biological_Process_2023,Negative Regulation Of Double-Strand Break Repair (GO:2000780),33,0,1.0,,1.0
GO_Biological_Process_2023,Negative Regulation Of Double-Strand Break Repair Via Homologous Recombination (GO:2000042),21,0,1.0,,1.0
GO_Biological_Process_2023,Negative Regulation Of Protein K63-linked Ubiquitination (GO:1900045),7,0,1.0,,1.0
GO_Biological_Process_2023,Negative Regulation Of Proteasomal Ubiquitin-Dependent Protein Catabolic Process (GO:0032435),30,0,1.0,,1.0
GO_Biological_Process_2023,Negative Regulation Of Proteasomal Protein Catabolic Process (GO:1901799),36,0,1.0,,1.0
GO_Biological_Process_2023,Negative Regulation Of Programmed Necrotic Cell Death (GO:0062099),10,0,1.0,,1.0
GO_Biological_Process_2023,Actin Filament Reorganization (GO:0090527),6,0,1.0,,1.0
GO_Biological_Process_2023,Negative Regulation Of Production Of Molecular Mediator Of Immune Response (GO:0002701),8,0,1.0,,1.0
GO_Biological_Process_2023,Negative Regulation Of Potassium Ion Transport (GO:0043267),12,0,1.0,,1.0
GO_Biological_Process_2023,Negative Regulation Of Protein Autophosphorylation (GO:0031953),9,0,1.0,,1.0
GO_Biological_Process_2023,Negative Regulation Of Potassium Ion Transmembrane Transporter Activity (GO:1901017),9,0,1.0,,1.0
GO_Biological_Process_2023,Negative Regulation Of Platelet-Derived Growth Factor Receptor Signaling Pathway (GO:0010642),10,0,1.0,,1.0
GO_Biological_Process_2023,Negative Regulation Of Platelet Aggregation (GO:0090331),8,0,1.0,,1.0
GO_Biological_Process_2023,Negative Regulation Of Platelet Activation (GO:0010544),15,0,1.0,,1.0
GO_Biological_Process_2023,Negative Regulation Of Plasminogen Activation (GO:0010757),6,0,1.0,,1.0
GO_Biological_Process_2023,Negative Regulation Of Plasma Membrane Bounded Cell Projection Assembly (GO:0120033),28,0,1.0,,1.0
GO_Biological_Process_2023,Negative Regulation Of Phosphorylation (GO:0042326),73,0,1.0,,1.0
GO_Biological_Process_2023,Negative Regulation Of Phosphoprotein Phosphatase Activity (GO:0032515),20,0,1.0,,1.0
GO_Biological_Process_2023,Negative Regulation Of Potassium Ion Transmembrane Transport (GO:1901380),11,0,1.0,,1.0
GO_Biological_Process_2023,Negative Regulation Of Phospholipase Activity (GO:0010519),7,0,1.0,,1.0
GO_Biological_Process_2023,Negative Regulation Of Protein Binding (GO:0032091),70,0,1.0,,1.0
GO_Biological_Process_2023,Negative Regulation Of Protein Dephosphorylation (GO:0035308),19,0,1.0,,1.0
GO_Biological_Process_2023,Negative Regulation Of Protein Polyubiquitination (GO:1902915),5,0,1.0,,1.0
GO_Biological_Process_2023,Negative Regulation Of Protein Polymerization (GO:0032272),26,0,1.0,,1.0
GO_Biological_Process_2023,Negative Regulation Of Protein Phosphorylation (GO:0001933),148,0,1.0,,1.0
GO_Biological_Process_2023,Negative Regulation Of Protein Modification Process (GO:0031400),76,0,1.0,,1.0
GO_Biological_Process_2023,Negative Regulation Of Protein Modification By Small Protein Conjugation Or Removal (GO:1903321),50,1,0.1459517163333458,CTNNB1,1.0
GO_Biological_Process_2023,Negative Regulation Of Protein Maturation (GO:1903318),7,0,1.0,,1.0
GO_Biological_Process_2023,Negative Regulation Of Protein Localization To Nucleus (GO:1900181),22,0,1.0,,1.0
GO_Biological_Process_2023,Negative Regulation Of Protein Catabolic Process (GO:0042177),53,0,1.0,,1.0
GO_Biological_Process_2023,Negative Regulation Of Protein Localization To Chromatin (GO:0120186),5,0,1.0,,1.0
GO_Biological_Process_2023,Negative Regulation Of Protein Localization (GO:1903828),40,0,1.0,,1.0
GO_Biological_Process_2023,Negative Regulation Of Protein Kinase Activity By Regulation Of Protein Phosphorylation (GO:0044387),5,0,1.0,,1.0
GO_Biological_Process_2023,Negative Regulation Of Protein Kinase Activity (GO:0006469),88,0,1.0,,1.0
GO_Biological_Process_2023,Negative Regulation Of Protein Kinase B Signaling (GO:0051898),35,0,1.0,,1.0
GO_Biological_Process_2023,Negative Regulation Of Protein Import Into Nucleus (GO:0042308),8,0,1.0,,1.0
GO_Biological_Process_2023,Negative Regulation Of Protein Exit From Endoplasmic Reticulum (GO:0070862),9,0,1.0,,1.0
GO_Biological_Process_2023,Negative Regulation Of Protein Depolymerization (GO:1901880),23,0,1.0,,1.0
GO_Biological_Process_2023,Negative Regulation Of Protein Localization To Cell Surface (GO:2000009),9,0,1.0,,1.0
GO_Biological_Process_2023,Negative Regulation Of Phosphatidylinositol 3-Kinase Signaling (GO:0014067),8,0,1.0,,1.0
GO_Biological_Process_2023,Negative Regulation Of Phosphate Metabolic Process (GO:0045936),20,0,1.0,,1.0
GO_Biological_Process_2023,Negative Regulation Of Phosphatase Activity (GO:0010923),16,0,1.0,,1.0
GO_Biological_Process_2023,"Negative Regulation Of Nuclear-Transcribed mRNA Catabolic Process, Deadenylation-Dependent Decay (GO:1900152)",11,0,1.0,,1.0
GO_Biological_Process_2023,Negative Regulation Of Nuclear Division (GO:0051784),10,0,1.0,,1.0
GO_Biological_Process_2023,Negative Regulation Of Nitrogen Compound Metabolic Process (GO:0051172),11,0,1.0,,1.0
GO_Biological_Process_2023,Negative Regulation Of Nitric Oxide Metabolic Process (GO:1904406),7,0,1.0,,1.0
GO_Biological_Process_2023,Negative Regulation Of Nitric Oxide Biosynthetic Process (GO:0045019),7,0,1.0,,1.0
GO_Biological_Process_2023,Negative Regulation Of Neuron Projection Regeneration (GO:0070571),6,0,1.0,,1.0
GO_Biological_Process_2023,Negative Regulation Of Neuron Projection Development (GO:0010977),54,0,1.0,,1.0
GO_Biological_Process_2023,"Negative Regulation Of Nuclear-Transcribed mRNA Catabolic Process, Nonsense-Mediated Decay (GO:2000623)",5,0,1.0,,1.0
GO_Biological_Process_2023,Negative Regulation Of Neuron Migration (GO:2001223),5,0,1.0,,1.0
GO_Biological_Process_2023,Negative Regulation Of Neuron Apoptotic Process (GO:0043524),73,0,1.0,,1.0
GO_Biological_Process_2023,Negative Regulation Of Neuroinflammatory Response (GO:0150079),13,0,1.0,,1.0
GO_Biological_Process_2023,Negative Regulation Of Neurogenesis (GO:0050768),27,0,1.0,,1.0
GO_Biological_Process_2023,Negative Regulation Of Neural Precursor Cell Proliferation (GO:2000178),7,0,1.0,,1.0
GO_Biological_Process_2023,Negative Regulation Of Nervous System Process (GO:0031645),5,0,1.0,,1.0
GO_Biological_Process_2023,Negative Regulation Of Nervous System Development (GO:0051961),18,0,1.0,,1.0
GO_Biological_Process_2023,Negative Regulation Of Necroptotic Process (GO:0060546),9,0,1.0,,1.0
GO_Biological_Process_2023,Negative Regulation Of Neuron Death (GO:1901215),87,0,1.0,,1.0
GO_Biological_Process_2023,Negative Regulation Of Nucleocytoplasmic Transport (GO:0046823),14,0,1.0,,1.0
GO_Biological_Process_2023,Negative Regulation Of Oligodendrocyte Differentiation (GO:0048715),6,0,1.0,,1.0
GO_Biological_Process_2023,Negative Regulation Of Organelle Assembly (GO:1902116),36,0,1.0,,1.0
GO_Biological_Process_2023,Negative Regulation Of Phagocytosis (GO:0050765),15,0,1.0,,1.0
GO_Biological_Process_2023,Negative Regulation Of Peptidyl-Tyrosine Phosphorylation (GO:0050732),30,0,1.0,,1.0
GO_Biological_Process_2023,Negative Regulation Of Peptidyl-Threonine Phosphorylation (GO:0010801),14,0,1.0,,1.0
GO_Biological_Process_2023,Negative Regulation Of Peptidyl-Serine Phosphorylation (GO:0033137),19,0,1.0,,1.0
GO_Biological_Process_2023,Negative Regulation Of Peptidyl-Lysine Acetylation (GO:2000757),7,0,1.0,,1.0
GO_Biological_Process_2023,Negative Regulation Of Peptide Hormone Secretion (GO:0090278),18,0,1.0,,1.0
GO_Biological_Process_2023,Negative Regulation Of Peptidase Activity (GO:0010466),57,0,1.0,,1.0
GO_Biological_Process_2023,Negative Regulation Of Pathway-Restricted SMAD Protein Phosphorylation (GO:0060394),10,0,1.0,,1.0
GO_Biological_Process_2023,Negative Regulation Of p38MAPK Cascade (GO:1903753),6,0,1.0,,1.0
GO_Biological_Process_2023,Negative Regulation Of Oxidoreductase Activity (GO:0051354),10,0,1.0,,1.0
GO_Biological_Process_2023,Negative Regulation Of Oxidative Stress-Induced Neuron Death (GO:1903204),8,0,1.0,,1.0
GO_Biological_Process_2023,Negative Regulation Of Oxidative Stress-Induced Intrinsic Apoptotic Signaling Pathway (GO:1902176),16,0,1.0,,1.0
GO_Biological_Process_2023,Negative Regulation Of Oxidative Stress-Induced Cell Death (GO:1903202),23,0,1.0,,1.0
GO_Biological_Process_2023,Negative Regulation Of Osteoclast Differentiation (GO:0045671),21,0,1.0,,1.0
GO_Biological_Process_2023,Negative Regulation Of Osteoblast Proliferation (GO:0033689),7,0,1.0,,1.0
GO_Biological_Process_2023,Negative Regulation Of Osteoblast Differentiation (GO:0045668),32,1,0.09599625925398965,CDK6,1.0
GO_Biological_Process_2023,Negative Regulation Of Ossification (GO:0030279),24,0,1.0,,1.0
GO_Biological_Process_2023,Negative Regulation Of Protein Processing (GO:0010955),13,0,1.0,,1.0
GO_Biological_Process_2023,Negative Regulation Of Protein Secretion (GO:0050709),39,0,1.0,,1.0
GO_Biological_Process_2023,Negative Regulation Of Protein Serine/Threonine Kinase Activity (GO:0071901),80,0,1.0,,1.0
GO_Biological_Process_2023,Actin Filament Polymerization (GO:0030041),31,0,1.0,,1.0
GO_Biological_Process_2023,Negative Regulation Of Substrate Adhesion-Dependent Cell Spreading (GO:1900025),12,0,1.0,,1.0
GO_Biological_Process_2023,Negative Regulation Of Striated Muscle Cell Differentiation (GO:0051154),17,0,1.0,,1.0
GO_Biological_Process_2023,Negative Regulation Of Striated Muscle Cell Apoptotic Process (GO:0010664),7,0,1.0,,1.0
GO_Biological_Process_2023,Actin Filament Organization (GO:0007015),143,0,1.0,,1.0
GO_Biological_Process_2023,Negative Regulation Of Stress-Activated MAPK Cascade (GO:0032873),37,1,0.11015383886927196,MYC,1.0
GO_Biological_Process_2023,Negative Regulation Of Stress Fiber Assembly (GO:0051497),24,0,1.0,,1.0
GO_Biological_Process_2023,Negative Regulation Of Steroid Metabolic Process (GO:0045939),6,0,1.0,,1.0
GO_Biological_Process_2023,Negative Regulation Of Supramolecular Fiber Organization (GO:1902904),70,0,1.0,,1.0
GO_Biological_Process_2023,Negative Regulation Of Steroid Biosynthetic Process (GO:0010894),10,0,1.0,,1.0
GO_Biological_Process_2023,Negative Regulation Of Stem Cell Differentiation (GO:2000737),12,0,1.0,,1.0
GO_Biological_Process_2023,Negative Regulation Of Sprouting Angiogenesis (GO:1903671),10,0,1.0,,1.0
GO_Biological_Process_2023,Negative Regulation Of Sodium Ion Transmembrane Transporter Activity (GO:2000650),10,0,1.0,,1.0
GO_Biological_Process_2023,Negative Regulation Of Sodium Ion Transmembrane Transport (GO:1902306),9,0,1.0,,1.0
GO_Biological_Process_2023,Negative Regulation Of Smoothened Signaling Pathway (GO:0045879),25,0,1.0,,1.0
GO_Biological_Process_2023,Negative Regulation Of Smooth Muscle Cell Proliferation (GO:0048662),37,0,1.0,,1.0
GO_Biological_Process_2023,Negative Regulation Of Smooth Muscle Cell Migration (GO:0014912),14,0,1.0,,1.0
GO_Biological_Process_2023,Negative Regulation Of Stem Cell Population Maintenance (GO:1902455),20,0,1.0,,1.0
GO_Biological_Process_2023,Negative Regulation Of Synaptic Transmission (GO:0050805),15,0,1.0,,1.0
GO_Biological_Process_2023,Negative Regulation Of Systemic Arterial Blood Pressure (GO:0003085),8,0,1.0,,1.0
GO_Biological_Process_2023,Negative Regulation Of Telomerase Activity (GO:0051974),9,0,1.0,,1.0
GO_Biological_Process_2023,Negative Regulation Of Transmembrane Receptor Protein Serine/Threonine Kinase Signaling Pathway (GO:0090101),109,0,1.0,,1.0
GO_Biological_Process_2023,Negative Regulation Of Translational Initiation (GO:0045947),12,0,1.0,,1.0
GO_Biological_Process_2023,Negative Regulation Of Transforming Growth Factor Beta Receptor Signaling Pathway (GO:0030512),75,0,1.0,,1.0
GO_Biological_Process_2023,Negative Regulation Of Transforming Growth Factor Beta Production (GO:0071635),9,0,1.0,,1.0
GO_Biological_Process_2023,Negative Regulation Of Transferase Activity (GO:0051348),36,0,1.0,,1.0
GO_Biological_Process_2023,Negative Regulation Of Transcription Regulatory Region DNA Binding (GO:2000678),14,0,1.0,,1.0
GO_Biological_Process_2023,Negative Regulation Of Transcription From RNA Polymerase II Promoter In Response To Stress (GO:0097201),5,0,1.0,,1.0
GO_Biological_Process_2023,Negative Regulation Of Transcription Elongation By RNA Polymerase II (GO:0034244),14,0,1.0,,1.0
GO_Biological_Process_2023,Negative Regulation Of Transcription By Competitive Promoter Binding (GO:0010944),9,0,1.0,,1.0
GO_Biological_Process_2023,Negative Regulation Of Transcription By RNA Polymerase I (GO:0016479),9,0,1.0,,1.0
GO_Biological_Process_2023,Negative Regulation Of Toll-Like Receptor Signaling Pathway (GO:0034122),13,0,1.0,,1.0
GO_Biological_Process_2023,Negative Regulation Of Toll-Like Receptor 4 Signaling Pathway (GO:0034144),9,0,1.0,,1.0
GO_Biological_Process_2023,Negative Regulation Of Toll-Like Receptor 2 Signaling Pathway (GO:0034136),5,0,1.0,,1.0
GO_Biological_Process_2023,Negative Regulation Of Telomere Maintenance Via Telomere Lengthening (GO:1904357),24,0,1.0,,1.0
GO_Biological_Process_2023,Negative Regulation Of Telomere Maintenance Via Telomerase (GO:0032211),19,0,1.0,,1.0
GO_Biological_Process_2023,Negative Regulation Of Telomere Maintenance (GO:0032205),14,0,1.0,,1.0
GO_Biological_Process_2023,Negative Regulation Of Telomere Capping (GO:1904354),6,0,1.0,,1.0
GO_Biological_Process_2023,Negative Regulation Of Smooth Muscle Cell Differentiation (GO:0051151),8,0,1.0,,1.0
GO_Biological_Process_2023,Negative Regulation Of Natural Killer Cell Mediated Immunity (GO:0002716),10,0,1.0,,1.0
GO_Biological_Process_2023,Negative Regulation Of Smooth Muscle Cell Apoptotic Process (GO:0034392),6,0,1.0,,1.0
GO_Biological_Process_2023,Negative Regulation Of Small GTPase Mediated Signal Transduction (GO:0051058),20,0,1.0,,1.0
GO_Biological_Process_2023,Negative Regulation Of Relaxation Of Muscle (GO:1901078),5,0,1.0,,1.0
GO_Biological_Process_2023,Negative Regulation Of Regulated Secretory Pathway (GO:1903306),7,0,1.0,,1.0
GO_Biological_Process_2023,Negative Regulation Of Receptor-Mediated Endocytosis (GO:0048261),26,0,1.0,,1.0
GO_Biological_Process_2023,Negative Regulation Of Receptor Signaling Pathway Via STAT (GO:1904893),14,0,1.0,,1.0
GO_Biological_Process_2023,Negative Regulation Of Receptor Signaling Pathway Via JAK-STAT (GO:0046426),16,0,1.0,,1.0
GO_Biological_Process_2023,Negative Regulation Of Receptor Internalization (GO:0002091),13,0,1.0,,1.0
GO_Biological_Process_2023,Negative Regulation Of Receptor Binding (GO:1900121),9,0,1.0,,1.0
GO_Biological_Process_2023,Negative Regulation Of Release Of Sequestered Calcium Ion Into Cytosol (GO:0051280),11,0,1.0,,1.0
GO_Biological_Process_2023,Negative Regulation Of Reactive Oxygen Species Metabolic Process (GO:2000378),20,0,1.0,,1.0
GO_Biological_Process_2023,Negative Regulation Of Proteolysis Involved In Protein Catabolic Process (GO:1903051),24,0,1.0,,1.0
GO_Biological_Process_2023,Negative Regulation Of Proteolysis (GO:0045861),39,0,1.0,,1.0
GO_Biological_Process_2023,Negative Regulation Of Protein-Containing Complex Disassembly (GO:0043242),8,0,1.0,,1.0
GO_Biological_Process_2023,Negative Regulation Of Protein-Containing Complex Assembly (GO:0031333),58,1,0.16727367233726925,EP300,1.0
GO_Biological_Process_2023,Negative Regulation Of Protein Ubiquitination (GO:0031397),51,0,1.0,,1.0
GO_Biological_Process_2023,Negative Regulation Of Protein Tyrosine Kinase Activity (GO:0061099),23,0,1.0,,1.0
GO_Biological_Process_2023,Negative Regulation Of Protein Transport (GO:0051224),25,0,1.0,,1.0
GO_Biological_Process_2023,Negative Regulation Of Reactive Oxygen Species Biosynthetic Process (GO:1903427),10,0,1.0,,1.0
GO_Biological_Process_2023,Negative Regulation Of Reproductive Process (GO:2000242),20,0,1.0,,1.0
GO_Biological_Process_2023,Negative Regulation Of Response To Biotic Stimulus (GO:0002832),45,0,1.0,,1.0
GO_Biological_Process_2023,Negative Regulation Of Response To Cytokine Stimulus (GO:0060761),10,0,1.0,,1.0
GO_Biological_Process_2023,Negative Regulation Of Single Stranded Viral RNA Replication Via Double Stranded DNA Intermediate (GO:0045869),14,0,1.0,,1.0
GO_Biological_Process_2023,Negative Regulation Of Signaling Receptor Activity (GO:2000272),25,0,1.0,,1.0
GO_Biological_Process_2023,Negative Regulation Of Signaling (GO:0023057),28,0,1.0,,1.0
GO_Biological_Process_2023,Negative Regulation Of Signal Transduction (GO:0009968),266,0,1.0,,1.0
GO_Biological_Process_2023,Negative Regulation Of Sequestering Of Triglyceride (GO:0010891),5,0,1.0,,1.0
GO_Biological_Process_2023,Negative Regulation Of Sequestering Of Calcium Ion (GO:0051283),36,0,1.0,,1.0
GO_Biological_Process_2023,Negative Regulation Of Secretion By Cell (GO:1903531),40,0,1.0,,1.0
GO_Biological_Process_2023,Negative Regulation Of Secretion (GO:0051048),13,0,1.0,,1.0
GO_Biological_Process_2023,Negative Regulation Of Ryanodine-Sensitive Calcium-Release Channel Activity (GO:0060315),11,0,1.0,,1.0
GO_Biological_Process_2023,Negative Regulation Of Ruffle Assembly (GO:1900028),6,0,1.0,,1.0
GO_Biological_Process_2023,"Negative Regulation Of Retrograde Protein Transport, ER To Cytosol (GO:1904153)",8,0,1.0,,1.0
GO_Biological_Process_2023,Negative Regulation Of Retinoic Acid Receptor Signaling Pathway (GO:0048387),6,0,1.0,,1.0
GO_Biological_Process_2023,Negative Regulation Of Response To Wounding (GO:1903035),24,0,1.0,,1.0
GO_Biological_Process_2023,Negative Regulation Of Response To Type II Interferon (GO:0060331),6,0,1.0,,1.0
GO_Biological_Process_2023,Negative Regulation Of Response To Stimulus (GO:0048585),52,0,1.0,,1.0
GO_Biological_Process_2023,Negative Regulation Of Response To Reactive Oxygen Species (GO:1901032),6,0,1.0,,1.0
GO_Biological_Process_2023,Negative Regulation Of Response To External Stimulus (GO:0032102),143,0,1.0,,1.0
GO_Biological_Process_2023,Negative Regulation Of Small Molecule Metabolic Process (GO:0062014),32,1,0.09599625925398965,EP300,1.0
GO_Biological_Process_2023,Negative Regulation Of Transport (GO:0051051),39,0,1.0,,1.0
GO_Biological_Process_2023,Negative Regulation Of Natural Killer Cell Mediated Cytotoxicity (GO:0045953),16,0,1.0,,1.0
GO_Biological_Process_2023,Negative Regulation Of Myoblast Differentiation (GO:0045662),13,0,1.0,,1.0
GO_Biological_Process_2023,Negative Regulation Of Hydrogen Peroxide-Induced Cell Death (GO:1903206),10,0,1.0,,1.0
GO_Biological_Process_2023,Negative Regulation Of Humoral Immune Response Mediated By Circulating Immunoglobulin (GO:0002924),9,0,1.0,,1.0
GO_Biological_Process_2023,Negative Regulation Of Hormone Secretion (GO:0046888),9,0,1.0,,1.0
GO_Biological_Process_2023,Negative Regulation Of Homotypic Cell-Cell Adhesion (GO:0034111),10,0,1.0,,1.0
GO_Biological_Process_2023,Negative Regulation Of Histone Acetylation (GO:0035067),5,0,1.0,,1.0
GO_Biological_Process_2023,Negative Regulation Of Hippo Signaling (GO:0035331),11,0,1.0,,1.0
GO_Biological_Process_2023,Negative Regulation Of Heterotypic Cell-Cell Adhesion (GO:0034115),9,0,1.0,,1.0
GO_Biological_Process_2023,Negative Regulation Of Hydrolase Activity (GO:0051346),45,0,1.0,,1.0
GO_Biological_Process_2023,Negative Regulation Of Heterochromatin Formation (GO:0031452),5,0,1.0,,1.0
GO_Biological_Process_2023,Action Potential (GO:0001508),33,0,1.0,,1.0
GO_Biological_Process_2023,Negative Regulation Of Heart Rate (GO:0010459),6,0,1.0,,1.0
GO_Biological_Process_2023,Negative Regulation Of Heart Contraction (GO:0045822),11,0,1.0,,1.0
GO_Biological_Process_2023,Negative Regulation Of Growth (GO:0045926),120,0,1.0,,1.0
GO_Biological_Process_2023,Negative Regulation Of Glycoprotein Biosynthetic Process (GO:0010561),8,0,1.0,,1.0
GO_Biological_Process_2023,Negative Regulation Of Glycolytic Process (GO:0045820),10,0,1.0,,1.0
GO_Biological_Process_2023,Negative Regulation Of Glycogen Metabolic Process (GO:0070874),6,0,1.0,,1.0
GO_Biological_Process_2023,Negative Regulation Of Hemostasis (GO:1900047),10,0,1.0,,1.0
GO_Biological_Process_2023,Negative Regulation Of Glycogen Biosynthetic Process (GO:0045719),5,0,1.0,,1.0
GO_Biological_Process_2023,Negative Regulation Of Immune Effector Process (GO:0002698),15,0,1.0,,1.0
GO_Biological_Process_2023,Negative Regulation Of Immune System Process (GO:0002683),44,0,1.0,,1.0
GO_Biological_Process_2023,Negative Regulation Of Interleukin-6 Production (GO:0032715),34,0,1.0,,1.0
GO_Biological_Process_2023,Negative Regulation Of Interleukin-2 Production (GO:0032703),21,0,1.0,,1.0
GO_Biological_Process_2023,Negative Regulation Of Interleukin-17 Production (GO:0032700),10,0,1.0,,1.0
GO_Biological_Process_2023,Negative Regulation Of Interleukin-12 Production (GO:0032695),12,0,1.0,,1.0
GO_Biological_Process_2023,Negative Regulation Of Interleukin-10 Production (GO:0032693),16,0,1.0,,1.0
GO_Biological_Process_2023,Negative Regulation Of Interleukin-1 Production (GO:0032692),28,0,1.0,,1.0
GO_Biological_Process_2023,Negative Regulation Of Interleukin-1 Beta Production (GO:0032691),24,0,1.0,,1.0
GO_Biological_Process_2023,Negative Regulation Of Immune Response (GO:0050777),66,0,1.0,,1.0
GO_Biological_Process_2023,Negative Regulation Of Interferon-Beta Production (GO:0032688),10,0,1.0,,1.0
GO_Biological_Process_2023,Negative Regulation Of Insulin Secretion (GO:0046676),17,0,1.0,,1.0
GO_Biological_Process_2023,Negative Regulation Of Insulin Receptor Signaling Pathway (GO:0046627),26,0,1.0,,1.0
GO_Biological_Process_2023,Negative Regulation Of Innate Immune Response (GO:0045824),52,0,1.0,,1.0
GO_Biological_Process_2023,Negative Regulation Of Inflammatory Response To Wounding (GO:0106015),7,0,1.0,,1.0
GO_Biological_Process_2023,Negative Regulation Of Inflammatory Response To Antigenic Stimulus (GO:0002862),16,0,1.0,,1.0
GO_Biological_Process_2023,Negative Regulation Of Inflammatory Response (GO:0050728),109,0,1.0,,1.0
GO_Biological_Process_2023,Negative Regulation Of Inclusion Body Assembly (GO:0090084),8,0,1.0,,1.0
GO_Biological_Process_2023,Negative Regulation Of Insulin-Like Growth Factor Receptor Signaling Pathway (GO:0043569),5,0,1.0,,1.0
GO_Biological_Process_2023,Negative Regulation Of Glucose Transmembrane Transport (GO:0010829),11,0,1.0,,1.0
GO_Biological_Process_2023,Negative Regulation Of Glucose Import (GO:0046325),7,0,1.0,,1.0
GO_Biological_Process_2023,Negative Regulation Of Glucocorticoid Receptor Signaling Pathway (GO:2000323),5,0,1.0,,1.0
GO_Biological_Process_2023,Negative Regulation Of Erythrocyte Differentiation (GO:0045647),5,0,1.0,,1.0
GO_Biological_Process_2023,Negative Regulation Of Epithelial Cell Migration (GO:0010633),32,0,1.0,,1.0
GO_Biological_Process_2023,Negative Regulation Of Epithelial Cell Differentiation (GO:0030857),15,0,1.0,,1.0
GO_Biological_Process_2023,Negative Regulation Of Epithelial Cell Apoptotic Process (GO:1904036),38,0,1.0,,1.0
GO_Biological_Process_2023,Negative Regulation Of Epidermal Growth Factor-Activated Receptor Activity (GO:0007175),12,0,1.0,,1.0
GO_Biological_Process_2023,Negative Regulation Of Epidermal Growth Factor Receptor Signaling Pathway (GO:0042059),23,0,1.0,,1.0
GO_Biological_Process_2023,Negative Regulation Of Epidermal Cell Differentiation (GO:0045605),6,0,1.0,,1.0
GO_Biological_Process_2023,Negative Regulation Of Establishment Of Protein Localization (GO:1904950),9,0,1.0,,1.0
GO_Biological_Process_2023,Negative Regulation Of Endothelial Cell Proliferation (GO:0001937),37,0,1.0,,1.0
GO_Biological_Process_2023,Negative Regulation Of Endothelial Cell Apoptotic Process (GO:2000352),26,0,1.0,,1.0
GO_Biological_Process_2023,Negative Regulation Of Endoplasmic Reticulum Unfolded Protein Response (GO:1900102),13,0,1.0,,1.0
GO_Biological_Process_2023,Negative Regulation Of Endoplasmic Reticulum Stress-Induced Intrinsic Apoptotic Signaling Pathway (GO:1902236),13,0,1.0,,1.0
GO_Biological_Process_2023,Negative Regulation Of Endoplasmic Reticulum Calcium Ion Concentration (GO:0032471),5,0,1.0,,1.0
GO_Biological_Process_2023,Negative Regulation Of Endopeptidase Activity (GO:0010951),63,0,1.0,,1.0
GO_Biological_Process_2023,Negative Regulation Of Endocytosis (GO:0045806),33,0,1.0,,1.0
GO_Biological_Process_2023,Negative Regulation Of Double-Strand Break Repair Via Nonhomologous End Joining (GO:2001033),6,0,1.0,,1.0
GO_Biological_Process_2023,Negative Regulation Of Endothelial Cell Migration (GO:0010596),37,0,1.0,,1.0
GO_Biological_Process_2023,Negative Regulation Of Establishment Of Protein Localization To Mitochondrion (GO:1903748),5,0,1.0,,1.0
GO_Biological_Process_2023,Negative Regulation Of Excitatory Postsynaptic Potential (GO:0090394),5,0,1.0,,1.0
GO_Biological_Process_2023,Negative Regulation Of Execution Phase Of Apoptosis (GO:1900118),6,0,1.0,,1.0
GO_Biological_Process_2023,Negative Regulation Of Glial Cell Proliferation (GO:0060253),5,0,1.0,,1.0
GO_Biological_Process_2023,Negative Regulation Of Glial Cell Differentiation (GO:0045686),8,0,1.0,,1.0
GO_Biological_Process_2023,Negative Regulation Of Glial Cell Apoptotic Process (GO:0034351),7,0,1.0,,1.0
GO_Biological_Process_2023,"Negative Regulation Of Gene Expression, Epigenetic (GO:0045814)",50,0,1.0,,1.0
GO_Biological_Process_2023,Negative Regulation Of Gene Expression Via CpG Island Methylation (GO:0044027),5,0,1.0,,1.0
GO_Biological_Process_2023,Negative Regulation Of Gene Expression (GO:0010629),333,2,0.2819432505910306,DHFR;TYMS,1.0
GO_Biological_Process_2023,Negative Regulation Of Focal Adhesion Assembly (GO:0051895),15,0,1.0,,1.0
GO_Biological_Process_2023,Negative Regulation Of Fibroblast Migration (GO:0010764),5,0,1.0,,1.0
GO_Biological_Process_2023,Negative Regulation Of Fibroblast Growth Factor Receptor Signaling Pathway (GO:0040037),13,0,1.0,,1.0
GO_Biological_Process_2023,Negative Regulation Of Fibrinolysis (GO:0051918),11,0,1.0,,1.0
GO_Biological_Process_2023,Negative Regulation Of Fatty Acid Oxidation (GO:0046322),7,0,1.0,,1.0
GO_Biological_Process_2023,Negative Regulation Of Fatty Acid Metabolic Process (GO:0045922),19,0,1.0,,1.0
GO_Biological_Process_2023,Negative Regulation Of Fatty Acid Biosynthetic Process (GO:0045717),14,0,1.0,,1.0
GO_Biological_Process_2023,Negative Regulation Of Fat Cell Differentiation (GO:0045599),32,1,0.09599625925398965,FERMT2,1.0
GO_Biological_Process_2023,Activation Of GTPase Activity (GO:0090630),92,0,1.0,,1.0
GO_Biological_Process_2023,Negative Regulation Of Extracellular Matrix Organization (GO:1903054),9,0,1.0,,1.0
GO_Biological_Process_2023,Negative Regulation Of Exocytosis (GO:0045920),10,0,1.0,,1.0
GO_Biological_Process_2023,Negative Regulation Of Interleukin-8 Production (GO:0032717),17,0,1.0,,1.0
GO_Biological_Process_2023,Negative Regulation Of Intracellular Estrogen Receptor Signaling Pathway (GO:0033147),10,0,1.0,,1.0
GO_Biological_Process_2023,Negative Regulation Of Intracellular Protein Transport (GO:0090317),23,0,1.0,,1.0
GO_Biological_Process_2023,Negative Regulation Of Intracellular Signal Transduction (GO:1902532),225,2,0.15775119963399523,BCL2L1;MDM2,1.0
GO_Biological_Process_2023,Negative Regulation Of Microtubule Polymerization Or Depolymerization (GO:0031111),31,0,1.0,,1.0
GO_Biological_Process_2023,Negative Regulation Of Microtubule Polymerization (GO:0031115),11,0,1.0,,1.0
GO_Biological_Process_2023,Negative Regulation Of Microtubule Depolymerization (GO:0007026),20,0,1.0,,1.0
GO_Biological_Process_2023,Negative Regulation Of Microglial Cell Activation (GO:1903979),7,0,1.0,,1.0
GO_Biological_Process_2023,Negative Regulation Of miRNA Transcription (GO:1902894),20,0,1.0,,1.0
GO_Biological_Process_2023,Negative Regulation Of miRNA Processing (GO:1903799),5,0,1.0,,1.0
GO_Biological_Process_2023,Negative Regulation Of miRNA Metabolic Process (GO:2000629),21,0,1.0,,1.0
GO_Biological_Process_2023,Negative Regulation Of Mitochondrial Membrane Permeability (GO:0035795),9,0,1.0,,1.0
GO_Biological_Process_2023,Negative Regulation Of Metabolic Process (GO:0009892),52,0,1.0,,1.0
GO_Biological_Process_2023,Negative Regulation Of Membrane Potential (GO:0045837),8,0,1.0,,1.0
GO_Biological_Process_2023,Negative Regulation Of Meiotic Nuclear Division (GO:0045835),6,0,1.0,,1.0
GO_Biological_Process_2023,Negative Regulation Of Meiotic Cell Cycle (GO:0051447),5,0,1.0,,1.0
GO_Biological_Process_2023,Negative Regulation Of Mast Cell Activation (GO:0033004),5,0,1.0,,1.0
GO_Biological_Process_2023,Negative Regulation Of Macrophage Migration (GO:1905522),6,0,1.0,,1.0
GO_Biological_Process_2023,Negative Regulation Of Macrophage Derived Foam Cell Differentiation (GO:0010745),12,0,1.0,,1.0
GO_Biological_Process_2023,Negative Regulation Of Macrophage Activation (GO:0043031),15,0,1.0,,1.0
GO_Biological_Process_2023,Negative Regulation Of Membrane Protein Ectodomain Proteolysis (GO:0051045),6,0,1.0,,1.0
GO_Biological_Process_2023,Negative Regulation Of Mitochondrial Membrane Potential (GO:0010917),7,0,1.0,,1.0
GO_Biological_Process_2023,Negative Regulation Of Mitochondrial Outer Membrane Permeabilization Involved In Apoptotic Signaling Pathway (GO:1901029),9,0,1.0,,1.0
GO_Biological_Process_2023,Actin Polymerization Or Depolymerization (GO:0008154),53,1,0.15400959601649175,CFL1,1.0
GO_Biological_Process_2023,Negative Regulation Of Myeloid Leukocyte Mediated Immunity (GO:0002887),5,0,1.0,,1.0
GO_Biological_Process_2023,Actin Filament-Based Transport (GO:0099515),20,0,1.0,,1.0
GO_Biological_Process_2023,Actin Nucleation (GO:0045010),18,0,1.0,,1.0
GO_Biological_Process_2023,Negative Regulation Of Myeloid Cell Apoptotic Process (GO:0033033),5,0,1.0,,1.0
GO_Biological_Process_2023,Negative Regulation Of Muscle Hypertrophy (GO:0014741),7,0,1.0,,1.0
GO_Biological_Process_2023,Negative Regulation Of Muscle Cell Differentiation (GO:0051148),7,0,1.0,,1.0
GO_Biological_Process_2023,Negative Regulation Of Muscle Cell Apoptotic Process (GO:0010656),9,0,1.0,,1.0
GO_Biological_Process_2023,Negative Regulation Of Multicellular Organismal Process (GO:0051241),229,1,0.5162175064323774,FOXA1,1.0
GO_Biological_Process_2023,Negative Regulation Of Morphogenesis Of An Epithelium (GO:1905331),5,0,1.0,,1.0
GO_Biological_Process_2023,Negative Regulation Of Monooxygenase Activity (GO:0032769),7,0,1.0,,1.0
GO_Biological_Process_2023,Negative Regulation Of Mononuclear Cell Migration (GO:0071676),12,0,1.0,,1.0
GO_Biological_Process_2023,Negative Regulation Of Monocyte Chemotaxis (GO:0090027),5,0,1.0,,1.0
GO_Biological_Process_2023,Negative Regulation Of Monoatomic Ion Transport (GO:0043271),18,0,1.0,,1.0
GO_Biological_Process_2023,Negative Regulation Of Mitotic Nuclear Division (GO:0045839),8,0,1.0,,1.0
GO_Biological_Process_2023,Negative Regulation Of Mitotic Metaphase/Anaphase Transition (GO:0045841),28,0,1.0,,1.0
GO_Biological_Process_2023,Negative Regulation Of Mitotic Cell Cycle Phase Transition (GO:1901991),40,0,1.0,,1.0
GO_Biological_Process_2023,Negative Regulation Of Mitotic Cell Cycle (GO:0045930),33,1,0.09884537173365426,CTNNB1,1.0
GO_Biological_Process_2023,Negative Regulation Of Macromolecule Metabolic Process (GO:0010605),186,0,1.0,,1.0
GO_Biological_Process_2023,Negative Regulation Of Myotube Differentiation (GO:0010832),11,0,1.0,,1.0
GO_Biological_Process_2023,Negative Regulation Of Macroautophagy (GO:0016242),22,0,1.0,,1.0
GO_Biological_Process_2023,Negative Regulation Of mRNA Processing (GO:0050686),15,0,1.0,,1.0
GO_Biological_Process_2023,Negative Regulation Of Leukocyte Migration (GO:0002686),9,0,1.0,,1.0
GO_Biological_Process_2023,Negative Regulation Of Leukocyte Mediated Cytotoxicity (GO:0001911),14,0,1.0,,1.0
GO_Biological_Process_2023,Negative Regulation Of Leukocyte Degranulation (GO:0043301),8,0,1.0,,1.0
GO_Biological_Process_2023,Negative Regulation Of Leukocyte Chemotaxis (GO:0002689),10,0,1.0,,1.0
GO_Biological_Process_2023,Negative Regulation Of Leukocyte Cell-Cell Adhesion (GO:1903038),19,0,1.0,,1.0
GO_Biological_Process_2023,Negative Regulation Of Leukocyte Apoptotic Process (GO:2000107),11,0,1.0,,1.0
GO_Biological_Process_2023,Negative Regulation Of Leukocyte Activation (GO:0002695),17,0,1.0,,1.0
GO_Biological_Process_2023,Negative Regulation Of Leukocyte Proliferation (GO:0070664),7,0,1.0,,1.0
GO_Biological_Process_2023,Negative Regulation Of Lens Fiber Cell Differentiation (GO:1902747),5,0,1.0,,1.0
GO_Biological_Process_2023,Negative Regulation Of Kinase Activity (GO:0033673),61,0,1.0,,1.0
GO_Biological_Process_2023,Actin-Mediated Cell Contraction (GO:0070252),9,0,1.0,,1.0
GO_Biological_Process_2023,Negative Regulation Of Ion Transmembrane Transporter Activity (GO:0032413),23,0,1.0,,1.0
GO_Biological_Process_2023,Negative Regulation Of Intrinsic Apoptotic Signaling Pathway In Response To DNA Damage By P53 Class Mediator (GO:1902166),12,0,1.0,,1.0
GO_Biological_Process_2023,Actin-Myosin Filament Sliding (GO:0033275),12,0,1.0,,1.0
GO_Biological_Process_2023,Negative Regulation Of Intracellular Transport (GO:0032387),7,0,1.0,,1.0
GO_Biological_Process_2023,Negative Regulation Of Intracellular Steroid Hormone Receptor Signaling Pathway (GO:0033144),31,0,1.0,,1.0
GO_Biological_Process_2023,Negative Regulation Of Lamellipodium Organization (GO:1902744),5,0,1.0,,1.0
GO_Biological_Process_2023,Negative Regulation Of Lipase Activity (GO:0060192),8,0,1.0,,1.0
GO_Biological_Process_2023,Negative Regulation Of Lipid Biosynthetic Process (GO:0051055),25,0,1.0,,1.0
GO_Biological_Process_2023,Negative Regulation Of Lipid Catabolic Process (GO:0050995),18,0,1.0,,1.0
GO_Biological_Process_2023,Negative Regulation Of mRNA Catabolic Process (GO:1902373),40,0,1.0,,1.0
GO_Biological_Process_2023,Negative Regulation Of Lymphocyte Proliferation (GO:0050672),39,0,1.0,,1.0
GO_Biological_Process_2023,Negative Regulation Of Lymphocyte Migration (GO:2000402),10,0,1.0,,1.0
GO_Biological_Process_2023,Negative Regulation Of Lymphocyte Differentiation (GO:0045620),6,0,1.0,,1.0
GO_Biological_Process_2023,Negative Regulation Of Lymphocyte Apoptotic Process (GO:0070229),9,0,1.0,,1.0
GO_Biological_Process_2023,Negative Regulation Of Lymphocyte Activation (GO:0051250),23,0,1.0,,1.0
GO_Biological_Process_2023,Negative Regulation Of Lyase Activity (GO:0051350),13,0,1.0,,1.0
GO_Biological_Process_2023,Negative Regulation Of Low-Density Lipoprotein Receptor Activity (GO:1905598),6,0,1.0,,1.0
GO_Biological_Process_2023,Negative Regulation Of Long-Term Synaptic Potentiation (GO:1900272),8,0,1.0,,1.0
GO_Biological_Process_2023,Negative Regulation Of Locomotion (GO:0040013),12,0,1.0,,1.0
GO_Biological_Process_2023,Negative Regulation Of Lipoprotein Particle Clearance (GO:0010985),6,0,1.0,,1.0
GO_Biological_Process_2023,Negative Regulation Of Lipoprotein Lipase Activity (GO:0051005),5,0,1.0,,1.0
GO_Biological_Process_2023,Negative Regulation Of Lipopolysaccharide-Mediated Signaling Pathway (GO:0031665),10,0,1.0,,1.0
GO_Biological_Process_2023,Negative Regulation Of Lipid Storage (GO:0010888),18,0,1.0,,1.0
GO_Biological_Process_2023,Negative Regulation Of Lipid Metabolic Process (GO:0045833),26,0,1.0,,1.0
GO_Biological_Process_2023,Negative Regulation Of Lipid Localization (GO:1905953),9,0,1.0,,1.0
GO_Biological_Process_2023,Negative Regulation Of Lipid Kinase Activity (GO:0090219),6,0,1.0,,1.0
GO_Biological_Process_2023,"Negative Regulation Of mRNA Splicing, Via Spliceosome (GO:0048025)",14,0,1.0,,1.0
GO_Biological_Process_2023,Positive Regulation Of Alpha-Beta T Cell Proliferation (GO:0046641),17,0,1.0,,1.0
