ModelID,IsDefaultEntryForModel,HugoSymbol,VepImpact,LikelyLoF,Hotspot
ACH-000265,Yes,KRAS,MODERATE,False,False
ACH-001001,Yes,KRAS,HIGH,True,False
ACH-001001,Yes,KRAS,HIGH,True,False
ACH-001366,Yes,KRAS,MODERATE,False,False
ACH-002644,Yes,KRAS,MODERATE,False,True
ACH-000838,Yes,KRAS,MODERATE,False,True
ACH-002464,Yes,KRAS,MODERATE,False,True
ACH-000696,Yes,KRAS,MODERATE,False,False
ACH-002660,Yes,KRAS,MODERATE,False,True
ACH-000373,Yes,KRAS,MODERATE,False,True
ACH-000397,Yes,KRAS,MODERATE,False,False
ACH-000249,Yes,KRAS,MODERATE,False,True
ACH-000085,Yes,KRAS,MODERATE,False,True
ACH-000314,Yes,KRAS,MODERATE,False,True
ACH-001647,Yes,KRAS,MODERATE,False,True
ACH-000463,Yes,KRAS,MODERATE,False,True
ACH-002024,Yes,KRAS,MODERATE,False,True
ACH-000945,Yes,KRAS,MODERATE,False,True
ACH-000680,Yes,KRAS,MODERATE,False,True
ACH-000344,Yes,KRAS,MODERATE,False,True
ACH-000264,Yes,KRAS,MODERATE,False,True
ACH-000947,Yes,KRAS,MODERATE,False,True
ACH-001001,Yes,KRAS,MODERATE,False,True
ACH-002653,Yes,KRAS,MODERATE,False,False
ACH-000249,Yes,KRAS,MODERATE,False,False
ACH-000922,Yes,KRAS,MODERATE,False,False
ACH-000728,Yes,KRAS,MODERATE,False,False
ACH-000378,Yes,KRAS,MODERATE,False,True
ACH-000950,Yes,KRAS,MODERATE,False,True
ACH-000403,Yes,KRAS,MODERATE,False,True
ACH-000971,Yes,KRAS,MODERATE,False,True
ACH-002667,Yes,KRAS,MODERATE,False,True
ACH-000997,Yes,KRAS,MODERATE,False,True
ACH-001061,Yes,KRAS,MODERATE,False,True
ACH-000381,Yes,KRAS,MODERATE,False,True
ACH-002648,Yes,KRAS,MODERATE,False,True
ACH-000168,Yes,KRAS,MODERATE,False,True
ACH-000768,Yes,KRAS,MODERATE,False,True
ACH-000872,Yes,KRAS,MODERATE,False,True
ACH-000666,Yes,KRAS,MODERATE,False,True
ACH-002463,Yes,KRAS,MODERATE,False,False
ACH-002465,Yes,KRAS,MODERATE,False,False
ACH-002464,Yes,KRAS,MODERATE,False,False
ACH-000042,Yes,KRAS,MODERATE,False,True
ACH-000332,Yes,KRAS,MODERATE,False,True
ACH-000967,Yes,KRAS,MODERATE,False,True
ACH-000093,No,KRAS,MODERATE,False,True
ACH-000955,Yes,KRAS,MODERATE,False,True
ACH-000669,Yes,KRAS,MODERATE,False,True
ACH-000817,Yes,KRAS,MODERATE,False,True
ACH-001106,Yes,KRAS,MODERATE,False,True
ACH-000796,Yes,KRAS,MODERATE,False,True
ACH-000307,Yes,KRAS,MODERATE,False,True
ACH-000662,Yes,KRAS,MODERATE,False,True
ACH-000820,Yes,KRAS,MODERATE,False,True
ACH-000982,Yes,KRAS,MODERATE,False,True
ACH-000251,Yes,KRAS,MODERATE,False,True
ACH-002027,Yes,KRAS,MODERATE,False,True
ACH-000270,Yes,KRAS,MODERATE,False,True
ACH-000764,Yes,KRAS,MODERATE,False,True
ACH-000736,Yes,KRAS,MODERATE,False,True
ACH-000108,Yes,KRAS,MODERATE,False,True
ACH-002535,Yes,KRAS,MODERATE,False,True
ACH-000286,Yes,KRAS,MODERATE,False,True
ACH-002486,Yes,KRAS,MODERATE,False,True
ACH-000155,Yes,KRAS,MODERATE,False,True
ACH-000651,Yes,KRAS,MODERATE,False,True
ACH-000976,Yes,KRAS,MODERATE,False,True
ACH-000842,Yes,KRAS,MODERATE,False,True
ACH-000941,Yes,KRAS,MODERATE,False,True
ACH-002647,Yes,KRAS,MODERATE,False,True
ACH-002680,Yes,KRAS,MODERATE,False,True
ACH-000139,Yes,KRAS,MODERATE,False,True
ACH-000599,Yes,KRAS,MODERATE,False,True
ACH-000354,Yes,KRAS,MODERATE,False,True
ACH-003108,Yes,KRAS,MODERATE,False,True
ACH-000400,Yes,KRAS,MODERATE,False,True
ACH-000957,Yes,KRAS,MODERATE,False,True
ACH-002664,Yes,KRAS,MODERATE,False,True
ACH-000093,Yes,KRAS,MODERATE,False,True
ACH-000790,Yes,KRAS,MODERATE,False,True
ACH-000596,Yes,KRAS,MODERATE,False,True
ACH-000688,Yes,KRAS,MODERATE,False,True
ACH-002672,Yes,KRAS,MODERATE,False,True
ACH-000243,Yes,KRAS,MODERATE,False,True
ACH-000831,Yes,KRAS,MODERATE,False,True
ACH-000022,Yes,KRAS,MODERATE,False,True
ACH-002026,Yes,KRAS,MODERATE,False,True
ACH-000347,Yes,KRAS,MODERATE,False,True
ACH-000721,Yes,KRAS,MODERATE,False,True
ACH-000007,Yes,KRAS,MODERATE,False,True
ACH-000880,Yes,KRAS,MODERATE,False,True
ACH-000803,Yes,KRAS,MODERATE,False,True
ACH-000532,Yes,KRAS,MODERATE,False,True
ACH-000468,Yes,KRAS,MODERATE,False,True
ACH-000235,Yes,KRAS,MODERATE,False,True
ACH-000505,Yes,KRAS,MODERATE,False,True
ACH-000060,Yes,KRAS,MODERATE,False,True
ACH-000974,Yes,KRAS,MODERATE,False,True
ACH-000954,Yes,KRAS,MODERATE,False,True
ACH-000652,Yes,KRAS,MODERATE,False,True
ACH-000517,Yes,KRAS,MODERATE,False,True
ACH-000791,Yes,KRAS,MODERATE,False,True
ACH-000763,Yes,KRAS,MODERATE,False,True
ACH-001100,Yes,KRAS,MODERATE,False,True
ACH-000265,Yes,KRAS,MODERATE,False,True
ACH-000164,Yes,KRAS,MODERATE,False,True
ACH-000460,Yes,KRAS,MODERATE,False,True
ACH-000023,Yes,KRAS,MODERATE,False,True
ACH-000932,Yes,KRAS,MODERATE,False,True
ACH-000114,Yes,KRAS,MODERATE,False,True
ACH-000542,Yes,KRAS,MODERATE,False,True
ACH-000222,Yes,KRAS,MODERATE,False,True
ACH-001151,Yes,KRAS,MODERATE,False,True
ACH-000350,Yes,KRAS,MODERATE,False,True
ACH-001494,Yes,KRAS,MODERATE,False,True
ACH-000417,Yes,KRAS,MODERATE,False,True
ACH-000182,Yes,KRAS,MODERATE,False,True
ACH-002070,Yes,KRAS,MODERATE,False,True
ACH-000718,Yes,KRAS,MODERATE,False,True
ACH-000281,Yes,KRAS,MODERATE,False,True
ACH-000438,Yes,KRAS,MODERATE,False,True
ACH-000681,Yes,KRAS,MODERATE,False,True
ACH-000601,Yes,KRAS,MODERATE,False,True
ACH-002654,Yes,KRAS,MODERATE,False,True
ACH-000502,Yes,KRAS,MODERATE,False,True
ACH-000900,Yes,KRAS,MODERATE,False,True
ACH-002025,Yes,KRAS,MODERATE,False,True
ACH-000521,Yes,KRAS,MODERATE,False,True
ACH-000118,Yes,KRAS,MODERATE,False,True
ACH-000809,Yes,KRAS,MODERATE,False,True
ACH-000421,Yes,KRAS,MODERATE,False,True
ACH-000174,Yes,KRAS,MODERATE,False,True
ACH-000426,Yes,KRAS,MODERATE,False,True
ACH-000091,Yes,KRAS,MODERATE,False,True
ACH-000667,Yes,KRAS,MODERATE,False,True
ACH-000470,Yes,KRAS,MODERATE,False,True
ACH-001001,Yes,KRAS,MODERATE,False,True
ACH-000522,Yes,KRAS,MODERATE,False,True
ACH-000921,Yes,KRAS,MODERATE,False,True
ACH-002039,Yes,KRAS,MODERATE,False,True
ACH-000496,Yes,KRAS,MODERATE,False,True
ACH-000444,Yes,KRAS,MODERATE,False,True
ACH-000511,Yes,KRAS,MODERATE,False,True
ACH-000320,Yes,KRAS,MODERATE,False,True
ACH-003012,Yes,KRAS,MODERATE,False,True
ACH-002532,Yes,KRAS,MODERATE,False,True
ACH-000311,Yes,KRAS,MODERATE,False,True
ACH-000861,Yes,KRAS,MODERATE,False,True
ACH-000845,Yes,KRAS,MODERATE,False,True
ACH-000940,Yes,TP53,MODERATE,False,False
ACH-000632,Yes,TP53,HIGH,True,False
ACH-000997,Yes,TP53,HIGH,True,False
ACH-001061,Yes,TP53,HIGH,True,False
ACH-000227,Yes,TP53,HIGH,True,False
ACH-001975,Yes,TP53,MODERATE,False,False
ACH-002283,Yes,TP53,MODERATE,False,False
ACH-000720,Yes,TP53,HIGH,True,True
ACH-000701,Yes,TP53,MODERATE,True,False
ACH-000803,Yes,TP53,MODERATE,True,False
ACH-001994,Yes,TP53,MODERATE,True,False
ACH-000273,Yes,TP53,HIGH,True,False
ACH-001676,Yes,TP53,HIGH,True,True
ACH-002667,Yes,TP53,HIGH,True,True
ACH-000397,Yes,TP53,HIGH,True,True
ACH-003061,Yes,TP53,HIGH,True,True
ACH-000622,Yes,TP53,HIGH,True,True
ACH-002648,Yes,TP53,HIGH,True,True
ACH-000554,Yes,TP53,HIGH,True,True
ACH-000409,Yes,TP53,HIGH,True,True
ACH-000217,Yes,TP53,HIGH,True,False
ACH-000865,Yes,TP53,HIGH,True,True
ACH-000845,Yes,TP53,HIGH,True,True
ACH-000809,Yes,TP53,MODERATE,True,True
ACH-001354,Yes,TP53,MODERATE,True,True
ACH-002029,Yes,TP53,HIGH,True,True
ACH-000896,Yes,TP53,HIGH,True,True
ACH-000454,Yes,TP53,HIGH,True,False
ACH-000523,Yes,TP53,MODERATE,False,True
ACH-003171,Yes,TP53,HIGH,True,False
ACH-001143,Yes,TP53,HIGH,True,False
ACH-000484,Yes,TP53,HIGH,True,False
ACH-000243,Yes,TP53,HIGH,True,False
ACH-000557,Yes,TP53,HIGH,True,True
ACH-000502,Yes,TP53,HIGH,True,True
ACH-002665,Yes,TP53,HIGH,True,False
ACH-000021,Yes,TP53,HIGH,True,True
ACH-001609,Yes,TP53,HIGH,True,True
ACH-000956,Yes,TP53,MODERATE,True,False
ACH-000447,Yes,TP53,HIGH,True,True
ACH-000777,Yes,TP53,MODERATE,True,False
ACH-002543,Yes,TP53,HIGH,True,False
ACH-000037,Yes,TP53,HIGH,True,True
ACH-000506,Yes,TP53,HIGH,True,False
ACH-000537,Yes,TP53,HIGH,True,False
ACH-000582,Yes,TP53,HIGH,True,False
ACH-000616,Yes,TP53,HIGH,True,False
ACH-000315,Yes,TP53,HIGH,True,False
ACH-000301,Yes,TP53,HIGH,True,False
ACH-000405,Yes,TP53,HIGH,True,False
ACH-001393,Yes,TP53,HIGH,True,True
ACH-000068,Yes,TP53,HIGH,True,True
ACH-000835,Yes,TP53,HIGH,True,False
ACH-001433,Yes,TP53,HIGH,True,False
ACH-000679,Yes,TP53,HIGH,True,False
ACH-002024,Yes,TP53,HIGH,True,False
ACH-000651,Yes,TP53,MODERATE,False,False
ACH-000842,Yes,TP53,MODERATE,False,False
ACH-000187,Yes,TP53,HIGH,True,False
ACH-000732,Yes,TP53,HIGH,True,False
ACH-000439,Yes,TP53,HIGH,True,False
ACH-000747,Yes,TP53,HIGH,True,True
ACH-000407,Yes,TP53,HIGH,True,True
ACH-000192,Yes,TP53,HIGH,True,False
ACH-002669,Yes,TP53,HIGH,True,True
ACH-002654,Yes,TP53,HIGH,True,True
ACH-000223,Yes,TP53,HIGH,True,True
ACH-000778,Yes,TP53,HIGH,True,False
ACH-000326,Yes,TP53,HIGH,True,True
ACH-000879,Yes,TP53,HIGH,True,True
ACH-003183,Yes,TP53,HIGH,True,False
ACH-000981,Yes,TP53,HIGH,True,False
ACH-000983,Yes,TP53,HIGH,True,False
ACH-000665,Yes,TP53,HIGH,True,True
ACH-000921,Yes,TP53,HIGH,True,True
ACH-000930,Yes,TP53,HIGH,True,True
ACH-002045,Yes,TP53,HIGH,True,False
ACH-000912,Yes,TP53,HIGH,True,False
ACH-001993,Yes,TP53,HIGH,True,False
ACH-000516,Yes,TP53,MODERATE,True,True
ACH-002709,Yes,TP53,HIGH,True,True
ACH-000712,Yes,TP53,MODERATE,True,True
ACH-000152,Yes,TP53,MODERATE,True,True
ACH-002703,Yes,TP53,MODERATE,True,True
ACH-002535,Yes,TP53,MODERATE,True,True
ACH-000204,Yes,TP53,MODERATE,True,True
ACH-001481,Yes,TP53,MODERATE,True,True
ACH-000337,Yes,TP53,MODERATE,True,True
ACH-000817,Yes,TP53,MODERATE,True,True
ACH-000927,Yes,TP53,MODERATE,True,True
ACH-000666,Yes,TP53,MODERATE,True,True
ACH-000725,Yes,TP53,HIGH,True,False
ACH-000810,Yes,TP53,HIGH,True,False
ACH-001674,Yes,TP53,MODERATE,True,True
ACH-001445,Yes,TP53,MODERATE,True,True
ACH-000323,Yes,TP53,MODERATE,True,True
ACH-000871,Yes,TP53,MODERATE,True,True
ACH-000435,Yes,TP53,MODERATE,True,True
ACH-000142,Yes,TP53,MODERATE,True,True
ACH-000118,Yes,TP53,MODERATE,True,True
ACH-002486,Yes,TP53,MODERATE,True,True
ACH-000455,Yes,TP53,MODERATE,True,True
ACH-000022,Yes,TP53,MODERATE,True,True
ACH-000023,Yes,TP53,MODERATE,True,True
ACH-002485,Yes,TP53,MODERATE,False,True
ACH-002794,Yes,TP53,HIGH,True,False
ACH-000524,Yes,TP53,MODERATE,True,True
ACH-000623,Yes,TP53,MODERATE,True,True
ACH-000833,Yes,TP53,MODERATE,True,True
ACH-001691,Yes,TP53,MODERATE,True,True
ACH-000783,Yes,TP53,MODERATE,True,True
ACH-000753,Yes,TP53,MODERATE,True,True
ACH-000905,Yes,TP53,MODERATE,True,True
ACH-000768,Yes,TP53,MODERATE,True,True
ACH-000703,Yes,TP53,HIGH,True,False
ACH-000227,Yes,TP53,MODERATE,False,False
ACH-000659,Yes,TP53,MODERATE,True,True
ACH-002051,Yes,TP53,MODERATE,True,True
ACH-000963,Yes,TP53,MODERATE,True,True
ACH-000791,Yes,TP53,MODERATE,True,True
ACH-000678,Yes,TP53,MODERATE,True,True
ACH-002680,Yes,TP53,MODERATE,True,True
ACH-000528,Yes,TP53,MODERATE,True,True
ACH-000890,Yes,TP53,MODERATE,True,True
ACH-000756,Yes,TP53,MODERATE,True,True
ACH-000867,Yes,TP53,MODERATE,True,True
ACH-001711,Yes,TP53,MODERATE,True,True
ACH-001618,Yes,TP53,MODERATE,True,True
ACH-001053,Yes,TP53,MODERATE,True,True
ACH-000788,Yes,TP53,MODERATE,True,True
ACH-000979,Yes,TP53,MODERATE,True,True
ACH-002046,Yes,TP53,MODERATE,True,True
ACH-002433,No,TP53,MODERATE,True,True
ACH-002490,Yes,TP53,MODERATE,True,True
ACH-000967,Yes,TP53,MODERATE,True,True
ACH-000232,Yes,TP53,MODERATE,True,True
ACH-000552,Yes,TP53,MODERATE,True,True
ACH-001533,Yes,TP53,MODERATE,True,True
ACH-000655,Yes,TP53,MODERATE,True,True
ACH-000888,Yes,TP53,MODERATE,True,True
ACH-000630,Yes,TP53,MODERATE,True,True
ACH-000849,Yes,TP53,MODERATE,True,True
ACH-000736,Yes,TP53,MODERATE,True,True
ACH-000953,Yes,TP53,MODERATE,True,True
ACH-002066,Yes,TP53,MODERATE,True,True
ACH-000883,Yes,TP53,MODERATE,True,True
ACH-000651,Yes,TP53,MODERATE,True,True
ACH-000842,Yes,TP53,MODERATE,True,True
ACH-001694,Yes,TP53,MODERATE,True,True
ACH-000914,Yes,TP53,MODERATE,True,True
ACH-000664,Yes,TP53,MODERATE,True,True
ACH-000360,Yes,TP53,MODERATE,True,True
ACH-002067,Yes,TP53,MODERATE,True,True
ACH-000978,Yes,TP53,MODERATE,True,True
ACH-002433,Yes,TP53,MODERATE,True,True
ACH-000903,Yes,TP53,MODERATE,True,True
ACH-001129,Yes,TP53,MODERATE,True,True
ACH-000810,Yes,TP53,MODERATE,True,True
ACH-000683,Yes,TP53,MODERATE,True,True
ACH-000652,Yes,TP53,MODERATE,True,True
ACH-000994,Yes,TP53,MODERATE,True,True
ACH-002544,Yes,TP53,MODERATE,True,True
ACH-000164,Yes,TP53,MODERATE,True,True
ACH-001038,Yes,TP53,MODERATE,True,True
ACH-000587,Yes,TP53,MODERATE,True,True
ACH-000586,Yes,TP53,MODERATE,True,True
ACH-000276,Yes,TP53,MODERATE,True,True
ACH-001494,Yes,TP53,MODERATE,True,True
ACH-000937,Yes,TP53,MODERATE,True,True
ACH-000041,Yes,TP53,MODERATE,True,True
ACH-000833,Yes,TP53,MODERATE,True,True
ACH-000967,Yes,TP53,MODERATE,True,True
ACH-001428,Yes,TP53,MODERATE,True,True
ACH-001333,Yes,TP53,MODERATE,True,True
ACH-000402,Yes,TP53,MODERATE,True,True
ACH-001277,Yes,TP53,MODERATE,True,True
ACH-000365,Yes,TP53,MODERATE,True,True
ACH-000137,Yes,TP53,MODERATE,True,True
ACH-000764,Yes,TP53,MODERATE,True,True
ACH-002780,Yes,TP53,MODERATE,True,True
ACH-000883,Yes,TP53,MODERATE,True,True
ACH-001306,Yes,TP53,MODERATE,True,True
ACH-000053,Yes,TP53,MODERATE,True,True
ACH-000936,Yes,TP53,MODERATE,True,True
ACH-000866,Yes,TP53,MODERATE,True,True
ACH-001670,Yes,TP53,MODERATE,True,True
ACH-001610,Yes,TP53,MODERATE,True,True
ACH-000437,Yes,TP53,MODERATE,True,True
ACH-000988,Yes,TP53,MODERATE,True,True
ACH-000716,Yes,TP53,MODERATE,True,True
ACH-001606,Yes,TP53,MODERATE,True,True
ACH-000461,Yes,TP53,MODERATE,True,True
ACH-000937,Yes,TP53,MODERATE,True,True
ACH-001578,Yes,TP53,HIGH,True,False
ACH-000769,Yes,TP53,MODERATE,True,True
ACH-000408,Yes,TP53,MODERATE,False,True
ACH-000507,Yes,TP53,MODERATE,False,True
ACH-000104,Yes,TP53,MODERATE,True,True
ACH-000647,Yes,TP53,MODERATE,True,True
ACH-002345,Yes,TP53,MODERATE,True,True
ACH-000117,Yes,TP53,HIGH,True,False
ACH-001641,Yes,TP53,HIGH,True,True
ACH-002040,Yes,TP53,MODERATE,True,False
ACH-000694,Yes,TP53,HIGH,True,False
ACH-000848,Yes,TP53,MODERATE,False,True
ACH-000953,Yes,TP53,MODERATE,True,True
ACH-000589,Yes,TP53,MODERATE,False,True
ACH-000143,Yes,TP53,MODERATE,True,True
ACH-001619,Yes,TP53,MODERATE,True,True
ACH-000377,Yes,TP53,HIGH,True,False
ACH-002044,Yes,TP53,MODERATE,True,True
ACH-000216,Yes,TP53,MODERATE,True,True
ACH-001447,Yes,TP53,MODERATE,True,True
ACH-000076,Yes,TP53,MODERATE,True,True
ACH-002706,Yes,TP53,MODERATE,True,True
ACH-002705,Yes,TP53,MODERATE,True,True
ACH-000098,Yes,TP53,MODERATE,True,True
ACH-000521,Yes,TP53,MODERATE,True,True
ACH-000422,Yes,TP53,MODERATE,True,True
ACH-000431,Yes,TP53,HIGH,True,False
ACH-001029,Yes,TP53,HIGH,True,False
ACH-000610,Yes,TP53,HIGH,True,False
ACH-000576,Yes,TP53,HIGH,True,False
ACH-000132,Yes,TP53,HIGH,True,False
ACH-002074,Yes,TP53,HIGH,True,False
ACH-000378,Yes,TP53,HIGH,True,False
ACH-001130,Yes,TP53,HIGH,True,True
ACH-002668,Yes,TP53,HIGH,True,True
ACH-000183,Yes,TP53,MODERATE,True,False
ACH-000878,Yes,TP53,MODERATE,True,True
ACH-000456,Yes,TP53,MODERATE,True,True
ACH-000836,Yes,TP53,MODERATE,True,True
ACH-001509,Yes,TP53,MODERATE,True,True
ACH-000504,Yes,TP53,MODERATE,True,True
ACH-002660,Yes,TP53,MODERATE,True,True
ACH-000624,Yes,TP53,HIGH,True,False
ACH-002710,Yes,TP53,MODERATE,True,True
ACH-002524,Yes,TP53,MODERATE,True,True
ACH-000163,Yes,TP53,MODERATE,True,True
ACH-000060,Yes,TP53,MODERATE,True,True
ACH-000688,Yes,TP53,MODERATE,True,True
ACH-001636,Yes,TP53,MODERATE,True,True
ACH-001985,Yes,TP53,MODERATE,True,True
ACH-001662,Yes,TP53,MODERATE,True,False
ACH-000387,Yes,TP53,HIGH,True,False
ACH-000784,Yes,TP53,HIGH,True,False
ACH-000191,Yes,TP53,MODERATE,True,True
ACH-000758,Yes,TP53,MODERATE,True,True
ACH-000724,Yes,TP53,MODERATE,True,True
ACH-000780,Yes,TP53,MODERATE,True,True
ACH-000331,Yes,TP53,MODERATE,True,True
ACH-001318,Yes,TP53,MODERATE,True,True
ACH-000858,Yes,TP53,MODERATE,True,True
ACH-000288,Yes,TP53,MODERATE,True,True
ACH-000476,Yes,TP53,MODERATE,True,True
ACH-000975,Yes,TP53,MODERATE,True,True
ACH-002644,Yes,TP53,MODERATE,True,True
ACH-001111,Yes,TP53,MODERATE,True,True
ACH-000042,Yes,TP53,MODERATE,True,True
ACH-000001,Yes,TP53,MODERATE,True,True
ACH-000473,Yes,TP53,MODERATE,True,True
ACH-000981,Yes,TP53,MODERATE,True,True
ACH-000376,Yes,TP53,MODERATE,True,True
ACH-001106,Yes,TP53,MODERATE,True,True
ACH-001697,Yes,TP53,MODERATE,True,True
ACH-002030,Yes,TP53,MODERATE,True,True
ACH-001656,Yes,TP53,MODERATE,True,True
ACH-001709,Yes,TP53,MODERATE,True,True
ACH-000939,Yes,TP53,MODERATE,True,True
ACH-000427,Yes,TP53,MODERATE,True,True
ACH-000030,Yes,TP53,MODERATE,True,True
ACH-000605,Yes,TP53,MODERATE,True,True
ACH-001675,Yes,TP53,MODERATE,True,True
ACH-000953,Yes,TP53,MODERATE,True,True
ACH-000941,Yes,TP53,MODERATE,True,True
ACH-000374,Yes,TP53,MODERATE,True,True
ACH-000973,Yes,TP53,MODERATE,True,True
ACH-000668,Yes,TP53,MODERATE,True,True
ACH-001183,Yes,TP53,MODERATE,True,True
ACH-000470,Yes,TP53,MODERATE,True,True
ACH-001750,Yes,TP53,MODERATE,True,True
ACH-002075,Yes,TP53,MODERATE,True,True
ACH-000670,Yes,TP53,MODERATE,True,True
ACH-003099,Yes,TP53,MODERATE,True,True
ACH-000855,Yes,TP53,MODERATE,True,True
ACH-001745,Yes,TP53,MODERATE,True,True
ACH-000263,Yes,TP53,MODERATE,True,True
ACH-000639,Yes,TP53,MODERATE,True,True
ACH-000846,Yes,TP53,MODERATE,True,True
ACH-000837,Yes,TP53,MODERATE,True,True
ACH-000782,Yes,TP53,MODERATE,True,True
ACH-000313,Yes,TP53,MODERATE,True,True
ACH-000954,Yes,TP53,MODERATE,True,True
ACH-000295,Yes,TP53,MODERATE,True,True
ACH-000373,Yes,TP53,MODERATE,True,True
ACH-000334,Yes,TP53,MODERATE,True,True
ACH-000013,Yes,TP53,MODERATE,True,True
ACH-001735,Yes,TP53,MODERATE,True,True
ACH-000440,Yes,TP53,MODERATE,True,True
ACH-000179,Yes,TP53,MODERATE,True,True
ACH-001709,No,TP53,MODERATE,True,True
ACH-000944,Yes,TP53,MODERATE,True,True
ACH-000937,Yes,TP53,MODERATE,True,True
ACH-001307,Yes,TP53,MODERATE,True,True
ACH-000195,Yes,TP53,MODERATE,True,True
ACH-000601,Yes,TP53,MODERATE,True,True
ACH-000464,Yes,TP53,MODERATE,True,True
ACH-000390,Yes,TP53,MODERATE,True,True
ACH-001736,Yes,TP53,MODERATE,True,True
ACH-000421,Yes,TP53,MODERATE,True,True
ACH-000691,Yes,TP53,MODERATE,True,True
ACH-002664,Yes,TP53,MODERATE,True,True
ACH-000649,Yes,TP53,MODERATE,True,True
ACH-000711,Yes,TP53,MODERATE,True,True
ACH-000169,Yes,TP53,MODERATE,True,True
ACH-002043,Yes,TP53,MODERATE,True,True
ACH-001100,Yes,TP53,MODERATE,True,True
ACH-000334,Yes,TP53,MODERATE,True,True
ACH-000498,Yes,TP53,MODERATE,True,True
ACH-000202,Yes,TP53,MODERATE,True,True
ACH-000835,Yes,TP53,MODERATE,True,True
ACH-001362,Yes,TP53,MODERATE,True,True
ACH-000900,Yes,TP53,MODERATE,True,True
ACH-000818,Yes,TP53,MODERATE,True,True
ACH-001669,Yes,TP53,MODERATE,True,True
ACH-000341,Yes,TP53,MODERATE,True,True
ACH-001669,No,TP53,MODERATE,True,True
ACH-000961,Yes,TP53,MODERATE,True,True
ACH-000068,Yes,TP53,MODERATE,True,True
ACH-000618,Yes,TP53,MODERATE,True,True
ACH-002806,Yes,TP53,MODERATE,True,True
ACH-000145,No,TP53,MODERATE,True,True
ACH-000500,Yes,TP53,MODERATE,False,True
ACH-000959,Yes,TP53,MODERATE,True,True
ACH-001192,Yes,TP53,MODERATE,True,True
ACH-000628,Yes,TP53,MODERATE,False,True
ACH-001190,Yes,TP53,MODERATE,True,True
ACH-000870,Yes,TP53,MODERATE,True,True
ACH-000749,Yes,TP53,MODERATE,False,True
ACH-000145,Yes,TP53,MODERATE,True,True
ACH-000803,Yes,TP53,MODERATE,False,True
ACH-000235,Yes,TP53,MODERATE,True,True
ACH-002023,Yes,TP53,MODERATE,True,True
ACH-000917,Yes,TP53,MODERATE,False,True
ACH-000114,Yes,TP53,MODERATE,True,True
ACH-002041,Yes,TP53,MODERATE,True,True
ACH-000393,Yes,TP53,MODERATE,True,True
ACH-000559,Yes,TP53,MODERATE,True,True
ACH-000292,Yes,TP53,MODERATE,True,True
ACH-000318,Yes,TP53,MODERATE,True,True
ACH-000515,Yes,TP53,MODERATE,True,True
ACH-000297,Yes,TP53,MODERATE,True,True
ACH-000211,Yes,TP53,MODERATE,True,True
ACH-002508,Yes,TP53,MODERATE,True,True
ACH-000168,Yes,TP53,HIGH,True,False
ACH-000231,Yes,TP53,MODERATE,True,True
ACH-000889,Yes,TP53,MODERATE,True,True
ACH-000906,Yes,TP53,MODERATE,True,True
ACH-000997,Yes,TP53,MODERATE,True,True
ACH-001061,Yes,TP53,MODERATE,True,True
ACH-000698,Yes,TP53,MODERATE,True,True
ACH-000792,Yes,TP53,MODERATE,True,True
ACH-000996,Yes,TP53,MODERATE,True,True
ACH-001990,Yes,TP53,MODERATE,True,True
ACH-000781,Yes,TP53,MODERATE,True,False
ACH-000738,Yes,TP53,MODERATE,True,True
ACH-000671,Yes,TP53,MODERATE,True,True
ACH-002708,Yes,TP53,MODERATE,True,True
ACH-000422,Yes,TP53,MODERATE,True,True
ACH-000370,Yes,TP53,MODERATE,True,True
ACH-000819,Yes,TP53,MODERATE,True,True
ACH-000583,Yes,TP53,MODERATE,True,True
ACH-001147,Yes,TP53,MODERATE,True,True
ACH-000592,Yes,TP53,MODERATE,True,True
ACH-000307,Yes,TP53,MODERATE,True,True
ACH-000452,Yes,TP53,MODERATE,True,True
ACH-001608,Yes,TP53,MODERATE,True,True
ACH-000894,Yes,TP53,MODERATE,True,True
ACH-000705,Yes,TP53,MODERATE,True,True
ACH-000145,No,TP53,MODERATE,True,True
ACH-000770,Yes,TP53,MODERATE,True,True
ACH-002055,Yes,TP53,MODERATE,True,True
ACH-000190,Yes,TP53,HIGH,True,False
ACH-002677,Yes,TP53,MODERATE,True,True
ACH-000907,Yes,TP53,MODERATE,True,True
ACH-000382,Yes,TP53,MODERATE,True,True
ACH-002498,Yes,TP53,MODERATE,True,True
ACH-000654,Yes,TP53,MODERATE,True,True
ACH-000166,Yes,TP53,MODERATE,True,True
ACH-000550,Yes,TP53,HIGH,True,False
ACH-000846,Yes,TP53,HIGH,True,True
ACH-000035,Yes,TP53,HIGH,True,True
ACH-000514,Yes,TP53,HIGH,True,False
ACH-000196,Yes,TP53,HIGH,True,True
ACH-000387,Yes,TP53,HIGH,True,True
ACH-000802,Yes,TP53,HIGH,True,True
ACH-000777,Yes,TP53,HIGH,True,True
ACH-000290,Yes,TP53,HIGH,True,True
ACH-000861,Yes,TP53,HIGH,True,True
ACH-000831,Yes,TP53,HIGH,True,False
ACH-000212,Yes,TP53,HIGH,True,False
ACH-000250,Yes,TP53,HIGH,True,True
ACH-000496,Yes,TP53,HIGH,True,True
ACH-001283,Yes,TP53,MODERATE,True,False
ACH-000221,Yes,TP53,LOW,True,True
ACH-001695,Yes,TP53,HIGH,True,True
ACH-000792,Yes,TP53,HIGH,True,True
ACH-000979,Yes,TP53,MODERATE,True,False
ACH-001196,Yes,TP53,HIGH,True,False
ACH-000535,Yes,TP53,MODERATE,True,True
ACH-000085,Yes,TP53,MODERATE,True,True
ACH-000840,Yes,TP53,MODERATE,True,True
ACH-000911,Yes,TP53,MODERATE,True,True
ACH-000278,Yes,TP53,MODERATE,True,True
ACH-000499,Yes,TP53,MODERATE,True,True
ACH-000480,Yes,TP53,MODERATE,True,True
ACH-000988,Yes,TP53,MODERATE,True,True
ACH-000277,Yes,TP53,MODERATE,True,True
ACH-003071,Yes,TP53,MODERATE,True,True
ACH-000150,Yes,TP53,MODERATE,True,True
ACH-001680,Yes,TP53,MODERATE,True,True
ACH-001705,Yes,TP53,MODERATE,True,True
ACH-000879,Yes,TP53,MODERATE,True,True
ACH-000298,Yes,TP53,MODERATE,True,True
ACH-000633,Yes,TP53,MODERATE,True,True
ACH-000316,Yes,TP53,HIGH,True,False
ACH-000012,Yes,TP53,MODERATE,True,False
ACH-000029,Yes,TP53,MODERATE,True,False
ACH-000965,Yes,TP53,MODERATE,True,False
ACH-000141,Yes,TP53,MODERATE,True,False
ACH-000627,Yes,TP53,MODERATE,True,True
ACH-000914,Yes,TP53,MODERATE,True,True
ACH-000466,Yes,TP53,MODERATE,True,True
ACH-000391,Yes,TP53,MODERATE,True,False
ACH-002523,Yes,TP53,MODERATE,True,True
ACH-000483,Yes,TP53,MODERATE,True,True
ACH-000344,Yes,TP53,MODERATE,True,True
ACH-000249,Yes,TP53,MODERATE,True,True
ACH-000593,Yes,TP53,MODERATE,True,True
ACH-000853,Yes,TP53,MODERATE,True,True
ACH-000233,Yes,TP53,MODERATE,True,True
ACH-001132,Yes,TP53,MODERATE,True,True
ACH-000291,Yes,TP53,MODERATE,True,True
ACH-002475,Yes,TP53,MODERATE,True,True
ACH-000729,Yes,TP53,MODERATE,True,True
ACH-000673,Yes,TP53,MODERATE,True,True
ACH-000654,Yes,TP53,MODERATE,True,True
ACH-000940,Yes,TP53,MODERATE,True,True
ACH-000040,Yes,TP53,MODERATE,True,True
ACH-000913,Yes,TP53,HIGH,True,True
ACH-000530,Yes,TP53,HIGH,True,True
ACH-000915,Yes,TP53,HIGH,True,True
ACH-000986,Yes,TP53,HIGH,True,True
ACH-002538,Yes,TP53,HIGH,True,True
ACH-000424,Yes,TP53,HIGH,True,True
ACH-000237,Yes,TP53,HIGH,True,True
ACH-000144,Yes,TP53,HIGH,True,True
ACH-000643,Yes,TP53,HIGH,True,True
ACH-000996,Yes,TP53,HIGH,True,True
ACH-000323,Yes,TP53,MODERATE,True,True
ACH-000188,Yes,TP53,HIGH,True,False
ACH-000888,Yes,TP53,HIGH,True,False
ACH-000700,Yes,TP53,HIGH,True,False
ACH-000833,Yes,TP53,MODERATE,True,True
ACH-000581,Yes,TP53,MODERATE,True,True
ACH-001701,Yes,TP53,HIGH,True,False
ACH-001992,Yes,TP53,MODERATE,True,True
ACH-001623,Yes,TP53,MODERATE,True,True
ACH-001996,Yes,TP53,MODERATE,True,True
ACH-000573,Yes,TP53,HIGH,True,False
ACH-000009,Yes,TP53,HIGH,True,True
ACH-000706,Yes,TP53,HIGH,True,False
ACH-000762,Yes,TP53,HIGH,True,True
ACH-000520,Yes,TP53,HIGH,True,False
ACH-000215,Yes,TP53,MODERATE,True,True
ACH-001683,Yes,TP53,HIGH,True,True
ACH-000770,Yes,TP53,HIGH,True,True
ACH-000509,Yes,TP53,HIGH,True,True
ACH-000995,Yes,TP53,HIGH,True,True
ACH-000264,Yes,TP53,HIGH,True,True
ACH-001573,Yes,TP53,HIGH,True,True
ACH-000693,Yes,TP53,MODERATE,True,True
ACH-000302,Yes,TP53,MODERATE,True,True
ACH-001647,Yes,TP53,MODERATE,True,True
ACH-000256,Yes,TP53,MODERATE,True,True
ACH-000746,Yes,TP53,MODERATE,True,True
ACH-003119,Yes,TP53,MODERATE,True,True
ACH-000734,Yes,TP53,MODERATE,True,True
ACH-000872,Yes,TP53,MODERATE,True,True
ACH-000147,Yes,TP53,MODERATE,True,True
ACH-002033,Yes,TP53,HIGH,True,False
ACH-000832,Yes,TP53,MODERATE,True,True
ACH-001447,Yes,TP53,MODERATE,True,True
ACH-000330,Yes,TP53,MODERATE,True,True
ACH-002463,Yes,TP53,MODERATE,True,True
ACH-000445,Yes,TP53,MODERATE,True,True
ACH-001401,Yes,TP53,MODERATE,True,True
ACH-000155,Yes,TP53,MODERATE,True,True
ACH-000807,Yes,TP53,HIGH,True,True
ACH-002170,Yes,TP53,HIGH,True,True
ACH-000415,Yes,TP53,HIGH,True,True
ACH-000343,Yes,TP53,HIGH,True,False
ACH-000286,Yes,TP53,MODERATE,True,True
ACH-000061,Yes,TP53,HIGH,True,True
ACH-002497,Yes,TP53,HIGH,True,False
ACH-000381,Yes,TP53,HIGH,True,False
ACH-000867,Yes,TP53,HIGH,True,True
ACH-002650,Yes,TP53,HIGH,True,False
ACH-000195,Yes,TP53,HIGH,True,False
ACH-000682,Yes,TP53,HIGH,True,True
ACH-000406,Yes,TP53,HIGH,True,True
ACH-002539,Yes,TP53,HIGH,True,True
ACH-000270,Yes,TP53,MODERATE,True,False
ACH-001740,Yes,TP53,MODERATE,True,False
ACH-002678,Yes,TP53,MODERATE,True,True
ACH-000473,Yes,TP53,HIGH,True,True
ACH-001183,Yes,TP53,HIGH,True,True
ACH-002923,Yes,TP53,HIGH,True,False
ACH-000146,Yes,TP53,HIGH,True,False
ACH-000634,Yes,TP53,MODERATE,True,True
ACH-000740,Yes,TP53,HIGH,True,False
ACH-000830,Yes,TP53,MODERATE,True,True
ACH-000047,Yes,TP53,MODERATE,True,True
ACH-000332,Yes,TP53,MODERATE,True,True
ACH-000869,Yes,TP53,MODERATE,True,True
ACH-000865,Yes,TP53,MODERATE,True,True
ACH-000133,Yes,TP53,MODERATE,True,True
ACH-000969,Yes,TP53,MODERATE,True,True
ACH-001696,Yes,TP53,MODERATE,True,True
ACH-001693,Yes,TP53,MODERATE,True,True
ACH-003108,Yes,TP53,MODERATE,True,True
ACH-000574,Yes,TP53,MODERATE,True,True
ACH-002678,Yes,TP53,HIGH,True,False
ACH-002070,Yes,TP53,MODERATE,True,False
ACH-000259,Yes,TP53,MODERATE,True,False
ACH-000790,Yes,TP53,MODERATE,True,True
ACH-001508,Yes,TP53,MODERATE,True,True
ACH-002522,Yes,TP53,MODERATE,True,True
ACH-002662,Yes,TP53,MODERATE,True,True
ACH-001193,Yes,TP53,MODERATE,True,True
ACH-000087,Yes,TP53,MODERATE,True,True
ACH-001060,Yes,TP53,MODERATE,True,True
ACH-000311,Yes,TP53,MODERATE,True,True
ACH-000599,Yes,TP53,MODERATE,True,True
ACH-001591,Yes,TP53,HIGH,True,False
ACH-000699,Yes,TP53,MODERATE,True,True
ACH-000017,Yes,TP53,MODERATE,True,True
ACH-000207,Yes,TP53,MODERATE,True,True
ACH-000939,Yes,TP53,MODERATE,True,True
ACH-000024,Yes,TP53,MODERATE,True,True
ACH-000545,Yes,TP53,MODERATE,True,True
ACH-000048,Yes,TP53,MODERATE,True,True
ACH-000588,Yes,TP53,MODERATE,True,True
ACH-000128,Yes,TP53,MODERATE,True,True
ACH-000248,Yes,TP53,MODERATE,True,True
ACH-000976,Yes,TP53,MODERATE,True,True
ACH-000293,Yes,TP53,MODERATE,True,True
ACH-000667,Yes,TP53,MODERATE,True,True
ACH-000752,Yes,TP53,MODERATE,True,True
ACH-001610,Yes,TP53,MODERATE,True,True
ACH-000532,Yes,TP53,MODERATE,True,True
ACH-000505,Yes,TP53,MODERATE,True,True
ACH-002530,Yes,TP53,MODERATE,True,True
ACH-000228,Yes,TP53,MODERATE,True,True
ACH-000455,Yes,TP53,MODERATE,True,True
ACH-001619,Yes,TP53,MODERATE,True,False
ACH-000358,Yes,TP53,HIGH,True,True
ACH-000669,Yes,TP53,HIGH,True,True
ACH-002039,Yes,TP53,HIGH,True,True
ACH-000348,Yes,TP53,HIGH,True,False
ACH-000945,Yes,TP53,MODERATE,True,True
ACH-000478,Yes,TP53,HIGH,True,True
ACH-000859,Yes,TP53,MODERATE,True,True
ACH-000896,Yes,TP53,MODERATE,True,False
ACH-002668,Yes,TP53,MODERATE,True,False
ACH-000281,Yes,TP53,MODERATE,True,True
ACH-000174,Yes,TP53,MODERATE,True,True
ACH-000420,Yes,TP53,MODERATE,True,True
ACH-001201,Yes,TP53,MODERATE,True,True
ACH-002077,Yes,TP53,HIGH,True,False
ACH-000354,Yes,TP53,MODERATE,True,True
ACH-000671,Yes,TP53,MODERATE,False,True
ACH-002672,Yes,TP53,MODERATE,False,True
ACH-000403,Yes,TP53,MODERATE,True,True
ACH-001400,Yes,TP53,MODERATE,True,True
ACH-000929,Yes,TP53,MODERATE,True,True
ACH-000887,Yes,TP53,MODERATE,True,True
ACH-000853,Yes,TP53,MODERATE,True,True
ACH-002792,Yes,TP53,MODERATE,True,True
ACH-000246,No,TP53,MODERATE,True,True
ACH-000481,Yes,TP53,MODERATE,True,True
ACH-000368,Yes,TP53,MODERATE,True,True
ACH-000399,Yes,TP53,MODERATE,True,True
ACH-000508,Yes,TP53,MODERATE,True,True
ACH-002052,Yes,TP53,MODERATE,True,True
ACH-000844,Yes,TP53,MODERATE,True,True
ACH-000148,Yes,TP53,MODERATE,True,True
ACH-000727,Yes,TP53,MODERATE,True,True
ACH-000841,Yes,TP53,MODERATE,True,True
ACH-001001,Yes,TP53,MODERATE,True,True
ACH-001765,Yes,TP53,HIGH,True,False
ACH-001232,Yes,TP53,MODERATE,True,True
ACH-000816,Yes,TP53,MODERATE,True,True
ACH-000594,Yes,TP53,MODERATE,True,True
ACH-001700,Yes,TP53,MODERATE,True,True
ACH-000314,Yes,TP53,MODERATE,True,True
ACH-002526,Yes,TP53,MODERATE,True,True
ACH-000800,Yes,TP53,MODERATE,True,True
ACH-000718,Yes,TP53,MODERATE,True,True
ACH-000101,Yes,TP53,HIGH,True,False
ACH-000108,Yes,TP53,HIGH,True,False
ACH-000101,No,TP53,HIGH,True,False
ACH-000847,Yes,TP53,HIGH,True,False
ACH-000116,Yes,TP53,HIGH,True,False
ACH-002470,Yes,TP53,HIGH,True,False
ACH-000947,Yes,TP53,HIGH,True,False
ACH-000721,Yes,TP53,HIGH,True,False
ACH-001350,Yes,TP53,MODERATE,True,True
ACH-000338,Yes,TP53,MODERATE,True,True
ACH-000834,Yes,TP53,MODERATE,True,True
ACH-003120,Yes,TP53,MODERATE,True,True
ACH-000635,Yes,TP53,MODERATE,True,True
ACH-000238,Yes,TP53,MODERATE,True,True
ACH-000570,Yes,TP53,MODERATE,True,True
ACH-000729,Yes,TP53,MODERATE,True,False
ACH-000503,Yes,TP53,HIGH,True,True
ACH-000395,Yes,TP53,HIGH,True,True
ACH-000541,Yes,TP53,HIGH,True,True
ACH-000525,Yes,TP53,HIGH,True,True
ACH-002784,Yes,TP53,HIGH,True,True
ACH-000015,Yes,TP53,HIGH,True,True
ACH-000843,Yes,TP53,MODERATE,True,True
ACH-000351,Yes,TP53,MODERATE,True,True
ACH-000460,Yes,TP53,HIGH,True,False
ACH-001280,Yes,TP53,MODERATE,True,False
ACH-001366,Yes,TP53,MODERATE,True,True
ACH-000852,Yes,TP53,MODERATE,True,True
ACH-002025,Yes,TP53,MODERATE,True,True
ACH-003125,Yes,TP53,MODERATE,True,False
ACH-002801,Yes,TP53,HIGH,True,True
ACH-000090,Yes,TP53,HIGH,True,False
ACH-003121,Yes,TP53,HIGH,True,False
ACH-000371,Yes,TP53,MODERATE,True,False
ACH-000551,Yes,TP53,HIGH,True,False
ACH-002061,Yes,TP53,HIGH,True,False
ACH-000713,Yes,TP53,HIGH,True,True
ACH-002922,Yes,TP53,MODERATE,True,True
ACH-000279,Yes,TP53,MODERATE,True,True
ACH-000826,Yes,TP53,MODERATE,True,True
ACH-000383,Yes,TP53,MODERATE,True,True
ACH-001442,Yes,TP53,MODERATE,True,True
ACH-000312,Yes,TP53,MODERATE,True,True
ACH-000222,Yes,TP53,HIGH,True,False
ACH-000062,Yes,TP53,HIGH,True,False
ACH-000401,Yes,TP53,MODERATE,True,True
ACH-002499,Yes,TP53,MODERATE,True,True
ACH-000005,Yes,TP53,MODERATE,True,True
ACH-000005,No,TP53,MODERATE,True,True
ACH-000004,Yes,TP53,MODERATE,True,True
ACH-002020,No,TP53,MODERATE,True,True
ACH-000363,Yes,TP53,MODERATE,True,True
ACH-001694,Yes,TP53,MODERATE,True,True
ACH-002020,Yes,TP53,MODERATE,True,True
ACH-000074,Yes,TP53,MODERATE,True,True
ACH-003273,Yes,TP53,MODERATE,True,True
ACH-000536,Yes,TP53,MODERATE,True,True
ACH-002659,Yes,TP53,MODERATE,True,True
ACH-000320,Yes,TP53,MODERATE,True,True
ACH-000857,Yes,TP53,MODERATE,True,True
ACH-002005,Yes,TP53,MODERATE,True,True
ACH-000901,Yes,TP53,MODERATE,True,True
ACH-000617,Yes,TP53,MODERATE,True,True
ACH-000257,Yes,TP53,HIGH,True,False
ACH-000325,Yes,TP53,HIGH,True,False
ACH-000251,Yes,TP53,MODERATE,True,True
ACH-001804,Yes,TP53,MODERATE,True,True
ACH-000517,Yes,TP53,MODERATE,True,True
ACH-002446,Yes,TP53,MODERATE,True,True
ACH-000985,Yes,TP53,HIGH,True,False
ACH-000018,Yes,TP53,HIGH,True,False
ACH-000127,Yes,TP53,HIGH,True,False
ACH-000426,Yes,TP53,HIGH,True,False
ACH-000966,Yes,TP53,MODERATE,True,True
ACH-000771,Yes,TP53,HIGH,True,True
ACH-000696,Yes,TP53,HIGH,True,True
ACH-000487,Yes,TP53,HIGH,True,True
ACH-000623,Yes,TP53,HIGH,True,True
ACH-000493,Yes,TP53,HIGH,True,True
ACH-000637,Yes,TP53,HIGH,True,True
ACH-000796,Yes,TP53,HIGH,True,False
ACH-001699,Yes,TP53,HIGH,True,True
ACH-000576,Yes,TP53,HIGH,True,True
ACH-000438,Yes,TP53,LOW,True,True
ACH-000101,Yes,TP53,LOW,True,True
ACH-000101,No,TP53,LOW,True,True
ACH-000978,Yes,TP53,LOW,True,True
ACH-001745,Yes,TP53,LOW,True,True
ACH-001489,Yes,TP53,LOW,True,True
ACH-000782,Yes,TP53,LOW,True,True
ACH-002936,Yes,TP53,LOW,True,True
ACH-000995,Yes,TP53,LOW,True,True
ACH-000355,Yes,TP53,LOW,True,True
ACH-001735,Yes,TP53,LOW,True,True
ACH-001736,Yes,TP53,MODERATE,False,True
ACH-000370,Yes,TP53,MODERATE,False,True
ACH-002708,Yes,TP53,MODERATE,False,False
ACH-001691,Yes,TP53,MODERATE,True,True
ACH-000942,Yes,TP53,HIGH,True,True
ACH-000308,Yes,TP53,MODERATE,True,False
ACH-000370,Yes,TP53,HIGH,True,False
ACH-000754,Yes,TP53,MODERATE,True,False
ACH-000784,Yes,TP53,MODERATE,True,True
ACH-000052,Yes,TP53,HIGH,True,False
ACH-000680,Yes,TP53,HIGH,True,False
ACH-000548,Yes,TP53,HIGH,True,False
ACH-001197,Yes,TP53,MODERATE,True,True
ACH-000522,Yes,TP53,MODERATE,True,True
ACH-000676,Yes,TP53,MODERATE,True,True
ACH-000469,Yes,TP53,MODERATE,True,True
ACH-000253,Yes,TP53,HIGH,True,False
ACH-000839,Yes,TP53,MODERATE,True,True
ACH-000475,Yes,TP53,MODERATE,True,True
ACH-000488,Yes,TP53,MODERATE,True,True
ACH-001712,Yes,TP53,MODERATE,True,True
ACH-000777,Yes,TP53,MODERATE,True,True
ACH-001641,Yes,TP53,MODERATE,True,True
ACH-002693,Yes,TP53,MODERATE,True,True
ACH-000366,Yes,TP53,MODERATE,True,True
ACH-000356,Yes,TP53,MODERATE,True,True
ACH-000111,Yes,TP53,MODERATE,True,False
ACH-002042,Yes,TP53,MODERATE,True,False
ACH-000585,Yes,TP53,HIGH,True,True
ACH-000253,Yes,TP53,HIGH,True,False
ACH-000261,Yes,TP53,HIGH,True,True
ACH-001863,Yes,TP53,HIGH,True,True
ACH-000091,Yes,TP53,HIGH,True,False
ACH-000347,Yes,TP53,HIGH,True,False
ACH-000595,Yes,TP53,MODERATE,False,False
ACH-001421,Yes,TP53,MODERATE,False,False
ACH-000621,Yes,TP53,HIGH,True,False
ACH-000994,Yes,TP53,MODERATE,False,False
ACH-000667,Yes,TP53,HIGH,True,True
ACH-002532,Yes,TP53,HIGH,True,False
ACH-002038,Yes,TP53,HIGH,True,False
ACH-000544,Yes,TP53,HIGH,True,False
ACH-000811,Yes,TP53,HIGH,True,False
ACH-000955,Yes,TP53,HIGH,True,False
ACH-000940,Yes,TP53,HIGH,True,False
ACH-002675,Yes,TP53,HIGH,True,False
ACH-003177,Yes,TP53,HIGH,True,False
ACH-002695,Yes,TP53,HIGH,True,False
ACH-000277,Yes,TP53,HIGH,True,False
ACH-002142,Yes,TP53,HIGH,True,False
ACH-000988,Yes,TP53,MODERATE,False,False
ACH-000924,Yes,TP53,HIGH,True,False
ACH-000956,Yes,TP53,HIGH,True,False
ACH-000969,Yes,TP53,HIGH,True,False
ACH-000785,Yes,TP53,HIGH,True,True
ACH-000416,Yes,TP53,HIGH,True,True
ACH-000934,Yes,TP53,HIGH,True,True
ACH-000698,Yes,TP53,HIGH,True,True
ACH-001543,Yes,TP53,HIGH,True,False
ACH-000820,Yes,TP53,HIGH,True,True
ACH-000866,Yes,TP53,HIGH,True,False
ACH-002529,Yes,TP53,HIGH,True,False
ACH-000766,Yes,TP53,HIGH,True,False
ACH-000921,Yes,TP53,HIGH,True,False
ACH-000596,Yes,TP53,HIGH,True,False
ACH-002399,Yes,TP53,HIGH,True,False
ACH-002401,Yes,TP53,HIGH,True,False
ACH-002400,Yes,TP53,HIGH,True,False
ACH-000936,Yes,TP53,HIGH,True,True
ACH-000767,Yes,TP53,HIGH,True,True
ACH-002681,Yes,TP53,HIGH,True,True
ACH-001395,Yes,TP53,HIGH,True,False
ACH-000311,Yes,TP53,MODERATE,False,False
ACH-000986,Yes,TP53,HIGH,True,False
ACH-000608,Yes,TP53,HIGH,True,False
ACH-000514,Yes,CTNNB1,MODERATE,False,False
ACH-000801,Yes,CTNNB1,HIGH,True,False
ACH-000942,Yes,CTNNB1,MODERATE,False,False
ACH-000007,Yes,CTNNB1,MODERATE,False,False
ACH-000696,Yes,CTNNB1,MODERATE,False,False
ACH-000507,Yes,CTNNB1,MODERATE,False,True
ACH-001280,Yes,CTNNB1,MODERATE,False,True
ACH-000946,Yes,CTNNB1,MODERATE,False,True
ACH-000958,Yes,CTNNB1,MODERATE,False,True
ACH-001988,Yes,CTNNB1,MODERATE,False,True
ACH-001275,Yes,CTNNB1,MODERATE,False,True
ACH-000671,Yes,CTNNB1,MODERATE,False,True
ACH-000898,Yes,CTNNB1,MODERATE,False,True
ACH-000880,Yes,CTNNB1,MODERATE,False,True
ACH-002017,Yes,CTNNB1,MODERATE,False,True
ACH-000048,Yes,CTNNB1,MODERATE,False,True
ACH-002026,Yes,CTNNB1,MODERATE,False,True
ACH-000974,Yes,CTNNB1,MODERATE,False,True
ACH-001974,Yes,CTNNB1,MODERATE,False,True
ACH-000538,Yes,CTNNB1,MODERATE,False,True
ACH-000221,Yes,CTNNB1,MODERATE,False,True
ACH-000955,Yes,CTNNB1,MODERATE,False,True
ACH-002843,Yes,CTNNB1,MODERATE,False,True
ACH-000963,Yes,CTNNB1,MODERATE,False,True
ACH-002023,Yes,CTNNB1,MODERATE,False,True
ACH-000971,Yes,CTNNB1,MODERATE,False,True
ACH-001598,Yes,CTNNB1,MODERATE,False,True
ACH-000182,Yes,CTNNB1,MODERATE,False,True
ACH-000247,Yes,CTNNB1,MODERATE,False,True
ACH-003106,Yes,CTNNB1,MODERATE,False,True
ACH-000957,Yes,CTNNB1,MODERATE,False,True
ACH-000878,Yes,CTNNB1,MODERATE,False,True
ACH-002722,Yes,CTNNB1,MODERATE,False,True
ACH-001979,Yes,CTNNB1,MODERATE,False,True
ACH-002544,Yes,CTNNB1,MODERATE,False,False
ACH-003273,Yes,CTNNB1,MODERATE,False,False
ACH-002544,Yes,CTNNB1,MODERATE,False,False
ACH-000937,Yes,CTNNB1,MODERATE,False,False
ACH-000009,Yes,CTNNB1,MODERATE,False,False
ACH-000979,Yes,CTNNB1,MODERATE,False,False
ACH-000661,Yes,CTNNB1,MODERATE,False,False
ACH-001949,Yes,CTNNB1,MODERATE,False,False
ACH-001333,Yes,CTNNB1,MODERATE,False,False
ACH-000954,Yes,CTNNB1,MODERATE,False,False
ACH-002886,Yes,CTNNB1,MODERATE,False,False
ACH-000061,Yes,CTNNB1,HIGH,True,False
ACH-000364,Yes,CTNNB1,HIGH,True,False
ACH-000653,Yes,CTNNB1,MODERATE,False,False
ACH-001972,Yes,CTNNB1,MODERATE,False,False
ACH-002539,Yes,CTNNB1,MODERATE,False,False
ACH-000878,Yes,CTNNB1,HIGH,True,False
ACH-000982,Yes,CTNNB1,MODERATE,False,False
ACH-000265,No,KRAS,MODERATE,False,False
ACH-000745,Yes,KRAS,MODERATE,False,False
ACH-000745,No,KRAS,MODERATE,False,False
ACH-001786,Yes,KRAS,MODERATE,False,False
ACH-001366,No,KRAS,MODERATE,False,False
ACH-002263,Yes,KRAS,HIGH,True,False
ACH-000564,Yes,KRAS,MODERATE,False,False
ACH-002195,Yes,KRAS,MODERATE,False,False
ACH-001459,Yes,KRAS,MODERATE,False,True
ACH-000218,No,KRAS,MODERATE,False,True
ACH-001634,Yes,KRAS,MODERATE,False,True
ACH-000218,Yes,KRAS,MODERATE,False,True
ACH-000838,No,KRAS,MODERATE,False,True
ACH-002464,No,KRAS,MODERATE,False,True
ACH-000838,No,KRAS,MODERATE,False,True
ACH-000252,Yes,KRAS,MODERATE,False,True
ACH-002246,Yes,KRAS,MODERATE,False,True
ACH-002316,Yes,KRAS,MODERATE,False,True
ACH-000388,Yes,KRAS,MODERATE,False,True
ACH-001081,Yes,KRAS,MODERATE,False,True
ACH-002462,Yes,KRAS,MODERATE,False,True
ACH-002273,Yes,KRAS,MODERATE,False,True
ACH-000991,Yes,KRAS,MODERATE,False,True
ACH-000998,Yes,KRAS,MODERATE,False,False
ACH-000630,No,KRAS,MODERATE,False,False
ACH-000696,No,KRAS,MODERATE,False,False
ACH-000287,Yes,KRAS,MODERATE,False,False
ACH-001456,Yes,KRAS,MODERATE,False,True
ACH-000373,No,KRAS,MODERATE,False,True
ACH-000397,No,KRAS,MODERATE,False,False
ACH-000178,Yes,KRAS,MODERATE,False,True
ACH-001852,Yes,KRAS,MODERATE,False,True
ACH-000463,No,KRAS,MODERATE,False,True
ACH-000085,No,KRAS,MODERATE,False,True
ACH-000249,No,KRAS,MODERATE,False,True
ACH-001647,No,KRAS,MODERATE,False,True
ACH-000980,Yes,KRAS,MODERATE,False,True
ACH-000249,No,KRAS,MODERATE,False,True
ACH-000178,No,KRAS,MODERATE,False,True
ACH-000680,No,KRAS,MODERATE,False,True
ACH-001855,Yes,KRAS,MODERATE,False,True
ACH-000031,Yes,KRAS,MODERATE,False,True
ACH-002024,No,KRAS,MODERATE,False,True
ACH-000945,No,KRAS,MODERATE,False,True
ACH-000344,No,KRAS,MODERATE,False,True
ACH-000264,No,KRAS,MODERATE,False,True
ACH-000947,No,KRAS,MODERATE,False,True
ACH-000989,No,KRAS,MODERATE,False,True
ACH-000989,Yes,KRAS,MODERATE,False,True
ACH-001001,No,KRAS,MODERATE,False,True
ACH-000761,Yes,KRAS,MODERATE,False,False
ACH-000173,Yes,KRAS,MODERATE,False,True
ACH-003459,Yes,KRAS,MODERATE,False,False
ACH-000156,Yes,KRAS,MODERATE,False,False
ACH-000156,No,KRAS,MODERATE,False,False
ACH-001991,Yes,KRAS,MODERATE,False,False
ACH-000875,Yes,KRAS,MODERATE,False,True
ACH-000294,No,KRAS,MODERATE,False,False
ACH-000294,Yes,KRAS,MODERATE,False,False
ACH-000728,No,KRAS,MODERATE,False,False
ACH-000249,No,KRAS,MODERATE,False,False
ACH-000922,No,KRAS,MODERATE,False,False
ACH-000249,No,KRAS,MODERATE,False,False
ACH-000378,No,KRAS,MODERATE,False,True
ACH-000872,No,KRAS,MODERATE,False,True
ACH-000950,No,KRAS,MODERATE,False,True
ACH-000285,Yes,KRAS,MODERATE,False,True
ACH-000971,No,KRAS,MODERATE,False,True
ACH-001708,Yes,KRAS,MODERATE,False,True
ACH-000768,No,KRAS,MODERATE,False,True
ACH-000414,No,KRAS,MODERATE,False,True
ACH-000168,No,KRAS,MODERATE,False,True
ACH-000414,Yes,KRAS,MODERATE,False,True
ACH-000381,No,KRAS,MODERATE,False,True
ACH-001850,Yes,KRAS,MODERATE,False,True
ACH-000997,No,KRAS,MODERATE,False,True
ACH-001061,No,KRAS,MODERATE,False,True
ACH-000403,No,KRAS,MODERATE,False,True
ACH-000925,Yes,KRAS,MODERATE,False,True
ACH-000885,No,KRAS,MODERATE,False,True
ACH-000666,No,KRAS,MODERATE,False,True
ACH-000851,Yes,KRAS,MODERATE,False,True
ACH-000885,Yes,KRAS,MODERATE,False,True
ACH-000675,Yes,KRAS,MODERATE,False,True
ACH-001538,Yes,KRAS,MODERATE,False,True
ACH-002464,No,KRAS,MODERATE,False,False
ACH-002466,Yes,KRAS,MODERATE,False,False
ACH-002463,No,KRAS,MODERATE,False,False
ACH-002465,No,KRAS,MODERATE,False,False
ACH-002462,Yes,KRAS,MODERATE,False,False
ACH-002467,Yes,KRAS,MODERATE,False,False
ACH-001494,No,KRAS,MODERATE,False,True
ACH-000803,No,KRAS,MODERATE,False,True
ACH-000932,No,KRAS,MODERATE,False,True
ACH-000007,No,KRAS,MODERATE,False,True
ACH-000757,No,KRAS,MODERATE,False,True
ACH-000354,No,KRAS,MODERATE,False,True
ACH-000974,No,KRAS,MODERATE,False,True
ACH-001654,Yes,KRAS,MODERATE,False,True
ACH-000412,Yes,KRAS,MODERATE,False,True
ACH-000347,No,KRAS,MODERATE,False,True
ACH-000662,No,KRAS,MODERATE,False,True
ACH-000060,No,KRAS,MODERATE,False,True
ACH-003429,Yes,KRAS,MODERATE,False,True
ACH-000251,No,KRAS,MODERATE,False,True
ACH-001654,No,KRAS,MODERATE,False,True
ACH-001843,Yes,KRAS,MODERATE,False,True
ACH-000205,Yes,KRAS,MODERATE,False,True
ACH-000266,Yes,KRAS,MODERATE,False,True
ACH-000489,Yes,KRAS,MODERATE,False,True
ACH-000790,No,KRAS,MODERATE,False,True
ACH-000023,No,KRAS,MODERATE,False,True
ACH-000446,Yes,KRAS,MODERATE,False,True
ACH-001151,No,KRAS,MODERATE,False,True
ACH-000820,No,KRAS,MODERATE,False,True
ACH-000685,Yes,KRAS,MODERATE,False,True
ACH-001345,Yes,KRAS,MODERATE,False,True
ACH-000817,No,KRAS,MODERATE,False,True
ACH-002026,No,KRAS,MODERATE,False,True
ACH-000400,No,KRAS,MODERATE,False,True
ACH-001494,No,KRAS,MODERATE,False,True
ACH-001098,Yes,KRAS,MODERATE,False,True
ACH-000565,Yes,KRAS,MODERATE,False,True
ACH-000339,Yes,KRAS,MODERATE,False,True
ACH-002102,Yes,KRAS,MODERATE,False,True
ACH-000967,No,KRAS,MODERATE,False,True
ACH-002186,Yes,KRAS,MODERATE,False,True
ACH-000775,Yes,KRAS,MODERATE,False,True
ACH-001541,Yes,KRAS,MODERATE,False,True
ACH-000094,Yes,KRAS,MODERATE,False,True
ACH-000941,No,KRAS,MODERATE,False,True
ACH-003430,Yes,KRAS,MODERATE,False,True
ACH-000798,No,KRAS,MODERATE,False,True
ACH-000089,Yes,KRAS,MODERATE,False,True
ACH-000350,No,KRAS,MODERATE,False,True
ACH-000042,No,KRAS,MODERATE,False,True
ACH-000400,No,KRAS,MODERATE,False,True
ACH-000596,No,KRAS,MODERATE,False,True
ACH-000763,No,KRAS,MODERATE,False,True
ACH-001100,No,KRAS,MODERATE,False,True
ACH-000791,No,KRAS,MODERATE,False,True
ACH-000796,No,KRAS,MODERATE,False,True
ACH-000976,No,KRAS,MODERATE,False,True
ACH-000669,No,KRAS,MODERATE,False,True
ACH-000974,No,KRAS,MODERATE,False,True
ACH-000186,Yes,KRAS,MODERATE,False,True
ACH-000599,No,KRAS,MODERATE,False,True
ACH-001353,Yes,KRAS,MODERATE,False,True
ACH-000460,No,KRAS,MODERATE,False,True
ACH-002140,Yes,KRAS,MODERATE,False,True
ACH-000243,No,KRAS,MODERATE,False,True
ACH-000235,No,KRAS,MODERATE,False,True
ACH-000155,No,KRAS,MODERATE,False,True
ACH-001106,No,KRAS,MODERATE,False,True
ACH-000957,No,KRAS,MODERATE,False,True
ACH-000332,No,KRAS,MODERATE,False,True
ACH-001399,Yes,KRAS,MODERATE,False,True
ACH-000505,No,KRAS,MODERATE,False,True
ACH-000265,No,KRAS,MODERATE,False,True
ACH-000193,Yes,KRAS,MODERATE,False,True
ACH-001517,No,KRAS,MODERATE,False,True
ACH-000505,No,KRAS,MODERATE,False,True
ACH-000954,No,KRAS,MODERATE,False,True
ACH-001382,Yes,KRAS,MODERATE,False,True
ACH-000763,No,KRAS,MODERATE,False,True
ACH-001460,Yes,KRAS,MODERATE,False,True
ACH-000599,No,KRAS,MODERATE,False,True
ACH-000042,No,KRAS,MODERATE,False,True
ACH-001376,Yes,KRAS,MODERATE,False,True
ACH-000309,Yes,KRAS,MODERATE,False,True
ACH-000485,Yes,KRAS,MODERATE,False,True
ACH-001999,Yes,KRAS,MODERATE,False,True
ACH-002027,No,KRAS,MODERATE,False,True
ACH-001345,No,KRAS,MODERATE,False,True
ACH-000108,No,KRAS,MODERATE,False,True
ACH-000107,Yes,KRAS,MODERATE,False,True
ACH-000222,No,KRAS,MODERATE,False,True
ACH-001738,Yes,KRAS,MODERATE,False,True
ACH-000955,No,KRAS,MODERATE,False,True
ACH-001106,No,KRAS,MODERATE,False,True
ACH-001399,No,KRAS,MODERATE,False,True
ACH-001536,Yes,KRAS,MODERATE,False,True
ACH-000721,No,KRAS,MODERATE,False,True
ACH-000139,No,KRAS,MODERATE,False,True
ACH-001650,Yes,KRAS,MODERATE,False,True
ACH-000138,Yes,KRAS,MODERATE,False,True
ACH-000831,No,KRAS,MODERATE,False,True
ACH-001849,Yes,KRAS,MODERATE,False,True
ACH-000182,No,KRAS,MODERATE,False,True
ACH-000532,No,KRAS,MODERATE,False,True
ACH-001199,Yes,KRAS,MODERATE,False,True
ACH-001394,Yes,KRAS,MODERATE,False,True
ACH-000286,No,KRAS,MODERATE,False,True
ACH-000949,Yes,KRAS,MODERATE,False,True
ACH-000662,No,KRAS,MODERATE,False,True
ACH-000652,No,KRAS,MODERATE,False,True
ACH-000468,No,KRAS,MODERATE,False,True
ACH-000467,Yes,KRAS,MODERATE,False,True
ACH-000235,No,KRAS,MODERATE,False,True
ACH-000517,No,KRAS,MODERATE,False,True
ACH-000798,Yes,KRAS,MODERATE,False,True
ACH-000774,Yes,KRAS,MODERATE,False,True
ACH-000022,No,KRAS,MODERATE,False,True
ACH-000688,No,KRAS,MODERATE,False,True
ACH-000764,No,KRAS,MODERATE,False,True
ACH-001607,Yes,KRAS,MODERATE,False,True
ACH-000757,Yes,KRAS,MODERATE,False,True
ACH-002164,Yes,KRAS,MODERATE,False,True
ACH-001107,Yes,KRAS,MODERATE,False,True
ACH-000417,No,KRAS,MODERATE,False,True
ACH-000213,Yes,KRAS,MODERATE,False,True
ACH-000638,Yes,KRAS,MODERATE,False,True
ACH-000813,Yes,KRAS,MODERATE,False,True
ACH-000419,Yes,KRAS,MODERATE,False,True
ACH-000093,No,KRAS,MODERATE,False,True
ACH-000916,Yes,KRAS,MODERATE,False,True
ACH-001517,Yes,KRAS,MODERATE,False,True
ACH-000193,No,KRAS,MODERATE,False,True
ACH-000596,No,KRAS,MODERATE,False,True
ACH-001856,Yes,KRAS,MODERATE,False,True
ACH-000651,No,KRAS,MODERATE,False,True
ACH-000880,No,KRAS,MODERATE,False,True
ACH-000307,No,KRAS,MODERATE,False,True
ACH-001375,Yes,KRAS,MODERATE,False,True
ACH-000542,No,KRAS,MODERATE,False,True
ACH-000270,No,KRAS,MODERATE,False,True
ACH-000532,No,KRAS,MODERATE,False,True
ACH-000114,No,KRAS,MODERATE,False,True
ACH-000886,Yes,KRAS,MODERATE,False,True
ACH-001379,Yes,KRAS,MODERATE,False,True
ACH-000736,No,KRAS,MODERATE,False,True
ACH-001862,Yes,KRAS,MODERATE,False,True
ACH-000718,No,KRAS,MODERATE,False,True
ACH-001378,Yes,KRAS,MODERATE,False,True
ACH-001857,Yes,KRAS,MODERATE,False,True
ACH-000718,No,KRAS,MODERATE,False,True
ACH-000522,No,KRAS,MODERATE,False,True
ACH-001402,No,KRAS,MODERATE,False,True
ACH-000601,No,KRAS,MODERATE,False,True
ACH-001355,Yes,KRAS,MODERATE,False,True
ACH-000845,No,KRAS,MODERATE,False,True
ACH-000677,Yes,KRAS,MODERATE,False,True
ACH-000091,No,KRAS,MODERATE,False,True
ACH-000921,No,KRAS,MODERATE,False,True
ACH-000496,No,KRAS,MODERATE,False,True
ACH-000444,No,KRAS,MODERATE,False,True
ACH-001402,Yes,KRAS,MODERATE,False,True
ACH-000502,No,KRAS,MODERATE,False,True
ACH-000421,No,KRAS,MODERATE,False,True
ACH-000521,No,KRAS,MODERATE,False,True
ACH-000501,Yes,KRAS,MODERATE,False,True
ACH-000174,No,KRAS,MODERATE,False,True
ACH-000426,No,KRAS,MODERATE,False,True
ACH-002039,No,KRAS,MODERATE,False,True
ACH-000672,No,KRAS,MODERATE,False,True
ACH-000900,No,KRAS,MODERATE,False,True
ACH-000564,Yes,KRAS,MODERATE,False,True
ACH-001521,Yes,KRAS,MODERATE,False,True
ACH-002337,Yes,KRAS,MODERATE,False,True
ACH-000861,No,KRAS,MODERATE,False,True
ACH-000677,No,KRAS,MODERATE,False,True
ACH-000438,No,KRAS,MODERATE,False,True
ACH-000809,No,KRAS,MODERATE,False,True
ACH-000667,No,KRAS,MODERATE,False,True
ACH-000860,Yes,KRAS,MODERATE,False,True
ACH-000118,No,KRAS,MODERATE,False,True
ACH-002025,No,KRAS,MODERATE,False,True
ACH-000320,No,KRAS,MODERATE,False,True
ACH-000672,Yes,KRAS,MODERATE,False,True
ACH-000311,No,KRAS,MODERATE,False,True
ACH-000281,No,KRAS,MODERATE,False,True
ACH-000681,No,KRAS,MODERATE,False,True
ACH-000511,No,KRAS,MODERATE,False,True
ACH-000470,No,KRAS,MODERATE,False,True
ACH-000889,No,KRAS,MODERATE,False,False
ACH-000895,Yes,TP53,HIGH,True,False
ACH-000949,Yes,TP53,HIGH,True,False
ACH-000202,No,TP53,HIGH,True,False
ACH-002298,Yes,TP53,HIGH,True,False
ACH-000997,No,TP53,HIGH,True,False
ACH-001061,No,TP53,HIGH,True,False
ACH-001416,Yes,TP53,HIGH,True,False
ACH-000720,No,TP53,HIGH,True,True
ACH-001569,Yes,TP53,MODERATE,True,False
ACH-000701,No,TP53,MODERATE,True,False
ACH-000803,No,TP53,MODERATE,True,False
ACH-002236,Yes,TP53,HIGH,True,False
ACH-000990,Yes,TP53,MODERATE,False,False
ACH-000824,Yes,TP53,HIGH,True,True
ACH-000273,No,TP53,HIGH,True,False
ACH-001676,No,TP53,HIGH,True,True
ACH-000353,Yes,TP53,HIGH,True,True
ACH-000397,No,TP53,HIGH,True,True
ACH-002287,Yes,TP53,HIGH,True,True
ACH-003473,Yes,TP53,HIGH,True,True
ACH-001460,Yes,TP53,HIGH,True,True
ACH-001719,Yes,TP53,HIGH,True,True
ACH-001340,Yes,TP53,HIGH,True,True
ACH-000622,No,TP53,HIGH,True,True
ACH-000554,No,TP53,HIGH,True,True
ACH-000409,No,TP53,HIGH,True,True
ACH-001032,Yes,TP53,HIGH,True,True
ACH-000217,No,TP53,HIGH,True,False
ACH-000217,No,TP53,HIGH,True,False
ACH-000845,No,TP53,HIGH,True,True
ACH-000865,No,TP53,HIGH,True,True
ACH-000380,No,TP53,MODERATE,True,True
ACH-000380,Yes,TP53,MODERATE,True,True
ACH-001354,No,TP53,MODERATE,True,True
ACH-000809,No,TP53,MODERATE,True,True
ACH-002029,No,TP53,HIGH,True,True
ACH-002029,No,TP53,HIGH,True,True
ACH-000896,No,TP53,HIGH,True,True
ACH-002199,Yes,TP53,HIGH,True,True
ACH-000523,No,TP53,MODERATE,False,True
ACH-002307,Yes,TP53,HIGH,True,False
ACH-000543,Yes,TP53,HIGH,True,False
ACH-000271,No,TP53,HIGH,True,False
ACH-001143,No,TP53,HIGH,True,False
ACH-000271,Yes,TP53,HIGH,True,False
ACH-000484,No,TP53,HIGH,True,False
ACH-000243,No,TP53,HIGH,True,False
ACH-001353,Yes,TP53,HIGH,True,False
ACH-000557,No,TP53,HIGH,True,False
ACH-001609,No,TP53,HIGH,True,False
ACH-000502,No,TP53,HIGH,True,False
ACH-000021,No,TP53,HIGH,True,False
ACH-000956,No,TP53,MODERATE,True,False
ACH-000956,No,TP53,MODERATE,True,False
ACH-000447,No,TP53,HIGH,True,True
ACH-000512,Yes,TP53,HIGH,True,True
ACH-001607,Yes,TP53,HIGH,True,True
ACH-000741,Yes,TP53,HIGH,True,True
ACH-001382,Yes,TP53,HIGH,True,False
ACH-002289,Yes,TP53,HIGH,True,True
ACH-000777,No,TP53,MODERATE,True,False
ACH-000037,No,TP53,HIGH,True,True
ACH-000506,No,TP53,HIGH,True,False
ACH-000537,No,TP53,HIGH,True,False
ACH-001048,Yes,TP53,HIGH,True,False
ACH-000582,No,TP53,HIGH,True,False
ACH-000510,No,TP53,MODERATE,False,False
ACH-000396,Yes,TP53,MODERATE,False,False
ACH-000616,No,TP53,HIGH,True,False
ACH-000301,No,TP53,HIGH,True,False
ACH-000315,No,TP53,HIGH,True,False
ACH-000510,No,TP53,HIGH,True,False
ACH-000405,No,TP53,HIGH,True,False
ACH-000987,Yes,TP53,HIGH,True,True
ACH-003459,Yes,TP53,HIGH,True,True
ACH-000835,No,TP53,HIGH,True,False
ACH-002113,Yes,TP53,HIGH,True,False
ACH-001433,No,TP53,HIGH,True,False
ACH-000679,No,TP53,HIGH,True,False
ACH-002024,No,TP53,HIGH,True,False
ACH-000651,No,TP53,MODERATE,False,False
ACH-000794,Yes,TP53,HIGH,True,False
ACH-002269,Yes,TP53,HIGH,True,False
ACH-000187,No,TP53,HIGH,True,False
ACH-000732,No,TP53,HIGH,True,False
ACH-000439,No,TP53,HIGH,True,False
ACH-000439,No,TP53,HIGH,True,False
ACH-002255,Yes,TP53,HIGH,True,False
ACH-002168,Yes,TP53,HIGH,True,False
ACH-000747,No,TP53,HIGH,True,False
ACH-000192,No,TP53,HIGH,True,False
ACH-000407,No,TP53,HIGH,True,False
ACH-000879,No,TP53,HIGH,True,True
ACH-002132,Yes,TP53,HIGH,True,True
ACH-000778,No,TP53,HIGH,True,False
ACH-000565,Yes,TP53,HIGH,True,True
ACH-001347,Yes,TP53,HIGH,True,True
ACH-001127,Yes,TP53,HIGH,True,True
ACH-001959,Yes,TP53,HIGH,True,True
ACH-000326,No,TP53,HIGH,True,True
ACH-000326,No,TP53,HIGH,True,True
ACH-000695,Yes,TP53,HIGH,True,True
ACH-000879,No,TP53,HIGH,True,True
ACH-000223,No,TP53,HIGH,True,True
ACH-001379,Yes,TP53,HIGH,True,True
ACH-000981,No,TP53,HIGH,True,False
ACH-000983,No,TP53,HIGH,True,False
ACH-000983,No,TP53,HIGH,True,False
ACH-000981,No,TP53,HIGH,True,False
ACH-000921,No,TP53,HIGH,True,True
ACH-000665,No,TP53,HIGH,True,True
ACH-000741,Yes,TP53,MODERATE,False,False
ACH-002154,Yes,TP53,HIGH,True,False
ACH-000930,No,TP53,HIGH,True,True
ACH-000398,Yes,TP53,HIGH,True,True
ACH-002145,Yes,TP53,HIGH,True,True
ACH-000789,Yes,TP53,HIGH,True,False
ACH-002045,No,TP53,HIGH,True,False
ACH-000339,Yes,TP53,MODERATE,False,False
ACH-000339,Yes,TP53,MODERATE,True,False
ACH-000912,No,TP53,HIGH,True,False
ACH-000434,No,TP53,HIGH,True,False
ACH-000079,Yes,TP53,MODERATE,False,False
ACH-000434,Yes,TP53,HIGH,True,False
ACH-001993,No,TP53,HIGH,True,False
ACH-000516,No,TP53,MODERATE,False,False
ACH-000993,Yes,TP53,MODERATE,True,False
ACH-000707,Yes,TP53,HIGH,True,True
ACH-001960,Yes,TP53,MODERATE,True,True
ACH-000204,No,TP53,MODERATE,True,True
ACH-000152,No,TP53,MODERATE,True,True
ACH-000204,No,TP53,MODERATE,True,True
ACH-001118,Yes,TP53,MODERATE,True,True
ACH-000337,No,TP53,MODERATE,True,True
ACH-000337,No,TP53,MODERATE,True,True
ACH-000181,Yes,TP53,HIGH,True,False
ACH-001412,Yes,TP53,MODERATE,True,True
ACH-000666,No,TP53,MODERATE,True,True
ACH-000817,No,TP53,MODERATE,True,True
ACH-001525,No,TP53,MODERATE,True,True
ACH-000927,No,TP53,MODERATE,True,True
ACH-001961,Yes,TP53,MODERATE,True,True
ACH-002246,Yes,TP53,HIGH,True,False
ACH-000725,No,TP53,HIGH,True,False
ACH-000810,No,TP53,HIGH,True,False
ACH-001674,No,TP53,MODERATE,False,False
ACH-001674,No,TP53,MODERATE,False,False
ACH-001599,Yes,TP53,MODERATE,True,True
ACH-000323,No,TP53,MODERATE,True,True
ACH-000142,No,TP53,MODERATE,True,True
ACH-002284,Yes,TP53,MODERATE,True,True
ACH-000023,No,TP53,MODERATE,True,True
ACH-000871,No,TP53,MODERATE,True,True
ACH-000443,Yes,TP53,MODERATE,True,True
ACH-001850,Yes,TP53,MODERATE,True,True
ACH-000022,No,TP53,MODERATE,True,True
ACH-000118,No,TP53,MODERATE,True,True
ACH-001664,Yes,TP53,MODERATE,True,True
ACH-002268,Yes,TP53,MODERATE,True,True
ACH-000435,No,TP53,MODERATE,True,True
ACH-000455,No,TP53,MODERATE,True,True
ACH-001690,Yes,TP53,MODERATE,True,True
ACH-002211,Yes,TP53,MODERATE,False,True
ACH-000623,No,TP53,MODERATE,True,True
ACH-000524,No,TP53,MODERATE,True,True
ACH-000833,No,TP53,MODERATE,True,True
ACH-000783,No,TP53,MODERATE,True,True
ACH-000768,No,TP53,MODERATE,True,True
ACH-000905,No,TP53,MODERATE,True,True
ACH-000753,No,TP53,MODERATE,True,True
ACH-001408,Yes,TP53,MODERATE,True,True
ACH-000862,Yes,TP53,MODERATE,True,True
ACH-000458,Yes,TP53,MODERATE,True,True
ACH-002274,Yes,TP53,MODERATE,True,True
ACH-000703,No,TP53,HIGH,True,False
ACH-000703,No,TP53,HIGH,True,False
ACH-001686,Yes,TP53,MODERATE,True,True
ACH-001386,Yes,TP53,MODERATE,True,True
ACH-002285,Yes,TP53,MODERATE,True,True
ACH-002051,No,TP53,MODERATE,True,True
ACH-000963,No,TP53,MODERATE,True,True
ACH-000791,No,TP53,MODERATE,True,True
ACH-000765,Yes,TP53,MODERATE,True,True
ACH-000180,Yes,TP53,MODERATE,True,True
ACH-000678,No,TP53,MODERATE,True,True
ACH-000528,No,TP53,MODERATE,True,True
ACH-000649,No,TP53,MODERATE,True,True
ACH-001550,Yes,TP53,MODERATE,True,True
ACH-001493,Yes,TP53,HIGH,True,True
ACH-001500,No,TP53,MODERATE,True,True
ACH-001363,Yes,TP53,MODERATE,True,True
ACH-000890,No,TP53,MODERATE,True,True
ACH-001403,Yes,TP53,MODERATE,True,True
ACH-001500,Yes,TP53,MODERATE,True,True
ACH-002171,Yes,TP53,MODERATE,True,True
ACH-000096,No,TP53,MODERATE,True,True
ACH-000890,No,TP53,MODERATE,True,True
ACH-003460,Yes,TP53,MODERATE,True,True
ACH-000756,No,TP53,MODERATE,True,True
ACH-000867,No,TP53,MODERATE,True,True
ACH-001711,No,TP53,MODERATE,True,True
ACH-001711,No,TP53,MODERATE,True,True
ACH-001618,No,TP53,MODERATE,True,True
ACH-001053,No,TP53,MODERATE,True,True
ACH-000979,No,TP53,MODERATE,True,True
ACH-000788,No,TP53,MODERATE,True,True
ACH-001494,No,TP53,MODERATE,True,True
ACH-000937,No,TP53,MODERATE,True,True
ACH-000630,No,TP53,MODERATE,True,True
ACH-000984,Yes,TP53,MODERATE,True,True
ACH-001328,No,TP53,MODERATE,True,True
ACH-002181,Yes,TP53,MODERATE,True,True
ACH-000360,No,TP53,MODERATE,True,True
ACH-000232,No,TP53,MODERATE,True,True
ACH-002210,Yes,TP53,MODERATE,True,True
ACH-000733,Yes,TP53,MODERATE,True,True
ACH-000232,No,TP53,MODERATE,True,True
ACH-001494,No,TP53,MODERATE,True,True
ACH-000897,Yes,TP53,MODERATE,True,True
ACH-000655,No,TP53,MODERATE,True,True
ACH-000121,Yes,TP53,MODERATE,True,True
ACH-000967,No,TP53,MODERATE,True,True
ACH-001145,Yes,TP53,MODERATE,True,True
ACH-000888,No,TP53,MODERATE,True,True
ACH-000795,Yes,TP53,MODERATE,True,True
ACH-001539,Yes,TP53,MODERATE,True,True
ACH-000810,No,TP53,MODERATE,True,True
ACH-000006,Yes,TP53,MODERATE,True,True
ACH-000849,No,TP53,MODERATE,True,True
ACH-001450,Yes,TP53,MODERATE,True,True
ACH-000305,Yes,TP53,MODERATE,True,True
ACH-001038,No,TP53,MODERATE,True,True
ACH-000883,No,TP53,MODERATE,True,True
ACH-000978,No,TP53,MODERATE,True,True
ACH-000655,No,TP53,MODERATE,True,True
ACH-000914,No,TP53,MODERATE,True,True
ACH-002020,No,TP53,MODERATE,True,True
ACH-000587,No,TP53,MODERATE,True,True
ACH-000980,Yes,TP53,MODERATE,True,True
ACH-002067,No,TP53,MODERATE,True,True
ACH-001172,No,TP53,MODERATE,True,True
ACH-001328,Yes,TP53,MODERATE,True,True
ACH-001694,No,TP53,MODERATE,True,True
ACH-000994,No,TP53,MODERATE,True,True
ACH-000937,No,TP53,MODERATE,True,True
ACH-000586,No,TP53,MODERATE,True,True
ACH-001199,Yes,TP53,MODERATE,True,True
ACH-002046,No,TP53,MODERATE,True,True
ACH-001172,Yes,TP53,MODERATE,True,True
ACH-000652,No,TP53,MODERATE,True,True
ACH-000664,No,TP53,MODERATE,True,True
ACH-001533,No,TP53,MODERATE,True,True
ACH-000914,No,TP53,MODERATE,True,True
ACH-000953,No,TP53,MODERATE,True,True
ACH-001107,Yes,TP53,MODERATE,True,True
ACH-000744,Yes,TP53,MODERATE,True,True
ACH-000675,Yes,TP53,MODERATE,True,True
ACH-002066,No,TP53,MODERATE,True,True
ACH-000962,Yes,TP53,MODERATE,True,True
ACH-000651,No,TP53,MODERATE,True,True
ACH-000276,No,TP53,MODERATE,True,True
ACH-000903,No,TP53,MODERATE,True,True
ACH-002133,Yes,TP53,MODERATE,True,True
ACH-001129,No,TP53,MODERATE,True,True
ACH-000683,No,TP53,MODERATE,True,True
ACH-000886,Yes,TP53,MODERATE,True,True
ACH-000552,No,TP53,MODERATE,True,True
ACH-000736,No,TP53,MODERATE,True,True
ACH-000937,No,TP53,MODERATE,True,True
ACH-001610,No,TP53,MODERATE,True,True
ACH-001670,No,TP53,MODERATE,True,True
ACH-000988,No,TP53,MODERATE,True,True
ACH-000716,No,TP53,MODERATE,True,True
ACH-000041,No,TP53,MODERATE,True,True
ACH-000967,No,TP53,MODERATE,True,True
ACH-002127,Yes,TP53,MODERATE,True,True
ACH-000137,No,TP53,MODERATE,True,True
ACH-001333,No,TP53,MODERATE,True,True
ACH-000437,No,TP53,MODERATE,True,True
ACH-000883,No,TP53,MODERATE,True,True
ACH-001369,Yes,TP53,MODERATE,True,True
ACH-001277,No,TP53,MODERATE,True,True
ACH-000833,No,TP53,MODERATE,True,True
ACH-002110,Yes,TP53,MODERATE,True,True
ACH-001306,No,TP53,MODERATE,True,True
ACH-000365,No,TP53,MODERATE,True,True
ACH-001999,Yes,TP53,MODERATE,True,True
ACH-000461,No,TP53,MODERATE,True,True
ACH-000866,No,TP53,MODERATE,True,True
ACH-001513,Yes,TP53,MODERATE,True,True
ACH-001333,No,TP53,MODERATE,True,True
ACH-002112,Yes,TP53,MODERATE,True,True
ACH-000937,No,TP53,MODERATE,True,True
ACH-001199,Yes,TP53,MODERATE,True,True
ACH-001670,No,TP53,MODERATE,True,True
ACH-001394,Yes,TP53,MODERATE,True,True
ACH-000949,Yes,TP53,MODERATE,True,True
ACH-000342,Yes,TP53,MODERATE,True,True
ACH-000031,Yes,TP53,MODERATE,True,True
ACH-000866,No,TP53,MODERATE,True,True
ACH-002256,Yes,TP53,MODERATE,True,True
ACH-002294,Yes,TP53,MODERATE,True,True
ACH-000764,No,TP53,MODERATE,True,True
ACH-002093,Yes,TP53,MODERATE,True,True
ACH-000936,No,TP53,MODERATE,True,True
ACH-000636,Yes,TP53,MODERATE,True,True
ACH-000365,No,TP53,MODERATE,True,True
ACH-000566,Yes,TP53,MODERATE,True,True
ACH-001606,No,TP53,MODERATE,True,True
ACH-000053,No,TP53,MODERATE,True,True
ACH-000402,No,TP53,MODERATE,True,True
ACH-002111,Yes,TP53,MODERATE,True,True
ACH-000636,No,TP53,MODERATE,True,True
ACH-001551,Yes,TP53,MODERATE,True,True
ACH-001578,No,TP53,HIGH,True,False
ACH-002058,Yes,TP53,MODERATE,False,True
ACH-000769,No,TP53,MODERATE,True,True
ACH-000647,No,TP53,MODERATE,True,True
ACH-002345,No,TP53,MODERATE,True,True
ACH-002258,Yes,TP53,MODERATE,True,True
ACH-001864,Yes,TP53,MODERATE,True,True
ACH-000104,No,TP53,MODERATE,True,True
ACH-000647,No,TP53,MODERATE,True,True
ACH-000485,Yes,TP53,MODERATE,True,True
ACH-001035,Yes,TP53,MODERATE,False,True
ACH-000408,No,TP53,MODERATE,False,True
ACH-000507,No,TP53,MODERATE,False,True
ACH-000117,No,TP53,HIGH,True,False
ACH-000396,Yes,TP53,MODERATE,True,True
ACH-000808,Yes,TP53,MODERATE,True,True
ACH-001641,No,TP53,HIGH,True,True
ACH-000208,Yes,TP53,MODERATE,True,True
ACH-002040,No,TP53,MODERATE,True,False
ACH-000694,No,TP53,HIGH,True,False
ACH-000848,No,TP53,MODERATE,False,True
ACH-000589,No,TP53,MODERATE,False,True
ACH-000953,No,TP53,MODERATE,True,True
ACH-002175,Yes,TP53,MODERATE,False,True
ACH-000143,No,TP53,MODERATE,True,True
ACH-000377,No,TP53,HIGH,True,False
ACH-000423,Yes,TP53,MODERATE,True,True
ACH-001619,No,TP53,MODERATE,True,True
ACH-002044,No,TP53,MODERATE,True,True
ACH-000884,Yes,TP53,MODERATE,True,True
ACH-002186,Yes,TP53,MODERATE,True,True
ACH-002159,Yes,TP53,MODERATE,True,True
ACH-002200,Yes,TP53,MODERATE,True,True
ACH-000786,Yes,TP53,MODERATE,True,True
ACH-002100,Yes,TP53,MODERATE,True,True
ACH-001510,Yes,TP53,HIGH,True,True
ACH-000076,No,TP53,MODERATE,True,True
ACH-002244,Yes,TP53,MODERATE,True,True
ACH-000098,No,TP53,MODERATE,True,True
ACH-001208,Yes,TP53,MODERATE,True,False
ACH-000868,Yes,TP53,HIGH,True,False
ACH-000521,No,TP53,MODERATE,True,True
ACH-001399,Yes,TP53,MODERATE,True,True
ACH-001399,No,TP53,MODERATE,True,True
ACH-000422,No,TP53,MODERATE,True,True
ACH-002285,Yes,TP53,MODERATE,True,True
ACH-002146,Yes,TP53,HIGH,True,False
ACH-001029,No,TP53,HIGH,True,False
ACH-000431,No,TP53,HIGH,True,False
ACH-001849,Yes,TP53,HIGH,True,False
ACH-000610,No,TP53,HIGH,True,False
ACH-000576,No,TP53,HIGH,True,False
ACH-000132,No,TP53,HIGH,True,False
ACH-000132,No,TP53,HIGH,True,False
ACH-003430,Yes,TP53,HIGH,True,False
ACH-000824,Yes,TP53,HIGH,True,False
ACH-000378,No,TP53,HIGH,True,False
ACH-000183,No,TP53,MODERATE,True,False
ACH-000878,No,TP53,MODERATE,True,True
ACH-000743,Yes,TP53,MODERATE,True,True
ACH-000456,No,TP53,MODERATE,True,True
ACH-000836,No,TP53,MODERATE,True,True
ACH-000429,No,TP53,HIGH,True,True
ACH-000561,Yes,TP53,HIGH,True,True
ACH-000987,Yes,TP53,MODERATE,True,True
ACH-000504,No,TP53,MODERATE,True,True
ACH-000561,No,TP53,HIGH,True,True
ACH-001509,No,TP53,MODERATE,True,True
ACH-000624,No,TP53,HIGH,True,False
ACH-000060,No,TP53,MODERATE,True,True
ACH-000163,No,TP53,MODERATE,True,True
ACH-001023,Yes,TP53,MODERATE,True,True
ACH-000213,Yes,TP53,MODERATE,True,True
ACH-000688,No,TP53,MODERATE,True,True
ACH-002300,Yes,TP53,MODERATE,True,True
ACH-001636,No,TP53,MODERATE,True,True
ACH-001662,No,TP53,MODERATE,True,False
ACH-001511,Yes,TP53,HIGH,True,False
ACH-000387,No,TP53,HIGH,True,False
ACH-000686,Yes,TP53,MODERATE,True,True
ACH-000191,No,TP53,MODERATE,True,True
ACH-000784,No,TP53,HIGH,True,False
ACH-002310,Yes,TP53,MODERATE,True,True
ACH-000758,No,TP53,MODERATE,True,True
ACH-002161,Yes,TP53,MODERATE,True,True
ACH-001376,Yes,TP53,HIGH,True,False
ACH-000724,No,TP53,MODERATE,True,True
ACH-003465,Yes,TP53,MODERATE,True,True
ACH-002198,Yes,TP53,MODERATE,False,False
ACH-000780,No,TP53,MODERATE,True,True
ACH-000858,No,TP53,MODERATE,True,True
ACH-001458,Yes,TP53,MODERATE,True,True
ACH-001318,No,TP53,MODERATE,True,True
ACH-000476,No,TP53,MODERATE,True,True
ACH-001626,Yes,TP53,MODERATE,True,True
ACH-000331,No,TP53,MODERATE,True,True
ACH-000288,No,TP53,MODERATE,True,True
ACH-000975,No,TP53,MODERATE,True,True
ACH-001066,Yes,TP53,MODERATE,True,True
ACH-000656,No,TP53,MODERATE,True,True
ACH-000157,No,TP53,MODERATE,True,True
ACH-000157,Yes,TP53,MODERATE,True,True
ACH-000656,Yes,TP53,MODERATE,True,True
ACH-000937,No,TP53,MODERATE,True,True
ACH-001735,No,TP53,MODERATE,True,True
ACH-000374,No,TP53,MODERATE,True,True
ACH-000376,No,TP53,MODERATE,True,True
ACH-000605,No,TP53,MODERATE,True,True
ACH-000245,Yes,TP53,MODERATE,True,True
ACH-000782,No,TP53,MODERATE,True,True
ACH-000294,No,TP53,MODERATE,True,True
ACH-000981,No,TP53,MODERATE,True,True
ACH-001852,Yes,TP53,MODERATE,True,True
ACH-000374,No,TP53,MODERATE,True,True
ACH-000944,No,TP53,MODERATE,True,True
ACH-001163,Yes,TP53,MODERATE,True,True
ACH-000001,No,TP53,MODERATE,True,True
ACH-000941,No,TP53,MODERATE,True,True
ACH-000670,No,TP53,MODERATE,True,True
ACH-000798,No,TP53,MODERATE,True,True
ACH-001745,No,TP53,MODERATE,True,True
ACH-000263,No,TP53,MODERATE,True,True
ACH-000042,No,TP53,MODERATE,True,True
ACH-001368,Yes,TP53,MODERATE,True,True
ACH-000294,Yes,TP53,MODERATE,True,True
ACH-001842,Yes,TP53,MODERATE,True,True
ACH-000534,No,TP53,MODERATE,True,True
ACH-000013,No,TP53,MODERATE,True,True
ACH-002209,Yes,TP53,MODERATE,True,True
ACH-000030,No,TP53,MODERATE,True,True
ACH-000197,Yes,TP53,MODERATE,True,True
ACH-000837,No,TP53,MODERATE,True,True
ACH-000295,No,TP53,MODERATE,True,True
ACH-001106,No,TP53,MODERATE,True,True
ACH-000427,No,TP53,MODERATE,True,True
ACH-000440,No,TP53,MODERATE,True,True
ACH-000067,Yes,TP53,MODERATE,True,True
ACH-002257,Yes,TP53,MODERATE,True,True
ACH-001517,No,TP53,MODERATE,True,True
ACH-000939,No,TP53,MODERATE,True,True
ACH-000944,No,TP53,MODERATE,True,True
ACH-000534,Yes,TP53,MODERATE,True,True
ACH-000954,No,TP53,MODERATE,True,True
ACH-001518,Yes,TP53,MODERATE,True,True
ACH-000321,Yes,TP53,MODERATE,True,True
ACH-000388,Yes,TP53,MODERATE,True,True
ACH-000042,No,TP53,MODERATE,True,True
ACH-001750,No,TP53,MODERATE,True,True
ACH-002103,Yes,TP53,MODERATE,True,True
ACH-000287,Yes,TP53,MODERATE,True,True
ACH-000639,No,TP53,MODERATE,True,True
ACH-000837,No,TP53,MODERATE,True,True
ACH-000668,No,TP53,MODERATE,True,True
ACH-001738,Yes,TP53,MODERATE,True,True
ACH-001106,No,TP53,MODERATE,True,True
ACH-000973,No,TP53,MODERATE,True,True
ACH-000334,No,TP53,MODERATE,True,True
ACH-002205,Yes,TP53,MODERATE,True,True
ACH-000245,No,TP53,MODERATE,True,True
ACH-000798,Yes,TP53,MODERATE,True,True
ACH-000953,No,TP53,MODERATE,True,True
ACH-001162,Yes,TP53,MODERATE,True,True
ACH-001368,No,TP53,MODERATE,True,True
ACH-000846,No,TP53,MODERATE,True,True
ACH-001111,No,TP53,MODERATE,True,True
ACH-000981,No,TP53,MODERATE,True,True
ACH-000473,No,TP53,MODERATE,True,True
ACH-000916,Yes,TP53,MODERATE,True,True
ACH-000376,No,TP53,MODERATE,True,True
ACH-000619,Yes,TP53,MODERATE,True,True
ACH-001517,Yes,TP53,MODERATE,True,True
ACH-000373,No,TP53,MODERATE,True,True
ACH-002106,Yes,TP53,MODERATE,True,True
ACH-001041,Yes,TP53,MODERATE,True,True
ACH-000546,Yes,TP53,MODERATE,True,True
ACH-000604,Yes,TP53,MODERATE,False,True
ACH-001183,No,TP53,MODERATE,True,True
ACH-000855,No,TP53,MODERATE,True,True
ACH-001656,No,TP53,MODERATE,True,True
ACH-000779,Yes,TP53,MODERATE,True,True
ACH-000546,No,TP53,MODERATE,True,True
ACH-000605,No,TP53,MODERATE,True,True
ACH-000110,Yes,TP53,MODERATE,True,True
ACH-000470,No,TP53,MODERATE,True,True
ACH-000687,Yes,TP53,MODERATE,True,True
ACH-000498,No,TP53,MODERATE,True,True
ACH-000787,Yes,TP53,MODERATE,True,True
ACH-000711,No,TP53,MODERATE,True,True
ACH-000601,No,TP53,MODERATE,True,True
ACH-001736,No,TP53,MODERATE,True,True
ACH-000999,Yes,TP53,MODERATE,True,True
ACH-002188,Yes,TP53,MODERATE,True,True
ACH-001498,Yes,TP53,MODERATE,True,True
ACH-000649,No,TP53,MODERATE,True,True
ACH-002043,No,TP53,MODERATE,True,True
ACH-000717,Yes,TP53,MODERATE,True,True
ACH-000421,No,TP53,MODERATE,True,True
ACH-000390,No,TP53,MODERATE,True,True
ACH-000711,No,TP53,MODERATE,True,True
ACH-002090,Yes,TP53,MODERATE,True,True
ACH-001100,No,TP53,MODERATE,True,True
ACH-001756,Yes,TP53,MODERATE,True,True
ACH-002226,Yes,TP53,MODERATE,True,True
ACH-001760,Yes,TP53,MODERATE,True,True
ACH-002263,Yes,TP53,MODERATE,True,True
ACH-003474,Yes,TP53,MODERATE,True,True
ACH-001498,No,TP53,MODERATE,True,True
ACH-000334,No,TP53,MODERATE,True,True
ACH-000115,Yes,TP53,MODERATE,True,True
ACH-001759,Yes,TP53,MODERATE,True,True
ACH-000464,No,TP53,MODERATE,True,True
ACH-001307,No,TP53,MODERATE,True,True
ACH-000169,No,TP53,MODERATE,True,True
ACH-000691,No,TP53,MODERATE,True,True
ACH-000202,No,TP53,MODERATE,True,True
ACH-001496,No,TP53,MODERATE,True,True
ACH-001758,Yes,TP53,MODERATE,True,True
ACH-001496,Yes,TP53,MODERATE,True,True
ACH-000970,Yes,TP53,MODERATE,True,True
ACH-000835,No,TP53,MODERATE,True,True
ACH-002143,Yes,TP53,MODERATE,True,False
ACH-001362,No,TP53,MODERATE,True,True
ACH-000818,No,TP53,MODERATE,True,True
ACH-000900,No,TP53,MODERATE,True,True
ACH-002238,Yes,TP53,MODERATE,True,True
ACH-001669,No,TP53,MODERATE,True,True
ACH-000341,No,TP53,MODERATE,True,True
ACH-001669,No,TP53,MODERATE,True,True
ACH-000618,No,TP53,MODERATE,True,True
ACH-001525,No,TP53,MODERATE,True,True
ACH-001525,Yes,TP53,MODERATE,True,True
ACH-002243,Yes,TP53,MODERATE,True,True
ACH-001617,No,TP53,MODERATE,True,True
ACH-001617,Yes,TP53,MODERATE,True,True
ACH-002404,Yes,TP53,MODERATE,True,True
ACH-002099,Yes,TP53,MODERATE,True,True
ACH-001049,Yes,TP53,MODERATE,True,True
ACH-000803,No,TP53,MODERATE,False,True
ACH-002230,Yes,TP53,MODERATE,True,True
ACH-002141,Yes,TP53,MODERATE,True,True
ACH-000500,No,TP53,MODERATE,False,True
ACH-001192,No,TP53,MODERATE,True,True
ACH-000959,No,TP53,MODERATE,True,True
ACH-001456,Yes,TP53,MODERATE,True,True
ACH-000917,No,TP53,MODERATE,False,True
ACH-000145,No,TP53,MODERATE,True,True
ACH-000252,Yes,TP53,MODERATE,True,True
ACH-002308,Yes,TP53,MODERATE,True,True
ACH-001605,Yes,TP53,MODERATE,True,True
ACH-002023,No,TP53,MODERATE,True,True
ACH-000089,Yes,TP53,MODERATE,True,True
ACH-000749,No,TP53,MODERATE,False,True
ACH-000197,Yes,TP53,MODERATE,True,True
ACH-001367,Yes,TP53,MODERATE,True,True
ACH-001605,No,TP53,MODERATE,True,True
ACH-000235,No,TP53,MODERATE,True,True
ACH-002257,Yes,TP53,MODERATE,True,True
ACH-002228,Yes,TP53,MODERATE,True,True
ACH-000761,Yes,TP53,MODERATE,True,True
ACH-002232,Yes,TP53,MODERATE,True,True
ACH-002349,Yes,TP53,MODERATE,True,True
ACH-000235,No,TP53,MODERATE,True,True
ACH-001190,No,TP53,MODERATE,True,True
ACH-001192,No,TP53,MODERATE,True,True
ACH-002231,Yes,TP53,MODERATE,True,True
ACH-000628,No,TP53,MODERATE,False,True
ACH-000114,No,TP53,MODERATE,True,True
ACH-001632,Yes,TP53,MODERATE,True,True
ACH-002041,No,TP53,MODERATE,True,True
ACH-001630,No,TP53,MODERATE,True,True
ACH-000877,Yes,TP53,MODERATE,True,True
ACH-001630,Yes,TP53,MODERATE,True,True
ACH-000393,No,TP53,MODERATE,True,True
ACH-001089,Yes,TP53,MODERATE,True,True
ACH-001064,Yes,TP53,MODERATE,True,True
ACH-001549,Yes,TP53,MODERATE,True,True
ACH-000559,No,TP53,MODERATE,True,True
ACH-001958,Yes,TP53,MODERATE,True,True
ACH-001346,Yes,TP53,MODERATE,True,True
ACH-001549,No,TP53,MODERATE,True,True
ACH-000559,No,TP53,MODERATE,True,True
ACH-002179,Yes,TP53,MODERATE,True,True
ACH-000590,Yes,TP53,MODERATE,True,True
ACH-001137,Yes,TP53,MODERATE,True,True
ACH-000236,Yes,TP53,HIGH,True,False
ACH-000292,No,TP53,MODERATE,True,True
ACH-001655,Yes,TP53,MODERATE,True,True
ACH-000211,No,TP53,MODERATE,True,True
ACH-001655,No,TP53,MODERATE,True,True
ACH-000318,No,TP53,MODERATE,True,True
ACH-000515,No,TP53,MODERATE,True,True
ACH-000297,No,TP53,MODERATE,True,True
ACH-002508,No,TP53,MODERATE,True,True
ACH-000138,Yes,TP53,MODERATE,True,True
ACH-002312,Yes,TP53,HIGH,True,False
ACH-000168,No,TP53,HIGH,True,False
ACH-001628,Yes,TP53,HIGH,True,False
ACH-001550,Yes,TP53,MODERATE,True,True
ACH-002266,Yes,TP53,MODERATE,True,True
ACH-000562,Yes,TP53,MODERATE,True,True
ACH-000231,No,TP53,MODERATE,True,True
ACH-000792,No,TP53,MODERATE,True,True
ACH-000906,No,TP53,MODERATE,True,True
ACH-000698,No,TP53,MODERATE,True,True
ACH-000698,No,TP53,MODERATE,True,True
ACH-001407,Yes,TP53,MODERATE,True,True
ACH-000562,No,TP53,MODERATE,True,True
ACH-000996,No,TP53,MODERATE,True,True
ACH-001136,Yes,TP53,MODERATE,True,True
ACH-002157,Yes,TP53,MODERATE,True,True
ACH-000997,No,TP53,MODERATE,True,True
ACH-001061,No,TP53,MODERATE,True,True
ACH-000889,No,TP53,MODERATE,True,True
ACH-001065,Yes,TP53,MODERATE,True,True
ACH-002089,Yes,TP53,MODERATE,True,True
ACH-000781,No,TP53,MODERATE,True,False
ACH-000738,No,TP53,MODERATE,False,False
ACH-001416,Yes,TP53,MODERATE,True,True
ACH-000567,Yes,TP53,MODERATE,True,True
ACH-000422,No,TP53,MODERATE,True,True
ACH-000671,No,TP53,MODERATE,True,True
ACH-000819,No,TP53,MODERATE,True,True
ACH-002293,Yes,TP53,MODERATE,True,True
ACH-000369,No,TP53,MODERATE,True,True
ACH-000583,No,TP53,MODERATE,True,True
ACH-000369,Yes,TP53,MODERATE,True,True
ACH-000370,No,TP53,MODERATE,True,True
ACH-001375,Yes,TP53,MODERATE,True,True
ACH-001147,No,TP53,MODERATE,True,True
ACH-000592,No,TP53,MODERATE,True,True
ACH-001608,No,TP53,MODERATE,True,True
ACH-000392,Yes,TP53,MODERATE,True,True
ACH-000894,No,TP53,MODERATE,True,True
ACH-001113,Yes,TP53,MODERATE,True,True
ACH-000452,No,TP53,MODERATE,True,True
ACH-000571,Yes,TP53,MODERATE,True,True
ACH-000392,No,TP53,MODERATE,True,True
ACH-002316,Yes,TP53,MODERATE,True,True
ACH-001390,Yes,TP53,MODERATE,True,True
ACH-000452,No,TP53,MODERATE,True,True
ACH-000307,No,TP53,MODERATE,True,True
ACH-002156,Yes,TP53,MODERATE,True,True
ACH-000145,No,TP53,MODERATE,True,True
ACH-002104,Yes,TP53,HIGH,True,False
ACH-000723,Yes,TP53,HIGH,True,False
ACH-000876,No,TP53,MODERATE,True,True
ACH-001364,Yes,TP53,MODERATE,True,True
ACH-000876,Yes,TP53,MODERATE,True,True
ACH-000186,Yes,TP53,MODERATE,True,True
ACH-002055,No,TP53,MODERATE,True,True
ACH-000102,Yes,TP53,MODERATE,True,True
ACH-000770,No,TP53,MODERATE,True,True
ACH-000190,No,TP53,HIGH,True,False
ACH-001370,Yes,TP53,MODERATE,True,True
ACH-000907,No,TP53,MODERATE,False,False
ACH-002392,Yes,TP53,HIGH,True,False
ACH-000382,No,TP53,MODERATE,True,True
ACH-000305,Yes,TP53,MODERATE,True,True
ACH-000296,Yes,TP53,MODERATE,True,True
ACH-000611,Yes,TP53,MODERATE,True,True
ACH-002169,Yes,TP53,MODERATE,True,True
ACH-000611,No,TP53,MODERATE,True,True
ACH-000656,No,TP53,MODERATE,True,True
ACH-000654,No,TP53,MODERATE,True,True
ACH-000656,Yes,TP53,MODERATE,True,True
ACH-000166,No,TP53,MODERATE,True,True
ACH-000072,Yes,TP53,MODERATE,False,False
ACH-002129,Yes,TP53,MODERATE,True,True
ACH-000162,Yes,TP53,MODERATE,True,True
ACH-000650,Yes,TP53,HIGH,True,False
ACH-001417,Yes,TP53,HIGH,True,False
ACH-000930,No,TP53,HIGH,True,False
ACH-000846,No,TP53,HIGH,True,False
ACH-000290,No,TP53,HIGH,True,False
ACH-000387,No,TP53,HIGH,True,False
ACH-000514,No,TP53,HIGH,True,False
ACH-000035,No,TP53,HIGH,True,False
ACH-000777,No,TP53,HIGH,True,False
ACH-000196,No,TP53,HIGH,True,False
ACH-000802,No,TP53,HIGH,True,False
ACH-000751,No,TP53,HIGH,True,False
ACH-000611,Yes,TP53,HIGH,True,False
ACH-000861,No,TP53,HIGH,True,False
ACH-000751,Yes,TP53,HIGH,True,False
ACH-000514,No,TP53,HIGH,True,False
ACH-000611,No,TP53,HIGH,True,False
ACH-000831,No,TP53,HIGH,True,False
ACH-002249,Yes,TP53,HIGH,True,False
ACH-000212,No,TP53,HIGH,True,False
ACH-000254,Yes,TP53,HIGH,True,False
ACH-000496,No,TP53,HIGH,True,False
ACH-000250,No,TP53,HIGH,True,False
ACH-000472,Yes,TP53,HIGH,True,False
ACH-000386,Yes,TP53,HIGH,True,False
ACH-001820,Yes,TP53,HIGH,True,False
ACH-001035,Yes,TP53,HIGH,True,False
ACH-001356,Yes,TP53,HIGH,True,False
ACH-001283,No,TP53,MODERATE,True,False
ACH-000482,Yes,TP53,MODERATE,True,False
ACH-000221,No,TP53,LOW,True,True
ACH-000491,Yes,TP53,MODERATE,True,False
ACH-000221,No,TP53,LOW,True,True
ACH-000902,Yes,TP53,MODERATE,True,False
ACH-000792,No,TP53,HIGH,True,True
ACH-000979,No,TP53,MODERATE,True,False
ACH-001384,Yes,TP53,MODERATE,True,False
ACH-001196,No,TP53,HIGH,True,False
ACH-001002,Yes,TP53,MODERATE,True,True
ACH-000480,No,TP53,MODERATE,True,True
ACH-000911,No,TP53,MODERATE,True,True
ACH-001542,No,TP53,MODERATE,True,True
ACH-000988,No,TP53,MODERATE,True,True
ACH-000879,No,TP53,MODERATE,True,True
ACH-000278,No,TP53,MODERATE,True,True
ACH-001542,Yes,TP53,MODERATE,True,True
ACH-003071,No,TP53,MODERATE,True,True
ACH-000499,No,TP53,MODERATE,True,True
ACH-000085,No,TP53,MODERATE,True,True
ACH-000451,Yes,TP53,MODERATE,True,True
ACH-001680,No,TP53,MODERATE,True,True
ACH-000150,No,TP53,MODERATE,True,True
ACH-001419,Yes,TP53,MODERATE,True,True
ACH-000535,No,TP53,MODERATE,True,True
ACH-001358,Yes,TP53,MODERATE,True,True
ACH-000840,No,TP53,MODERATE,True,True
ACH-000951,Yes,TP53,MODERATE,True,True
ACH-000277,No,TP53,MODERATE,True,True
ACH-000879,No,TP53,MODERATE,True,True
ACH-000499,No,TP53,MODERATE,True,True
ACH-000840,No,TP53,MODERATE,True,True
ACH-000633,No,TP53,MODERATE,True,True
ACH-000298,No,TP53,MODERATE,True,True
ACH-000316,No,TP53,HIGH,True,False
ACH-000012,No,TP53,MODERATE,False,False
ACH-000965,No,TP53,MODERATE,False,False
ACH-000029,No,TP53,MODERATE,False,False
ACH-000328,Yes,TP53,MODERATE,False,False
ACH-000970,Yes,TP53,MODERATE,False,True
ACH-000141,No,TP53,MODERATE,True,False
ACH-000225,Yes,TP53,MODERATE,True,True
ACH-000466,No,TP53,MODERATE,True,True
ACH-001373,No,TP53,MODERATE,True,True
ACH-000135,No,TP53,MODERATE,True,True
ACH-000627,No,TP53,MODERATE,True,True
ACH-003438,Yes,TP53,MODERATE,True,True
ACH-001373,Yes,TP53,MODERATE,True,True
ACH-000914,No,TP53,MODERATE,True,True
ACH-000914,No,TP53,MODERATE,True,True
ACH-000391,No,TP53,MODERATE,False,False
ACH-000853,No,TP53,MODERATE,True,True
ACH-000266,Yes,TP53,MODERATE,True,True
ACH-000344,No,TP53,MODERATE,True,True
ACH-000249,No,TP53,MODERATE,True,True
ACH-000593,No,TP53,MODERATE,True,True
ACH-000249,No,TP53,MODERATE,True,True
ACH-000483,No,TP53,MODERATE,True,True
ACH-000291,No,TP53,MODERATE,True,True
ACH-000233,No,TP53,MODERATE,True,True
ACH-001132,No,TP53,MODERATE,True,True
ACH-000291,No,TP53,MODERATE,True,True
ACH-000729,No,TP53,MODERATE,True,True
ACH-000561,Yes,TP53,MODERATE,True,True
ACH-000673,No,TP53,MODERATE,True,True
ACH-000561,No,TP53,MODERATE,True,True
ACH-000926,No,TP53,MODERATE,True,False
ACH-000926,Yes,TP53,MODERATE,True,False
ACH-000940,No,TP53,MODERATE,True,True
ACH-002189,Yes,TP53,MODERATE,True,True
ACH-002272,Yes,TP53,MODERATE,True,True
ACH-000040,No,TP53,MODERATE,True,True
ACH-000654,No,TP53,MODERATE,True,True
ACH-000237,No,TP53,HIGH,True,True
ACH-002189,Yes,TP53,HIGH,True,True
ACH-000915,No,TP53,HIGH,True,True
ACH-000726,Yes,TP53,HIGH,True,True
ACH-001415,Yes,TP53,HIGH,True,True
ACH-000913,No,TP53,HIGH,True,True
ACH-002932,Yes,TP53,HIGH,True,True
ACH-000424,No,TP53,HIGH,True,True
ACH-000144,No,TP53,HIGH,True,True
ACH-000643,No,TP53,HIGH,True,True
ACH-000530,No,TP53,HIGH,True,True
ACH-002239,Yes,TP53,HIGH,True,True
ACH-001081,Yes,TP53,HIGH,True,True
ACH-000996,No,TP53,HIGH,True,True
ACH-002101,Yes,TP53,HIGH,True,True
ACH-002309,Yes,TP53,HIGH,True,True
ACH-000424,No,TP53,HIGH,True,True
ACH-000122,Yes,TP53,HIGH,True,True
ACH-002340,Yes,TP53,HIGH,True,True
ACH-000913,No,TP53,HIGH,True,True
ACH-001194,Yes,TP53,MODERATE,True,False
ACH-000986,No,TP53,HIGH,True,True
ACH-000991,Yes,TP53,HIGH,True,True
ACH-001396,Yes,TP53,HIGH,True,True
ACH-000323,No,TP53,MODERATE,True,True
ACH-000687,Yes,TP53,MODERATE,True,False
ACH-001418,No,TP53,HIGH,True,False
ACH-001418,Yes,TP53,HIGH,True,False
ACH-002164,Yes,TP53,HIGH,True,False
ACH-000188,No,TP53,HIGH,True,False
ACH-000888,No,TP53,HIGH,True,False
ACH-001138,Yes,TP53,HIGH,True,False
ACH-000700,No,TP53,HIGH,True,False
ACH-000833,No,TP53,MODERATE,True,True
ACH-000581,No,TP53,MODERATE,True,True
ACH-001623,No,TP53,MODERATE,True,True
ACH-000066,Yes,TP53,MODERATE,True,True
ACH-000573,No,TP53,HIGH,True,False
ACH-000573,No,TP53,HIGH,True,False
ACH-000009,No,TP53,HIGH,True,True
ACH-000706,No,TP53,HIGH,True,False
ACH-000706,No,TP53,HIGH,True,False
ACH-000418,Yes,TP53,MODERATE,True,False
ACH-000285,Yes,TP53,HIGH,True,False
ACH-000762,No,TP53,HIGH,True,True
ACH-000520,No,TP53,HIGH,True,False
ACH-000215,No,TP53,MODERATE,True,True
ACH-000467,Yes,TP53,MODERATE,True,True
ACH-000509,No,TP53,HIGH,True,True
ACH-000995,No,TP53,HIGH,True,True
ACH-002240,Yes,TP53,HIGH,True,True
ACH-000995,No,TP53,HIGH,True,True
ACH-000770,No,TP53,HIGH,True,True
ACH-001573,No,TP53,HIGH,True,True
ACH-001973,Yes,TP53,HIGH,True,True
ACH-000264,No,TP53,HIGH,True,True
ACH-000693,No,TP53,MODERATE,True,True
ACH-000302,No,TP53,MODERATE,True,True
ACH-001647,No,TP53,MODERATE,True,True
ACH-000256,No,TP53,MODERATE,True,True
ACH-000746,No,TP53,MODERATE,True,True
ACH-003476,Yes,TP53,MODERATE,True,True
ACH-003475,Yes,TP53,MODERATE,True,True
ACH-001559,Yes,TP53,MODERATE,True,True
ACH-002134,Yes,TP53,MODERATE,False,False
ACH-000734,No,TP53,MODERATE,False,False
ACH-000872,No,TP53,MODERATE,True,True
ACH-000147,No,TP53,MODERATE,True,True
ACH-001024,Yes,TP53,MODERATE,True,True
ACH-000330,No,TP53,MODERATE,True,True
ACH-000832,No,TP53,MODERATE,True,True
ACH-000823,Yes,TP53,MODERATE,True,True
ACH-000823,No,TP53,MODERATE,True,True
ACH-000309,Yes,TP53,MODERATE,True,True
ACH-000239,Yes,TP53,MODERATE,True,True
ACH-001401,No,TP53,MODERATE,True,True
ACH-002463,No,TP53,MODERATE,True,True
ACH-000445,No,TP53,MODERATE,True,True
ACH-001401,No,TP53,MODERATE,True,True
ACH-000155,No,TP53,MODERATE,False,False
ACH-000328,Yes,TP53,MODERATE,False,False
ACH-002234,Yes,TP53,MODERATE,False,False
ACH-000807,No,TP53,HIGH,True,True
ACH-000415,No,TP53,HIGH,True,True
ACH-002170,No,TP53,HIGH,True,True
ACH-000672,No,TP53,HIGH,True,True
ACH-002292,Yes,TP53,HIGH,True,True
ACH-000672,Yes,TP53,HIGH,True,True
ACH-000343,No,TP53,HIGH,True,False
ACH-001838,Yes,TP53,MODERATE,True,True
ACH-000286,No,TP53,MODERATE,True,True
ACH-002269,Yes,TP53,HIGH,True,False
ACH-000061,No,TP53,HIGH,True,False
ACH-000353,Yes,TP53,HIGH,True,False
ACH-000867,No,TP53,HIGH,True,False
ACH-000381,No,TP53,HIGH,True,False
ACH-000109,Yes,TP53,HIGH,True,False
ACH-000649,No,TP53,HIGH,True,False
ACH-000873,Yes,TP53,HIGH,True,False
ACH-002107,Yes,TP53,HIGH,True,False
ACH-002314,Yes,TP53,HIGH,True,False
ACH-001521,Yes,TP53,HIGH,True,False
ACH-000682,No,TP53,HIGH,True,False
ACH-000406,No,TP53,HIGH,True,False
ACH-001740,No,TP53,MODERATE,True,False
ACH-001098,Yes,TP53,MODERATE,True,False
ACH-000270,No,TP53,MODERATE,True,False
ACH-002212,Yes,TP53,HIGH,True,False
ACH-000473,No,TP53,HIGH,True,True
ACH-001183,No,TP53,HIGH,True,True
ACH-000146,No,TP53,HIGH,True,False
ACH-000634,No,TP53,MODERATE,True,True
ACH-002113,Yes,TP53,MODERATE,True,True
ACH-001409,Yes,TP53,HIGH,True,False
ACH-000960,No,TP53,MODERATE,True,True
ACH-000920,Yes,TP53,MODERATE,True,True
ACH-000740,No,TP53,HIGH,True,False
ACH-000740,No,TP53,HIGH,True,False
ACH-002313,Yes,TP53,HIGH,True,True
ACH-000830,No,TP53,MODERATE,True,True
ACH-002108,Yes,TP53,MODERATE,True,True
ACH-000047,No,TP53,MODERATE,True,True
ACH-000830,No,TP53,MODERATE,True,True
ACH-000047,No,TP53,MODERATE,True,True
ACH-001443,No,TP53,MODERATE,True,True
ACH-000869,No,TP53,MODERATE,True,True
ACH-000869,No,TP53,MODERATE,True,True
ACH-000865,No,TP53,MODERATE,True,True
ACH-000332,No,TP53,MODERATE,True,True
ACH-000969,No,TP53,MODERATE,True,True
ACH-002265,Yes,TP53,MODERATE,True,True
ACH-001443,Yes,TP53,MODERATE,True,True
ACH-000133,No,TP53,MODERATE,True,True
ACH-001693,No,TP53,MODERATE,True,True
ACH-001696,No,TP53,MODERATE,True,True
ACH-000574,No,TP53,MODERATE,True,True
ACH-001028,Yes,TP53,MODERATE,True,True
ACH-001332,No,TP53,MODERATE,True,False
ACH-001332,Yes,TP53,MODERATE,True,False
ACH-000259,No,TP53,MODERATE,True,False
ACH-000790,No,TP53,MODERATE,True,True
ACH-002174,Yes,TP53,MODERATE,True,True
ACH-000087,No,TP53,MODERATE,True,True
ACH-001060,No,TP53,MODERATE,True,True
ACH-001193,No,TP53,MODERATE,True,True
ACH-000893,Yes,TP53,MODERATE,True,True
ACH-002115,Yes,TP53,MODERATE,True,True
ACH-001193,No,TP53,MODERATE,True,True
ACH-001332,No,TP53,MODERATE,True,True
ACH-001332,Yes,TP53,MODERATE,True,True
ACH-000087,No,TP53,MODERATE,True,True
ACH-000311,No,TP53,MODERATE,True,True
ACH-001861,No,TP53,HIGH,True,False
ACH-001861,Yes,TP53,HIGH,True,False
ACH-000599,No,TP53,MODERATE,True,True
ACH-000599,No,TP53,MODERATE,True,True
ACH-001591,No,TP53,HIGH,True,False
ACH-001698,Yes,TP53,MODERATE,True,True
ACH-000412,Yes,TP53,MODERATE,True,True
ACH-002195,Yes,TP53,MODERATE,True,True
ACH-001490,Yes,TP53,MODERATE,True,True
ACH-001610,No,TP53,MODERATE,True,True
ACH-000255,Yes,TP53,MODERATE,True,True
ACH-003429,Yes,TP53,MODERATE,True,True
ACH-000017,No,TP53,MODERATE,True,True
ACH-002104,Yes,TP53,MODERATE,True,True
ACH-000268,Yes,TP53,MODERATE,True,True
ACH-000248,No,TP53,MODERATE,True,True
ACH-000752,No,TP53,MODERATE,True,True
ACH-000588,No,TP53,MODERATE,True,True
ACH-000825,Yes,TP53,MODERATE,True,True
ACH-001233,Yes,TP53,MODERATE,True,True
ACH-000501,Yes,TP53,MODERATE,True,True
ACH-000825,No,TP53,MODERATE,True,True
ACH-000024,No,TP53,MODERATE,True,True
ACH-001206,Yes,TP53,MODERATE,True,True
ACH-000976,No,TP53,MODERATE,True,True
ACH-000518,Yes,TP53,MODERATE,True,True
ACH-000505,No,TP53,MODERATE,True,True
ACH-002298,Yes,TP53,MODERATE,True,True
ACH-001858,Yes,TP53,MODERATE,True,True
ACH-002116,Yes,TP53,MODERATE,True,True
ACH-000939,No,TP53,MODERATE,True,True
ACH-000545,No,TP53,MODERATE,True,True
ACH-000505,No,TP53,MODERATE,True,True
ACH-000699,No,TP53,MODERATE,True,True
ACH-000207,No,TP53,MODERATE,True,True
ACH-000430,Yes,TP53,MODERATE,True,True
ACH-001738,Yes,TP53,MODERATE,True,True
ACH-000532,No,TP53,MODERATE,True,True
ACH-002262,Yes,TP53,MODERATE,True,True
ACH-000667,No,TP53,MODERATE,True,True
ACH-000128,No,TP53,MODERATE,True,True
ACH-002256,Yes,TP53,MODERATE,True,True
ACH-002237,Yes,TP53,MODERATE,True,True
ACH-002409,Yes,TP53,MODERATE,True,True
ACH-000293,No,TP53,MODERATE,True,True
ACH-001497,Yes,TP53,MODERATE,True,True
ACH-002193,Yes,TP53,MODERATE,True,True
ACH-000048,No,TP53,MODERATE,True,True
ACH-001653,Yes,TP53,MODERATE,True,True
ACH-000532,No,TP53,MODERATE,True,True
ACH-001497,No,TP53,MODERATE,True,True
ACH-000430,No,TP53,MODERATE,True,True
ACH-002225,Yes,TP53,MODERATE,True,True
ACH-000228,No,TP53,MODERATE,False,False
ACH-000228,No,TP53,MODERATE,False,False
ACH-001523,Yes,TP53,MODERATE,True,True
ACH-000369,No,TP53,MODERATE,True,True
ACH-000369,Yes,TP53,MODERATE,True,True
ACH-002280,Yes,TP53,MODERATE,True,True
ACH-000455,No,TP53,MODERATE,True,True
ACH-002202,Yes,TP53,MODERATE,True,True
ACH-001619,No,TP53,MODERATE,False,False
ACH-001490,Yes,TP53,HIGH,True,True
ACH-000358,No,TP53,HIGH,True,True
ACH-000563,Yes,TP53,HIGH,True,True
ACH-000173,Yes,TP53,HIGH,True,True
ACH-000669,No,TP53,HIGH,True,True
ACH-002039,No,TP53,HIGH,True,True
ACH-000722,Yes,TP53,HIGH,True,False
ACH-000775,Yes,TP53,MODERATE,False,False
ACH-000348,No,TP53,HIGH,True,False
ACH-000945,No,TP53,MODERATE,True,True
ACH-002117,Yes,TP53,MODERATE,True,True
ACH-001625,Yes,TP53,HIGH,True,True
ACH-000478,No,TP53,HIGH,True,True
ACH-002216,Yes,TP53,MODERATE,True,True
ACH-002173,Yes,TP53,MODERATE,True,True
ACH-000519,Yes,TP53,MODERATE,True,True
ACH-002236,Yes,TP53,MODERATE,True,True
ACH-000603,Yes,TP53,MODERATE,True,True
ACH-000591,Yes,TP53,MODERATE,True,True
ACH-000707,Yes,TP53,MODERATE,True,True
ACH-000896,No,TP53,MODERATE,True,False
ACH-000174,No,TP53,MODERATE,True,True
ACH-000281,No,TP53,MODERATE,True,True
ACH-000420,No,TP53,MODERATE,True,True
ACH-001201,No,TP53,MODERATE,True,True
ACH-000626,Yes,TP53,MODERATE,True,True
ACH-000813,Yes,TP53,MODERATE,False,True
ACH-002077,No,TP53,HIGH,True,False
ACH-000354,No,TP53,MODERATE,True,True
ACH-001125,Yes,TP53,MODERATE,True,True
ACH-000489,Yes,TP53,MODERATE,False,True
ACH-000606,Yes,TP53,MODERATE,True,True
ACH-000774,Yes,TP53,MODERATE,True,True
ACH-000671,No,TP53,MODERATE,False,True
ACH-000453,Yes,TP53,MODERATE,True,True
ACH-000715,Yes,TP53,MODERATE,True,True
ACH-000853,No,TP53,MODERATE,True,True
ACH-000929,No,TP53,MODERATE,True,True
ACH-000887,No,TP53,MODERATE,True,True
ACH-001400,No,TP53,MODERATE,True,True
ACH-002235,Yes,TP53,MODERATE,True,True
ACH-001365,Yes,TP53,MODERATE,True,True
ACH-000567,Yes,TP53,MODERATE,True,True
ACH-000929,No,TP53,MODERATE,True,True
ACH-000638,Yes,TP53,MODERATE,True,True
ACH-000918,Yes,TP53,MODERATE,True,True
ACH-000403,No,TP53,MODERATE,True,True
ACH-001400,No,TP53,MODERATE,True,True
ACH-001391,Yes,TP53,MODERATE,False,False
ACH-000368,No,TP53,MODERATE,True,True
ACH-000481,No,TP53,MODERATE,True,True
ACH-000481,No,TP53,MODERATE,True,True
ACH-000379,Yes,TP53,MODERATE,True,True
ACH-000399,No,TP53,MODERATE,True,True
ACH-000841,No,TP53,MODERATE,True,True
ACH-002052,No,TP53,MODERATE,True,True
ACH-000841,No,TP53,MODERATE,True,True
ACH-000844,No,TP53,MODERATE,True,True
ACH-000727,No,TP53,MODERATE,True,True
ACH-000508,No,TP53,MODERATE,True,True
ACH-000148,No,TP53,MODERATE,True,True
ACH-000148,No,TP53,MODERATE,True,True
ACH-001001,No,TP53,MODERATE,True,True
ACH-000613,Yes,TP53,MODERATE,True,True
ACH-000100,Yes,TP53,HIGH,True,False
ACH-000100,No,TP53,HIGH,True,False
ACH-001765,No,TP53,HIGH,True,False
ACH-001232,No,TP53,MODERATE,True,True
ACH-000816,No,TP53,MODERATE,True,True
ACH-000594,No,TP53,MODERATE,True,True
ACH-002305,Yes,TP53,MODERATE,True,True
ACH-000800,No,TP53,MODERATE,True,True
ACH-000800,No,TP53,MODERATE,True,True
ACH-000718,No,TP53,MODERATE,True,True
ACH-000997,No,TP53,MODERATE,True,True
ACH-000718,No,TP53,MODERATE,True,True
ACH-000847,No,TP53,HIGH,True,False
ACH-000101,No,TP53,HIGH,True,False
ACH-000108,No,TP53,HIGH,True,False
ACH-002295,Yes,TP53,HIGH,True,False
ACH-000851,Yes,TP53,HIGH,True,False
ACH-000721,No,TP53,HIGH,True,False
ACH-000947,No,TP53,HIGH,True,False
ACH-001355,Yes,TP53,MODERATE,True,True
ACH-000338,No,TP53,MODERATE,True,True
ACH-001544,Yes,TP53,MODERATE,True,True
ACH-000162,Yes,TP53,MODERATE,True,True
ACH-002200,Yes,TP53,MODERATE,True,True
ACH-001350,No,TP53,MODERATE,True,True
ACH-000834,No,TP53,MODERATE,True,True
ACH-002091,Yes,TP53,MODERATE,True,True
ACH-000990,Yes,TP53,MODERATE,True,True
ACH-000094,Yes,TP53,MODERATE,True,True
ACH-000238,No,TP53,MODERATE,True,True
ACH-000570,No,TP53,MODERATE,False,False
ACH-000339,Yes,TP53,HIGH,True,False
ACH-000339,Yes,TP53,MODERATE,True,False
ACH-000729,No,TP53,MODERATE,True,False
ACH-000584,No,TP53,MODERATE,True,False
ACH-000584,Yes,TP53,MODERATE,True,False
ACH-000103,Yes,TP53,MODERATE,True,False
ACH-000220,Yes,TP53,MODERATE,True,False
ACH-000395,No,TP53,HIGH,True,True
ACH-000503,No,TP53,HIGH,True,True
ACH-000541,No,TP53,HIGH,True,True
ACH-000615,Yes,TP53,MODERATE,True,False
ACH-003470,Yes,TP53,MODERATE,True,False
ACH-000751,No,TP53,MODERATE,True,False
ACH-003433,Yes,TP53,MODERATE,True,False
ACH-000751,Yes,TP53,MODERATE,True,False
ACH-001392,Yes,TP53,HIGH,True,True
ACH-000015,No,TP53,HIGH,True,True
ACH-000525,No,TP53,HIGH,True,True
ACH-000843,No,TP53,MODERATE,True,True
ACH-000351,No,TP53,MODERATE,True,True
ACH-000287,Yes,TP53,MODERATE,True,True
ACH-000176,Yes,TP53,MODERATE,True,True
ACH-000460,No,TP53,HIGH,True,False
ACH-001280,No,TP53,MODERATE,True,False
ACH-000852,No,TP53,MODERATE,True,True
ACH-001366,No,TP53,MODERATE,True,True
ACH-001841,Yes,TP53,MODERATE,True,True
ACH-002025,No,TP53,MODERATE,True,True
ACH-000891,Yes,TP53,HIGH,True,False
ACH-000371,No,TP53,MODERATE,True,False
ACH-001844,Yes,TP53,MODERATE,True,False
ACH-000551,No,TP53,HIGH,True,False
ACH-000551,No,TP53,HIGH,True,False
ACH-000713,No,TP53,HIGH,True,True
ACH-003480,Yes,TP53,HIGH,True,True
ACH-001523,Yes,TP53,MODERATE,True,True
ACH-000279,No,TP53,MODERATE,True,True
ACH-000826,No,TP53,MODERATE,True,True
ACH-002261,Yes,TP53,MODERATE,True,True
ACH-000383,No,TP53,MODERATE,True,True
ACH-000193,Yes,TP53,MODERATE,True,True
ACH-000055,Yes,TP53,MODERATE,True,True
ACH-001442,No,TP53,MODERATE,True,True
ACH-000312,No,TP53,MODERATE,True,True
ACH-001846,Yes,TP53,MODERATE,True,True
ACH-001389,Yes,TP53,MODERATE,True,True
ACH-000193,No,TP53,MODERATE,True,True
ACH-002109,Yes,TP53,MODERATE,True,True
ACH-000222,No,TP53,HIGH,True,False
ACH-000062,No,TP53,HIGH,True,False
ACH-000401,No,TP53,MODERATE,True,True
ACH-001339,Yes,TP53,MODERATE,True,True
ACH-000004,No,TP53,MODERATE,True,True
ACH-000005,No,TP53,MODERATE,True,True
ACH-001495,Yes,TP53,MODERATE,True,True
ACH-001694,No,TP53,MODERATE,True,True
ACH-000821,No,TP53,MODERATE,True,True
ACH-000821,Yes,TP53,MODERATE,True,True
ACH-003468,Yes,TP53,MODERATE,True,True
ACH-000363,No,TP53,MODERATE,True,True
ACH-000074,No,TP53,MODERATE,True,True
ACH-002233,Yes,TP53,MODERATE,True,True
ACH-001819,Yes,TP53,MODERATE,True,True
ACH-000512,Yes,TP53,MODERATE,True,True
ACH-001819,No,TP53,MODERATE,True,True
ACH-001846,Yes,TP53,MODERATE,True,True
ACH-000398,Yes,TP53,MODERATE,True,True
ACH-000991,Yes,TP53,MODERATE,True,True
ACH-000536,No,TP53,MODERATE,True,True
ACH-000857,No,TP53,MODERATE,True,True
ACH-002252,Yes,TP53,MODERATE,True,True
ACH-000320,No,TP53,MODERATE,True,True
ACH-002005,No,TP53,MODERATE,True,True
ACH-001410,Yes,TP53,MODERATE,True,True
ACH-000617,No,TP53,MODERATE,True,True
ACH-001639,Yes,TP53,MODERATE,True,True
ACH-000257,No,TP53,HIGH,True,False
ACH-000325,No,TP53,HIGH,True,False
ACH-001804,No,TP53,MODERATE,True,True
ACH-000251,No,TP53,MODERATE,True,True
ACH-003458,Yes,TP53,MODERATE,True,True
ACH-000517,No,TP53,MODERATE,True,True
ACH-000895,Yes,TP53,MODERATE,True,True
ACH-002446,No,TP53,MODERATE,True,True
ACH-003437,Yes,TP53,MODERATE,True,True
ACH-000985,No,TP53,HIGH,True,False
ACH-000018,No,TP53,HIGH,True,False
ACH-000127,No,TP53,HIGH,True,False
ACH-000426,No,TP53,HIGH,True,False
ACH-000966,No,TP53,MODERATE,True,True
ACH-000429,No,TP53,MODERATE,True,True
ACH-000696,No,TP53,HIGH,True,False
ACH-000771,No,TP53,HIGH,True,False
ACH-000623,No,TP53,HIGH,True,False
ACH-001016,Yes,TP53,HIGH,True,False
ACH-000487,No,TP53,HIGH,True,False
ACH-002281,Yes,TP53,HIGH,True,False
ACH-000637,No,TP53,HIGH,True,False
ACH-000493,No,TP53,HIGH,True,False
ACH-000637,No,TP53,HIGH,True,False
ACH-000796,No,TP53,HIGH,True,False
ACH-000553,Yes,TP53,HIGH,True,False
ACH-000577,Yes,TP53,HIGH,True,False
ACH-001699,No,TP53,HIGH,True,False
ACH-000992,Yes,TP53,HIGH,True,False
ACH-002311,Yes,TP53,HIGH,True,False
ACH-000576,No,TP53,HIGH,True,False
ACH-001552,Yes,TP53,HIGH,True,False
ACH-002177,Yes,TP53,HIGH,True,False
ACH-001735,No,TP53,LOW,True,True
ACH-000782,No,TP53,LOW,True,True
ACH-002286,Yes,TP53,LOW,True,True
ACH-002216,Yes,TP53,LOW,True,True
ACH-000875,Yes,TP53,LOW,True,True
ACH-000355,No,TP53,LOW,True,True
ACH-000995,No,TP53,LOW,True,True
ACH-001745,No,TP53,LOW,True,True
ACH-000519,Yes,TP53,LOW,True,True
ACH-000101,No,TP53,LOW,True,True
ACH-000978,No,TP53,LOW,True,True
ACH-000995,No,TP53,LOW,True,True
ACH-000692,Yes,TP53,LOW,True,True
ACH-001489,No,TP53,LOW,True,True
ACH-000107,Yes,TP53,LOW,True,True
ACH-000438,No,TP53,LOW,True,True
ACH-002118,Yes,TP53,LOW,True,True
ACH-001736,No,TP53,MODERATE,False,True
ACH-000370,No,TP53,MODERATE,False,True
ACH-001857,Yes,TP53,MODERATE,True,True
ACH-000942,No,TP53,HIGH,True,True
ACH-000308,No,TP53,MODERATE,True,False
ACH-000549,Yes,TP53,HIGH,True,False
ACH-000370,No,TP53,HIGH,True,False
ACH-000754,No,TP53,MODERATE,False,False
ACH-000784,No,TP53,MODERATE,True,True
ACH-002114,Yes,TP53,HIGH,True,False
ACH-002196,Yes,TP53,HIGH,True,True
ACH-000052,No,TP53,HIGH,True,False
ACH-000052,No,TP53,HIGH,True,False
ACH-000680,No,TP53,HIGH,True,False
ACH-000548,No,TP53,HIGH,True,False
ACH-000522,No,TP53,MODERATE,True,True
ACH-001380,Yes,TP53,MODERATE,True,True
ACH-002389,Yes,TP53,MODERATE,True,True
ACH-001197,No,TP53,MODERATE,True,True
ACH-002304,Yes,TP53,MODERATE,True,True
ACH-000676,No,TP53,MODERATE,True,True
ACH-000469,No,TP53,MODERATE,True,True
ACH-002277,Yes,TP53,MODERATE,False,True
ACH-001039,Yes,TP53,HIGH,True,False
ACH-000253,No,TP53,HIGH,True,False
ACH-000794,Yes,TP53,HIGH,True,False
ACH-000777,No,TP53,MODERATE,True,True
ACH-000839,No,TP53,MODERATE,True,True
ACH-000475,No,TP53,MODERATE,True,True
ACH-000340,Yes,TP53,MODERATE,True,True
ACH-000475,No,TP53,MODERATE,True,True
ACH-000366,No,TP53,MODERATE,True,True
ACH-001641,No,TP53,MODERATE,True,True
ACH-000488,No,TP53,MODERATE,True,True
ACH-001126,Yes,TP53,MODERATE,True,True
ACH-000366,No,TP53,MODERATE,True,True
ACH-000356,No,TP53,MODERATE,True,True
ACH-000111,No,TP53,MODERATE,False,False
ACH-002251,Yes,TP53,HIGH,True,False
ACH-002042,No,TP53,MODERATE,True,False
ACH-000585,No,TP53,HIGH,True,True
ACH-001039,Yes,TP53,HIGH,True,False
ACH-000253,No,TP53,HIGH,True,False
ACH-002305,Yes,TP53,MODERATE,True,True
ACH-001541,Yes,TP53,MODERATE,True,True
ACH-000419,Yes,TP53,MODERATE,True,True
ACH-002122,Yes,TP53,HIGH,True,True
ACH-001997,Yes,TP53,HIGH,True,True
ACH-000261,No,TP53,HIGH,True,True
ACH-001863,No,TP53,HIGH,True,True
ACH-000091,No,TP53,HIGH,True,False
ACH-002264,Yes,TP53,HIGH,True,False
ACH-001654,Yes,TP53,HIGH,True,True
ACH-001654,No,TP53,HIGH,True,True
ACH-002250,Yes,TP53,HIGH,True,False
ACH-000347,No,TP53,HIGH,True,False
ACH-000595,No,TP53,MODERATE,False,False
ACH-001421,No,TP53,MODERATE,False,False
ACH-003465,Yes,TP53,MODERATE,False,False
ACH-000621,No,TP53,HIGH,True,False
ACH-000994,No,TP53,MODERATE,False,False
ACH-000667,No,TP53,HIGH,True,True
ACH-002038,No,TP53,HIGH,True,False
ACH-000795,Yes,TP53,HIGH,True,True
ACH-001673,Yes,TP53,HIGH,True,True
ACH-000544,No,TP53,HIGH,True,False
ACH-000544,No,TP53,HIGH,True,False
ACH-000544,No,TP53,MODERATE,False,False
ACH-000544,No,TP53,MODERATE,False,False
ACH-000966,No,TP53,HIGH,True,False
ACH-000940,No,TP53,HIGH,True,False
ACH-000685,Yes,TP53,HIGH,True,False
ACH-000811,No,TP53,HIGH,True,False
ACH-000955,No,TP53,HIGH,True,False
ACH-002444,Yes,TP53,HIGH,True,False
ACH-002445,Yes,TP53,HIGH,True,False
ACH-000277,No,TP53,HIGH,True,False
ACH-002142,No,TP53,HIGH,True,False
ACH-000988,No,TP53,MODERATE,False,False
ACH-000999,Yes,TP53,HIGH,True,False
ACH-002095,Yes,TP53,HIGH,True,False
ACH-000956,No,TP53,HIGH,True,False
ACH-000969,No,TP53,HIGH,True,False
ACH-000965,No,TP53,HIGH,True,False
ACH-000924,No,TP53,HIGH,True,False
ACH-000956,No,TP53,HIGH,True,False
ACH-000924,No,TP53,HIGH,True,False
ACH-000416,No,TP53,HIGH,True,True
ACH-000785,No,TP53,HIGH,True,True
ACH-000357,Yes,TP53,HIGH,True,False
ACH-000698,No,TP53,HIGH,True,True
ACH-000698,No,TP53,HIGH,True,True
ACH-000934,No,TP53,HIGH,True,True
ACH-001368,Yes,TP53,HIGH,True,False
ACH-001368,No,TP53,HIGH,True,False
ACH-000442,Yes,TP53,HIGH,True,False
ACH-000039,No,TP53,HIGH,True,True
ACH-001411,Yes,TP53,HIGH,True,True
ACH-000039,No,TP53,HIGH,True,False
ACH-001543,No,TP53,HIGH,True,False
ACH-001543,No,TP53,HIGH,True,False
ACH-000614,No,TP53,HIGH,True,False
ACH-002461,Yes,TP53,HIGH,True,False
ACH-001459,Yes,TP53,HIGH,True,True
ACH-000820,No,TP53,HIGH,True,True
ACH-000171,Yes,TP53,HIGH,True,False
ACH-000999,Yes,TP53,MODERATE,False,False
ACH-002296,Yes,TP53,HIGH,True,False
ACH-000866,No,TP53,HIGH,True,False
ACH-000058,Yes,TP53,HIGH,True,False
ACH-000866,No,TP53,HIGH,True,False
ACH-001332,No,TP53,HIGH,True,True
ACH-001332,Yes,TP53,HIGH,True,True
ACH-000218,No,TP53,HIGH,True,False
ACH-000218,Yes,TP53,HIGH,True,False
ACH-001524,Yes,TP53,HIGH,True,False
ACH-000744,Yes,TP53,MODERATE,False,False
ACH-000921,No,TP53,HIGH,True,False
ACH-000766,No,TP53,HIGH,True,False
ACH-000596,No,TP53,HIGH,True,False
ACH-001836,Yes,TP53,HIGH,True,False
ACH-001835,Yes,TP53,HIGH,True,False
ACH-000596,No,TP53,HIGH,True,False
ACH-001834,Yes,TP53,HIGH,True,False
ACH-002399,No,TP53,HIGH,True,False
ACH-002401,No,TP53,HIGH,True,False
ACH-002400,No,TP53,HIGH,True,False
ACH-000767,No,TP53,HIGH,True,False
ACH-000767,No,TP53,HIGH,True,False
ACH-000936,No,TP53,HIGH,True,False
ACH-001407,Yes,TP53,HIGH,True,False
ACH-002403,Yes,TP53,HIGH,True,False
ACH-002212,Yes,TP53,HIGH,True,False
ACH-001395,No,TP53,HIGH,True,False
ACH-002297,Yes,TP53,HIGH,True,False
ACH-000812,No,TP53,MODERATE,False,False
ACH-000812,Yes,TP53,MODERATE,False,False
ACH-000311,No,TP53,MODERATE,False,False
ACH-002397,Yes,TP53,HIGH,True,False
ACH-002269,Yes,TP53,HIGH,True,False
ACH-000779,Yes,CTNNB1,MODERATE,False,False
ACH-000514,No,CTNNB1,MODERATE,False,False
ACH-000514,No,CTNNB1,MODERATE,False,False
ACH-000801,No,CTNNB1,HIGH,True,False
ACH-000942,No,CTNNB1,MODERATE,False,False
ACH-001021,No,CTNNB1,MODERATE,False,False
ACH-001021,No,CTNNB1,HIGH,True,False
ACH-000696,No,CTNNB1,MODERATE,False,False
ACH-001280,No,CTNNB1,MODERATE,False,True
ACH-000507,No,CTNNB1,MODERATE,False,True
ACH-000984,Yes,CTNNB1,MODERATE,False,True
ACH-000946,No,CTNNB1,MODERATE,False,True
ACH-001843,Yes,CTNNB1,MODERATE,False,True
ACH-000851,Yes,CTNNB1,MODERATE,False,True
ACH-000677,Yes,CTNNB1,MODERATE,False,True
ACH-000958,No,CTNNB1,MODERATE,False,True
ACH-003437,Yes,CTNNB1,MODERATE,False,True
ACH-000677,No,CTNNB1,MODERATE,False,True
ACH-000465,Yes,CTNNB1,MODERATE,False,True
ACH-000485,Yes,CTNNB1,HIGH,True,False
ACH-001275,No,CTNNB1,MODERATE,False,True
ACH-001959,Yes,CTNNB1,MODERATE,False,True
ACH-000898,No,CTNNB1,MODERATE,False,True
ACH-001991,Yes,CTNNB1,MODERATE,False,True
ACH-000671,No,CTNNB1,MODERATE,False,True
ACH-000880,No,CTNNB1,MODERATE,False,True
ACH-002017,No,CTNNB1,MODERATE,False,True
ACH-000974,No,CTNNB1,MODERATE,False,True
ACH-002026,No,CTNNB1,MODERATE,False,True
ACH-000974,No,CTNNB1,MODERATE,False,True
ACH-000990,Yes,CTNNB1,MODERATE,False,True
ACH-000048,No,CTNNB1,MODERATE,False,True
ACH-000221,No,CTNNB1,MODERATE,False,True
ACH-002183,Yes,CTNNB1,MODERATE,False,True
ACH-000221,No,CTNNB1,MODERATE,False,True
ACH-000485,Yes,CTNNB1,MODERATE,False,True
ACH-000909,Yes,CTNNB1,MODERATE,False,True
ACH-000538,No,CTNNB1,MODERATE,False,True
ACH-000757,No,CTNNB1,MODERATE,False,True
ACH-000787,Yes,CTNNB1,MODERATE,False,True
ACH-002023,No,CTNNB1,MODERATE,False,True
ACH-000955,No,CTNNB1,MODERATE,False,True
ACH-001664,Yes,CTNNB1,MODERATE,False,True
ACH-000757,Yes,CTNNB1,MODERATE,False,True
ACH-000963,No,CTNNB1,MODERATE,False,True
ACH-000812,No,CTNNB1,MODERATE,False,False
ACH-000971,No,CTNNB1,MODERATE,False,False
ACH-000812,Yes,CTNNB1,MODERATE,False,False
ACH-001563,Yes,CTNNB1,MODERATE,False,False
ACH-000182,No,CTNNB1,MODERATE,False,True
ACH-000957,No,CTNNB1,MODERATE,False,True
ACH-000247,No,CTNNB1,MODERATE,False,True
ACH-000878,No,CTNNB1,MODERATE,False,True
ACH-000247,No,CTNNB1,MODERATE,False,True
ACH-000860,Yes,CTNNB1,MODERATE,False,False
ACH-002198,Yes,CTNNB1,MODERATE,False,False
ACH-000571,Yes,CTNNB1,MODERATE,False,False
ACH-001991,Yes,CTNNB1,MODERATE,False,False
ACH-000990,Yes,CTNNB1,MODERATE,False,False
ACH-001518,Yes,CTNNB1,MODERATE,False,False
ACH-001518,Yes,CTNNB1,MODERATE,False,False
ACH-000009,No,CTNNB1,MODERATE,False,False
ACH-001552,Yes,CTNNB1,MODERATE,False,False
ACH-000926,No,CTNNB1,MODERATE,False,False
ACH-000926,Yes,CTNNB1,MODERATE,False,False
ACH-000885,No,CTNNB1,MODERATE,False,True
ACH-000885,Yes,CTNNB1,MODERATE,False,True
ACH-000979,No,CTNNB1,MODERATE,False,False
ACH-000661,No,CTNNB1,MODERATE,False,False
ACH-000991,Yes,CTNNB1,MODERATE,False,False
ACH-002256,Yes,CTNNB1,MODERATE,False,False
ACH-002309,Yes,CTNNB1,MODERATE,False,False
ACH-001333,No,CTNNB1,MODERATE,False,False
ACH-001333,No,CTNNB1,MODERATE,False,False
ACH-000546,Yes,CTNNB1,MODERATE,False,False
ACH-000546,No,CTNNB1,MODERATE,False,False
ACH-000920,No,CTNNB1,MODERATE,False,False
ACH-000920,Yes,CTNNB1,MODERATE,False,False
ACH-000991,Yes,CTNNB1,MODERATE,False,False
ACH-001377,Yes,CTNNB1,MODERATE,False,False
ACH-001719,Yes,CTNNB1,MODERATE,False,False
ACH-000954,No,CTNNB1,MODERATE,False,False
ACH-001525,No,CTNNB1,MODERATE,False,False
ACH-001525,Yes,CTNNB1,MODERATE,False,False
ACH-000061,No,CTNNB1,HIGH,True,False
ACH-000364,No,CTNNB1,HIGH,True,False
ACH-000998,Yes,CTNNB1,MODERATE,False,False
ACH-000653,No,CTNNB1,MODERATE,False,False
ACH-000653,No,CTNNB1,MODERATE,False,False
ACH-000472,Yes,CTNNB1,MODERATE,False,False
ACH-000878,No,CTNNB1,HIGH,True,False
