,pearson_r_after_lineage_centering
FERMT2 (10979),-0.15181000853822302
RCC1 (1104),-0.15081153223897065
CCDC74A (90557),-0.14980691801665888
ITGAV (3685),-0.14567432982924336
CHMP4B (128866),-0.1442633850417808
NAT10 (55226),-0.14252022464952135
NKAIN3 (286183),-0.13956489291890647
TBCB (1155),-0.13855993468445743
HASPIN (83903),-0.1383452791497692
CDS2 (8760),-0.13641248521854593
METTL5 (29081),-0.13427562761581935
SRSF10 (10772),-0.13409433422855124
HIC2 (23119),-0.13366654840796058
PRXL2B (127281),-0.13135589601951303
RTN4R (65078),-0.12567815997428547
UTP25 (27042),-0.12500821563209633
RIMBP3 (85376),-0.123219376660178
VPS4A (27183),-0.1217646843305115
PKP3 (11187),-0.12168743352308807
LMNA (4000),-0.12110636838695363
CHCHD10 (400916),-0.1187390623937017
NOB1 (28987),-0.11852762331031441
LFNG (3955),-0.11749798567221927
SPCS3 (60559),-0.11718523053171356
DKC1 (1736),-0.11608108681844397
RPP38 (10557),-0.11593172234161825
RPTOR (57521),-0.11485800119776204
NOP16 (51491),-0.11467887757658127
SPRR2F (6705),-0.11342260394577156
GAPDH (2597),-0.11183285022575527
UTP6 (55813),-0.11061603414070553
KRTAP10-5 (386680),-0.11006454515171168
C10orf95 (79946),-0.10882194968793366
SH3PXD2B (285590),-0.10859437021508057
LYRM4 (57128),-0.10825234748910331
NLE1 (54475),-0.1080231800006444
DENND6A (201627),-0.10731763636948916
SMC3 (9126),-0.10650580461396104
RINT1 (60561),-0.10624872713503232
NOL6 (65083),-0.10624303052133525
WDHD1 (11169),-0.10621277333516894
FCGR3B (2215),-0.10558415305889755
HBS1L (10767),-0.10538207404508336
DDOST (1650),-0.10476238618536479
DUS3L (56931),-0.10430618369238998
HNRNPH1 (3187),-0.10430262808752565
SPOUT1 (51490),-0.10390618969051156
ZEB2 (9839),-0.1031656072625851
ARX (170302),-0.10286744302757894
ELMO2 (63916),-0.10251978454027862
PMPCB (9512),-0.10251093671885182
ABCB7 (22),-0.10236842174595338
WDR55 (54853),-0.10230631723623
PAK1IP1 (55003),-0.10230623303713371
RPS16 (6217),-0.1021300909173238
NALF1 (728215),-0.10127904040162862
CDK4 (1019),-0.10074861885278955
TRMT2A (27037),-0.09995331482050529
TYRO3 (7301),-0.09967222388105308
CNTNAP2 (26047),-0.09959494054345806
GFER (2671),-0.09935828494928159
SCLY (51540),-0.09932537691449743
ACTN4 (81),-0.09878211890823925
SNRPC (6631),-0.09878028897737888
AIFM3 (150209),-0.09805284344499954
JUN (3725),-0.0975634969696477
ARL2 (402),-0.09745961616010891
ORC6 (23594),-0.09721160658286289
VAMP5 (10791),-0.09697753437688614
ZNF747 (65988),-0.09654448457915056
THAP11 (57215),-0.09642790139463778
GPX4 (2879),-0.09629323473270388
YPEL1 (29799),-0.0962250133323318
DGCR6 (8214),-0.09615980078835507
FOXM1 (2305),-0.09612427852758884
HSCB (150274),-0.09583832001465212
RCL1 (10171),-0.09569318768749378
RBM19 (9904),-0.09561905073976829
NMNAT1 (64802),-0.09551558226035056
GNAI2 (2771),-0.09544484968031808
PKD1L1 (168507),-0.09522642932524192
NVL (4931),-0.09493524086293662
NHLRC2 (374354),-0.09457811913723599
TWIST1 (7291),-0.0945384319408661
COMT (1312),-0.09418309077652523
IFITM1 (8519),-0.09400521441683711
SLC2A7 (155184),-0.0939416722472909
TRMT112 (51504),-0.09383417112578314
DDX54 (79039),-0.09382840698312417
SMPD4 (55627),-0.09373360713196503
CPOX (1371),-0.09370974645538763
SLC7A11 (23657),-0.09361932283557395
DRAXIN (374946),-0.09296534280988938
KCNK1 (3775),-0.09294698766930436
GNB1 (2782),-0.09240269761923059
ASPG (374569),-0.09235777821700458
RPL23A (6147),-0.0923562080371846
FXN (2395),-0.09220650886944708
SREBF2 (6721),-0.09206795034403287
PWP2 (5822),-0.09203799971754947
BCAR1 (9564),-0.09195346102869241
HTN3 (3347),-0.09187599897089789
CPSF3 (51692),-0.09182941062676034
UBALD1 (124402),-0.09178526418967872
MAP2K6 (5608),-0.09172484907621924
TIMM8A (1678),-0.09167524212932372
TRMT5 (57570),-0.09163757490125869
NOC2L (26155),-0.09155382308358714
ALPK3 (57538),-0.09151495486828898
FEN1 (2237),-0.09131308551223724
LYN (4067),-0.09126453810684443
TIMM29 (90580),-0.0912421606460647
SULT1A1 (6817),-0.09117526936967997
ZBTB8OS (339487),-0.09087358937771622
SDF4 (51150),-0.09084298916814591
LGMN (5641),-0.09066671459412466
EP300 (2033),-0.09066325938117188
EXOSC4 (54512),-0.09052666106732424
INHBE (83729),-0.09052254615787961
SMC1A (8243),-0.09043188093624414
SRSF2 (6427),-0.09042453137293505
SPCS2 (9789),-0.09038680362120069
CARTPT (9607),-0.09024339917818744
ATXN2L (11273),-0.09019322884793227
MTHFR (4524),-0.09014991227436284
IGHMBP2 (3508),-0.09012703725596342
ERCC3 (2071),-0.08988626092149778
SRF (6722),-0.08982786544316498
PTPMT1 (114971),-0.0898078652011088
TOLLIP (54472),-0.08959967159829516
SFN (2810),-0.08958007928470486
PMAIP1 (5366),-0.08926969543690293
BRI3BP (140707),-0.0892024220546382
FOXQ1 (94234),-0.08897844943343323
CEP128 (145508),-0.08884519465121228
ZNF264 (9422),-0.08883113154366788
NKX6-2 (84504),-0.08879650220600464
LDLRAP1 (26119),-0.0887850453214301
TAMM41 (132001),-0.0887692348967996
OSBP (5007),-0.0886753952988186
DGCR6L (85359),-0.08861565900770373
UTP23 (84294),-0.08852757798580733
OR5H14 (403273),-0.08835113409375114
CYP11B1 (1584),-0.08815802107261195
URB2 (9816),-0.08800072100879905
RFC5 (5985),-0.08791271258321981
C19orf25 (148223),-0.08779591947643992
ADRA2C (152),-0.0877802686408499
TESK1 (7016),-0.08772656895871535
EXOSC2 (23404),-0.08768450140544291
IFI27L1 (122509),-0.08767696020835179
TMEM231 (79583),-0.08753373535728522
YDJC (150223),-0.08727928908784009
WASF3 (10810),-0.08726025044536821
GPR157 (80045),-0.08724092469924995
TUBA3C (7278),-0.08721818975358878
UBE2C (11065),-0.08694554655149467
PRKAR1A (5573),-0.08686500715288671
AACS (65985),-0.08680420917399276
SERF2 (10169),-0.08651211493955728
CACUL1 (143384),-0.08650425639814172
SCNN1B (6338),-0.08640785359711947
PROM2 (150696),-0.08634517123686183
OR5H6 (79295),-0.08605699281142361
GPR137 (56834),-0.08600254431884274
OR10G8 (219869),-0.08583338432506617
PARK7 (11315),-0.08578911412754778
TMEM178B (100507421),-0.08572987621471237
OR14I1 (401994),-0.0857112867545335
GEMIN6 (79833),-0.08561657100942989
PRODH (5625),-0.08560328984018356
ZYX (7791),-0.08543912066339304
CCL20 (6364),-0.08518376309924557
MARS1 (4141),-0.08517662722484856
KPNA2 (3838),-0.0851326807601609
NIP7 (51388),-0.0851239263622927
HTR3B (9177),-0.08509457872986259
NUMA1 (4926),-0.08508780426145739
CIMIP2B (730112),-0.08504049077928744
ZNF532 (55205),-0.08483188285472536
RNF222 (643904),-0.0845457095638072
FBXL14 (144699),-0.08447516758574662
SNAPC5 (10302),-0.0844423527359658
TRIM24 (8805),-0.0844364225158815
PSMB10 (5699),-0.08438749425952745
OR11L1 (391189),-0.084313807552004
TRAIP (10293),-0.0843133870615893
RUSC2 (9853),-0.08430913464795646
EIF2B5 (8893),-0.08430454469873905
TONSL (4796),-0.08420812555742098
D2HGDH (728294),-0.08394370005248257
LMNB2 (84823),-0.08394199421497554
PRPF38B (55119),-0.08369695882650766
RECK (8434),-0.08343301885121113
BUB1B (701),-0.08341758965190482
NOM1 (64434),-0.08326471828023162
PROSER2 (254427),-0.08321635888529627
GGTLC2 (91227),-0.08319880823409632
CPSF1 (29894),-0.08317863132822789
ASCL1 (429),-0.08316893912097534
SFSWAP (6433),-0.08313911334144973
OR14A16 (284532),-0.08309917954810697
OR5P2 (120065),-0.08307193427708671
CLDN25 (644672),-0.08297590845110275
SEC61B (10952),-0.08287721057602368
SLC9A2 (6549),-0.08273534678143121
LRP4 (4038),-0.0827251469929917
TMEM278 (643965),-0.08272292482117102
RAB20 (55647),-0.08267599050021633
LAMA5 (3911),-0.08250949629068816
LATS1 (9113),-0.08248401890059658
RETREG2 (79137),-0.0823875868666538
TNIP2 (79155),-0.0823834144037493
NOP10 (55505),-0.08237525392321744
BOD1 (91272),-0.08226402503655425
NMD3 (51068),-0.08218578390471487
CA9 (768),-0.08211885647550891
RPF2 (84154),-0.08208643536127351
HAUS5 (23354),-0.08199037900757646
TIGD2 (166815),-0.08186067072108452
SLCO1C1 (53919),-0.08184080092509192
BAX (581),-0.08181103489198903
RAB33B (83452),-0.08170674616586282
VRK1 (7443),-0.0816725040997176
RAD51C (5889),-0.0816274657109056
SAXO5 (374877),-0.08161985230267002
THG1L (54974),-0.08155707336306542
SLITRK1 (114798),-0.08148445720689014
TBCD (6904),-0.08139789043428718
AKR1D1 (6718),-0.08139400711490176
NOL9 (79707),-0.08137345926986995
TMX2 (51075),-0.08135572081094516
GCLC (2729),-0.08127066782084548
NAXD (55739),-0.08126319269971104
KLF11 (8462),-0.08125795703657956
KRTAP20-2 (337976),-0.0812205975704925
UTP3 (57050),-0.08104198260602562
ZXDC (79364),-0.08099924405614303
BAK1 (578),-0.08097786319471638
SLC25A18 (83733),-0.08084739269078166
GOT1 (2805),-0.08074914570495191
TSEN2 (80746),-0.08069909880166964
RPL41 (6171),-0.08063930747061551
WDR38 (401551),-0.0805634308096076
ZBTB9 (221504),-0.0805051116684536
USP43 (124739),-0.08049332937231438
TMEM18 (129787),-0.08047494429049346
PGS1 (9489),-0.08043437761476552
PHF13 (148479),-0.08040328306547828
CRLS1 (54675),-0.08029111933447505
SLC17A4 (10050),-0.08028116001968977
EBP (10682),-0.08016896725657044
GLRX3 (10539),-0.08016498306996409
SAFB2 (9667),-0.07997220929155519
STX18 (53407),-0.07991799555455147
PRKRA (8575),-0.07987600532828734
PES1 (23481),-0.07983516715569942
TMCC3 (57458),-0.07982193438568713
UBE2G2 (7327),-0.07979114973250102
EEFSEC (60678),-0.07978518431174177
TKTL1 (8277),-0.07964801500172197
DYNLRB1 (83658),-0.07953964024770765
C17orf99 (100141515),-0.07945342789219428
GTF3A (2971),-0.07932495996209496
HYAL3 (8372),-0.07931194050410637
LDB1 (8861),-0.07930801316669092
ELP4 (26610),-0.07926323354295234
TMED4 (222068),-0.07924321946135524
FGFR1 (2260),-0.07912766406250162
TXN (7295),-0.07907297755964962
RRS1 (23212),-0.0790644447090052
ACOT1 (641371),-0.0790427579114224
TMEM170A (124491),-0.07901338418894636
NUP62CL (54830),-0.07899786341377997
OR10V1 (390201),-0.07896781267986497
DRD1 (1812),-0.07896585179397898
RNF38 (152006),-0.07890054155955291
NLRP3 (114548),-0.07886314938450319
PDGFRA (5156),-0.07880122784252744
CLNS1A (1207),-0.07878122520329305
GTF2H3 (2967),-0.07874124632456507
FAM24B (196792),-0.07873283016618603
CRKL (1399),-0.07872892379304988
CHMP7 (91782),-0.07852111923270622
CDC42 (998),-0.07851918530365043
SIGLEC14 (100049587),-0.0785001551851763
ZNF236 (7776),-0.07848572966585951
PRKCE (5581),-0.07847246717331663
ITGAM (3684),-0.07838675532637165
MRM1 (79922),-0.0782902172443061
TMEM54 (113452),-0.07826191823263837
PDE8B (8622),-0.07815658760205968
SYTL3 (94120),-0.07810981384726114
LEMD2 (221496),-0.07805478273511493
ZNF511 (118472),-0.07800658774643775
IL9R (3581),-0.07795118286345658
RIMKLA (284716),-0.07790206392248411
VEGFB (7423),-0.07786907986487221
CEBPZ (10153),-0.0778670888743493
ZNF787 (126208),-0.07783365268577902
TICAM1 (148022),-0.0777469792304209
HPSE (10855),-0.07774398630059301
ZBTB48 (3104),-0.07770540258474912
HTRA3 (94031),-0.07769001907476074
UNC93A (54346),-0.07760390903163797
TIMM22 (29928),-0.07759067889882489
RPLP2 (6181),-0.07751993167850663
SPRY3 (10251),-0.07741843089258503
NELL2 (4753),-0.07741294680269928
GLI1 (2735),-0.07739649186360914
TCIRG1 (10312),-0.077396371088982
SMIM18 (100507341),-0.07736167018521121
TRIM41 (90933),-0.07720708851298566
LVRN (206338),-0.07717607650347089
CCNH (902),-0.07702481732403592
ISG20L2 (81875),-0.07699741589636694
MAPK3 (5595),-0.07695790744318003
OBP2A (29991),-0.0769435494850629
MGAM (8972),-0.07691894766691305
CCDC85A (114800),-0.0768995210796676
LSG1 (55341),-0.07687781215990458
MTOR (2475),-0.0768400495936442
NBAS (51594),-0.0768386748225126
EPM2AIP1 (9852),-0.07677065302230275
HSPG2 (3339),-0.07675686959798055
TMEM255B (348013),-0.07672947099789973
AK7 (122481),-0.07669369805866977
YPEL3 (83719),-0.07666624088894418
SHBG (6462),-0.07665661107296422
EEF2KMT (196483),-0.07661454230239056
ZNF608 (57507),-0.07657418336258595
GRTP1 (79774),-0.07657408638778519
GAR1 (54433),-0.07656124121520415
PASD1 (139135),-0.07655146893699724
MON2 (23041),-0.07652116250598673
GEMIN7 (79760),-0.07646599392273368
CASP8 (841),-0.07644215151513398
SLITRK5 (26050),-0.07643838714963586
BNIP1 (662),-0.07641153057131266
DIAPH3 (81624),-0.0763119595947993
TSEN15 (116461),-0.076252744826224
SACM1L (22908),-0.07623145788488334
NAF1 (92345),-0.07622165284527431
BOK (666),-0.0761549295653638
MTFR1L (56181),-0.07608947214507983
LIG1 (3978),-0.07608011103811596
LIMS1 (3987),-0.076065390081571
PSTK (118672),-0.07598823417275305
FKBP14 (55033),-0.07579996559170958
HYPK (25764),-0.075799954428413
TRNT1 (51095),-0.07577219038488558
SPART (23111),-0.07574094555354705
STAC3 (246329),-0.07571039514714953
CIAO1 (9391),-0.07570006442370328
KRTAP10-2 (386679),-0.07566353129545243
GCC1 (79571),-0.07565691200907003
PAOX (196743),-0.0756085796059637
PXDC1 (221749),-0.07556148273032039
CD99L2 (83692),-0.07549020423932261
C12orf57 (113246),-0.07547966631681986
TGFBR1 (7046),-0.07544696037188292
RAB19 (401409),-0.07537291981739545
WDR74 (54663),-0.07536837631633589
GSTK1 (373156),-0.07527892354884637
CPSF4L (642843),-0.07525693416007849
ZNF584 (201514),-0.0751959563649474
TRIM8 (81603),-0.07518840539613163
EIF4E (1977),-0.07509199772324116
OR2V2 (285659),-0.0750610088878271
ZNHIT3 (9326),-0.07506041602266318
KMT5B (51111),-0.07502389234044185
H4C8 (8365),-0.07501095870325045
GRPEL1 (80273),-0.07494224457185268
ZDHHC3 (51304),-0.07483631770541492
ZC3H10 (84872),-0.07481877964557519
TAF10 (6881),-0.07476751545619235
NUTM1 (256646),-0.0747402098193441
UNC13B (10497),-0.07473758508478373
MDFI (4188),-0.07462308663999875
EMC4 (51234),-0.0745598139758977
CDK2AP2 (10263),-0.0745405999645469
TGFBR2 (7048),-0.07447893746668402
MYBBP1A (10514),-0.0744609631025529
FSCN1 (6624),-0.07436380586490682
KLC1 (3831),-0.07426794872893737
SPRN (503542),-0.07425146102585514
QRICH2 (84074),-0.07416271130814779
NT5C1B (93034),-0.074142999307611
EXO1 (9156),-0.07412623621749317
PTCH2 (8643),-0.07410625080907149
MZT2A (653784),-0.07409699656407279
TIMM44 (10469),-0.07406002639858264
KEL (3792),-0.07397506394663983
MID1IP1 (58526),-0.07395581358078905
GTF2H1 (2965),-0.07391748581131273
CELF2 (10659),-0.07388613679214594
KRT2 (3849),-0.07382815327737258
GRIK2 (2898),-0.07382232895845925
PCDHAC1 (56135),-0.07382146722664981
NUBP1 (4682),-0.07374532047186096
SOCS3 (9021),-0.07373134570401316
TNNC1 (7134),-0.07366561642897801
PTPRH (5794),-0.07365224220485556
CFAP46 (54777),-0.07363419431695628
PPM1H (57460),-0.07357277611388513
WNT5B (81029),-0.07337803952187125
TMEM41A (90407),-0.07336823735689019
ARHGEF6 (9459),-0.07335006869081075
FGF4 (2249),-0.07332458332330079
ESAM (90952),-0.07331621038917083
C1RL (51279),-0.07328214017075545
GNG4 (2786),-0.0731607823838062
BCAS3 (54828),-0.07313678090167525
STRADB (55437),-0.07310563203448579
CYBRD1 (79901),-0.07305758258787566
ABT1 (29777),-0.07305214209369715
DCUN1D5 (84259),-0.07291921965006581
ZNF70 (7621),-0.0728832813348615
ZP2 (7783),-0.07286812321475473
CANT1 (124583),-0.07286380250935057
HCAR3 (8843),-0.07282592999743923
ITGBL1 (9358),-0.07275347510013486
TBCA (6902),-0.07262225803878074
PDGFRB (5159),-0.0725873274357487
CCDC40 (55036),-0.07256160947962946
SLC8B1 (80024),-0.07254605822879119
SULT1A2 (6799),-0.0725457587833563
BCCIP (56647),-0.07254296038197026
SLAMF7 (57823),-0.07253257697125404
ANXA2 (302),-0.07246116376870407
GYS2 (2998),-0.07243519069527565
CALY (50632),-0.07239125101315669
DDO (8528),-0.07239117537233182
SLC22A5 (6584),-0.07236170168274084
LARP4 (113251),-0.07235160847009742
FOXO1 (2308),-0.07234770476046752
ISM2 (145501),-0.0722941516066012
PECR (55825),-0.07219351224527312
FKBP2 (2286),-0.07211870965895215
GGT6 (124975),-0.07197141046307774
NPL (80896),-0.07195782051477967
SCUBE2 (57758),-0.0718849537328284
SURF6 (6838),-0.07167359019706648
DHDH (27294),-0.07159160245830878
FOXK1 (221937),-0.07151090852230498
ETNK2 (55224),-0.07150996198265683
PDCL (5082),-0.07150680813075401
SOD2 (6648),-0.07146336925200596
IMP4 (92856),-0.07144959493362323
GLP1R (2740),-0.0714301471109963
UBTF (7343),-0.07141872990616507
PLXNA3 (55558),-0.07135413108301872
RAB27B (5874),-0.07133752656260982
R3HDM1 (23518),-0.07132740322562202
SFI1 (9814),-0.071319766570294
TSR1 (55720),-0.07127293223928405
TBP (6908),-0.07120091636447874
ST6GALNAC5 (81849),-0.07119603549447454
LCN12 (286256),-0.07118276124631143
TOR1AIP2 (163590),-0.0710860030956038
LNX1 (84708),-0.071061454878749
WDR25 (79446),-0.07105324776390644
CLDN14 (23562),-0.07101579848961007
CELSR1 (9620),-0.0709611532134446
FNTA (2339),-0.07094539052190597
KRTAP5-10 (387273),-0.07088862443478472
CTDSP2 (10106),-0.0708598060233507
MAP2K2 (5605),-0.0708596330100143
NUP188 (23511),-0.07080613824403102
LACRT (90070),-0.07065194474917809
OGFOD3 (79701),-0.07060981311006448
PLCD4 (84812),-0.07059541263723033
C3orf38 (285237),-0.07057354122679116
TK1 (7083),-0.07055159935956558
FLVCR1 (28982),-0.07052146454339954
MARCHF9 (92979),-0.07050672973294114
CFAP299 (255119),-0.07049354682018129
FAM3D (131177),-0.07047864401270947
SYT12 (91683),-0.07031518258466113
WDR36 (134430),-0.07027769517347207
REEP4 (80346),-0.0702556902872375
EIF6 (3692),-0.07016642536284094
TFAP2A (7020),-0.07015707778954273
ROGDI (79641),-0.07013992022312562
PTK2 (5747),-0.07012288579443239
MAP3K9 (4293),-0.07006890078632137
CARD11 (84433),-0.07004347452258838
KIAA0319L (79932),-0.07003179535609355
SDK2 (54549),-0.06999500311429427
ABHD16B (140701),-0.06999090338172678
PLA2G2F (64600),-0.06995663734757104
E2F7 (144455),-0.06980629170193137
TMEM187 (8269),-0.06979560270183331
OS9 (10956),-0.06979456280870697
MAP1B (4131),-0.0697864944841291
ZNF398 (57541),-0.06977772804626262
VKORC1 (79001),-0.06975801675397192
C22orf15 (150248),-0.06970036189245706
PPM1F (9647),-0.06966433001387498
RADX (55086),-0.06961507091036656
GTF3C2 (2976),-0.06952405747711347
PPRC1 (23082),-0.06952205718577843
EVA1B (55194),-0.06946512534636126
ESPN (83715),-0.06944178198814704
TEX10 (54881),-0.06942140209915108
ZNF593 (51042),-0.06939649684697113
LCK (3932),-0.0693847047084092
TIMM13 (26517),-0.06938150276470637
GLCE (26035),-0.06936296506029932
NR4A3 (8013),-0.06932390609312572
RPP21 (79897),-0.06932249237787283
KRR1 (11103),-0.06928574659218105
ERGIC3 (51614),-0.06928261573875288
OR2T27 (403239),-0.06921818261545237
DNMT1 (1786),-0.06919260480514726
NAA80 (24142),-0.06918104465165481
UTP14A (10813),-0.0690287561260836
ACSL3 (2181),-0.06901906533794326
P2RX6 (9127),-0.06894209285730128
HMX2 (3167),-0.06888492538840017
GADD45G (10912),-0.06882596572879178
C14orf180 (400258),-0.06882572705411535
TRPC4AP (26133),-0.0687342622728069
DDX51 (317781),-0.0686993490976193
RANBP1 (5902),-0.06869240578969757
TBX1 (6899),-0.06866392845565664
CCNE2 (9134),-0.06861501545422746
HSPA2 (3306),-0.06857494570151
RPL35A (6165),-0.0685567573055102
AVEN (57099),-0.06848195039193487
CCDC88C (440193),-0.06842827611179547
CHST12 (55501),-0.06824339168663901
DLEU7 (220107),-0.0681938360063004
UPP2 (151531),-0.06818554314792777
ADAM12 (8038),-0.06817239935562767
WSB1 (26118),-0.0681531585412955
SMAD3 (4088),-0.06809213092543473
RSPH9 (221421),-0.06801439173613255
OR8H2 (390151),-0.06801251815782149
KLHL22 (84861),-0.06798531370063542
AGAP3 (116988),-0.06791299982126868
PHACTR3 (116154),-0.0677869377751377
MAGIX (79917),-0.06775734412499558
EBLN1 (340900),-0.06772682379201296
RPP30 (10556),-0.06767486797220701
ARSG (22901),-0.0676209598914588
SART3 (9733),-0.0676145218349998
PPA1 (5464),-0.06756192051163702
EIF1AD (84285),-0.06751438491659291
ISL1 (3670),-0.0674929941597793
MED30 (90390),-0.06748211492719167
SEPHS2 (22928),-0.0674659469239935
MYRF (745),-0.06745390391072978
HEPH (9843),-0.0674534763710432
FAM209A (200232),-0.06741039155065054
ARGLU1 (55082),-0.06739959983721346
GGACT (87769),-0.06733996146550941
ALKBH6 (84964),-0.06727729007319581
ZNF630 (57232),-0.06726799036485924
FBXL15 (79176),-0.0672386311828609
MIB2 (142678),-0.06723596201595111
SH3GL1 (6455),-0.06722603492734172
ELF4 (2000),-0.06714744694848603
TMLHE (55217),-0.06712572694619577
ZEB1 (6935),-0.06703825852636354
LAGE3 (8270),-0.06703794128837372
MVD (4597),-0.06702201753817885
TBL3 (10607),-0.06701102813939497
DISP1 (84976),-0.06700654124330688
WNT10A (80326),-0.06700396993439019
AURKB (9212),-0.06698851287888362
LMAN2 (10960),-0.06697829347512224
GNPAT (8443),-0.06697120712790368
SMAP1 (60682),-0.0669539564887523
DIMT1 (27292),-0.06692303626969541
MOGAT1 (116255),-0.06688817510864128
TLL2 (7093),-0.06687016607790663
C1orf94 (84970),-0.06680325451317669
TNFRSF14 (8764),-0.06679381079054254
KLK12 (43849),-0.0667673958840043
ENPP7 (339221),-0.06675844697791505
SLC25A37 (51312),-0.0667300306567076
PDE5A (8654),-0.06670485495587894
H1-10 (8971),-0.06668960101814973
TPT1 (7178),-0.06668120454438667
SLC9A1 (6548),-0.06659101640099314
MMD (23531),-0.06656726988837813
SMIM1 (388588),-0.066562308176839
GOLT1B (51026),-0.06654845030498473
SEPSECS (51091),-0.06649726337710518
POU2AF2 (341032),-0.0664408759507615
POLM (27434),-0.06642941342678199
VIL1 (7429),-0.06641376942985111
SYVN1 (84447),-0.06639929475948782
GXYLT2 (727936),-0.06639782525748161
GAS6 (2621),-0.06637711731247803
TNFRSF13C (115650),-0.06636360720933472
TIGD7 (91151),-0.06632153234780805
RAB3D (9545),-0.06630135898335306
TMEM95 (339168),-0.0663000959808488
PARM1 (25849),-0.06628358096477055
PVRIG (79037),-0.06625310153438728
DNAJC14 (85406),-0.06622288986380294
ARHGEF26 (26084),-0.06619173428685117
TMEM47 (83604),-0.06612152637465095
LGALS13 (29124),-0.06612073831203419
BMP15 (9210),-0.0661204038821787
PGD (5226),-0.06610994777431793
ZNF512B (57473),-0.06607893580936901
OLFM2 (93145),-0.06604712880907532
IPPK (64768),-0.06603516374448203
GPR142 (350383),-0.06601299470552671
BCL2 (596),-0.06600085663517992
SDF2L1 (23753),-0.06595352480342162
ANKRD55 (79722),-0.0659472126016952
MYO1C (4641),-0.06594698917140845
CTU1 (90353),-0.06592058935644458
TMEM68 (137695),-0.06591839038264004
KIF2C (11004),-0.06589331483591813
THRSP (7069),-0.06583493478428569
SDHA (6389),-0.06581327166249312
CYBC1 (79415),-0.06581003625421424
TCP1 (6950),-0.06579794904809684
AAAS (8086),-0.06576414002384286
CCL4 (6351),-0.06569874277964817
URAD (646625),-0.06567855909923624
ZNF831 (128611),-0.06566020340709353
STX1B (112755),-0.06565887012327559
PPP1R18 (170954),-0.06564525567735924
KRT16 (3868),-0.06562395878646987
NEMP1 (23306),-0.06560537803201992
GKN2 (200504),-0.06560224892260406
CCNO (10309),-0.06560003818001432
DCAF4 (26094),-0.06553787332295115
PWWP2B (170394),-0.065482276430279
SRM (6723),-0.06541429670110638
ITM2C (81618),-0.06540480579618523
DCAKD (79877),-0.06537308818726809
RPIA (22934),-0.06529483382695082
RIOK2 (55781),-0.065282895044444
CPSF4 (10898),-0.06513312286950662
TM9SF3 (56889),-0.06511666400936142
NTPCR (84284),-0.06501501062157419
KRT7 (3855),-0.06501227502051196
NRARP (441478),-0.06500164354550446
TMEM145 (284339),-0.06493325251722405
MAK16 (84549),-0.06492787181016027
CLDN9 (9080),-0.06491267491405785
PANK4 (55229),-0.06491122823804585
MYCN (4613),-0.06486671208488881
MYO19 (80179),-0.06486006246601042
HADHB (3032),-0.06483511478122175
MRTO4 (51154),-0.06482871535440927
EPCAM (4072),-0.0648191581142568
GLIPR1L2 (144321),-0.06481415135364318
NUDCD2 (134492),-0.06471224629253841
PLA1A (51365),-0.0646802106455147
RRBP1 (6238),-0.06467812500482674
STON2 (85439),-0.06466688617714128
SLC7A4 (6545),-0.0646518482810771
SLC66A2 (80148),-0.06464068829618883
EGFL8 (80864),-0.06460980671067576
OPTN (10133),-0.06460336989567023
ZNF646 (9726),-0.06458018324008136
MAZ (4150),-0.06457832968589017
CLDN20 (49861),-0.06456957987904091
THBS1 (7057),-0.06456893239070888
H3C7 (8968),-0.06450730382207874
BAG1 (573),-0.06449706023121572
CRABP1 (1381),-0.0644630988315712
SACS (26278),-0.06440581583658717
PDLIM2 (64236),-0.064404836049086
LAS1L (81887),-0.06439176368888191
ORC2 (4999),-0.06434155623697371
IDH3A (3419),-0.0643372191148816
MYBPC1 (4604),-0.06431476028550294
NOTUM (147111),-0.06424752952730953
GPR85 (54329),-0.06424676046340888
VCF2 (90736),-0.06422230050031698
PEBP1 (5037),-0.06421425859439774
SARDH (1757),-0.06421191813382306
TTK (7272),-0.0641690655286261
PIK3CD (5293),-0.06416710427330968
ZNF799 (90576),-0.06415981888664242
ACTR1A (10121),-0.0640552996782992
WDR37 (22884),-0.06404117115563616
SZRD1 (26099),-0.06404077804245001
DLAT (1737),-0.06402370569544862
DHRS7B (25979),-0.0640099801798408
SLC4A11 (83959),-0.06400725891900758
ATP1B3 (483),-0.06397797039073616
OR51S1 (119692),-0.06396752873647642
EDN3 (1908),-0.06396662328654305
TMEM205 (374882),-0.06395671924569071
LBR (3930),-0.0639405859739146
SRSF3 (6428),-0.06393779133098426
ZDHHC24 (254359),-0.06393496835379837
PARP12 (64761),-0.06390050570331225
CATSPERD (257062),-0.0638936840161645
LILRA1 (11024),-0.06386642258434436
FUS (2521),-0.06383657729919145
FERD3L (222894),-0.06374816618042778
YBX1 (4904),-0.06373710086623788
PPIP5K2 (23262),-0.0637291448928775
SERPINA3 (12),-0.06372253267262308
ACOD1 (730249),-0.06368252101443322
CRYGN (155051),-0.06366986334292175
RIT1 (6016),-0.0636668359374487
SLC12A4 (6560),-0.06361473242036451
INKA2 (55924),-0.06361124650796528
TMIE (259236),-0.0636022593842063
USP18 (11274),-0.06360208792670306
FUT6 (2528),-0.06359412584062257
TOR4A (54863),-0.0635763827121365
OR1C1 (26188),-0.06355208603747853
ADCY8 (114),-0.06354234484356468
NFKBID (84807),-0.06353967534001893
FH (2271),-0.06351595187536208
CCT8L2 (150160),-0.0635156530719299
ADH1A (124),-0.06347492147268105
HTR3A (3359),-0.06346961682766901
SKIC3 (9652),-0.06346726248741491
SEMA6A (57556),-0.06343880345174437
STC1 (6781),-0.0634338084052637
ANXA4 (307),-0.06343056240581137
JAG2 (3714),-0.06341887662566933
ATP5IF1 (93974),-0.06334197886122585
THBS2 (7058),-0.06332459292471371
GANC (2595),-0.06330285453411647
EXOSC6 (118460),-0.06330250272475195
PPIB (5479),-0.063302439870987
N4BP3 (23138),-0.06329470567146786
PRCD (768206),-0.06327667848879479
PRSS21 (10942),-0.0632375771062824
ZHX1 (11244),-0.06322257238105497
CD72 (971),-0.06316055269529047
ZSCAN29 (146050),-0.06315338701910252
DHX33 (56919),-0.06306162397604528
SPIN1 (10927),-0.06298400012324246
LIMK2 (3985),-0.06287988594128056
TSPAN9 (10867),-0.06286634263080505
NLRP6 (171389),-0.06286619086047507
SUN2 (25777),-0.06284475510201917
CTAGE9 (643854),-0.06284037889770026
PDGFA (5154),-0.06274159764445932
TMUB1 (83590),-0.0627401103715929
ZNF585B (92285),-0.06273173288021101
CIROZ (148345),-0.06272937810484236
ST14 (6768),-0.06272575677466907
TUBA3D (113457),-0.06272046840979419
RTN4IP1 (84816),-0.06271124306922922
RNF25 (64320),-0.06270422514482091
GRIN3B (116444),-0.06268418044256335
OAS2 (4939),-0.06266485886293863
GSE1 (23199),-0.06262986927384331
NSF (4905),-0.0625412541890423
RRP7A (27341),-0.06250813574593427
PPFIA3 (8541),-0.06250544698646027
GPC5 (2262),-0.062499977130140195
UNC5A (90249),-0.06247533825389604
POU5F1B (5462),-0.06247330370621082
MIS18A (54069),-0.06245297577643478
GADD45GIP1 (90480),-0.06243373003314012
PRAP1 (118471),-0.062417030727788106
FAM131C (348487),-0.062400660270441104
TPPP3 (51673),-0.06236036571157567
GINS4 (84296),-0.062354365456915445
FAM98A (25940),-0.062332742370806306
KRTAP10-10 (353333),-0.06232990854210265
DDRGK1 (65992),-0.062308743317681485
TSPAN8 (7103),-0.06229160653919918
SKIC8 (80349),-0.062288811425891516
PIM3 (415116),-0.06228420417145713
SPSB2 (84727),-0.062270057762010014
HELQ (113510),-0.06225719737306962
ACAD9 (28976),-0.06216010676351705
AVPR1A (552),-0.06212639582773546
ACTR8 (93973),-0.06211188367969773
CREB3L2 (64764),-0.06210241475808778
OR8B3 (390271),-0.062084648451689595
IFI27L2 (83982),-0.06205453166445768
PPFIA4 (8497),-0.062046837608276416
ELP5 (23587),-0.062000253549474284
DPP8 (54878),-0.06199632392609064
CYYR1 (116159),-0.0619543426355258
RPRML (388394),-0.06195400281383078
ADGRB1 (575),-0.06195257657209327
CLK4 (57396),-0.06195207932089785
STK25 (10494),-0.06194049323578367
ASTE1 (28990),-0.06193646083596301
MCM9 (254394),-0.06189094269758849
TMEM200C (645369),-0.06179211290712697
OR5H15 (403274),-0.0617682798441823
RRM1 (6240),-0.06176744909193612
ENHO (375704),-0.061762376061717694
GALT (2592),-0.06176122405164621
PDK3 (5165),-0.061756053515530956
LPAR5 (57121),-0.0617299607097542
ITGA6 (3655),-0.061709498014784966
FLT4 (2324),-0.061675294142284925
UBALD2 (283991),-0.06165154023018996
LARP4B (23185),-0.0616234580679379
CLEC18B (497190),-0.061603705243791086
ERGIC1 (57222),-0.061577155750151526
PRSS38 (339501),-0.06155029150819146
DDX3Y (8653),-0.06154246815584554
KIAA2013 (90231),-0.061539527477143724
TRIM39 (56658),-0.06153552850001867
RCCD1 (91433),-0.06153072927345469
TNFRSF10B (8795),-0.061476512676178124
CTU2 (348180),-0.06147341571933551
PMS2 (5395),-0.061465247578443134
OCA2 (4948),-0.06144501802639288
PTPRS (5802),-0.061444348556562084
ANKRD2 (26287),-0.061431687989331164
SRSF7 (6432),-0.061388666265114265
B3GAT2 (135152),-0.06138470153804534
OR6B1 (135946),-0.06137533077575954
CKAP2 (26586),-0.06136450746890691
CUL2 (8453),-0.06135854006649346
GPR137B (7107),-0.06135499729994692
DAAM1 (23002),-0.061349015707237824
KLK7 (5650),-0.061348754002576944
CSMD3 (114788),-0.06132312914410008
HECA (51696),-0.06128921479627121
SIRT1 (23411),-0.061285357681879524
POP5 (51367),-0.06125061455592282
MAVS (57506),-0.061238790853261414
KCNG3 (170850),-0.06120572435512216
SLC15A4 (121260),-0.06113719584629454
TENM1 (10178),-0.06113067170935121
CTNNBL1 (56259),-0.061121065212396186
SHC4 (399694),-0.06111364286681741
CCDC80 (151887),-0.0610970472022271
ZNF85 (7639),-0.06105117919133533
FNDC1 (84624),-0.06104196949511579
ZNF580 (51157),-0.06102651181785857
FKTN (2218),-0.06100592656369461
TIMM8B (26521),-0.06099588819075263
RNASE6 (6039),-0.060970515831353794
DDX55 (57696),-0.060930880069978245
KPNB1 (3837),-0.060921826472385254
GPR50 (9248),-0.0609027842069416
CLEC11A (6320),-0.06090056756899331
ORC5 (5001),-0.060879195679562
IL13 (3596),-0.060861640980648134
MOCS3 (27304),-0.060846198836957105
ARAF (369),-0.060830660080603706
GRAP (10750),-0.0608085798713825
LEO1 (123169),-0.06079117537358887
CBY3 (646019),-0.06077253411393071
EWSR1 (2130),-0.0607632513998747
HCN1 (348980),-0.06074598994043361
GPN2 (54707),-0.060744672664598015
ITGB5 (3693),-0.060727073302358665
GPC6 (10082),-0.06071762632126495
JDP2 (122953),-0.06068057281147454
ZNF669 (79862),-0.0606203456585557
RNF8 (9025),-0.060572909353629356
HOXC11 (3227),-0.060556268672273934
PLXNB3 (5365),-0.060526701216991476
THAP1 (55145),-0.06052401230589004
DCTN5 (84516),-0.060517749994261204
PAX9 (5083),-0.06050109537417499
SLC44A5 (204962),-0.060479680621324125
ANK2 (287),-0.06044963556673502
ARHGEF16 (27237),-0.06041648919199326
ARHGAP9 (64333),-0.06041644956955206
NUP43 (348995),-0.06040579437543613
CYP27B1 (1594),-0.06038803221652022
DPP7 (29952),-0.06033698494482649
TCF4 (6925),-0.060334966276701
FBXO27 (126433),-0.06031966380275023
GPR162 (27239),-0.06031628134636027
GPRC5C (55890),-0.060297892860571835
ALAS2 (212),-0.060284522819097415
UTP20 (27340),-0.060269553529411185
CIMAP1B (440836),-0.06025336592670136
MYD88 (4615),-0.06023968327263106
GPA33 (10223),-0.06023732683054829
PIGO (84720),-0.06023730028400435
RSRP1 (57035),-0.060236714486497284
KDSR (2531),-0.060218187444204874
FAM174C (55009),-0.060207106257982916
OPN1LW (5956),-0.06020401020593819
TBX6 (6911),-0.060177163520914706
RNF130 (55819),-0.06017340702518539
DYNC2I1 (55112),-0.06015715798789197
OR2M5 (127059),-0.060109424755015795
AMN1 (196394),-0.060083863632750895
WDTC1 (23038),-0.06008046514230044
AIP (9049),-0.060079963692178114
IQCF3 (401067),-0.06006720488664916
PRAG1 (157285),-0.060036297607521195
PRSS36 (146547),-0.06003587260536809
LCOR (84458),-0.060022760471120616
LONP1 (9361),-0.05999064559416332
ZNF22 (7570),-0.05996693852994408
RNASE10 (338879),-0.05994714991384553
SIGMAR1 (10280),-0.059897965545863796
STX12 (23673),-0.05988863742059237
RAB11B (9230),-0.05984516992829402
GAL3ST2 (64090),-0.05983247172747766
MITF (4286),-0.059819042659298736
FXYD3 (5349),-0.05978926342387369
CDSN (1041),-0.05978752608380021
TRIM43 (129868),-0.05978642788620692
BUB3 (9184),-0.0597774851756224
FLNB (2317),-0.05977076533257365
LETMD1 (25875),-0.059764139198391575
LPCAT4 (254531),-0.05974904845634275
SEL1L (6400),-0.05972384453922661
PIK3C2B (5287),-0.05966469821517299
YME1L1 (10730),-0.05964375349068751
POLI (11201),-0.05956808925668566
MYOG (4656),-0.05952141076592985
WDR11 (55717),-0.05950092045157388
NIPAL4 (348938),-0.059429152771360905
RTCB (51493),-0.05942338619539739
C17orf75 (64149),-0.05940256734847717
PROS1 (5627),-0.05938802342690429
UPB1 (51733),-0.05936631475138523
IGLL1 (3543),-0.05935441518808417
BOD1L2 (284257),-0.059325926382820936
SNX24 (28966),-0.059241255129449354
ITPKC (80271),-0.05923916222860128
CHCHD4 (131474),-0.05922642383146909
PRDX2 (7001),-0.05916779565807188
SLC16A5 (9121),-0.0591637665533677
TMEM210 (100505993),-0.05914646023167308
EXOSC7 (23016),-0.05909815768301508
TRAPPC12 (51112),-0.05907968146664809
TAF3 (83860),-0.05906329982764129
ATRN (8455),-0.05905509002680812
DNAH10 (196385),-0.059041098296688736
DUSP12 (11266),-0.0590318714205874
TATDN2 (9797),-0.05901890729231715
SCRT1 (83482),-0.05899330045069344
DDX1 (1653),-0.0589804047773505
MYO1B (4430),-0.05897758457211933
QSOX2 (169714),-0.05895548298232941
PAPPA2 (60676),-0.05895162400310253
OR4D5 (219875),-0.05895015735587184
PSPC1 (55269),-0.05890032376808567
MT1B (4490),-0.05889252674111707
PPP2R1A (5518),-0.05887292478607833
RPL13A (23521),-0.05886530407236797
DBI (1622),-0.0588646764872431
BHLHA9 (727857),-0.05881788416699384
CCDC14 (64770),-0.05879842779383446
OR2T29 (343563),-0.05879624633727682
FCRLA (84824),-0.058793313217689026
FGFBP3 (143282),-0.05872496643627568
INTS5 (80789),-0.058709601987639984
SLC15A3 (51296),-0.058666301465730965
GP9 (2815),-0.058666277983501804
SH3RF2 (153769),-0.058661577951003296
PDLIM5 (10611),-0.05865261742042851
MICB (4277),-0.05862187267909192
ABCA2 (20),-0.05860744896711986
RASA4 (10156),-0.058563574537918835
RFWD3 (55159),-0.058537610378520476
ZFPM2 (23414),-0.058513124731216795
CDCA5 (113130),-0.058510383580209796
RILPL1 (353116),-0.05848617278237504
GNAZ (2781),-0.0584456342143265
LRR1 (122769),-0.058441173962959274
RFX2 (5990),-0.058438439262861096
SERPINB2 (5055),-0.058420497650111154
GABRD (2563),-0.058408005754959046
TSPAN4 (7106),-0.05840596627033518
MBLAC2 (153364),-0.058324063937596975
SGPP2 (130367),-0.0583153566426004
PDS5B (23047),-0.058311193455835304
TUBB (203068),-0.058304552041498134
HSD17B11 (51170),-0.058299068802787596
EFEMP2 (30008),-0.05826742008381059
CEL (1056),-0.0582221279871212
CLIP1 (6249),-0.058217569752729494
H4C4 (8360),-0.058198091454975565
NAA10 (8260),-0.05818719285459842
CMC4 (100272147),-0.05817467527295611
RPS14 (6208),-0.0581429630973638
ILVBL (10994),-0.05813947442448454
TBC1D22A (25771),-0.058116645691826736
PODXL (5420),-0.058099466968509116
IER5L (389792),-0.05809596829059878
PRRT3 (285368),-0.05808958551913357
ZDHHC14 (79683),-0.05808952081461671
MCM2 (4171),-0.058087979667490554
ZBTB42 (100128927),-0.05805936041707041
HMX3 (340784),-0.05804032669711463
AGTRAP (57085),-0.058008558239850176
LRRC38 (126755),-0.05799755559459724
KCNF1 (3754),-0.057983139056413724
GSTA3 (2940),-0.05797328794180539
EMC8 (10328),-0.057972519256433826
CAMK4 (814),-0.05796114664108722
CHFR (55743),-0.05795306359479771
HAMP (57817),-0.05793649560732173
PPTC7 (160760),-0.05792334874245105
OR1E1 (8387),-0.057911770130263406
NAA38 (84316),-0.057909715029393356
KDM6A (7403),-0.05787430548143902
EPHA4 (2043),-0.05786885858570979
ZNF7 (7553),-0.0578211735713983
PRNP (5621),-0.05776413928936071
HOXB9 (3219),-0.05775719657714259
TBC1D4 (9882),-0.057749831164849164
INTS2 (57508),-0.05774561718879722
SMKR1 (100287482),-0.057736228061660864
VIPAS39 (63894),-0.05771673069231027
COL27A1 (85301),-0.057688743126297244
UBXN1 (51035),-0.05766092189543697
TIMM9 (26520),-0.05762468143130671
CGRRF1 (10668),-0.057589440945627346
CHD3 (1107),-0.05754691023055645
TMEM120B (144404),-0.057538738451974124
ITGAE (3682),-0.057525838896548956
GDAP1L1 (78997),-0.05752152132627124
LAMP2 (3920),-0.05749834439083917
MFSD2B (388931),-0.05749788751917337
OR2T5 (401993),-0.05749751623115142
OR2G6 (391211),-0.05747858264745405
RASL10A (10633),-0.057474725037337304
MEGF8 (1954),-0.05743961026040984
HTR1D (3352),-0.05743938377559142
VAV2 (7410),-0.05743070208874545
TOP3A (7156),-0.05742647726387275
SOD1 (6647),-0.05733256978482983
GRID2 (2895),-0.05732343559346358
TPRKB (51002),-0.057300780120740726
RBMS3 (27303),-0.057294386059175986
ZFX (7543),-0.057225839711509394
STOML2 (30968),-0.057181963663488954
NOC4L (79050),-0.05717201067031556
RASGEF1B (153020),-0.05716518086491908
EPN3 (55040),-0.05715657091084666
SEC23A (10484),-0.057143022595299055
C2orf68 (388969),-0.057128942030027566
TRIM11 (81559),-0.057119248890771065
IQSEC3 (440073),-0.05711412976962932
OPN3 (23596),-0.057099135597928063
RNF39 (80352),-0.05707077501875083
TRAM2 (9697),-0.057041961447527184
PRIM1 (5557),-0.05703798153754977
PREB (10113),-0.057031352018307314
XKR6 (286046),-0.057030966524991886
TMEM52 (339456),-0.056983520202831976
ABCC10 (89845),-0.05695385257617304
CORO1A (11151),-0.056937231225710365
TCF15 (6939),-0.056908155299345946
TTC34 (100287898),-0.05690090922064497
SNCB (6620),-0.05688277796441882
CADPS (8618),-0.056877620478391094
ZNF98 (148198),-0.0568651553984349
METTL3 (56339),-0.05685249388095938
HSPD1 (3329),-0.056816427423244685
PRKCSH (5589),-0.05681587416959113
TFE3 (7030),-0.05679694016509959
TMEM102 (284114),-0.05676967507424021
ARSD (414),-0.05673867917900794
PFDN6 (10471),-0.05672604131593972
RGS18 (64407),-0.056691700736203776
ERC1 (23085),-0.05667840784183781
TTC9 (23508),-0.056592997459458894
RNASE7 (84659),-0.056574505401447234
RHOD (29984),-0.05655185218240916
TRUB1 (142940),-0.0565401011104643
SERTAD3 (29946),-0.05652751841433475
STX19 (415117),-0.05651583389396944
BAG3 (9531),-0.05650407603778211
CHMP4C (92421),-0.056503910032471
UBL4A (8266),-0.056498664696481016
POU2AF1 (5450),-0.05648587835879061
GALNT17 (64409),-0.056471462390400975
PRKAB1 (5564),-0.05647109040506594
THBD (7056),-0.05647020683545526
FOXP1 (27086),-0.056390615733952584
ZNF534 (147658),-0.056387764113606034
SIK3 (23387),-0.05637261093681222
TCF12 (6938),-0.05635764377802111
TFAP2E (339488),-0.056357078365096666
CLSTN1 (22883),-0.05635243448883003
TRAPPC5 (126003),-0.056306522112683347
GPR108 (56927),-0.056265662362024085
RPL22 (6146),-0.056191957019334764
TMCO3 (55002),-0.056190438218994915
CDH8 (1006),-0.05618947811722837
ELP1 (8518),-0.056181910220251936
SDR16C5 (195814),-0.056172207733978165
SH3RF1 (57630),-0.05614906518953095
RHOH (399),-0.056147244391829186
ANXA5 (308),-0.056147010838080165
MAP1LC3B2 (643246),-0.05613904211298752
KRTAP10-3 (386682),-0.05611757738212083
ZFHX3 (463),-0.0561025019880024
ALOX15B (247),-0.05609599568630871
EFCAB2 (84288),-0.05607714368330371
NEDD8 (4738),-0.05606097948149992
SMG8 (55181),-0.056055623084148985
TOMM20 (9804),-0.05605506670923451
TARBP1 (6894),-0.05605181807914806
OR10J1 (26476),-0.05604593249710921
RSAD2 (91543),-0.05603811323784408
HDDC3 (374659),-0.056025661779383215
GALP (85569),-0.05602170525112114
LRAT (9227),-0.055988978989516484
HOPX (84525),-0.055988428579942566
SYTL4 (94121),-0.05593937496882557
NELL1 (4745),-0.05593776113147735
RPS17 (6218),-0.05592634591941723
VPS37B (79720),-0.055921310740815564
DNAH9 (1770),-0.05589434543546631
SLC39A1 (27173),-0.05582434628800394
OR2J3 (442186),-0.055822049244174235
CACNA1A (773),-0.05574932231964808
NPR2 (4882),-0.055724190927784314
ZNF444 (55311),-0.05570675935249023
FOXH1 (8928),-0.055696538657995794
AMACR (23600),-0.05566624800760169
GJB3 (2707),-0.05566484483557465
CRYGD (1421),-0.055663224375222906
POMC (5443),-0.05565087835363264
LRRTM2 (26045),-0.05564537103640378
BID (637),-0.05564489376576012
VMAC (400673),-0.05563218907249475
JPH1 (56704),-0.05561524267058223
ORAI3 (93129),-0.05560418405530156
DDX11 (1663),-0.05560058362910918
ANKRD65 (441869),-0.05556779095794272
SP3 (6670),-0.05556518183902256
ITGB3 (3690),-0.05553024777577789
SMIM11 (54065),-0.05552158407072688
COMMD2 (51122),-0.055512768673607854
ADPRHL1 (113622),-0.055478244337519016
EEF1A2 (1917),-0.05546394000181839
PPARGC1B (133522),-0.055454873461252656
SCARB1 (949),-0.05545258260017052
RPS29 (6235),-0.05539763624066386
WDR13 (64743),-0.05539237215119172
RTN4 (57142),-0.05537871545474981
ZNRF1 (84937),-0.055373332119261334
AP1M1 (8907),-0.05535887090102457
NIN (51199),-0.05534785659453647
GABRA3 (2556),-0.05534748522175312
ADAMTS7 (11173),-0.055342654546142456
SFXN4 (119559),-0.05532786317101379
TMEM35B (100506144),-0.055311058936648255
NMT2 (9397),-0.05531059015759141
TMCO4 (255104),-0.05528651036004665
TUBGCP5 (114791),-0.055272401683004735
ENSA (2029),-0.05527098199946042
CASP2 (835),-0.05525307624843067
ZNF821 (55565),-0.05524119504347196
PSIP1 (11168),-0.05523804463582796
RMP64 (25871),-0.05523497775163597
IL17RA (23765),-0.05522794196437322
HLF (3131),-0.0552045072040793
SLC22A8 (9376),-0.05520362722220581
GFRAL (389400),-0.05519698703131035
MFSD9 (84804),-0.055181465310316424
TUBA3E (112714),-0.05514101178107136
ZBTB4 (57659),-0.055124942767021894
SDHD (6392),-0.05512405768376555
ADD3 (120),-0.05511898947422336
DENND11 (57189),-0.05507626962696619
ZBTB45 (84878),-0.05506983274353365
COQ8A (56997),-0.05504752054707965
CCDC85B (11007),-0.05504739454473792
WWC1 (23286),-0.0550463011414822
SLC30A2 (7780),-0.05503313349966587
PRSS23 (11098),-0.055025648335184675
TAAR5 (9038),-0.055024808995464476
MEN1 (4221),-0.05502304288694331
CCN2 (1490),-0.055020096098109914
DUSP21 (63904),-0.05501376451438067
TIAM1 (7074),-0.055011299492367244
ST6GALNAC2 (10610),-0.0550058297240411
OPRL1 (4987),-0.05499983058365597
CCL15 (6359),-0.05498609468188705
BTNL9 (153579),-0.0549769197074006
CD79A (973),-0.0549596258235889
SH3BP5 (9467),-0.054881385647744196
JAZF1 (221895),-0.05487797479623712
FEM1C (56929),-0.054873986238000765
ESPNL (339768),-0.054872869548724626
CCDC158 (339965),-0.054864071913799294
MDH1B (130752),-0.054837626378652325
VSIG1 (340547),-0.05483084252211415
PLB1 (151056),-0.05481822676503319
LONRF3 (79836),-0.054815562527334126
RFC3 (5983),-0.054812115744613026
JADE2 (23338),-0.05479583108600019
BOC (91653),-0.05477938388843413
SH2D4B (387694),-0.054773166283856416
CCDC179 (100500938),-0.054773166007539446
LRATD1 (151354),-0.054765177857754865
ATP6V0A4 (50617),-0.05476142103331009
SHFL (55337),-0.05475355400637171
TAGLN2 (8407),-0.05474795093621563
HOXA5 (3202),-0.05473802570058324
NCMAP (400746),-0.054706644709687995
S100G (795),-0.05470188455864291
LGALS3BP (3959),-0.05468342448142157
TMEM62 (80021),-0.05467854552554822
GNB1L (54584),-0.05466724402407142
ERP29 (10961),-0.05466504813687546
MEX3C (51320),-0.05464350183350003
CTXN1 (404217),-0.05459661009186462
XKR4 (114786),-0.0545873673887694
OTUD3 (23252),-0.05457501382048944
EPHB2 (2048),-0.05457258106016837
CHKA (1119),-0.054530215672370486
SAP30L (79685),-0.05452073516203054
ZNF611 (81856),-0.05450701307258684
LUZP4 (51213),-0.054450996684375315
ZFR (51663),-0.054435299887243827
TSFM (10102),-0.054434723686790684
TBX20 (57057),-0.05443421015837005
H2BC26 (128312),-0.05441843613492064
TTC9C (283237),-0.05441697612099988
AVIL (10677),-0.05440097055211718
DCAF12L2 (340578),-0.05436275255760063
SLC22A11 (55867),-0.054359844432164885
ST8SIA6 (338596),-0.05435538840073242
NID1 (4811),-0.05435063598660803
TRMT61A (115708),-0.054347938825470635
NOS1AP (9722),-0.05434747875415024
PNKP (11284),-0.054330689043598446
TMEM258 (746),-0.054330094217510914
SCCPDH (51097),-0.05431440513595101
OAS1 (4938),-0.0542819770358769
METTL16 (79066),-0.05427005702988652
PPP1R36 (145376),-0.05426397417030462
RADIL (55698),-0.054247806400649454
WNT3A (89780),-0.05422992671607306
NANOG (79923),-0.05422113402116167
FN3K (64122),-0.05420392686940459
TIMM10B (26515),-0.054197073304541654
FGFR4 (2264),-0.054191696146580606
PRELID3A (10650),-0.05416742218534937
OR51I1 (390063),-0.05412362966098852
USP27X (389856),-0.05410356997669821
DTX4 (23220),-0.054088026951759474
XAF1 (54739),-0.054073483832949916
TAFAZZIN (6901),-0.054057825214618806
SPEG (10290),-0.054055019749019294
ARMC7 (79637),-0.05405233048709357
WEE2 (494551),-0.05405218362648829
GGTLC1 (92086),-0.05404431620821435
ABCB6 (10058),-0.054030873322216406
MMP11 (4320),-0.054019594020150274
KIF16B (55614),-0.05400802224635131
IQCK (124152),-0.05400085255841761
MCM5 (4174),-0.05399753660168597
COX6B2 (125965),-0.05399696720427033
JMY (133746),-0.053993007987673654
SIDT1 (54847),-0.053991436927750554
ZAP70 (7535),-0.05396594737114708
SMAGP (57228),-0.05396390287401455
TMPPE (643853),-0.053956389155952966
PDE4D (5144),-0.05394788730328878
GBE1 (2632),-0.05394288897219133
SLC8A3 (6547),-0.05394102507350299
DGKA (1606),-0.0539275167660866
FSD2 (123722),-0.05390686349358091
RORA (6095),-0.05390670434274785
FUT1 (2523),-0.05388228179343805
SECTM1 (6398),-0.05387413555818595
OSBPL10 (114884),-0.05384199273584322
ZFP14 (57677),-0.0538315532025039
ATP6V0E2 (155066),-0.05383098361545897
C22orf39 (128977),-0.05381514754222171
ZNF672 (79894),-0.05380410955198453
CORO2B (10391),-0.05380047806898885
DKK2 (27123),-0.053799200443111456
POLD1 (5424),-0.05372400605600596
CARD18 (59082),-0.0537199131183746
NINL (22981),-0.05371587765176235
SYK (6850),-0.0537093965531129
PLEKHM1 (9842),-0.05367894827625674
TMTC4 (84899),-0.053656255732766
MYRIP (25924),-0.053633588706109916
TRIM55 (84675),-0.0536043474447041
ZFYVE19 (84936),-0.05360386049415511
OR4C3 (256144),-0.05359711155860022
CELA3A (10136),-0.053577340474915094
RHBDD2 (57414),-0.053555989093734345
SNTG2 (54221),-0.053512480190313814
PTPN12 (5782),-0.053494851345359085
RNF152 (220441),-0.05349124216697811
TPRG1L (127262),-0.0534818958659785
NALCN (259232),-0.0534799070432002
LOXHD1 (125336),-0.0534737559181509
DUSP9 (1852),-0.05346545421195075
C7orf25 (79020),-0.05345530555345051
CTCFL (140690),-0.05344749191412134
NR2E1 (7101),-0.05342067547695101
ANAPC4 (29945),-0.05341057131306123
POP4 (10775),-0.053379949163662864
SLC19A1 (6573),-0.053354035554930256
TCF3 (6929),-0.05333167842781447
SPMIP6 (84688),-0.05331506866563217
GOLGA6L6 (727832),-0.05329659174166189
SLC25A15 (10166),-0.05329601215851114
CISD1 (55847),-0.05328160280219176
ROMO1 (140823),-0.05322657628299086
SPMIP8 (374739),-0.05322036140841441
TBXA2R (6915),-0.053213656294493275
MATK (4145),-0.05318360488568699
PLCG2 (5336),-0.05318339856677714
VIPR2 (7434),-0.05316636975353967
TLX1 (3195),-0.05314108815610323
NGLY1 (55768),-0.05313904109682196
ERN1 (2081),-0.053120861372743675
PRL (5617),-0.05306247533740838
MRFAP1L1 (114932),-0.05305727471832276
FAAP20 (199990),-0.053049051546582474
SDHAF1 (644096),-0.05303941672001982
FAM86B2 (653333),-0.05302523952759065
LYZ (4069),-0.05300387207627821
EBF4 (57593),-0.05298098716322747
GLB1L2 (89944),-0.05297850985640247
ZNF791 (163049),-0.052972190692983305
CHTF18 (63922),-0.052955082809006175
SH2D6 (284948),-0.052938035267072935
APBA3 (9546),-0.05293572545823958
RNF113B (140432),-0.052925923405536084
STAT5A (6776),-0.05289456021805323
VWA3B (200403),-0.052881572207628014
SASH3 (54440),-0.05287790999299278
MED28 (80306),-0.05285634658689714
AQP1 (358),-0.05284033784970088
CGA (1081),-0.0528335169361752
CTHRC1 (115908),-0.052830271403387766
FUT4 (2526),-0.052818457492158195
CLCN2 (1181),-0.052810462636743376
NAP1L5 (266812),-0.052795105234001966
SPSB3 (90864),-0.05279334333063227
DHX40 (79665),-0.052773393354587285
TMEM39B (55116),-0.05276148731891569
SNX11 (29916),-0.05271200729547397
LTV1 (84946),-0.052684046810173496
GGH (8836),-0.05266796230560821
ANKRD13C (81573),-0.05264821788489744
ESYT2 (57488),-0.05264246206684498
OPTC (26254),-0.052640783442362366
NPFF (8620),-0.05262603728933471
TBL1Y (90665),-0.05262132097891958
ITSN2 (50618),-0.052596164150942676
MFSD13A (79847),-0.05258809928028052
TMEM238 (388564),-0.052524609892849614
MANBAL (63905),-0.052515747824964064
AATF (26574),-0.05251487195040386
OR52I1 (390037),-0.05250957482533794
TAAR8 (83551),-0.05250853436178875
ADCY2 (108),-0.05246192529304706
DTNB (1838),-0.0524013568116398
LONRF1 (91694),-0.052394806125058
KIRREL3 (84623),-0.05239046200792834
NEU4 (129807),-0.052368443632981786
NINJ2 (4815),-0.05236825260058826
DCAF12 (25853),-0.05236618188634278
NDUFAB1 (4706),-0.05235404676728405
PHGR1 (644844),-0.0523520302256918
CDK7 (1022),-0.05234328279481657
RBM3 (5935),-0.05233476235057828
MON1A (84315),-0.05231601143462355
AMER1 (139285),-0.052304050439285425
KRTAP3-3 (85293),-0.05230315216088211
ATP5MG (10632),-0.052298435269452576
SYNGR2 (9144),-0.05229391418719966
ADAM20 (8748),-0.05229175301408168
RBM15 (64783),-0.052286552824255185
NHP2 (55651),-0.05228237010878474
SMIM3 (85027),-0.0522631273193587
KDELR2 (11014),-0.052261750383530405
SERPINA4 (5267),-0.05225925555928032
FRAT1 (10023),-0.052251152734401105
PLEKHH1 (57475),-0.05222052212001605
MELK (9833),-0.0521931768151116
ZBTB49 (166793),-0.05218478676323768
CCDC92 (80212),-0.05217874092341508
CHCHD6 (84303),-0.05215094049642501
GABRR2 (2570),-0.05213807559373103
TSPAN7 (7102),-0.052130234866805895
RAP2A (5911),-0.052129069922300396
C5orf47 (133491),-0.05212552946157491
AATK (9625),-0.052091446446720056
YLPM1 (56252),-0.05207579066851081
FCRL3 (115352),-0.05206361805224739
OR52N2 (390077),-0.05205535070602719
CDC42BPA (8476),-0.05204027935965679
VIT (5212),-0.05203892566153811
IL12B (3593),-0.052033628002199024
FCF1 (51077),-0.052029597903892257
RNF186 (54546),-0.05202434836551407
SOHLH1 (402381),-0.05201324699773727
ATXN7L3B (552889),-0.05199471619442584
RPS18 (6222),-0.051967667177851555
C1orf35 (79169),-0.05196244631883438
COIL (8161),-0.0519549563923343
PKHD1L1 (93035),-0.05194605931681665
ARID3C (138715),-0.05190983466282057
NLRX1 (79671),-0.051896061635406714
POLR1A (25885),-0.05188116741078759
PCDHAC2 (56134),-0.051853444470300464
MAP3K8 (1326),-0.0518466108332884
HEY1 (23462),-0.05183800632809882
TUBA4A (7277),-0.05183084235151605
CIAO3 (64428),-0.051815967853183195
DSCAM (1826),-0.051806969967715444
C1orf159 (54991),-0.05179194590802285
COLGALT2 (23127),-0.05177083835807565
PYM1 (84305),-0.051767319705240726
PNLIPRP3 (119548),-0.051766566958395106
CCT5 (22948),-0.05176163786328339
MCMBP (79892),-0.05175126497114403
PRDM16 (63976),-0.05171427873867034
CX3CL1 (6376),-0.05170341866177584
TRPC5 (7224),-0.05169463183997589
CDK2AP1 (8099),-0.05169155123347933
PEX16 (9409),-0.05166474036977759
PPM1J (333926),-0.05164871298184142
ACSL4 (2182),-0.05162759374824774
LARP7 (51574),-0.05161971461822731
ZNF704 (619279),-0.05161943904881722
FAM210A (125228),-0.05158789198820811
CHRNA2 (1135),-0.051583977580909594
CCL22 (6367),-0.051583676263769265
PCSK4 (54760),-0.05157185296230296
CD33 (945),-0.05157148768660411
PRDM5 (11107),-0.05155547932446015
SERTAD1 (29950),-0.05154454042515251
FIBCD1 (84929),-0.05152927650948317
KMT2B (9757),-0.05151990602132083
TATDN3 (128387),-0.051506746900635766
GDPD4 (220032),-0.05149946619674115
FGF14 (2259),-0.05149611022338655
AGBL5 (60509),-0.05148650912592585
CKS1B (1163),-0.051442993055677434
CNIH4 (29097),-0.05142965725865948
RPN2 (6185),-0.05138485294049712
SLC52A2 (79581),-0.05135298201021898
TAF11 (6882),-0.05133310770794351
BPTF (2186),-0.05131056960658812
MMP20 (9313),-0.05130555237920593
BTBD6 (90135),-0.05130176363490604
RAPH1 (65059),-0.05129695790915079
RRP12 (23223),-0.051283559052583805
OR52M1 (119772),-0.05127471914702797
TRMT61B (55006),-0.05126394157575117
ZNF460 (10794),-0.051257564980758716
CSHL1 (1444),-0.05125691456964566
SLC2A9 (56606),-0.0512518231326678
MATN2 (4147),-0.051237451835056
RANGRF (29098),-0.05121429365009939
PABPC1 (26986),-0.05120365412862548
RTL1 (388015),-0.05119139861423851
DNAAF19 (388389),-0.05119049573325449
UGT1A1 (54658),-0.05117913054847301
NECTIN4 (81607),-0.05117486806193808
RPS3A (6189),-0.05117246417355495
SPTBN2 (6712),-0.05111571446926632
TEKT1 (83659),-0.05111221956991983
FBXO2 (26232),-0.051105342422520655
PNPLA1 (285848),-0.05109728929283351
CADM1 (23705),-0.051093900222002185
KCNG2 (26251),-0.05109206986126758
FOXK2 (3607),-0.051086910829509
HES5 (388585),-0.05105818644449846
UBN2 (254048),-0.05099039445742162
CLIC4 (25932),-0.05098720535053698
PSEN1 (5663),-0.05096257147914548
CNTNAP4 (85445),-0.050953303417841676
GATD1 (347862),-0.0509366320242644
PDZD7 (79955),-0.05093031470524019
PSG2 (5670),-0.05092496055914604
ZFYVE21 (79038),-0.050923539133657804
ATXN3 (4287),-0.050920362838810074
HS3ST3A1 (9955),-0.05089451634885108
SKIC2 (6499),-0.05087360293541081
NLN (57486),-0.05086953871567436
ADHFE1 (137872),-0.05086937846033725
PRR11 (55771),-0.050863615375784106
TMEM230 (29058),-0.05086019827701491
SMIM15 (643155),-0.05084379401320828
NOPCHAP1 (121053),-0.05084346314634528
HES4 (57801),-0.050823810245024
TSPYL1 (7259),-0.05080241332457569
OBI1 (79596),-0.05079673560834805
DDX59 (83479),-0.05079293143035494
GINS2 (51659),-0.05078956497637795
DCTN6 (10671),-0.05078210377606451
INTS12 (57117),-0.050761983869679624
BICDL2 (146439),-0.05073385331400232
KIAA1549 (57670),-0.05073058970730157
IGSF8 (93185),-0.05072778667415165
CLEC2L (154790),-0.05072623840701538
KLRC4 (8302),-0.05072467187624139
OR10H3 (26532),-0.05072225854285751
PSMC3IP (29893),-0.050718186023457595
EIF4A1 (1973),-0.05070892149939921
SLC27A3 (11000),-0.05068753035114314
TMEM179 (388021),-0.05067847346465039
STK11 (6794),-0.05067677251284726
KRTAP23-1 (337963),-0.05066968554836543
TCERG1L (256536),-0.05064781406453083
FSAF1 (128061),-0.05063048563860371
TMPRSS7 (344805),-0.05062575450605472
OR2AT4 (341152),-0.05060010817334095
DDIT3 (1649),-0.05059572082117889
HUWE1 (10075),-0.05057971564362207
LUZP1 (7798),-0.050558715361445905
OTULIN (90268),-0.050558327826545596
STARD7 (56910),-0.05055769587547458
OR2C3 (81472),-0.050531561093886845
TNKS1BP1 (85456),-0.050517916384427326
SIGIRR (59307),-0.050513399945190794
FIS1 (51024),-0.050512793835585566
PYCARD (29108),-0.05050025319198857
ERAL1 (26284),-0.050492408707995574
RNF168 (165918),-0.05049138617483021
TJP3 (27134),-0.0504872923981069
B4GALNT2 (124872),-0.0504793956665238
DYNAP (284254),-0.05047505651823304
LUC7L3 (51747),-0.05047210146859391
SMIM22 (440335),-0.050448896202592124
ATP2C1 (27032),-0.05044203768086785
EXOSC8 (11340),-0.05042389535412216
S1PR4 (8698),-0.0504130491806067
DNMT3B (1789),-0.05040239277300006
SYCP2L (221711),-0.05039699216717124
UBTD2 (92181),-0.050395467605656115
PUS1 (80324),-0.050384435183280625
CAMK2B (816),-0.05037300546926253
SYT5 (6861),-0.050364992319109875
MOB1B (92597),-0.05033184332553237
DNM1L (10059),-0.050327985407756175
CYP3A4 (1576),-0.05029702522113375
DNPH1 (10591),-0.05025435935439993
PPCDC (60490),-0.050243520131617925
OR1L4 (254973),-0.050238444344453764
CELF4 (56853),-0.05022375064373614
OR4B1 (119765),-0.05022287563448269
SLIT1 (6585),-0.05018599156081484
RBM38 (55544),-0.05016109346026335
ZDHHC22 (283576),-0.05011782357435248
RTP2 (344892),-0.05010722418632024
SLA (6503),-0.05010203877706046
WDR6 (11180),-0.05005358772924973
UFSP2 (55325),-0.05001697769032121
FSTL3 (10272),-0.05001003355206379
TMBIM1 (64114),-0.05000587087669287
G6PC3 (92579),-0.0499908335536014
E2F5 (1875),-0.04998339535084584
OR2T2 (401992),-0.04995493087797478
ZG16 (653808),-0.0499397688854555
F13B (2165),-0.04993968549957634
ZNF185 (7739),-0.04993164255364041
SLC6A17 (388662),-0.04992760400439656
MORN1 (79906),-0.04992516700062498
HYAL1 (3373),-0.0498862237270543
ZSCAN18 (65982),-0.049877345071759525
EPS8 (2059),-0.04986936281947254
RILPL2 (196383),-0.049866563365669025
BCL6 (604),-0.049840393874155245
GBGT1 (26301),-0.04983697391096956
OLFML2B (25903),-0.04982295634706076
PXDN (7837),-0.049811389736223545
SLC18A2 (6571),-0.049801100557672645
FBXW4 (6468),-0.04976331701360287
KLHDC7A (127707),-0.04975892528602832
GPAT2 (150763),-0.0497459053643058
MAP1LC3B (81631),-0.049740784373418175
PGAM2 (5224),-0.049739955863408125
MLLT10 (8028),-0.049726143543282336
FBXL5 (26234),-0.04971899435193554
SPG7 (6687),-0.049698994388047826
ZNF329 (79673),-0.04968772114673625
ZNF836 (162962),-0.04967985865294834
EIF3I (8668),-0.049679032623533445
NPBWR2 (2832),-0.049668536198117605
ISL2 (64843),-0.0496648050085322
BRI3 (25798),-0.04965137740308544
LDHAL6B (92483),-0.049620772383709086
HOXD9 (3235),-0.049604742387148064
GMPPB (29925),-0.049596804699972304
PITX2 (5308),-0.04959544811739375
CDC123 (8872),-0.049584301367159654
OGFOD2 (79676),-0.04958255451454687
PRSS37 (136242),-0.049575902976808285
KLHL30 (377007),-0.04956492233613852
ITPK1 (3705),-0.049564691372277786
HOXB6 (3216),-0.04956273176451412
SUSD4 (55061),-0.049555741426330346
DHX36 (170506),-0.04955098831436408
SLC6A18 (348932),-0.04954064268501139
NTMT1 (28989),-0.04953878764807101
SYNDIG1 (79953),-0.04953778529262944
DUOXA2 (405753),-0.04953339655450071
RINL (126432),-0.04952523187382002
DBR1 (51163),-0.04952468862029999
ALDH18A1 (5832),-0.04950339433854765
EDEM3 (80267),-0.049480212108944696
KCNQ1 (3784),-0.04947339123739251
DBP (1628),-0.04945144210801415
MIF (4282),-0.04942431868336102
DDR2 (4921),-0.049423517940967984
ALKBH8 (91801),-0.04939338225029591
KISS1R (84634),-0.04938061095320654
DPY30 (84661),-0.049358938386826506
XKR8 (55113),-0.049353610303729804
LHPP (64077),-0.049347741016128065
PSTPIP2 (9050),-0.049329139249498735
SPRY1 (10252),-0.04930138234268562
MPND (84954),-0.04929605417102987
CHGA (1113),-0.04929593743204393
FAM50A (9130),-0.04928035147909636
CCDC85C (317762),-0.04927580107589149
IGFLR1 (79713),-0.0492559001155924
RTL9 (57529),-0.04925550799435945
TNFRSF4 (7293),-0.049229472392315704
ZSCAN2 (54993),-0.049225902811774754
ZNF517 (340385),-0.04919892550198798
C10orf90 (118611),-0.04918984621902277
ZSCAN5A (79149),-0.04918416367672491
OR5K3 (403277),-0.04912708258509326
PHLDA2 (7262),-0.04910242805626122
SIRT4 (23409),-0.049099904443862766
LIMD2 (80774),-0.04909863975368143
OR13G1 (441933),-0.049089147805199726
LETM2 (137994),-0.04907440405759601
ZNF419 (79744),-0.049067820929186434
PWWP3B (139221),-0.049060316439996934
FXYD6 (53826),-0.049053853805226665
ADGRA1 (84435),-0.049051479885758434
TTC4 (7268),-0.049050476705262705
FUCA1 (2517),-0.04904271740825199
BRWD3 (254065),-0.049028459262587185
TESMIN (9633),-0.04902286658530336
ASB6 (140459),-0.04899168330998756
DSTYK (25778),-0.048988877690052904
TMEM108 (66000),-0.04898513875218039
MUC12 (10071),-0.04898329291969755
PRPF19 (27339),-0.04897417841963859
CACNA1S (779),-0.048932513770754416
TOP2A (7153),-0.04887785958503442
TEX55 (152405),-0.048877149448334406
H4C13 (8368),-0.04887427342385756
DNAJC3 (5611),-0.048863030299998576
ZNF705B (100132396),-0.04885074621672906
IDH3G (3421),-0.04884375294306854
EIF4E2 (9470),-0.04883339992709457
NOS3 (4846),-0.04881271571731801
TMEM229B (161145),-0.04880044276210778
ABCB8 (11194),-0.04879466544421903
FBXO34 (55030),-0.04879175676656701
DEGS2 (123099),-0.04879133746142915
OR6B2 (389090),-0.048787608996415384
GIMAP7 (168537),-0.048785223526694683
CCT4 (10575),-0.04877108092368514
BANF1 (8815),-0.04877055649620259
AHNAK2 (113146),-0.048764243848317256
TXNDC2 (84203),-0.04876324608184488
FAM162A (26355),-0.048741934768896156
CAPG (822),-0.04870944322428052
RXRB (6257),-0.048646580786918324
TSSK3 (81629),-0.04863659661810562
SLC22A23 (63027),-0.048627232020398585
ITPRID2 (6744),-0.04861833969467239
KMO (8564),-0.048612564202122836
LRIT3 (345193),-0.0486101633706653
TMEM104 (54868),-0.0486044447125659
ENO2 (2026),-0.04857646279665806
TRMT9B (57604),-0.048575442420019016
FAHD1 (81889),-0.04857032942313699
OR52J3 (119679),-0.04856753940958694
SLC6A14 (11254),-0.048552528698030686
BBLN (79095),-0.04854879499001464
TPM1 (7168),-0.0485410021376195
SYTL1 (84958),-0.04852271241221496
TSPEAR (54084),-0.048499033943900684
CDKN2B (1030),-0.04849209294269404
ELP3 (55140),-0.04848686697361166
RPS19BP1 (91582),-0.048477426874066934
CHRM3 (1131),-0.04844011555721689
FAS (355),-0.048391825676838605
SRSF4 (6429),-0.04838722766243052
SERP2 (387923),-0.04835752118686757
CARD10 (29775),-0.04835565681451376
HOMER3 (9454),-0.04835044431496618
GIP (2695),-0.04834931629039618
TRIM68 (55128),-0.04832066377309113
CCDC116 (164592),-0.048310330372620044
CCDC71 (64925),-0.0483102545772586
IARS2 (55699),-0.04828650652748161
FAHD2A (51011),-0.048271619591857017
ADORA3 (140),-0.04826745305982091
REDIC1 (283461),-0.04826421650490007
NLRP5 (126206),-0.04824141780497134
BMP7 (655),-0.048240567063844254
FAM83E (54854),-0.048220991040424474
RBP5 (83758),-0.04822035782676489
ZNF786 (136051),-0.04820398470598856
C1QL4 (338761),-0.04820111754105542
ANKS6 (203286),-0.04819018128697171
FLI1 (2313),-0.04818692749666928
CDK5R1 (8851),-0.048182922194406716
YAF2 (10138),-0.04817723391533243
TMEM185B (79134),-0.04817536586668143
DCLRE1A (9937),-0.04815311184131726
IGFBP7 (3490),-0.04815055013581819
TRIM62 (55223),-0.04814379999697276
SUMO3 (6612),-0.04811573510353686
TMEM250 (90120),-0.04811331190857129
TTI1 (9675),-0.04809591257192114
RPH3AL (9501),-0.04806828729597134
DNAAF10 (116143),-0.048053967442252474
DENND2A (27147),-0.04803420602447093
POU2F2 (5452),-0.0480314348773765
DFFB (1677),-0.0480253291628148
INHBA (3624),-0.04801934491597515
RENBP (5973),-0.04801473715111955
SLC67A1 (5002),-0.048010068613394054
PLSCR4 (57088),-0.04800771185515229
WIPF1 (7456),-0.04798984785866571
ZNF16 (7564),-0.04796725389289374
MEIOC (284071),-0.047957513497866595
ZNF805 (390980),-0.04795211202486332
KIF5A (3798),-0.04794452600170986
KTI12 (112970),-0.04793077038957007
CACNB3 (784),-0.04792887851149071
SIK2 (23235),-0.04791529609993678
PSMD9 (5715),-0.04790524614091745
VILL (50853),-0.04789350595469128
LIPE (3991),-0.04788709678188831
TRHDE (29953),-0.04786151375874867
TRAPPC11 (60684),-0.04783054652536711
KCTD14 (65987),-0.04780627090762674
CYP2A13 (1553),-0.04778495925309821
GTSE1 (51512),-0.047777675872599436
TBC1D9 (23158),-0.0477596355763468
CDC42EP3 (10602),-0.047740858321832606
WDR86 (349136),-0.04773727921434648
HDHD3 (81932),-0.047727567833158055
KHK (3795),-0.047726576397384826
LTA4H (4048),-0.047712705788770404
COA3 (28958),-0.047682236379738945
PAFAH1B1 (5048),-0.04766788380315701
GRID2IP (392862),-0.04765685495188771
POLE (5426),-0.047643723265249203
SMAD2 (4087),-0.047638490053489774
SMYD3 (64754),-0.04763448626936748
INPP5E (56623),-0.047627461368834
PF4V1 (5197),-0.047617107796519835
SPSB4 (92369),-0.04761701187217806
SLITRK3 (22865),-0.047610661529060225
AMZ2 (51321),-0.047588732879090045
KCNG1 (3755),-0.0475860684412067
ZNF143 (7702),-0.047566377682212654
PPP4C (5531),-0.04756123172947932
TEX22 (647310),-0.047559457590331464
LYPD1 (116372),-0.04755941662377104
CARD14 (79092),-0.04750769342363724
TIGD5 (84948),-0.047489828876598805
FYN (2534),-0.04747634113971812
TNR (7143),-0.04747552793387782
RNPEP (6051),-0.0474705251365203
SOX14 (8403),-0.0474665537449154
IRF3 (3661),-0.047463560371537074
PRSS12 (8492),-0.04744428558100984
TMPO (7112),-0.04743124603848252
IGSF11 (152404),-0.04739088625307235
SYNJ2BP (55333),-0.04738764144077892
PDLIM4 (8572),-0.0473861198485477
HAS3 (3038),-0.04738357615827032
IRF1 (3659),-0.04734645134445573
DPM2 (8818),-0.04734602910822543
ELAC2 (60528),-0.04734538740844802
CSPP1 (79848),-0.047341384429611076
NDUFAF8 (284184),-0.04732825902791354
ZFP90 (146198),-0.0473043591686571
DPH3 (285381),-0.04729372751749553
PTGER4 (5734),-0.0472909959311131
EIF4B (1975),-0.04728203836415044
LCE2D (353141),-0.0472453582366017
MSANTD2 (79684),-0.047244907639962024
FUZ (80199),-0.04724324591422847
ZP3 (7784),-0.04723633978458648
DIAPH2 (1730),-0.04721574446100037
PARP4 (143),-0.04721375175047522
DNAJC19 (131118),-0.047183118197456984
BABAM1 (29086),-0.04714558927985135
RPL32 (6161),-0.04712660598223214
SERINC5 (256987),-0.04709418916405938
NUDT22 (84304),-0.04708647120626013
PPP1R21 (129285),-0.04708468429189628
CNMD (11061),-0.04706706007170223
YTHDF1 (54915),-0.047026211825978666
ARK2N (147339),-0.04702417834541164
H4C16 (121504),-0.04701967030171523
INPP5A (3632),-0.04701796705899537
UBR7 (55148),-0.04701792175064871
IL27RA (9466),-0.04700712463836927
ID2 (3398),-0.04699989353659903
AKR7A3 (22977),-0.046996582283569295
KBTBD6 (89890),-0.046984560561302575
CCM2L (140706),-0.04698370033218458
KCTD12 (115207),-0.04696255646112309
ARHGAP25 (9938),-0.0469519869262389
VAV1 (7409),-0.046949546834897146
LRRC37A3 (374819),-0.046948029247194205
DDX10 (1662),-0.04694245160408542
DOHH (83475),-0.04691318309612723
DCX (1641),-0.04691224827628595
EBF1 (1879),-0.046911604128098194
SRRM2 (23524),-0.046902415620238
ARFGEF2 (10564),-0.04689926324022095
SCNN1A (6337),-0.04689814187358845
FUT8 (2530),-0.04686095052324587
TRIM72 (493829),-0.04683217771128354
YTHDF2 (51441),-0.04683115602623701
CLVS1 (157807),-0.04682745315982796
OR2L2 (26246),-0.046792029418411464
GPC1 (2817),-0.04679189439515468
FAM170B (170370),-0.04679079453043287
PMEL (6490),-0.04678978402416482
OR4E2 (26686),-0.04678582452904833
NCCRP1 (342897),-0.04678435528065673
P3H3 (10536),-0.04676782132157374
ARL9 (132946),-0.046757709279963935
FBXO6 (26270),-0.0467493361174575
MTSS2 (92154),-0.046748202099885235
KIF26B (55083),-0.04673493488429192
CILK1 (22858),-0.046685623605769534
PAK5 (57144),-0.04667107644149595
SMARCD3 (6604),-0.04666406566385315
NECAP2 (55707),-0.04664205667537432
NARS1 (4677),-0.04664092740554124
KLHL36 (79786),-0.04663842375268773
ZNF407 (55628),-0.04663193427053421
RCC2 (55920),-0.046623209887402144
OR2L3 (391192),-0.0466095415274006
OR10K1 (391109),-0.04659890378490604
ESR2 (2100),-0.046550841352450634
NTS (4922),-0.046533329187052705
RPP25 (54913),-0.04651817802121858
CPED1 (79974),-0.04651816645928039
PPP1R26 (9858),-0.046504931187434206
SRFBP1 (153443),-0.04649373495504605
EMC3 (55831),-0.04647468842270891
NKX6-1 (4825),-0.04646599853353165
SLC45A4 (57210),-0.04645904953084696
TRIM77 (390231),-0.046457757508780055
SLITRK6 (84189),-0.04645723898832952
ARK2C (494470),-0.046457070108885716
C2 (717),-0.04644775679027427
GPR132 (29933),-0.04643998588972959
MC5R (4161),-0.046434689825277674
TRIAP1 (51499),-0.04643130107584855
NELFA (7469),-0.04640773320717497
NLRP4 (147945),-0.04640270952634803
TMEM51 (55092),-0.04639920828668537
TRPV6 (55503),-0.04639049166611999
AKR7A2 (8574),-0.04638763264101873
NKX3-2 (579),-0.04638602708581976
ARHGDIA (396),-0.046385693675678547
CBLIF (2694),-0.04638015356493921
ZCCHC14 (23174),-0.04636639068622883
HEXD (284004),-0.04636292789760766
TULP4 (56995),-0.0463539916216686
VAMP2 (6844),-0.046347692437695515
PPP1R14B (26472),-0.04634568582013927
MINK1 (50488),-0.04632708218038622
PDE6C (5146),-0.046322119562128644
SERPINA1 (5265),-0.04631529093087589
RAB40B (10966),-0.04630252629553129
SPEF1 (25876),-0.04629895531520183
CHMP3 (51652),-0.046295773754761765
ADAMTSL2 (9719),-0.046294642181952915
MSANTD1 (345222),-0.046279623049653384
MAP6D1 (79929),-0.0462776398590117
FANCD2OS (115795),-0.04625665296367513
HNRNPAB (3182),-0.04623433678287558
ERICH3 (127254),-0.046229314621450954
AMOT (154796),-0.04622670598005215
DMBT1 (1755),-0.0462164865655428
IRF7 (3665),-0.046187968584310755
RHOV (171177),-0.04616493879666924
TGM5 (9333),-0.04615276136254343
LCP1 (3936),-0.04615022303378743
SDHB (6390),-0.04614056712138063
ARL14 (80117),-0.046116845009151905
MCUR1 (63933),-0.04610657341574495
POLR1H (30834),-0.046071872620626474
KCNQ5 (56479),-0.04606414201294709
ELOF1 (84337),-0.04606201967290929
KCNH4 (23415),-0.04602210450654039
NDRG3 (57446),-0.04600650562830874
NUP210 (23225),-0.04600273563213516
AFF4 (27125),-0.04598716226734975
SPIDR (23514),-0.045960907238346414
CASP5 (838),-0.04595850424876233
OR10G7 (390265),-0.04594636571337617
PAM16 (51025),-0.04593649674340794
PLA2G2A (5320),-0.04591322878461495
SLC45A2 (51151),-0.04589653641520206
TMPRSS9 (360200),-0.04589377120168066
EMILIN2 (84034),-0.045890740607535695
LNP1 (348801),-0.045877062463675324
C3 (718),-0.045863567650935286
FYB1 (2533),-0.04585164034347872
PHPT1 (29085),-0.045850822377213996
ATP5MGL (267020),-0.045824682171378396
ARFGAP2 (84364),-0.04581759042895906
KCNE1 (3753),-0.04581662575735201
MEGF9 (1955),-0.04581146725779676
CLRN3 (119467),-0.045795440814449105
TOMM22 (56993),-0.045781252784973206
KIF19 (124602),-0.04577227445968009
SPATA19 (219938),-0.045770309227444475
ZNF655 (79027),-0.04576682602110163
HCAR2 (338442),-0.04574662397937119
MPHOSPH10 (10199),-0.045736948597322614
VXN (254778),-0.04569549477674838
NUP50 (10762),-0.04568168965251399
PRICKLE3 (4007),-0.0456775783127238
PTDSS1 (9791),-0.045677479573656456
NCK2 (8440),-0.04566814756053435
SYCE1 (93426),-0.045664413501726356
OSGEP (55644),-0.04565555179507976
MLPH (79083),-0.04563862567597544
CEBPD (1052),-0.04561672346379507
ZCCHC4 (29063),-0.04560870917344051
TIAM2 (26230),-0.04560440554123913
ANKRD33 (341405),-0.04560166190960904
OR1D2 (4991),-0.045598736866206566
ADAM8 (101),-0.045592280817853534
SLC34A2 (10568),-0.04556182133009047
SERPINF2 (5345),-0.04554127266071492
NUBP2 (10101),-0.045522192635173826
GTF2H4 (2968),-0.04549910405376945
ESRRG (2104),-0.045492136961009275
APP (351),-0.045489339380452576
CAMP (820),-0.04548545269893802
KCNA6 (3742),-0.045483428990517404
PITPNA (5306),-0.04547118905763123
SORCS1 (114815),-0.0454638482982956
FBLN5 (10516),-0.04545971016037042
SIGLEC5 (8778),-0.04545418239994942
IKBIP (121457),-0.04544806610716576
COBLL1 (22837),-0.04542278485819182
B3GNTL1 (146712),-0.04541393219647963
TGM3 (7053),-0.045393950079127714
HAUS8 (93323),-0.04539350269377745
TMBIM6 (7009),-0.045386721161639915
NOL10 (79954),-0.04534639283890441
SULT2A1 (6822),-0.0453170880357183
PAF1 (54623),-0.04531588285540223
RNGTT (8732),-0.04530380713137854
DISP3 (57540),-0.045293047430368265
SFRP4 (6424),-0.04528727606329502
ZWILCH (55055),-0.04525998177696186
ZFP42 (132625),-0.04524968610087589
PEX10 (5192),-0.04524682169084785
GNG7 (2788),-0.04521218536597321
ACKR3 (57007),-0.04521171204831979
TIMM10 (26519),-0.04520603317869629
OR5J2 (282775),-0.04520281648183647
GPATCH3 (63906),-0.04520280374993103
TTLL10 (254173),-0.045196430656958914
EFHD1 (80303),-0.04516953686192691
PLSCR5 (389158),-0.04515089266081212
KRTAP19-4 (337971),-0.045144265992396335
CCKBR (887),-0.04513350801692896
PKD2L2 (27039),-0.04511896450890397
FCGR2A (2212),-0.04510167249155866
NAA15 (80155),-0.04505627539128691
ZC3HAV1 (56829),-0.04505102630812221
ANKS4B (257629),-0.0450334517346171
METTL13 (51603),-0.0450015008143551
PRR23A (729627),-0.04499523792482125
AMD1 (262),-0.04498844186544568
AJUBA (84962),-0.04495004680525738
ASB18 (401036),-0.04493038126832213
RNF175 (285533),-0.044923219492013056
MAD2L1 (4085),-0.04491624232793279
FAM241A (132720),-0.044915394847353046
FHOD1 (29109),-0.044894810618875944
LRRC52 (440699),-0.044892285850492535
ALPK1 (80216),-0.04487460590791393
HSD17B3 (3293),-0.04487215187621076
OR2A2 (442361),-0.04486175902333803
AIFM1 (9131),-0.04484206454007843
CYBA (1535),-0.044823167889974785
LRRC8E (80131),-0.044818944578652105
GPI (2821),-0.04481579451423778
CAMK2N2 (94032),-0.0448070113308106
UBE2R2 (54926),-0.04480538063287845
SOX1 (6656),-0.044803583752221966
CLCA2 (9635),-0.04479400170320703
RPUSD2 (27079),-0.04477593885990646
SOSTDC1 (25928),-0.0447706019360132
MKS1 (54903),-0.04473390918025705
GPRASP1 (9737),-0.044730799030759806
MYZAP (100820829),-0.04472884940678245
GH2 (2689),-0.044725518080523344
CLBA1 (122616),-0.044710463856243186
EEF2K (29904),-0.04470372865125367
APOOL (139322),-0.044695532639445514
SLC3A2 (6520),-0.04469167806153735
PSMG4 (389362),-0.04468397660375971
BTN1A1 (696),-0.04467799662501827
ZNF461 (92283),-0.04467012064066606
HACD2 (201562),-0.04465906967993639
LMO1 (4004),-0.0446525151651332
ARHGEF38 (54848),-0.04465126297022126
ADCY7 (113),-0.04463842254095935
CRTAP (10491),-0.04462486703293809
SNRNP35 (11066),-0.0446246522182349
TMPRSS11B (132724),-0.044621052378834375
CLK3 (1198),-0.04460796772600794
EVPL (2125),-0.044590990890242085
AMN (81693),-0.044583478799095445
HCRT (3060),-0.044567494563051605
MXRA5 (25878),-0.044557128030611744
DUSP19 (142679),-0.044543370008437624
SPATA31G1 (138724),-0.04454010601496082
SYCP2 (10388),-0.0445378674180946
MYL1 (4632),-0.044509598365631585
DNM1 (1759),-0.044499530400979356
OR8B2 (26595),-0.04448987944860965
ANGPTL7 (10218),-0.04448974006836179
ITGB1BP1 (9270),-0.04447942677754864
TUBB1 (81027),-0.04447842035286375
RAE1 (8480),-0.04447485010300139
COX6A2 (1339),-0.044470681419899405
MAPK1 (5594),-0.04445739311678901
ARHGDIB (397),-0.044454260654297126
NBEAL2 (23218),-0.04444219401972468
ZNF622 (90441),-0.04443854586889748
KIAA0232 (9778),-0.04443204054476626
PKD2 (5311),-0.04443191993625084
PREX2 (80243),-0.044427776032084816
DOCK7 (85440),-0.04442485689537912
LRP8 (7804),-0.044420607837922156
EFNB1 (1947),-0.04441872693703431
TMEM82 (388595),-0.04439264289315118
NDOR1 (27158),-0.04438797555408327
SLC10A2 (6555),-0.0443675463178507
SMU1 (55234),-0.044366274294204505
ATG4B (23192),-0.04435893483946869
RACGAP1 (29127),-0.04431755527697924
FAM162B (221303),-0.044292446178251524
SECISBP2 (79048),-0.04429196061718969
CPLX2 (10814),-0.044284478751549936
FUT2 (2524),-0.04426083187429476
OR10G4 (390264),-0.044260163782364706
ATAT1 (79969),-0.04425868895011084
METAP1D (254042),-0.044257199411275545
LRRC37A2 (474170),-0.04424632746654866
OR5C1 (392391),-0.04424518093938058
ENOX2 (10495),-0.0442383449139907
CYB5D1 (124637),-0.04423678086577426
HLX (3142),-0.04423584476045588
KCNH2 (3757),-0.04423206414424207
SRSF11 (9295),-0.04422681533552897
GPATCH11 (253635),-0.044211192747516746
NAA11 (84779),-0.044169041278650296
ILDR1 (286676),-0.04416338994431336
TYROBP (7305),-0.044161763936629864
TUBB2A (7280),-0.04415672473221265
SHH (6469),-0.0441563559290491
ARHGAP28 (79822),-0.044138626082629
SPATA31A6 (389730),-0.04412322867563961
ACTR3B (57180),-0.04410632718142102
CCDC27 (148870),-0.04410475986323942
ZNF282 (8427),-0.04408568849408945
GMPPA (29926),-0.04408462002520164
OTUD7A (161725),-0.04408354975632418
CHD7 (55636),-0.044083117900513634
TCN2 (6948),-0.04407286484380887
XRCC6 (2547),-0.0440498550620733
PEF1 (553115),-0.04404043405547827
BRIX1 (55299),-0.0440233681962646
ZNF320 (162967),-0.04401080262474141
HINT2 (84681),-0.04400646839272129
SLC25A51 (92014),-0.04400458282926231
FICD (11153),-0.04400321732921713
SHISA2 (387914),-0.043999378353843564
PHF21A (51317),-0.04398520911546805
QKI (9444),-0.04397950839211538
BACE2 (25825),-0.04397928850831589
L1CAM (3897),-0.043976395156169384
POLR1F (221830),-0.04396420239432304
GATA3 (2625),-0.043961283724685406
TBX19 (9095),-0.04392760658820417
SLC25A39 (51629),-0.043923201722934326
PLEKHM3 (389072),-0.043921927302327454
PRELID1 (27166),-0.04391832560249405
ATG3 (64422),-0.04390345090588741
CILP (8483),-0.043895992768474924
KRT6B (3854),-0.04389274981322913
TOMM5 (401505),-0.0438692909186684
GPR84 (53831),-0.04386698960385771
ABCA10 (10349),-0.04386311467919318
SEMA4C (54910),-0.043862241459322604
DLL4 (54567),-0.04384384459438229
CAVIN4 (347273),-0.043816773858087237
APEX2 (27301),-0.043810929039022686
SEC62 (7095),-0.043810316737168106
PODNL1 (79883),-0.04380546247870553
ZNF835 (90485),-0.04378444371384221
TPI1 (7167),-0.04377090625389499
MYH11 (4629),-0.04375528153770808
TEX29 (121793),-0.04375500655099892
TRAPPC8 (22878),-0.04374706644048636
PPP1R16A (84988),-0.04371999626818773
URB1 (9875),-0.04371914746996847
CEACAM1 (634),-0.043718434067218134
PITX1 (5307),-0.043697278415636004
ZNF548 (147694),-0.043694228459420933
ZSWIM4 (65249),-0.043693371371004125
SIGLEC11 (114132),-0.043680361064304035
CHSY3 (337876),-0.04368002552018771
ARF6 (382),-0.043662784752029275
KRTAP1-5 (83895),-0.04366272898695148
TUBA1B (10376),-0.04366020535352713
ATXN1 (6310),-0.04365848777134797
KRTAP12-4 (386684),-0.04365700214577162
TNFAIP8L1 (126282),-0.04361605420656402
WDR77 (79084),-0.043615463542342144
CDIPT (10423),-0.04361300910257106
OCSTAMP (128506),-0.04358750544094392
SSRP1 (6749),-0.043585687105719466
OTX2 (5015),-0.04355327572158365
ZNF131 (7690),-0.043545208307346844
HOXD13 (3239),-0.04353975467574548
SBDS (51119),-0.04353411836364411
GDPD2 (54857),-0.04351646450037745
CRCP (27297),-0.04351644927856514
TFF3 (7033),-0.04349800055603566
NAA20 (51126),-0.04347690757644541
SMCO2 (341346),-0.04346722321752138
SLC25A1 (6576),-0.04345669320455748
DHX32 (55760),-0.043427991106465134
NYAP2 (57624),-0.04342755793032481
RAC1 (5879),-0.043398767909794314
NOL11 (25926),-0.04337776243064228
GRIA3 (2892),-0.043329587220263914
DYNC1H1 (1778),-0.043325938665517066
ESCO1 (114799),-0.04332264797186304
TERF2IP (54386),-0.04332209507295275
RAB1A (5861),-0.04331439867867778
SYCE2 (256126),-0.04330899488915108
R3HCC1 (203069),-0.04330333319390036
POU2F3 (25833),-0.04330149413018907
RAP1GAP2 (23108),-0.043280831426716466
PPP4R4 (57718),-0.04327749783050293
EVC2 (132884),-0.0432653956682913
DNLZ (728489),-0.04324496207137062
FCN3 (8547),-0.04324397161521683
IGSF9B (22997),-0.04323768138382051
EBF3 (253738),-0.04323311967836997
EXOC3L4 (91828),-0.04322552938353965
MRI1 (84245),-0.043208074798726785
SLC2A6 (11182),-0.043205003755712325
IMPDH1 (3614),-0.043202684280703854
NPHP4 (261734),-0.043189454643395485
PHKB (5257),-0.043186301706183976
WASF1 (8936),-0.043185484622922196
B3GNT7 (93010),-0.04318124292424055
UNC5C (8633),-0.04317347743388554
INO80B (83444),-0.04316764811755577
COL18A1 (80781),-0.043148610373378644
ZNF649 (65251),-0.043146981274640506
ZNF467 (168544),-0.04314040581176704
KIF21A (55605),-0.04313217042041661
ALG14 (199857),-0.043119816736778116
TP53RK (112858),-0.043085830561088244
EXOSC10 (5394),-0.043063104585182185
INSYN2B (100131897),-0.04306167894715665
PDILT (204474),-0.04304883757887643
L3HYPDH (112849),-0.04303589826351388
MIER3 (166968),-0.043028095539140415
ELP6 (54859),-0.04301895575703511
CNGA4 (1262),-0.04299235407449316
NIPAL3 (57185),-0.04298918715993965
RPS2 (6187),-0.042965571826555096
NR1H2 (7376),-0.0429609005424139
PYCR2 (29920),-0.04294116144894596
CEP89 (84902),-0.04293423983022148
C6orf120 (387263),-0.04292530078074732
TMEFF2 (23671),-0.04292255316447375
NPDC1 (56654),-0.04292253640853504
ST6GALNAC1 (55808),-0.04291173082997596
CCDC71L (168455),-0.04289952601292536
RRP9 (9136),-0.04286464590686011
GLT1D1 (144423),-0.04284597239007682
RAPSN (5913),-0.04284429226800221
RHBDF2 (79651),-0.04284364861366905
MTTP (4547),-0.04283921702843988
ZNF626 (199777),-0.04283901625806921
OR11A1 (26531),-0.04283015251055878
ANGPTL1 (9068),-0.04282998023743407
MYH10 (4628),-0.04282227507189118
INSM1 (3642),-0.042821565768080556
GALR2 (8811),-0.04281516354360941
SLC23A3 (151295),-0.042798998207194745
CDHR5 (53841),-0.04279507248121859
DCAF10 (79269),-0.04278017363513394
SH3BGR (6450),-0.042765818890093246
RGPD4 (285190),-0.042755999234064576
LRFN2 (57497),-0.04275420719050386
AXIN2 (8313),-0.04274865979682
PTPRN2 (5799),-0.042744607601989455
MAP4K2 (5871),-0.0427445715360569
LPIN3 (64900),-0.04274262043093013
RAB5A (5868),-0.042728991143481394
NCOR2 (9612),-0.04272381524514147
DNAAF2 (55172),-0.04272060090847523
PBDC1 (51260),-0.04271297909698836
FOSL1 (8061),-0.04268821069916419
FMC1 (154791),-0.04266868460365664
DDX23 (9416),-0.04266391474098703
NPFFR1 (64106),-0.042659107500606405
C19orf18 (147685),-0.04265420616490106
MEGF10 (84466),-0.0426368060793572
AGPAT5 (55326),-0.04261016056194739
ZBP1 (81030),-0.04260195482320115
SUSD6 (9766),-0.042571259852725904
ZNF99 (7652),-0.04255719380883346
WWP2 (11060),-0.04253202521141531
AVPR1B (553),-0.042506081193106
SPINK2 (6691),-0.04249485354662581
RRAGD (58528),-0.042453836748150967
THRB (7068),-0.042423159036995096
PTPN21 (11099),-0.04241946746258824
CDH11 (1009),-0.04239784538188659
BEGAIN (57596),-0.04239380646602316
CCM2 (83605),-0.0423785604382957
LRRFIP1 (9208),-0.04234876857568225
MACROD1 (28992),-0.042345010796632
EML5 (161436),-0.04232575629846372
IFIT2 (3433),-0.04232281584620953
OR13C5 (138799),-0.04232265931752377
ADCYAP1 (116),-0.042271078508012046
GTF3C1 (2975),-0.04226727902302855
PUSL1 (126789),-0.042255477208977946
STAT6 (6778),-0.04225203907763899
DAB2IP (153090),-0.04224281809817433
HBQ1 (3049),-0.04223899524906408
DCHS1 (8642),-0.04221358706961884
SOX21 (11166),-0.042211174508497346
LPAR1 (1902),-0.04219137877905155
WNT3 (7473),-0.0421910023223475
ESM1 (11082),-0.042178825621667596
DIS3 (22894),-0.04217518380216197
TFEB (7942),-0.0421612386346048
CATSPERB (79820),-0.042159102676063986
OR9Q1 (219956),-0.042149353748550424
ABHD14A (25864),-0.04213696309323692
LRRC47 (57470),-0.04210957783338295
ZNF384 (171017),-0.042074513451537454
RIPK2 (8767),-0.04207242166172499
CCDC183 (84960),-0.04202098603914406
TMEM31 (203562),-0.04200982399085236
COQ8B (79934),-0.04200887595245542
BTBD8 (284697),-0.042007114949070466
TRMT12 (55039),-0.04198994301469733
ZNRF3 (84133),-0.041988127454428176
CD7 (924),-0.041972663945583445
MTMR7 (9108),-0.041941684012311686
LEF1 (51176),-0.04193792139971099
PILRA (29992),-0.04192375798994464
SLC35E2B (728661),-0.04190944764004366
FBRSL1 (57666),-0.041904390641658164
UGGT1 (56886),-0.04188762270682092
C12orf54 (121273),-0.04188755564921453
SLC35F2 (54733),-0.04188186015572895
SEC24D (9871),-0.04185927517607517
EXD3 (54932),-0.04185336558116794
CTRB1 (1504),-0.04185262214352157
KRTAP12-2 (353323),-0.041851521587976094
ATP8A1 (10396),-0.041845159148567034
MTARC1 (64757),-0.041829424748570244
SLC17A9 (63910),-0.0418287683035171
TP53I3 (9540),-0.04182696365931985
F2RL2 (2151),-0.04181950799429075
COL4A6 (1288),-0.041818773802707515
MAP1A (4130),-0.04181577008577294
TGDS (23483),-0.04181322920107127
PHACTR4 (65979),-0.041793524559216075
PDRG1 (81572),-0.04179210540745511
COMMD4 (54939),-0.0417380509522676
ITGB7 (3695),-0.041736851934961884
SURF2 (6835),-0.04173624025367552
TCF24 (100129654),-0.04173342003420325
HAUS6 (54801),-0.04172525095446607
H3C4 (8351),-0.04172105859850728
RASSF7 (8045),-0.04171469694032891
CSRNP3 (80034),-0.041698403763105366
SLC10A1 (6554),-0.041685056831705924
OTOP2 (92736),-0.041666290469491225
HTR6 (3362),-0.041660402707428094
DPYD (1806),-0.041640339218021294
MMP23B (8510),-0.04163824225666066
ASCL3 (56676),-0.041633509263259164
SMARCA2 (6595),-0.04159789009837365
TMEM116 (89894),-0.041593987873096275
REG1B (5968),-0.041586549614746844
ARHGEF10L (55160),-0.04157882394992476
C1orf115 (79762),-0.0415787830719307
GSN (2934),-0.041562405018641065
OR52E6 (390078),-0.04156044701717392
PITHD1 (57095),-0.04155580364157969
BAIAP2L1 (55971),-0.04154624235218279
FLAD1 (80308),-0.04153442380412853
XCR1 (2829),-0.04153182264606327
MVP (9961),-0.04153084532049901
TAS1R3 (83756),-0.04151873564322986
PRELP (5549),-0.04151120552263032
UPF3A (65110),-0.041498806261986716
WDR17 (116966),-0.04149844228720622
FKBP1A (2280),-0.04149270269683251
ZBTB3 (79842),-0.04148743886201
TRAPPC3 (27095),-0.041482617063457156
TAF13 (6884),-0.04148186021640004
SLC35C1 (55343),-0.04147996171604375
UXT (8409),-0.04147927168202976
PDCL2 (132954),-0.04147657578819378
TDRD9 (122402),-0.04147167592372347
FEZ2 (9637),-0.04146694929595423
ASB16 (92591),-0.04145587804717895
SPDEF (25803),-0.041450408577875575
ZHX2 (22882),-0.0414233062874482
PSPN (5623),-0.04142309811953683
FDX2 (112812),-0.04142245836088115
MAGEA12 (4111),-0.04140959202503958
VDR (7421),-0.04140230783444042
SLC13A4 (26266),-0.04136543305388471
CCDC9B (388115),-0.04134738175215996
COL22A1 (169044),-0.04132544492796268
IGFN1 (91156),-0.04130092228303792
AKIP1 (56672),-0.04127618302795194
HRCT1 (646962),-0.04125940910329491
S1PR2 (9294),-0.041259092368850434
PDE10A (10846),-0.041256312733713434
RPGR (6103),-0.041249531414794524
SURF1 (6834),-0.04123484915028566
GATM (2628),-0.04123344627194481
EPS15 (2060),-0.04121733870006725
CATSPERE (257044),-0.04120553512258096
EMC2 (9694),-0.041174084317485204
MYLK4 (340156),-0.04117060077732382
A1BG (1),-0.04115447655319837
PLEKHG5 (57449),-0.04115340692333233
CIMIP2A (401565),-0.04114847012988062
PREX1 (57580),-0.04114560269107945
GJB4 (127534),-0.04114025717739842
MAP3K7CL (56911),-0.04113946217119965
SLC30A4 (7782),-0.04112111849484939
FARSB (10056),-0.041104744610881094
IFT122 (55764),-0.04109983921859475
NANS (54187),-0.041092586424960914
USP5 (8078),-0.04108330728493103
MED12L (116931),-0.041029711304586325
SLC18A1 (6570),-0.0410163894179282
VTCN1 (79679),-0.04101382864670119
CCDC15 (80071),-0.04101080932974737
CTNNBIP1 (56998),-0.04100958203596019
OR52B2 (255725),-0.04100823756150835
FHIP2A (57700),-0.041001768346452784
OMP (4975),-0.04099773313464853
CHRNA1 (1134),-0.04098526624963253
FMR1NB (158521),-0.040983028959962975
APMAP (57136),-0.040971976739812406
TMOD3 (29766),-0.04096201806003923
HRH1 (3269),-0.04096183669980224
ABRACL (58527),-0.040956300078335416
GARIN6 (196472),-0.04094343295157693
DHRS9 (10170),-0.040938870622532715
DRC3 (83450),-0.040933022456841675
TSNARE1 (203062),-0.04092292828385112
RIMOC1 (285636),-0.04091754395793738
ATP23 (91419),-0.040908492340456494
HK1 (3098),-0.04090726822233504
ACBD4 (79777),-0.040907231524270275
DNAAF3 (352909),-0.040897676954871655
PHC1 (1911),-0.040890710947093144
PGC (5225),-0.040889125786630925
BRIP1 (83990),-0.04087783886216144
NSG2 (51617),-0.04086698451374532
FGD1 (2245),-0.04086358041111485
ANKMY1 (51281),-0.04086133723961602
PPP1R15A (23645),-0.04085653371472399
PLAAT4 (5920),-0.04085195990137865
ZNF425 (155054),-0.04083030448645739
CNTN3 (5067),-0.040825579131251205
YIPF3 (25844),-0.04081713824690238
RAMP1 (10267),-0.04081658614237607
STUM (375057),-0.040800558455114655
FOXS1 (2307),-0.04079724983568751
ISG15 (9636),-0.04079666049492777
KIAA1671 (85379),-0.04079351278534802
TTC22 (55001),-0.040789269098104194
PROC (5624),-0.040742664513465324
TIGIT (201633),-0.040718140303295375
PSD3 (23362),-0.04069638230516545
HPS6 (79803),-0.040690132115108926
COQ3 (51805),-0.040682636004795526
HSF4 (3299),-0.04067403843131467
EIF3E (3646),-0.040670648164867526
CKLF (51192),-0.04065528791981622
STXBP5L (9515),-0.04065494708368594
ARHGEF19 (128272),-0.040647982927305565
UBE2S (27338),-0.0406297010916971
DLD (1738),-0.04062696876589129
GEMIN2 (8487),-0.04062616685988105
RPS4Y1 (6192),-0.04062470841208787
ALDH3A2 (224),-0.04062105010551223
PASK (23178),-0.04061991992129773
FHL1 (2273),-0.040612467142397655
EGR1 (1958),-0.04060524229879826
EIF2A (83939),-0.04060484336313248
PDIA3 (2923),-0.04060390131486911
ANKS1A (23294),-0.04060109689077459
BRCA2 (675),-0.040600119392282655
STK32C (282974),-0.040597920067161626
PLEKHN1 (84069),-0.04058843119831389
COLEC12 (81035),-0.040571042224298665
ATP13A2 (23400),-0.04054293599702476
TMF1 (7110),-0.04054162626081984
ELK1 (2002),-0.04054124576633078
HSPE1 (3336),-0.040533622540863526
DYNLT4 (343521),-0.04051921483485187
RPP40 (10799),-0.040509414570455225
MXD4 (10608),-0.04049448167736638
PYCR1 (5831),-0.04047930365843489
RIMBP2 (23504),-0.04047526453151841
CDH2 (1000),-0.040473840767600675
TNFSF13 (8741),-0.04046198462323477
GDF7 (151449),-0.04043351721698544
NR2C2AP (126382),-0.04042363569781731
ATF6 (22926),-0.040417785941937845
CGAS (115004),-0.040414004692176125
PLG (5340),-0.04041066418652953
MYO5B (4645),-0.04040638198224085
PHRF1 (57661),-0.040401574126789644
POLR3C (10623),-0.040388273471067014
CWF19L2 (143884),-0.04038187629280699
CNST (163882),-0.04037848659473855
MATCAP2 (23366),-0.040377386173303206
TMEM185A (84548),-0.04037505591921215
CRYBB3 (1417),-0.04036996641556434
UBE2E1 (7324),-0.040363920992057316
PSME4 (23198),-0.04035511863515471
ARHGEF37 (389337),-0.04034235617538196
ADAMTSL1 (92949),-0.04033010038663143
LILRB3 (11025),-0.0403205876647586
CARD6 (84674),-0.040320547655429397
SIGLEC8 (27181),-0.04032049839671447
ENAM (10117),-0.04031576962133085
ZFYVE27 (118813),-0.040313381075386734
WRNIP1 (56897),-0.04031132183634809
LRRC17 (10234),-0.040310968671993144
N4BP2L1 (90634),-0.04031090069908062
NPHS2 (7827),-0.04031078851070364
TMA16 (55319),-0.04031048200291692
ADGRA3 (166647),-0.04031015877415881
OR9A2 (135924),-0.04029885877378731
TNFRSF25 (8718),-0.0402909907648585
SOST (50964),-0.04027731368262923
LTBP1 (4052),-0.04027307257481231
F2 (2147),-0.04024156338153832
CPM (1368),-0.04022594774346275
GPSM3 (63940),-0.040220447163070494
UTP15 (84135),-0.040220435770592616
ST8SIA4 (7903),-0.04021703791072015
NGFR (4804),-0.04019260726382261
MFSD6 (54842),-0.04019093888095231
IFT70A (92104),-0.04018991772028966
EIF4G1 (1981),-0.04017731238085798
JOSD2 (126119),-0.0401586106402378
NPHS1 (4868),-0.040151734470369266
ZNF676 (163223),-0.04012329860887902
TMEM263 (90488),-0.040117142429187146
SPEN (23013),-0.040108101548012774
CLDN7 (1366),-0.04008298447278736
MALL (7851),-0.04007580577664012
YIPF2 (78992),-0.0400635522488391
LRCH3 (84859),-0.04005401411174362
SEMA4G (57715),-0.04005096949608861
RNF216 (54476),-0.040047472754430845
CCL21 (6366),-0.040047112015371145
LAX1 (54900),-0.04004692473696526
C14orf39 (317761),-0.040045171896162426
RRAD (6236),-0.04004231444592953
PARD6G (84552),-0.040031285147751845
LILRB1 (10859),-0.04002719546001637
ESPL1 (9700),-0.039963749696618464
METTL26 (84326),-0.03996280703559604
RTRAF (51637),-0.03996160980339008
NCL (4691),-0.039959880689142226
EXOSC3 (51010),-0.0399501588451588
MAS1 (4142),-0.039945165264079326
SPR (6697),-0.039944764179889264
LMOD2 (442721),-0.039934472221441204
CLOCK (9575),-0.039907637027569755
UTP4 (84916),-0.039905499195623514
RPS15A (6210),-0.0398623846642059
PDXP (57026),-0.039855673661639175
RBAK (57786),-0.039852002928694744
LAT (27040),-0.03984848684950114
KHSRP (8570),-0.03984733117112943
PPP2R5D (5528),-0.03984580253347847
NFS1 (9054),-0.03981963461516031
ZNF426 (79088),-0.039815667665878914
OSGIN2 (734),-0.039810042240290576
IFNK (56832),-0.03980783535435428
TAT (6898),-0.039807628390273075
EDNRA (1909),-0.03979166280778359
ECHDC3 (79746),-0.03978897733838237
MAMDC2 (256691),-0.039788943732248346
ZFP92 (139735),-0.03977876958200886
EGLN1 (54583),-0.03977015856394545
MUS81 (80198),-0.03976770748898893
ZNF23 (7571),-0.03976435170961458
PARP14 (54625),-0.039751347324761425
ADGRF3 (165082),-0.039742611873554254
NWD2 (57495),-0.039732555500732264
PHLDA3 (23612),-0.03973115934726058
ROBO4 (54538),-0.039725336277412274
XRCC3 (7517),-0.03971676885044797
H2AX (3014),-0.03970685786526199
PAG1 (55824),-0.03970622522639317
GMFG (9535),-0.03968617873262203
ALG2 (85365),-0.039682074855826935
KYNU (8942),-0.03968117780224538
TREX2 (11219),-0.039678201977225026
TSEN54 (283989),-0.03967525654540603
TNFSF13B (10673),-0.03966730860531049
CAPN1 (823),-0.0396625794653544
ZNF618 (114991),-0.039657448445892654
MLX (6945),-0.039655004391137935
IL17RB (55540),-0.039639396381666595
STRA6 (64220),-0.039636796401639716
INHBC (3626),-0.03962828686137048
RBBP8 (5932),-0.0396226146635614
CPLX1 (10815),-0.03961605948196242
OR56A1 (120796),-0.03961119123708322
KCNH5 (27133),-0.03960173098617684
OR10Z1 (128368),-0.03959918329025386
OBSCN (84033),-0.03959691811950382
DNAJC28 (54943),-0.03959113703086121
SMARCB1 (6598),-0.03958530858835359
DGKQ (1609),-0.039578196954483266
MYOZ3 (91977),-0.03957776685031525
TPP1 (1200),-0.03957250257809601
CFHR2 (3080),-0.039564555989779086
LAMA1 (284217),-0.039563798638610655
DHCR24 (1718),-0.03956156251989115
HSD17B1 (3292),-0.039535192950127605
WAS (7454),-0.03953053884436893
ATP6V1E2 (90423),-0.03952924982827682
CHST7 (56548),-0.03952223056020234
ABAT (18),-0.039514516976257276
HERC1 (8925),-0.039504233366629664
HDLBP (3069),-0.03949211132875812
GNG12 (55970),-0.03948629771177485
H2BW2 (286436),-0.039479141816122575
OR2B6 (26212),-0.03947894148891436
DPP9 (91039),-0.039472744709784374
TEX11 (56159),-0.039455945803173915
ANAPC5 (51433),-0.0394341083005289
CEP295NL (100653515),-0.039428642401647236
CALML6 (163688),-0.03942479059457382
MON1B (22879),-0.03942429923887118
ZNF256 (10172),-0.039405067668170916
VDAC1 (7416),-0.039389529422742035
SERTAD2 (9792),-0.03938724968241931
BTK (695),-0.039381193919236564
SPECC1L (23384),-0.039380643453041396
BRD3 (8019),-0.03936599704339786
FAM171A1 (221061),-0.03936248784466744
REG4 (83998),-0.039360593929765486
GPR152 (390212),-0.039352739365852964
MXRA8 (54587),-0.03935097263967116
CDR2 (1039),-0.03933997374244383
USP20 (10868),-0.03932451744605508
DNAJC4 (3338),-0.03932223638277594
VMP1 (81671),-0.03931181668762873
CDKN2AIPNL (91368),-0.03929452380829201
FDXR (2232),-0.039294409741284765
POLQ (10721),-0.03926989649555038
IL17RE (132014),-0.03926128999367163
SLC25A29 (123096),-0.0392595307117564
SAAL1 (113174),-0.0392571379427573
COL14A1 (7373),-0.03925457351309533
ATAD3A (55210),-0.0392344601196739
LENEP (55891),-0.039233422723459116
PNO1 (56902),-0.039232794284351155
TMEM276 (84773),-0.039228849870277714
CHPF2 (54480),-0.03922202139707789
LIAS (11019),-0.03921406934898059
GOLPH3 (64083),-0.0392135542117839
TNNC2 (7125),-0.03920510320592422
ADD1 (118),-0.039202779292754564
ENDOD1 (23052),-0.039183895726800526
APOBEC3F (200316),-0.039168752328595485
ACTR3C (653857),-0.039154398983606224
CCDC28B (79140),-0.03915280822571756
TEX2 (55852),-0.039152438280465045
PRAF2 (11230),-0.03915014955858407
HDAC9 (9734),-0.03914586269387478
NSD2 (7468),-0.03914502400993105
ICOSLG (23308),-0.039112432109581444
FOXP3 (50943),-0.03910735540680102
TMC2 (117532),-0.03909543573545697
ERCC8 (1161),-0.03909207945195399
GIMAP6 (474344),-0.03908507920674945
ALPK2 (115701),-0.03907541684142372
GHDC (84514),-0.039050661268062496
ABRAXAS1 (84142),-0.03904091167890133
RETREG3 (162427),-0.03903062207120797
CACNA1H (8912),-0.03901432927943525
RPL27A (6157),-0.039009048835477365
HEXIM1 (10614),-0.03899283340317804
MAD2L1BP (9587),-0.03897787167473384
FOXF1 (2294),-0.03897609168059161
KLK11 (11012),-0.038968279824064096
CD80 (941),-0.03896343017967664
CLEC4E (26253),-0.03895401861148221
TMEM241 (85019),-0.03893436877429761
ATP11A (23250),-0.038934097515574896
PCP4L1 (654790),-0.03892332651325637
TNC (3371),-0.038922130239924135
CRTC3 (64784),-0.038917167481361314
OR1E2 (8388),-0.038904621864162776
H2BC7 (8343),-0.03889694620094728
DNAJC5 (80331),-0.03887958085339156
OR6X1 (390260),-0.03887831272605622
OR1G1 (8390),-0.03885344067573046
EFHD2 (79180),-0.03882454310969311
OR4D11 (219986),-0.03882373331233749
BYSL (705),-0.03882360287150716
S100A16 (140576),-0.03881562618227951
CCDC185 (164127),-0.03880685776819777
B9D1 (27077),-0.03880299785383465
AMPH (273),-0.03878961981233116
RAP2C (57826),-0.03877576417945677
SNTB1 (6641),-0.03877220523568654
CARS2 (79587),-0.038764058800453575
LGSN (51557),-0.03876254930780111
OXSM (54995),-0.03876025082739499
RPL37A (6168),-0.0387588702595393
HACD3 (51495),-0.03875161032477699
ABCC9 (10060),-0.03874607609427536
CCNDBP1 (23582),-0.038745764397841394
PLEKHB1 (58473),-0.038741619972640896
AADACL3 (126767),-0.03873150217516836
SH2D3A (10045),-0.03873100979294662
MEAK7 (57707),-0.038727889178095005
HAS1 (3036),-0.038725752213147384
SV2B (9899),-0.03871548996508034
GNAT1 (2779),-0.038695672412766696
OR51A4 (401666),-0.03867782629956758
DLL1 (28514),-0.03867173067685554
NUP153 (9972),-0.03866311706150668
ARRDC3 (57561),-0.038661836299918685
MCC (4163),-0.038637523346442285
TNNT1 (7138),-0.03863626921599076
PCNX3 (399909),-0.03863567255872501
RBMS1 (5937),-0.03862668519553118
PGAM5 (192111),-0.038613619344966404
TMEM175 (84286),-0.03860133678322833
TLNRD1 (59274),-0.03859053189046834
PRDM8 (56978),-0.03857165348166737
PIK3R4 (30849),-0.03856451883254289
MSMP (692094),-0.03856010133219283
NOL7 (51406),-0.03854960981423637
PTPRG (5793),-0.0385354969667738
ATP1A2 (477),-0.03852564816552084
OR5K1 (26339),-0.03850445303324128
IL1RAPL1 (11141),-0.03850168616728246
PAQR4 (124222),-0.03850068190756301
SLC26A7 (115111),-0.03849931644371808
ITGAD (3681),-0.03849023489825353
LRRC58 (116064),-0.038480393549470394
ALDH3B2 (222),-0.038480231081822525
SCN5A (6331),-0.038473987971965544
NNAT (4826),-0.03846963117160411
TERT (7015),-0.03845869611216329
MEF2D (4209),-0.03845248553545265
NOX3 (50508),-0.038448562868165864
EIF4E3 (317649),-0.03844673541241547
DNASE1 (1773),-0.03844547875067083
OSTM1 (28962),-0.0384450152283483
ALDH7A1 (501),-0.038432877723208726
KIF26A (26153),-0.03843040118901445
GALC (2581),-0.03842812680408057
FYCO1 (79443),-0.038400223071050274
S100A2 (6273),-0.038391491771782235
GSTM1 (2944),-0.03837300302398587
CDCA2 (157313),-0.03837258421760958
LMNTD1 (160492),-0.038358928682442464
PIK3CB (5291),-0.038348592992983314
HID1 (283987),-0.03834164817480616
ARSI (340075),-0.03833943775978321
CST1 (1469),-0.03833011526000944
PGGT1B (5229),-0.038328307902362545
CDC42BPB (9578),-0.0383236318359801
C8orf33 (65265),-0.03831495827119039
MRM2 (29960),-0.03829409738961031
PTCRA (171558),-0.03823623310354449
PIEZO1 (9780),-0.03821813745849484
ANKDD1A (348094),-0.03820806903509172
CXXC4 (80319),-0.03819803127468352
LRTM2 (654429),-0.038194872084053026
IFNLR1 (163702),-0.038188904792621166
COQ10A (93058),-0.03818278010934405
OXER1 (165140),-0.03817528814316298
NOP58 (51602),-0.03815345436864054
LRPAP1 (4043),-0.038137591440395614
RGS9 (8787),-0.03813220259736672
SMIM17 (147670),-0.03812032978163659
ADORA1 (134),-0.03809765165005752
ZNF565 (147929),-0.03809528660014634
MRRF (92399),-0.038091869902569485
RPS6KA1 (6195),-0.038084372321030645
TXNRD1 (7296),-0.03807651971061265
BAIAP2L2 (80115),-0.03806527754536542
CORT (1325),-0.03805698342925316
PTPN20 (26095),-0.038053001817211565
CPEB3 (22849),-0.038047704468441065
METTL14 (57721),-0.03803945307838608
OR2J2 (26707),-0.03802742539785892
GNA12 (2768),-0.038021328341140706
NT5C (30833),-0.03801475607361117
CPPED1 (55313),-0.03799970805629851
TRIOBP (11078),-0.03797920567463344
THEM6 (51337),-0.037968867073436496
ING1 (3621),-0.037958297329529544
THAP7 (80764),-0.03795725572553653
CAPN6 (827),-0.03792982979490264
PTCHD4 (442213),-0.037912492169460854
CINP (51550),-0.037912310141832044
PDCD6IP (10015),-0.03790113836781203
PALM3 (342979),-0.03789853085088812
HHIPL1 (84439),-0.03788562939025103
POTEG (404785),-0.03788030894742684
GANAB (23193),-0.03784650825379977
CSTB (1476),-0.037843989825805044
VCPIP1 (80124),-0.037834065820891924
PARVG (64098),-0.037822641892294416
ZNF34 (80778),-0.03780876276329467
TNFSF14 (8740),-0.03780605503401305
STON1 (11037),-0.03779885236644752
BEND7 (222389),-0.037791275026386156
C7 (730),-0.03778630609787683
TMEM213 (155006),-0.037775010698266366
LHFPL4 (375323),-0.0377712855625187
ZFP91 (80829),-0.03776915246650896
BLOC1S4 (55330),-0.03776631324905762
PTDSS2 (81490),-0.037763675304327116
TMEM200B (399474),-0.037755393993703465
CCDC22 (28952),-0.037754105457044926
OVCA2 (124641),-0.03773672598227968
MTRFR (91574),-0.03773491038668181
TGIF2 (60436),-0.03772636352229642
S1PR1 (1901),-0.037721853828448816
MYOM2 (9172),-0.03772135809223002
RNMT (8731),-0.037704630160884225
TRIM25 (7706),-0.03770281570434079
TNFRSF1A (7132),-0.03769850361073533
FATE1 (89885),-0.03769311060121676
LRFN5 (145581),-0.03768893345028521
ADAMTS10 (81794),-0.03767499100495453
RHOQ (23433),-0.037649767401087164
NPBWR1 (2831),-0.03764514830591283
NUP85 (79902),-0.037644749905796145
ARL6IP5 (10550),-0.03763858776524351
PSCA (8000),-0.03763410257449238
THBS4 (7060),-0.03762861142442413
ALK (238),-0.03761922480170006
BLTP1 (84162),-0.037615738986048974
KRTAP26-1 (388818),-0.03758630713097952
DNAAF8 (146562),-0.037582845681256354
AADACL4 (343066),-0.037577890107457414
POLR3H (171568),-0.037567084238284434
PPARD (5467),-0.037566167090598845
APOA5 (116519),-0.037562962761717174
SLC25A23 (79085),-0.037559521977833445
PRMT3 (10196),-0.03754094480677293
NPPC (4880),-0.03753638091593287
TPRN (286262),-0.03751503660905645
C19orf84 (147646),-0.037510144062745575
IARS1 (3376),-0.03750290217786916
AHCYL2 (23382),-0.03750118366729695
ADM (133),-0.037498754542743415
ASB2 (51676),-0.03749258291366956
TRIP10 (9322),-0.03747616949246446
DNMT3A (1788),-0.037475913019652904
SCLT1 (132320),-0.03747421102646335
MARCKS (4082),-0.0374659509579185
WDR45B (56270),-0.03745991174718831
INF2 (64423),-0.037456161503186626
MTMR11 (10903),-0.03745571652483595
GPR150 (285601),-0.037454532222659535
UBOX5 (22888),-0.03745324544873069
MICAL2 (9645),-0.03745070829174067
TEX14 (56155),-0.03743920175424184
OTUD7B (56957),-0.03742732967533642
OLFML2A (169611),-0.03742450758892687
CAMTA1 (23261),-0.03742140170366204
NGDN (25983),-0.03741758856761294
PLBD1 (79887),-0.03741623292131079
CCNI2 (645121),-0.037408229195317784
CXCL14 (9547),-0.037399029820608234
TCHP (84260),-0.03737538340442684
SLC35F3 (148641),-0.03737300715821263
OR10H4 (126541),-0.03736252067849694
VWA5A (4013),-0.03735434344299749
ARL4C (10123),-0.03734878353811231
TRIB3 (57761),-0.0373355174763913
NFATC2IP (84901),-0.0373292010790092
NXT2 (55916),-0.037313057445545056
RNF224 (643596),-0.03731103146680971
DOLK (22845),-0.03729690335497259
PCDH9 (5101),-0.03727511629054452
CCNF (899),-0.03725230719510759
CADM2 (253559),-0.0372503581037933
NTSR1 (4923),-0.03725002973414976
POC1A (25886),-0.03724974192396439
PNPO (55163),-0.037236884339241105
CCT3 (7203),-0.03720604367251496
PUS10 (150962),-0.03719408087710539
PRDM4 (11108),-0.03718308922778955
PDE3B (5140),-0.03716596393770845
ARID5A (10865),-0.03716329799384775
EIF2D (1939),-0.037162413906299
LENG9 (94059),-0.037160153189764185
SLC9A4 (389015),-0.037151253966172325
KIAA1614 (57710),-0.03712139355962069
ANXA2R (389289),-0.03711866658634653
ZNF581 (51545),-0.03710042784834656
C1QL3 (389941),-0.037099318198440936
CLUL1 (27098),-0.03709126742315197
ARRDC1 (92714),-0.03708341334509249
GPR78 (27201),-0.03708233387051135
ZC3H12B (340554),-0.037080698150695375
UFC1 (51506),-0.0370325809575592
WNT16 (51384),-0.03703105027738113
TSPAN11 (441631),-0.03702921569507025
RIGI (23586),-0.037027893787010865
NKX2-5 (1482),-0.037012987349071734
SERPINE2 (5270),-0.0370090918862914
CNNM2 (54805),-0.03700845111441094
KMT5C (84787),-0.036992933033101597
USHBP1 (83878),-0.036967701803904116
ACSL1 (2180),-0.0369601676074394
MOGS (7841),-0.0369504737656256
XPNPEP1 (7511),-0.03693508534975669
PCNP (57092),-0.03692811966333454
CD79B (974),-0.036927396059892724
PER3 (8863),-0.036899106252418226
P2RY4 (5030),-0.036884223991892624
LYPLA1 (10434),-0.03687392221124179
DACT2 (168002),-0.03686955840574125
DDB2 (1643),-0.03686796075528712
ZNF703 (80139),-0.03686767635772288
GPR156 (165829),-0.036855364592626214
CFAP263 (29070),-0.036837559172570894
P3H4 (10609),-0.036836305105282095
SMCP (4184),-0.036825612113751724
OSGIN1 (29948),-0.03682122283825466
KIFC1 (3833),-0.03681450083865444
PKHD1 (5314),-0.03681346018192227
DMRTB1 (63948),-0.03678286150724345
PHYKPL (85007),-0.0367788379853016
DOK7 (285489),-0.03677146920659093
NCOA2 (10499),-0.036763655821671556
GMDS (2762),-0.036760037908911414
UBE2D4 (51619),-0.03675493150051625
SCRIB (23513),-0.03674964547991671
CRADD (8738),-0.03674837805979511
OR1F1 (4992),-0.0367480232444386
CNTFR (1271),-0.03674577005881309
ZIC4 (84107),-0.036742005418696835
WIPI2 (26100),-0.036722206803185095
ERCC1 (2067),-0.036722033062671376
TMPRSS11D (9407),-0.036703381354974404
COG8 (84342),-0.03669604510372072
FZD6 (8323),-0.03669219997927479
TMPRSS5 (80975),-0.036688391833713224
CTF1 (1489),-0.03668211416771203
GLIPR1 (11010),-0.03667515469916076
RASSF2 (9770),-0.03664984857694542
CTSZ (1522),-0.036648159604674616
AFMID (125061),-0.03661673836378152
RFFL (117584),-0.03660550922328852
C3orf80 (401097),-0.036592815898148605
ATXN7L3 (56970),-0.03658840550176971
PRKCH (5583),-0.03658507625115268
ASIC3 (9311),-0.036573859082882805
ZIC2 (7546),-0.036571990581127846
STX11 (8676),-0.03654859750219899
CCSAP (126731),-0.03654716699182841
ZNF277 (11179),-0.03652530228782767
FSD1 (79187),-0.03652220425165789
S100A13 (6284),-0.03651459948732634
TPD52L2 (7165),-0.03650101467076528
PCCB (5096),-0.03649866655474166
GREB1L (80000),-0.03649380932421833
HEPHL1 (341208),-0.03647527738242159
ZNF77 (58492),-0.036438785859116064
FGF23 (8074),-0.03643267385229725
SEC14L1 (6397),-0.036427037939072565
GATD3 (8209),-0.03642652072974822
RGL4 (266747),-0.03642518570021764
PXMP4 (11264),-0.03642452416690375
DNAJC18 (202052),-0.03641205850333232
REST (5978),-0.036403234962945806
BEST2 (54831),-0.036398883603430784
EP400 (57634),-0.03639760308091547
KRTAP12-3 (386683),-0.03639401231951197
SNX9 (51429),-0.036385696585622206
OR52H1 (390067),-0.03638565893465923
DDX49 (54555),-0.036377804066210585
ZNF397 (84307),-0.0363653990907327
LHX1 (3975),-0.036365362932040006
OR2Y1 (134083),-0.036357925325076076
MCAT (27349),-0.036352463157099196
RPS15 (6209),-0.03634179182611635
ITGB2 (3689),-0.03632509730109873
SOX10 (6663),-0.03632046222982069
FCGR3A (2214),-0.03631723439294808
FLT3LG (2323),-0.03631094001755169
CLIP3 (25999),-0.03630960252957174
VWCE (220001),-0.036303594292594214
POLR1G (10849),-0.03629885063847033
NOP14 (8602),-0.03629499936553571
ZCCHC24 (219654),-0.03629072658064924
AGT (183),-0.03628985167693084
RAPGEF6 (51735),-0.03628745092131666
SLC1A6 (6511),-0.036285365455618196
DHRS7 (51635),-0.03628390643617908
SUOX (6821),-0.036279986253761984
NIPA2 (81614),-0.036268648236658964
TNK1 (8711),-0.036264198641419734
CATSPER1 (117144),-0.03625891449644757
NMRK2 (27231),-0.03625863548982927
IGFL4 (444882),-0.0362261125862523
RPEL1 (729020),-0.036224416236836886
CIMIP2C (339778),-0.03622277192298575
PRDM11 (56981),-0.036213406131775545
LMBRD2 (92255),-0.03621301112931228
KCNB1 (3745),-0.03620603614186948
POLR2L (5441),-0.03619781443297101
CSK (1445),-0.03616679157460374
KDM4B (23030),-0.03615621649564795
LIPT2 (387787),-0.036147341790871826
HRH2 (3274),-0.03613412967598529
AKIRIN1 (79647),-0.03613384343667369
SURF4 (6836),-0.03611843840887439
RPL7L1 (285855),-0.03609594675420714
ZNF775 (285971),-0.036094285769350094
FAM204A (63877),-0.0360773886921498
ARPC5 (10092),-0.036061591009467694
PGGHG (80162),-0.03605736704956946
U2AF2 (11338),-0.0360548242105954
IGFL1 (374918),-0.03605345182557451
ZNF18 (7566),-0.036030197907274075
GNGT2 (2793),-0.03601272359334212
FBLIM1 (54751),-0.03600536645859578
CCL8 (6355),-0.03600500736422667
ADAD1 (132612),-0.036002507578432486
PKD1 (5310),-0.03600096838144412
PDZD8 (118987),-0.035993826864531626
RPRM (56475),-0.03599283899859765
ARMCX5 (64860),-0.035987792949857725
KIAA1191 (57179),-0.035987026690514554
HGF (3082),-0.035983097708999656
CHPF (79586),-0.035981599111887176
RPS25 (6230),-0.035967628904171794
CPSF2 (53981),-0.035949584551132445
SELENOO (83642),-0.03594111235406468
DCST1 (149095),-0.035938917517556214
LTC4S (4056),-0.0359348730927896
MAP3K10 (4294),-0.035932040624292186
HERC2 (8924),-0.03592656415725302
ZBTB32 (27033),-0.035913979052998986
CCL26 (10344),-0.035911598122317236
EOLA2 (541578),-0.03590926821112227
ADAMTSL3 (57188),-0.0358600698794369
SMG9 (56006),-0.035858095535536635
IQSEC2 (23096),-0.03585001133632967
TNK2 (10188),-0.0358480988701533
TM7SF3 (51768),-0.03584625854166179
SLC8A2 (6543),-0.035841671317116436
SI (6476),-0.03582757338573533
C1QTNF8 (390664),-0.0358273411948893
OR2G2 (81470),-0.035822403749500624
PLXND1 (23129),-0.03581827606800624
ABCA7 (10347),-0.03580871617703442
SUN1 (23353),-0.035799462937210084
PTGDR2 (11251),-0.035794461523883714
HTR5A (3361),-0.03578921451751317
SSX7 (280658),-0.0357860010172933
SLC36A3 (285641),-0.03577636854659677
OR8D1 (283159),-0.03577337480222003
SHMT2 (6472),-0.03577230830475324
TBX21 (30009),-0.035768563780717876
SRMS (6725),-0.035763752891500446
ANGPTL6 (83854),-0.035750203304190084
AEN (64782),-0.03574605613571048
ACADVL (37),-0.035741758044857096
CCNB1 (891),-0.03573741050841914
PSMG3 (84262),-0.03572441260170816
SCAMP4 (113178),-0.0357162167270819
ANK1 (286),-0.035708686871310076
IL4 (3565),-0.03569291160942295
NEURL2 (140825),-0.03567790165795659
PRR23C (389152),-0.035673692272375865
SCARF2 (91179),-0.035661975922861334
HNRNPA2B1 (3181),-0.035658797371841695
TMIGD2 (126259),-0.03564541206406039
SPTBN1 (6711),-0.03564106846079274
KCNN3 (3782),-0.03563552210279706
CSRP2 (1466),-0.035632675143045536
ATG5 (9474),-0.03560676649382277
ELP2 (55250),-0.03558752904459604
OR4L1 (122742),-0.03557521862073192
ESRRB (2103),-0.03555835094430168
NMRAL1 (57407),-0.03552626056885866
HDAC5 (10014),-0.03552322991078705
DLGAP2 (9228),-0.03552066399954902
PNMA1 (9240),-0.03551454364114925
DDX24 (57062),-0.03550598326970014
DLK2 (65989),-0.035503806335426547
PPL (5493),-0.03550010386264868
NBN (4683),-0.03548019366694032
SERPINF1 (5176),-0.03547746250725786
ANO7 (50636),-0.03547252302313439
SH2D4A (63898),-0.0354670459959079
MC2R (4158),-0.03546205178453978
SNRPE (6635),-0.03545118946472681
MLN (4295),-0.03544933544216161
GAS7 (8522),-0.03544906456430287
SGO1 (151648),-0.035442154409666755
HHIPL2 (79802),-0.035438272521711216
GALR1 (2587),-0.035423426453661304
INSL5 (10022),-0.035423152319718036
HS6ST3 (266722),-0.03541473035882232
CSRNP1 (64651),-0.03538250803014803
MTURN (222166),-0.0353784988588698
GPR37L1 (9283),-0.035356834147863406
RPUSD4 (84881),-0.03535315151202212
PHLDB1 (23187),-0.03535199450879512
SPI1 (6688),-0.03534624322589094
H4C9 (8294),-0.03533311955405377
UBA2 (10054),-0.035332685951568174
PCDHGB4 (8641),-0.03533248823459019
PRR15 (222171),-0.03532775532407738
ZNF436 (80818),-0.03532743627291374
PNLDC1 (154197),-0.03532602029586763
SELPLG (6404),-0.035320887200000664
APBA2 (321),-0.03530802610110936
RTEL1 (51750),-0.035283892576287154
PRAMEF2 (65122),-0.03527987514999743
IPP (3652),-0.035277725761956216
SEPTIN9 (10801),-0.03527405072041927
MCM4 (4173),-0.03527362138878966
SPATA2L (124044),-0.03526391239260052
TMEM267 (64417),-0.03525867296281125
GMPR2 (51292),-0.03525633369732071
CTAG2 (30848),-0.03525405172099927
IL1R2 (7850),-0.03525119956908606
MATN1 (4146),-0.03523341692589229
LGALS1 (3956),-0.035230863358274606
OR10G9 (219870),-0.03522935913835245
STMN1 (3925),-0.035221431114758596
BCL7A (605),-0.03520360419127001
DPYSL3 (1809),-0.03520249634169468
CHN2 (1124),-0.035173275185257404
NAA25 (80018),-0.03515271470775673
RPS6 (6194),-0.03514224608806545
TOM1 (10043),-0.035134945446775444
MCM8 (84515),-0.03513360470816566
KIAA0825 (285600),-0.03513295331375906
ANKRD40 (91369),-0.03511448745103754
SLC2A2 (6514),-0.0351012740127951
BIN3 (55909),-0.0350949342598754
C1QTNF3 (114899),-0.0350938786959428
HNRNPA0 (10949),-0.03509303658559154
MRGBP (55257),-0.035077097905032995
NECTIN1 (5818),-0.03507702947789885
LMNB1 (4001),-0.03507381987673805
ASIC5 (51802),-0.03507187797479053
OR51Q1 (390061),-0.03506642096300778
PTGDS (5730),-0.035063974846855674
NME3 (4832),-0.03506014161011599
TEAD4 (7004),-0.03505678301226818
CCT2 (10576),-0.03505478047460146
GAS2L3 (283431),-0.03505357007409898
CEP85L (387119),-0.035048573244003484
NLRC4 (58484),-0.03504590139234238
OR1N2 (138882),-0.03504555652206876
CEBPA (1050),-0.03502713576077923
TTC27 (55622),-0.03501406594295607
ACRV1 (56),-0.034993898461587424
SMIM29 (221491),-0.034990040114603035
LIMD1 (8994),-0.034986445000331635
SRARP (149563),-0.034976238082896585
SPCS1 (28972),-0.03497485362862831
OR52E8 (390079),-0.03497205031310445
THEMIS2 (9473),-0.03497015343278715
PNPLA3 (80339),-0.03496535208426317
GPR176 (11245),-0.0349586281903575
CALCRL (10203),-0.034956321711670964
ERLEC1 (27248),-0.03494937071141378
KRTAP21-3 (100288323),-0.034947941370532164
ZFPL1 (7542),-0.034944319272583124
GABRB1 (2560),-0.03493938482214137
GSTM5 (2949),-0.03492272438814225
HEXIM2 (124790),-0.0349163375404235
CLCNKB (1188),-0.03490548690807014
LSM10 (84967),-0.0348925696371812
CXCR6 (10663),-0.03489076058456795
DTX3L (151636),-0.03488312976755401
MUTYH (4595),-0.03487862053854974
USP36 (57602),-0.03487213725497161
ZNF668 (79759),-0.034856038829787814
TOR2A (27433),-0.03484755557045772
PTPRK (5796),-0.034836611186468386
UBASH3A (53347),-0.034818433642123024
HDGFL1 (154150),-0.03481519003667561
CEP112 (201134),-0.034807838492999094
KLHDC9 (126823),-0.03479090494599593
RSPH14 (27156),-0.034790698163073154
SLC13A1 (6561),-0.034788888615420795
OR10A5 (144124),-0.034787984824900656
MAGI1 (9223),-0.034784724493930524
DCSTAMP (81501),-0.034777124837419474
SHISA9 (729993),-0.03476213742295496
ADAMTS20 (80070),-0.0347478277202812
SLC6A13 (6540),-0.034746340117695035
ZNF354C (30832),-0.0347358155358331
PURG (29942),-0.03472731243276133
CTRC (11330),-0.03472314478168176
PRKD1 (5587),-0.034722567688727786
BEX4 (56271),-0.03472061200746489
HM13 (81502),-0.03471935345104746
MARCHF8 (220972),-0.034713651303637606
WHRN (25861),-0.03470604593752394
PDE9A (5152),-0.03468973064101598
DDX47 (51202),-0.0346778835579017
PHLDB2 (90102),-0.03467713575823192
GPN1 (11321),-0.0346671885811008
PGAM4 (441531),-0.03466001323382085
TUBGCP3 (10426),-0.03465282308393686
FOCAD (54914),-0.034651889622563034
SETD3 (84193),-0.03465170817996654
SLC12A8 (84561),-0.034642716262782286
GJB6 (10804),-0.03464116792418034
GLUD2 (2747),-0.034636200794707445
KRTAP19-2 (337969),-0.03463311975405286
SRPRB (58477),-0.034619630412061564
MSGN1 (343930),-0.03461537805601599
IFIH1 (64135),-0.03460740753357662
THOC3 (84321),-0.03459750651281151
AHCY (191),-0.03458819445111918
VAT1 (10493),-0.03456327791385825
FOXJ1 (2302),-0.03454987238826695
NEMF (9147),-0.0345482332098495
TBL2 (26608),-0.03453873935488199
HCN3 (57657),-0.034537521107971675
TSPYL2 (64061),-0.03452570251297919
ZBTB20 (26137),-0.03449803574953131
ATL2 (64225),-0.03449547095150496
PPT2 (9374),-0.034483346458131565
FAU (2197),-0.034474627096001326
GALNTL6 (442117),-0.03445749066473775
WDR43 (23160),-0.03443760584488016
SERPINB3 (6317),-0.03443612655020568
C16orf54 (283897),-0.034426283888184715
PPAN (56342),-0.03441222210763475
CMTM7 (112616),-0.03440648245861956
UBQLN1 (29979),-0.03439354017241352
SNAPC2 (6618),-0.03438057534630577
CLIC2 (1193),-0.03437835828218856
TMEM240 (339453),-0.03437043767284808
LGALS2 (3957),-0.03436201996938343
POLR1E (64425),-0.03435844961346078
PLN (5350),-0.034356751755849534
FIZ1 (84922),-0.03435393685828317
DNASE1L1 (1774),-0.03434962314350264
PLEKHS1 (79949),-0.03432289458336798
KCNQ3 (3786),-0.03431050497687558
TTC17 (55761),-0.03430288179160076
TAF15 (8148),-0.03429626655528016
VGLL1 (51442),-0.03429257196022551
C21orf58 (54058),-0.0342898575113221
CRTAM (56253),-0.03428849602415854
DAZAP2 (9802),-0.03428613500990077
ADH1B (125),-0.03428520299494283
TRPV3 (162514),-0.034283107136926415
ABHD3 (171586),-0.03428167003342941
SCGB3A1 (92304),-0.03426127812197907
REN (5972),-0.03425560970921534
TRPC1 (7220),-0.034246558698793936
OR6C68 (403284),-0.03424370120788377
ACOT7 (11332),-0.0342418393853741
C1orf53 (388722),-0.03423416161143127
ACSBG2 (81616),-0.034231492258637024
TRO (7216),-0.034229166694918635
SNX8 (29886),-0.03422726142168307
AKAP13 (11214),-0.0342225563652633
CELA3B (23436),-0.0342187864493173
CMBL (134147),-0.03421750593947557
CCT8 (10694),-0.03421197409021578
INSIG1 (3638),-0.03420692460649645
ZNF443 (10224),-0.03420643858563014
IRAG2 (4033),-0.03419527054150486
HS6ST1 (9394),-0.03418910195925101
DOCK9 (23348),-0.03417930349369308
LMAN1L (79748),-0.03417387230161033
ACAP1 (9744),-0.034138619093837
PNLIP (5406),-0.03413306595718432
TENT4B (64282),-0.03412711089646124
ARLN (401152),-0.0341174836770513
ACADS (35),-0.03411416618625571
KRTAP5-5 (439915),-0.03409993054498192
SOX18 (54345),-0.0340871949561834
KCTD19 (146212),-0.0340760224927196
PTTG1IP (754),-0.03407118212589474
MLST8 (64223),-0.0340625202210578
KIF18B (146909),-0.0340623971146168
MYOF (26509),-0.03405521261092924
TRAF6 (7189),-0.034053715906966334
CIP2A (57650),-0.0340236693268542
RAB39B (116442),-0.034001043781891706
IPO5 (3843),-0.034000357348620724
GALNT12 (79695),-0.03400020342188714
PSG3 (5671),-0.033998695252339145
ALDOA (226),-0.0339952514074591
HOMEZ (57594),-0.033989094641498574
ZFP62 (643836),-0.03398725622724087
CPNE4 (131034),-0.03398661925920051
PRMT6 (55170),-0.03398305280812126
FABP2 (2169),-0.0339722885239644
HMGN2 (3151),-0.03396868909927032
DXO (1797),-0.03395806936245734
FBL (2091),-0.033950631852502654
EPB41 (2035),-0.03393981946660748
GATA4 (2626),-0.03393107963590678
KCND3 (3752),-0.033929763763991275
CXCL2 (2920),-0.033908240278093846
KNSTRN (90417),-0.033904854911844064
VSIG4 (11326),-0.0339025615698433
ARAP3 (64411),-0.0338953879707869
TMEM126A (84233),-0.033891832604164535
MRS2 (57380),-0.033887195988128664
EIF5 (1983),-0.03388570277978358
SBNO2 (22904),-0.033885372128422055
PRAMEF4 (400735),-0.03388172741809538
NUDT1 (4521),-0.03387896338523222
ZSCAN30 (100101467),-0.03384287997696505
PCDHB8 (56128),-0.03384114411387974
NOL3 (8996),-0.033839637029032206
IFNA16 (3449),-0.033829123138165114
LHCGR (3973),-0.033813133291535
ANGPT2 (285),-0.03380352708935224
MYCBPAP (84073),-0.033791355513635976
FAM209B (388799),-0.03377766512770888
CDCA8 (55143),-0.033776546943801916
CISH (1154),-0.03376212808553142
PIK3R5 (23533),-0.033761493742936875
TTC14 (151613),-0.03374194086709642
C20orf141 (128653),-0.03372911850556524
MMS19 (64210),-0.03372224636197441
SLC34A3 (142680),-0.033707921739479556
IFT81 (28981),-0.03369033033322554
FGF13 (2258),-0.03368828731385473
WASHC2A (387680),-0.0336768527182504
WRAP53 (55135),-0.03367422711878942
MEI4 (101928601),-0.03366875766806399
COQ2 (27235),-0.03365688614826125
COX6A1 (1337),-0.0336519335892245
NUB1 (51667),-0.03364790079641824
SNX18 (112574),-0.03362670678255733
FAT1 (2195),-0.03362655509895486
PELI3 (246330),-0.033612837514376735
GEN1 (348654),-0.0336111157885849
RNF223 (401934),-0.03360560279009941
RPL35 (11224),-0.033603070044516736
MCM6 (4175),-0.03360282954616727
LYST (1130),-0.03359925762413307
SHISA5 (51246),-0.03359815733226454
ADAM29 (11086),-0.03359601391418108
SHISA3 (152573),-0.03358186904246046
H1-5 (3009),-0.03357160352863233
FLOT1 (10211),-0.03357083941482879
DRD5 (1816),-0.033567446132139335
TMEM8B (51754),-0.03355395325340994
COX7A1 (1346),-0.03354473885689956
CTRL (1506),-0.03354455579269506
PCSK1N (27344),-0.03354019358921537
IQCD (115811),-0.033524063606734454
SLC17A2 (10246),-0.033493679443925076
MTARC2 (54996),-0.03347881578984664
NOLC1 (9221),-0.03346376236163423
RAB3GAP2 (25782),-0.03346367297738383
THEM5 (284486),-0.033443699923438264
MPHOSPH8 (54737),-0.03344228556217732
SLC9A6 (10479),-0.033429765385558585
NECAB3 (63941),-0.03341771363104207
SLC9A3 (6550),-0.03340808141919966
DIP2A (23181),-0.03339602154036215
ZNHIT6 (54680),-0.033392503514078395
LCN9 (392399),-0.03338287957528598
RSL24D1 (51187),-0.03336559763753101
ARMH4 (145407),-0.03336067564738101
ARL15 (54622),-0.03335225881813189
HDAC8 (55869),-0.03333238776488236
SRL (6345),-0.03332930210659641
OR2L13 (284521),-0.03331449923587322
RPS9 (6203),-0.03330594503869586
PFKP (5214),-0.03330352896138414
WNT11 (7481),-0.03329915608447761
SNCG (6623),-0.033282136929957615
RD3 (343035),-0.033256128001595144
USP38 (84640),-0.0332414599873758
RPL18A (6142),-0.033205092596878115
CPE (1363),-0.03319551481152972
KCNU1 (157855),-0.03319455199736211
NDUFA7 (4701),-0.03319420619614148
LSM12 (124801),-0.03319184816708982
TXNDC11 (51061),-0.03318993115690873
WDR3 (10885),-0.033189545905435956
ABCD1 (215),-0.03318932314981119
LTB (4050),-0.033156191825804274
DMXL2 (23312),-0.033149515175438474
EBLN2 (55096),-0.03314864471432538
PIK3AP1 (118788),-0.033140517243660655
PHETA1 (144717),-0.0331334098638825
TUBB2B (347733),-0.033124910023554326
XRN2 (22803),-0.03312438550655773
MFSD4B (91749),-0.03311491837304081
MTHFD2 (10797),-0.03311257804745834
GADD45A (1647),-0.03310163792759779
CDH22 (64405),-0.033098061429500905
MMD2 (221938),-0.03308155152966967
PAGR1 (79447),-0.033079214722989844
PDCD1 (5133),-0.03307101373953301
TGM7 (116179),-0.03305563616476019
ANHX (647589),-0.03304043366185236
EDAR (10913),-0.03303393771111689
MCCC2 (64087),-0.033027727686153724
SLC5A6 (8884),-0.03302636289758722
MEGF6 (1953),-0.03302375971748732
GEMIN8 (54960),-0.033015569101247505
TAF4 (6874),-0.03301024979007491
ZNF639 (51193),-0.033009942088381206
MBNL1 (4154),-0.03300848877684422
FCRL5 (83416),-0.03299006002491861
ARSH (347527),-0.032978471783835825
SVEP1 (79987),-0.03297814604749233
MNDA (4332),-0.03296962591392022
RCN2 (5955),-0.032962157589762155
HMGB3 (3149),-0.03295721108004108
ALDH1L1 (10840),-0.03295383435208318
NRXN2 (9379),-0.03294539207262769
PLEKHG1 (57480),-0.03293160138803271
ATAD2 (29028),-0.032928065337081064
OR51A2 (401667),-0.03292719281975581
OSBPL7 (114881),-0.03290845550511529
WASHC5 (9897),-0.03288991396113679
HOXA6 (3203),-0.032876499597051176
PTRHD1 (391356),-0.03287250730390272
INTS6 (26512),-0.03285934607454561
NPFFR2 (10886),-0.03285918749526877
ADRA1D (146),-0.03284088864742385
PIDD1 (55367),-0.03283978820935566
UGT1A8 (54576),-0.03283906831287019
COL4A3 (1285),-0.03283689420140536
CHST3 (9469),-0.03282217235146701
LMX1B (4010),-0.032795833319639325
SHQ1 (55164),-0.032792021822492835
PIP5KL1 (138429),-0.03278960164754133
GPR141 (353345),-0.03278479877378597
CACYBP (27101),-0.032781463937559596
ABLIM1 (3983),-0.032779070623171674
SCNM1 (79005),-0.0327758742299067
DNER (92737),-0.0327757846178035
PROM1 (8842),-0.03275448844443697
CUEDC1 (404093),-0.03275177658141624
MPPE1 (65258),-0.032738613948224464
NTN3 (4917),-0.03273858314044631
CYP1B1 (1545),-0.03272872051572806
IL1R1 (3554),-0.032723867681024976
MAFF (23764),-0.032720132057117816
SERPINH1 (871),-0.03271997440997364
ARHGAP27 (201176),-0.03271769996156453
CFAP91 (89876),-0.03271106001981618
FAM135B (51059),-0.03270727694496219
IER2 (9592),-0.03270393405980434
SELE (6401),-0.03269427799222398
URM1 (81605),-0.03268642498914185
CDC42EP4 (23580),-0.03265757922880705
CRYGA (1418),-0.03264750663828768
CDHR3 (222256),-0.03264189513354003
SLX4 (84464),-0.032641672835216795
CPT1C (126129),-0.03263598460147983
AMDHD2 (51005),-0.03263044564484867
SOX11 (6664),-0.032625360516003975
MARCHF6 (10299),-0.0326196483749823
CYB5R1 (51706),-0.03261779456278475
LMAN2L (81562),-0.032601812363982505
CER1 (9350),-0.03257149281228046
IGDCC3 (9543),-0.03256034337821487
ILF3 (3609),-0.032552576151602945
RAB4B (53916),-0.03254533949375665
RNF14 (9604),-0.03253287708125637
CFAP300 (85016),-0.032527669410084385
UGT1A4 (54657),-0.03252296582279921
ADGRD1 (283383),-0.032521427896204026
TACR3 (6870),-0.032518930476407595
RNFT1 (51136),-0.03251284274639307
PRKCQ (5588),-0.03250480606650019
SATB1 (6304),-0.03249956446030916
SLC35G1 (159371),-0.032483275605620754
PAFAH1B3 (5050),-0.03246936337465143
PARP1 (142),-0.03246867950454349
H2BW1 (158983),-0.03245007221414557
RPL28 (6158),-0.03243520142871986
ZNF396 (252884),-0.03243471036869349
C17orf67 (339210),-0.03241803339324108
NMNAT2 (23057),-0.03240069824244851
CD2 (914),-0.032394241434374256
CUTA (51596),-0.032389628153017526
KLF10 (7071),-0.03238536104253457
RIN1 (9610),-0.03237887706037564
ASGR2 (433),-0.032373612575391765
RGL3 (57139),-0.03237017949792381
SLC40A1 (30061),-0.03236281311907599
LYRM2 (57226),-0.032359521461240576
DZIP1L (199221),-0.03235881372327458
PDS5A (23244),-0.03235688091988635
CFAP44 (55779),-0.032326179985849635
GLT8D2 (83468),-0.03232568140570331
CFC1 (55997),-0.032313678601488115
TMEM169 (92691),-0.0323073601127182
ADGRL3 (23284),-0.03230366599603431
AKR1B10 (57016),-0.03229343257937851
STAU1 (6780),-0.03228928140941591
ESX1 (80712),-0.03227819016314961
LLCFC1 (135927),-0.03227441039490632
MSS51 (118490),-0.03225802789294381
CLSTN3 (9746),-0.03224587896367803
GLA (2717),-0.03224271022728496
PTK2B (2185),-0.03223554868518132
ZNF628 (89887),-0.0322269650488961
MED13 (9969),-0.03222316316992754
UCMA (221044),-0.03221970595686722
ADRB1 (153),-0.032211483986689785
HRK (8739),-0.0322097320490997
NAV3 (89795),-0.03220703821809843
CFAP206 (154313),-0.032206592443181595
EOGT (285203),-0.0322023341000104
CASP4 (837),-0.03219752702422292
COA6 (388753),-0.032189144511512016
LRIG2 (9860),-0.032185208474520714
ATP6V1C2 (245973),-0.03217767181130683
PPP1R12C (54776),-0.032176060473245824
MRPS30 (10884),-0.03216216752788847
CPZ (8532),-0.032157807878824794
FZD4 (8322),-0.03213457876935916
NEK11 (79858),-0.032130720381742965
EFCAB6 (64800),-0.03212282995987728
ETNPPL (64850),-0.032091104582279296
DGKI (9162),-0.032088226248295444
ENC1 (8507),-0.032076335753331735
LAMB3 (3914),-0.03207438248724507
TREML1 (340205),-0.032071108231808365
SLC30A9 (10463),-0.03206080446276926
TPO (7173),-0.03205520985466716
KDR (3791),-0.03204742158732453
U2AF1 (7307),-0.03204609838835741
FAM241B (219738),-0.03204531323880971
ZNF569 (148266),-0.03204009535976994
ME3 (10873),-0.032039604162126124
TRMT13 (54482),-0.03203549385991641
RGS19 (10287),-0.03203008331017226
MZB1 (51237),-0.03202558585256324
SBK2 (646643),-0.03202429949098051
APBB3 (10307),-0.03202125672958711
RAD21 (5885),-0.03200905731140167
SLC5A1 (6523),-0.031985742576053335
FAM98C (147965),-0.03197880817725951
PHF23 (79142),-0.03197358938427524
ITGA8 (8516),-0.03196027153742636
CYLC2 (1539),-0.03195781627958372
PIP5K1C (23396),-0.031952213229583935
LRBA (987),-0.03194519211172312
ATAD5 (79915),-0.03194372808279526
PRG3 (10394),-0.031922998464431494
RGS6 (9628),-0.03190427642680169
OR2AG2 (338755),-0.03190285697420535
FAM174A (345757),-0.031881516969135264
C1QTNF4 (114900),-0.03187886599090457
METTL1 (4234),-0.03186165621293513
KRBOX5 (124411),-0.031858296049637524
INPP4B (8821),-0.03185754173254622
POLR1D (51082),-0.031850366091631305
SLC1A3 (6507),-0.03184191236755924
GCSAM (257144),-0.03183333330073398
BUB1 (699),-0.03182343431323502
CNPPD1 (27013),-0.03181178517253553
RXFP3 (51289),-0.031791634348030735
C3orf18 (51161),-0.03178739699367006
KRT81 (3887),-0.03178173488847731
PLAG1 (5324),-0.031770657445297015
LAPTM4A (9741),-0.03176647195029236
ALDH2 (217),-0.031764449097515
DISC1 (27185),-0.03176098336341799
ARHGAP39 (80728),-0.03175688840549171
ENDOG (2021),-0.03175136597453188
H2AC4 (8335),-0.031730896266897846
GAPDHS (26330),-0.031723904568434484
ARF5 (381),-0.03172112991012367
CCDC171 (203238),-0.031718167528009586
PCBD2 (84105),-0.03171482752100366
TMEM45A (55076),-0.03169734923913862
RHCE (6006),-0.03167843480006773
SRP14 (6727),-0.03166342121505075
NOMO1 (23420),-0.03165609678374571
CACNA1E (777),-0.031656070265858975
LILRA2 (11027),-0.03165029743099649
ERLIN2 (11160),-0.03164977145535724
KCTD20 (222658),-0.031641637819893376
TAF1A (9015),-0.031629121464880006
GPR39 (2863),-0.03162468142063183
PLAT (5327),-0.03162346523644395
TOX3 (27324),-0.03162215713988781
ZIC5 (85416),-0.03161721464166269
PPP1R9A (55607),-0.031607922540413065
INPP5B (3633),-0.031606738539823834
GNMT (27232),-0.03159840263770245
ATG2B (55102),-0.03159834709039166
CACFD1 (11094),-0.03159383897437687
OR4C13 (283092),-0.031585497162631815
VEGFA (7422),-0.0315803715256647
MAP2K7 (5609),-0.03157891917062309
TMT1A (25840),-0.0315728636921973
TMEM109 (79073),-0.031566441541476156
EFNB3 (1949),-0.03156469302586943
DIO3 (1735),-0.031550115382330005
SELENOH (280636),-0.03154154849445342
KCTD15 (79047),-0.03153750031498605
RGS9BP (388531),-0.031530875401985695
PRMT1 (3276),-0.03152650131933485
ATP6V0A2 (23545),-0.031519005184140594
IL12A (3592),-0.03150930602656719
MISP (126353),-0.031504118701722504
MPP4 (58538),-0.03148168263355438
SPRYD4 (283377),-0.03146713765886378
UPK2 (7379),-0.03146187366379439
BGN (633),-0.03145826773242957
PLD5 (200150),-0.0314562697715662
CFHR3 (10878),-0.031440506235027824
SHISA6 (388336),-0.03142427081097734
ZNF8 (7554),-0.03141795161236767
HSD17B6 (8630),-0.03141720426999971
CDV3 (55573),-0.031407302360090116
CYP17A1 (1586),-0.031403287508589506
BORCS6 (54785),-0.03140096369715235
SPIRE2 (84501),-0.031384119318751624
ERO1B (56605),-0.031378779842099386
CARNS1 (57571),-0.031376419233981025
FNTB (2342),-0.03137391377585841
ZNF865 (100507290),-0.03136874276645728
GPX8 (493869),-0.03135650054404279
AKAP9 (10142),-0.031346136193794664
ANGPTL8 (55908),-0.03134459670135514
HACE1 (57531),-0.03134419683866869
PLEKHH3 (79990),-0.03134340837546489
TMEM115 (11070),-0.031341505970210126
TMEM63C (57156),-0.03133425872749923
CLDN12 (9069),-0.03132515019050481
ADARB2 (105),-0.031324627946533345
ODAD2 (55130),-0.03129970509897681
RTN4RL2 (349667),-0.03129400518323399
RPSA (3921),-0.03127668374644329
ACSM2A (123876),-0.03127508795717909
OR10AD1 (121275),-0.03127403496453853
FAM20A (54757),-0.03126799624264302
SYCP3 (50511),-0.031247266450322785
DMD (1756),-0.03124295600374395
PLCH2 (9651),-0.031237982182932833
C19orf33 (64073),-0.03123116407647394
SENP7 (57337),-0.031229988331584607
CCDC177 (56936),-0.031229077930063846
ELL3 (80237),-0.031225370340785263
RTP5 (285093),-0.03122282072621879
TUBGCP4 (27229),-0.031217114563392732
RASGRP1 (10125),-0.031216443118299433
FAM20C (56975),-0.031216016874554088
RAB17 (64284),-0.031201268005845738
GALNTL5 (168391),-0.031174739084164044
STXBP2 (6813),-0.031172302519289413
HS2ST1 (9653),-0.031165464736744888
HPGD (3248),-0.031155170282559284
SLC45A1 (50651),-0.031146666077677677
GADD45B (4616),-0.031135433840373136
ADIPOR2 (79602),-0.031127152419796033
ADAMTS1 (9510),-0.031116210924567997
GNA15 (2769),-0.03110666193333685
DLST (1743),-0.031101894857938597
HIPK4 (147746),-0.03108566823825154
BRINP2 (57795),-0.031079449946975264
MPC2 (25874),-0.031077911713334034
ATP6V1C1 (528),-0.031071166235611184
GIMAP8 (155038),-0.031060522352726754
GBA2 (57704),-0.03105508359056779
NLGN4Y (22829),-0.03102485285711119
C15orf40 (123207),-0.031018621722063926
SCN4B (6330),-0.031018199610762614
ABCB10 (23456),-0.03100966403524174
ZNF324 (25799),-0.031003043007790346
SDHAF3 (57001),-0.030975003099105593
SLC35D3 (340146),-0.030971535292558274
TMEM119 (338773),-0.030968519041574306
GOLGA1 (2800),-0.030965660748965264
C7orf33 (202865),-0.03095580971387278
ANAPC10 (10393),-0.03095558992516111
OR52B6 (340980),-0.03095288755560369
FAT2 (2196),-0.03094276487268531
DCUN1D4 (23142),-0.030940194107740022
PCDH17 (27253),-0.03093763175747239
PPEF1 (5475),-0.03093506197588892
DDX28 (55794),-0.030924725321439448
AWAT1 (158833),-0.030911611032276298
XKR9 (389668),-0.030911411063788245
RNF157 (114804),-0.030898281776510036
IL4R (3566),-0.030874179646529488
PGLYRP1 (8993),-0.03087274088733858
SYNE3 (161176),-0.030871227351321435
IGSF9 (57549),-0.030858669099043612
SLC22A25 (387601),-0.030855298006035196
STRA8 (346673),-0.030852346301567784
NELFB (25920),-0.03083972124470563
SMOC1 (64093),-0.03083719291556146
MBTD1 (54799),-0.030829394832295843
CHP2 (63928),-0.030828799664061667
TSPAN1 (10103),-0.03082231197554838
UGT2B17 (7367),-0.030821415979525486
ZSWIM2 (151112),-0.030820177237755722
CSGALNACT1 (55790),-0.030811095582555077
CLUH (23277),-0.030801942932720032
RFPL4B (442247),-0.03078056366528371
NIPAL2 (79815),-0.030776127919713136
BBOF1 (80127),-0.030775802276082953
MACROD2 (140733),-0.0307686983896168
NTRK3 (4916),-0.030746573302833192
CASP9 (842),-0.030739544988015302
TMEM37 (140738),-0.030727662605726944
FXYD1 (5348),-0.030719975996209348
RGS12 (6002),-0.030716261831422332
UTRN (7402),-0.030710464100026796
NIFK (84365),-0.030709402763879068
ARSA (410),-0.030686909603924496
PPFIBP1 (8496),-0.03068643233910255
MICAL3 (57553),-0.030682148506880922
CHRNG (1146),-0.030679111363541588
GPRC5A (9052),-0.03067497290025617
GOLGA8M (653720),-0.03067239229486222
MMS22L (253714),-0.030667211658198714
HELLS (3070),-0.030645393573896982
OR2F2 (135948),-0.030643236769123828
SIT1 (27240),-0.0306282570160595
KDM5A (5927),-0.03062577033549222
PHF5A (84844),-0.0306231479819105
COL23A1 (91522),-0.030597222761988983
TMEM196 (256130),-0.030597119902596025
LMO2 (4005),-0.030595097365812302
IFRD2 (7866),-0.030584613315839806
TUSC1 (286319),-0.030568437433353253
PGCKA1 (55286),-0.030568104728837926
DBNL (28988),-0.03056628389406345
VWA2 (340706),-0.030539812022638717
BCR (613),-0.030527879933771585
GBX1 (2636),-0.030519490369884633
STRADA (92335),-0.03050925860998276
NUS1 (116150),-0.030503016658541507
TRIM2 (23321),-0.030493874613451367
HNRNPH2 (3188),-0.030484134828901124
PLLP (51090),-0.030476450769973733
ITPR3 (3710),-0.030465845695156635
ZNF417 (147687),-0.030465436185952283
LAMB2 (3913),-0.030455977649412602
CHST11 (50515),-0.03045395093320352
DOCK8 (81704),-0.030449864263230788
CCL27 (10850),-0.030447220671123692
CETN1 (1068),-0.030437317080518615
EPHX4 (253152),-0.030426868459515765
OR5B21 (219968),-0.030419296900437976
DDX52 (11056),-0.030413476984418212
KCNMB1 (3779),-0.030410420841346524
PDE7A (5150),-0.030391960211573383
LYG2 (254773),-0.030389700569414157
OR1L3 (26735),-0.030379727794148135
LARS1 (51520),-0.030369062865242685
WASHC4 (23325),-0.030361826410311616
SLX4IP (128710),-0.030360732278152724
PLAA (9373),-0.030352869518855942
CYP2A6 (1548),-0.030350448716095713
AK5 (26289),-0.030346060080081703
MAGEA6 (4105),-0.030344142674874806
DAB2 (1601),-0.03034145112077355
COG1 (9382),-0.030331009928466497
MYH15 (22989),-0.03032564700573067
HAND2 (9464),-0.03032394135205606
ABCA9 (10350),-0.030323038356276998
LANCL1 (10314),-0.030317274260259507
RNF141 (50862),-0.030315390878818963
MIXL1 (83881),-0.030301470205377237
SLC11A1 (6556),-0.030291649766447718
IRF8 (3394),-0.030291589113400574
ABTB3 (121551),-0.030287043382898976
HPRT1 (3251),-0.030280249316630047
NR3C2 (4306),-0.03027387867816646
FSTL4 (23105),-0.03027313902150857
FAM107B (83641),-0.0302692911555469
KDELR1 (10945),-0.030268527965047302
CSF2 (1437),-0.030263042855362833
MANF (7873),-0.030253467409246095
GPR180 (160897),-0.03025285380171115
HOXD10 (3236),-0.030250740877486894
TNFAIP8 (25816),-0.030249406742527588
SAGE1 (55511),-0.030239654787102336
TRMT44 (152992),-0.03022928298898494
TENT5A (55603),-0.03021441447864019
PTPRU (10076),-0.030211198025459327
GLIPR2 (152007),-0.03020914201260772
PDE7B (27115),-0.030190270479131642
SAXO4 (220004),-0.030177185834978103
SP140L (93349),-0.030172577782034225
OR5AP2 (338675),-0.030171654563653064
PPIF (10105),-0.030166519778681334
USP32 (84669),-0.030148253404378763
PCGF6 (84108),-0.030145390042077783
GIT2 (9815),-0.030133450731312208
ORC4 (5000),-0.030131005797348606
WDR20 (91833),-0.03013037963412538
BCOR (54880),-0.030125963295447266
SLC30A10 (55532),-0.030121496798522135
ZSCAN10 (84891),-0.0301192557015513
GPAA1 (8733),-0.0301155293548946
B3GNT8 (374907),-0.030112049630965976
HIP1R (9026),-0.03010895256966112
CAST (831),-0.030102656844988283
FCHSD1 (89848),-0.03010023364293415
IMP3 (55272),-0.030099078116801847
KIF2A (3796),-0.030081532415842598
MLKL (197259),-0.03007242452865893
C9orf50 (375759),-0.030055887921375347
OSCP1 (127700),-0.03004061153227031
NRBP2 (340371),-0.03004042635581281
GORAB (92344),-0.030039751857592552
SLC30A3 (7781),-0.030032853803201167
ATP10A (57194),-0.03002440930840222
ISG20 (3669),-0.030017886001762487
NAAA (27163),-0.030010537577546105
GRM2 (2912),-0.030002000653287945
TMEM150A (129303),-0.030001847335907144
SS18L1 (26039),-0.030000194733793315
TSGA13 (114960),-0.029991647347643903
PATE1 (160065),-0.02997846715341198
PPP1R8 (5511),-0.029972077932549277
DNAJB13 (374407),-0.02997013895371958
RGL1 (23179),-0.02996420102015304
LDLR (3949),-0.0299555317909464
RDH16 (8608),-0.029954258914642165
GDPD1 (284161),-0.02994910479795193
FREM1 (158326),-0.029948551753917956
SAMD7 (344658),-0.02994804499619699
NUDT16L1 (84309),-0.029941912893521445
CACNA2D4 (93589),-0.02993703881876077
WDFY3 (23001),-0.029926463385189294
ZNF415 (55786),-0.029925872696958532
CHDH (55349),-0.029918761857382226
DOCK2 (1794),-0.029912618056352643
FAM120AOS (158293),-0.029902478549464526
ZNF688 (146542),-0.029897326603576108
XIAP (331),-0.02989580763386746
H2AC6 (8334),-0.029891410539161375
HSF5 (124535),-0.02988269444936068
SCT (6343),-0.029874367724282837
RARRES2 (5919),-0.029858507613778635
SARNP (84324),-0.029858278958082612
TRIM49D1 (399939),-0.029858271933799207
TEX264 (51368),-0.029855281126988098
EIF3D (8664),-0.029841248529148882
GDE1 (51573),-0.029841120322009976
MLYCD (23417),-0.02982757217386273
NR0B1 (190),-0.029825407330738796
LAD1 (3898),-0.02980033670084705
RTL8C (8933),-0.029789762642738304
SLIT3 (6586),-0.0297863286483905
KHDC1 (80759),-0.02978162852043831
CNIH2 (254263),-0.029778921533797187
ATP1A3 (478),-0.02977632852489313
LOXL4 (84171),-0.02972015423108297
NLRP10 (338322),-0.02971343494291142
PRRG2 (5639),-0.029709521976919465
ZNF784 (147808),-0.029706904533509697
SFTPD (6441),-0.02970105745522429
LRRC14 (9684),-0.029699640970285386
TSPAN14 (81619),-0.029697538711944485
SHISA7 (729956),-0.029691783954155476
LRRC75B (388886),-0.029681715398864553
SLCO3A1 (28232),-0.02967900616757127
CCL19 (6363),-0.029677405731386424
PPIA (5478),-0.029675355918691037
MYO9A (4649),-0.029672365410659554
TUFT1 (7286),-0.0296648779375885
SH3BP2 (6452),-0.029663567627910045
ZNF771 (51333),-0.029654542265164712
THADA (63892),-0.029649351169268905
THPO (7066),-0.029649176377586402
BFSP2 (8419),-0.02963786955504375
TANC2 (26115),-0.02961806403761976
SLC26A1 (10861),-0.029616171350930004
SYPL2 (284612),-0.029611946669909683
VIM (7431),-0.029606030246099254
MAN2A2 (4122),-0.029594790382188062
RBM15B (29890),-0.029592701013496626
EFR3B (22979),-0.029592601005420372
FKBP1B (2281),-0.029576842628709632
MYCL (4610),-0.029575987074812266
TTF1 (7270),-0.029575140654729628
SOWAHA (134548),-0.029573150861352277
CCDC157 (550631),-0.029566522880407203
B3GNT9 (84752),-0.029566042108046534
DNAL1 (83544),-0.02956356399804468
NONO (4841),-0.02955740386669497
BTD (686),-0.02955430867670546
TAMALIN (160622),-0.02954470213445915
DRD2 (1813),-0.02954228083729055
ANO1 (55107),-0.029538349150941907
CHRNB1 (1140),-0.029537824217124285
SCAF11 (9169),-0.029534031557434847
CDC25B (994),-0.029530323857240342
ECHS1 (1892),-0.029527519811754034
ALAD (210),-0.02951170786133422
PRRT4 (401399),-0.029511414043076976
FUCA2 (2519),-0.029492677459769683
KIF23 (9493),-0.02948868873064196
CYP3A7 (1551),-0.02948848538813904
SMG1 (23049),-0.02947653838073943
ETS1 (2113),-0.029473343374016688
ZCRB1 (85437),-0.02944637055327581
NUMBL (9253),-0.029443454589112045
ANO5 (203859),-0.029440446794444478
GTF2F2 (2963),-0.02943735403877962
TIMP4 (7079),-0.029417997101718586
EMID1 (129080),-0.029413485532175786
UBAP1L (390595),-0.02941267952162329
OPN1SW (611),-0.029400492391087794
OR4F6 (390648),-0.029383544581073007
MRPL58 (3396),-0.02938027445531961
HSPA6 (3310),-0.029372621423539462
EFHC1 (114327),-0.02936107555338464
NAP1L1 (4673),-0.029357834483719397
APLF (200558),-0.029337386290736837
GPR174 (84636),-0.029326725397666654
MCM3 (4172),-0.029326176442854547
SDC4 (6385),-0.029325624685811846
GC (2638),-0.029320631067284404
ZBTB18 (10472),-0.02931614191852971
RELT (84957),-0.02931074880868401
XKRX (402415),-0.029306862337429775
CDC42SE1 (56882),-0.029304093597490432
TMEM160 (54958),-0.029295525506936315
PNCK (139728),-0.029274195405758593
HIGD2A (192286),-0.029267226550974447
KIF22 (3835),-0.02926626755870748
CASQ1 (844),-0.02926007623875133
NOTCH4 (4855),-0.029246777504348124
RAP2B (5912),-0.029232735023725337
CLYBL (171425),-0.02922211996123186
TGFB3 (7043),-0.029222031600575668
HROB (78995),-0.029219425814834707
MTG1 (92170),-0.029216486024064
CIRSR (9541),-0.02921281328488451
NFASC (23114),-0.029206471340056935
RGSL1 (353299),-0.029199163902333625
MYDGF (56005),-0.029194709612758368
TMPRSS3 (64699),-0.029193947751670297
ELOA (6924),-0.02917373826461496
TMEM204 (79652),-0.029170726454026123
ZNF829 (374899),-0.02917025007655238
PSD4 (23550),-0.02916671775232818
DEGS1 (8560),-0.029163744095397983
ACSM1 (116285),-0.02916039490187179
IZUMO4 (113177),-0.029148669060687128
ARL3 (403),-0.02913559794896249
SPAG1 (6674),-0.02913438375759404
STK24 (8428),-0.029131875382212572
KIFC3 (3801),-0.02912827175146714
ZNF205 (7755),-0.029116939644448125
C1QC (714),-0.029108770064918365
SORL1 (6653),-0.029105271816597268
SLC12A1 (6557),-0.029095194015204558
FAXDC2 (10826),-0.029094941720088714
F2RL1 (2150),-0.029088212035934896
HPCAL1 (3241),-0.029084079462055715
C1orf216 (127703),-0.029074591816780685
SMIM12 (113444),-0.02907245136237199
ZNF479 (90827),-0.029071111344783365
CLCF1 (23529),-0.029070078203809194
TMEM235 (283999),-0.029064444509714425
BST1 (683),-0.02906277256660003
WDR75 (84128),-0.029056607094072547
SSNA1 (8636),-0.02904925749261072
FZD7 (8324),-0.029036388604311014
ZGLP1 (100125288),-0.029022479580123103
HECW2 (57520),-0.029017852125738982
SNAI3 (333929),-0.029012488786982277
DEFB125 (245938),-0.029012057364603203
S100A7 (6278),-0.028998505841387693
PDCD6 (10016),-0.028990445965272588
FMO3 (2328),-0.028990423981502377
PQBP1 (10084),-0.028978749984235785
PRAMEF18 (391003),-0.028961289698427057
RPL17 (6139),-0.02895741582392982
FOXN3 (1112),-0.028951906934075736
MIGA1 (374986),-0.028946107385922126
ASCL4 (121549),-0.02893814484064411
CFAP20 (29105),-0.028937435699203252
ATPSCKMT (134145),-0.02893248738524174
EPHA1 (2041),-0.028928486906017823
RWDD2A (112611),-0.02891963840769408
MBOAT2 (129642),-0.028904602300089795
HAO2 (51179),-0.028890327968936466
NEUROD1 (4760),-0.028889995639283694
MAN2B2 (23324),-0.028884074257664132
GALNT8 (26290),-0.02887132438562405
MTERF4 (130916),-0.028860835072252802
TMEM121B (27439),-0.02885475234278581
QRFPR (84109),-0.028848248662588595
H2BC17 (8348),-0.028845108377693166
PTGS2 (5743),-0.028840521613710035
NUDT16 (131870),-0.028838745340443454
WDR83OS (51398),-0.02883645213336304
PRR13 (54458),-0.028832024515416776
STAG2 (10735),-0.028824110898548885
CHMP2A (27243),-0.028788018326508073
SULT1E1 (6783),-0.02878206032918077
INAFM1 (255783),-0.028778527030461763
GUCY1B1 (2983),-0.02876072283534895
ANXA6 (309),-0.02875422575572861
MFSD10 (10227),-0.028750775910725467
STK26 (51765),-0.0287162438872035
PCF11 (51585),-0.02871329534386577
KRT85 (3891),-0.028710271746563935
MPV17 (4358),-0.028707497239512467
MUC5B (727897),-0.028701236127404453
SLC44A1 (23446),-0.028697601170519393
SLC25A14 (9016),-0.028680951157378138
ZNF749 (388567),-0.02868029720584782
ATN1 (1822),-0.02867626868929462
SNRNP70 (6625),-0.028668644049164877
TRPT1 (83707),-0.02866412821854674
GRHL3 (57822),-0.02865918206980954
SLC7A6 (9057),-0.028645338688769464
PITRM1 (10531),-0.028641536627541365
MOB1A (55233),-0.02863698959475638
DCHS2 (54798),-0.028633824997446277
ERICH6B (220081),-0.028633472672145454
TEK (7010),-0.02861509447512125
DEPDC1B (55789),-0.02860810564091496
CADPS2 (93664),-0.02859854136183716
LRRC56 (115399),-0.028597839937310705
SH3GLB2 (56904),-0.02859519983457658
ERF (2077),-0.028575786820731777
CLDN5 (7122),-0.028570363489570413
C1QL1 (10882),-0.028566449622101683
SFPQ (6421),-0.028565646881500796
GARIN1A (346653),-0.028553655192604627
MOCS1 (4337),-0.028550115637865515
ACSM6 (142827),-0.02854771190150006
CRB2 (286204),-0.02852483504195488
ACTL9 (284382),-0.028520973826273714
TRIM10 (10107),-0.028508928638405436
CARD16 (114769),-0.02850688223257748
RAB11FIP2 (22841),-0.028504178799693185
LPCAT1 (79888),-0.028492998643584306
H4C2 (8366),-0.028484050001672416
GALNT15 (117248),-0.028474037302831486
SPACA4 (171169),-0.028469796569764266
DLG2 (1740),-0.028464869575239176
IDI1 (3422),-0.028464423088625502
PDCD11 (22984),-0.0284521159065302
HMMR (3161),-0.02844961991131608
FHOD3 (80206),-0.028448906811182346
PRKN (5071),-0.028444324738811724
CFAP68 (64776),-0.02843966413332844
EPG5 (57724),-0.028430122647553326
KCNMB4 (27345),-0.028419056854653294
URGCP (55665),-0.0284177387450899
HBD (3045),-0.028413732112204593
XK (7504),-0.02839669936762713
UGT2B28 (54490),-0.028387169039824408
PAPLN (89932),-0.028381458922057252
EEF2 (1938),-0.028374565142427557
MYO5A (4644),-0.02835719830527217
REG3G (130120),-0.02835431771676704
HTATIP2 (10553),-0.028351475084644057
KBTBD13 (390594),-0.02833746165132544
PTP4A2 (8073),-0.028336525877060106
NDUFS3 (4722),-0.028326260239548304
MBD6 (114785),-0.028296221182321543
TMEM30B (161291),-0.028294351034497116
TDRD1 (56165),-0.028280240793165774
ANKH (56172),-0.02827559921603477
PARP10 (84875),-0.028269708481484062
CHLSN (84310),-0.02826649204762049
CIAO2B (51647),-0.02826566695732039
FN1 (2335),-0.0282650388426812
PGM2 (55276),-0.02825590484400092
DNAI7 (55259),-0.02824076609562596
TPGS1 (91978),-0.02822704118184337
DMAC2L (27109),-0.028223368712926338
ACADSB (36),-0.028218592036894745
IGSF5 (150084),-0.028214282031723954
SLC5A9 (200010),-0.02820718503461272
DCTN3 (11258),-0.028207149274455973
HOXB1 (3211),-0.028203399645900407
ASB7 (140460),-0.028195008028360242
MRPL17 (63875),-0.02819396684701833
PREP (5550),-0.028182059410262427
NAA50 (80218),-0.028178193009276743
SH3D21 (79729),-0.02817669082336865
NKIRAS2 (28511),-0.0281751913853182
SLC16A14 (151473),-0.028164518700201664
NUDT3 (11165),-0.028163490919402227
FUT3 (2525),-0.0281593537229736
PMF1 (11243),-0.028152797090486244
CHRAC1 (54108),-0.028134456461750557
ALCAM (214),-0.028130407460372948
MFF (56947),-0.028130239467470647
BMPER (168667),-0.028128460387506448
MPP1 (4354),-0.028122547940368947
SEC23IP (11196),-0.028110727876296523
FFAR4 (338557),-0.02810517663675601
VAT1L (57687),-0.02810488907923239
RETSAT (54884),-0.02810488139991831
FGD3 (89846),-0.028101130640853046
PPP1R3G (648791),-0.028087622405223674
KCNA5 (3741),-0.028083145284454644
NABP1 (64859),-0.028078449471112626
RIMS2 (9699),-0.028076124055927753
DAPK3 (1613),-0.028075540305934434
TAS2R38 (5726),-0.02806500893943348
APOH (350),-0.028063763154309897
GJB5 (2709),-0.028057597274639797
EXPH5 (23086),-0.028055887266024496
DHDDS (79947),-0.02805506208402807
DHRS3 (9249),-0.028045675586451102
DDX20 (11218),-0.02804533156787452
C5orf63 (401207),-0.028035110404470532
PLEKHG4B (153478),-0.028031934550323153
DSC1 (1823),-0.028023891045120413
GREM2 (64388),-0.02801923679743518
SRSF12 (135295),-0.028016093164589057
DNAJC22 (79962),-0.028009495641825064
NEUROG2 (63973),-0.02799949248536461
MSX2 (4488),-0.027998894470738167
ZNF552 (79818),-0.02799862343350414
GCK (2645),-0.027997382527308146
LRP5 (4041),-0.027979903759525557
COMMD5 (28991),-0.027978593833177513
CREBBP (1387),-0.027972940969601855
CCER1 (196477),-0.02796367141380673
DGKB (1607),-0.027961604627431837
LRRC40 (55631),-0.027954618219324816
C2CD6 (151254),-0.027940888630659463
PAX7 (5081),-0.027940761199494263
C1QTNF6 (114904),-0.02793795047916724
GALNT16 (57452),-0.027913934957555876
OTUB2 (78990),-0.027909558082361872
DPYSL4 (10570),-0.02790121303727834
CDKN2AIP (55602),-0.02789862149990333
ABCC1 (4363),-0.027897417578071924
MAPK6 (5597),-0.02787580362514365
MROH6 (642475),-0.027875287721954533
GPC4 (2239),-0.027874594731197928
TGS1 (96764),-0.027874459668472004
NBEAL1 (65065),-0.027866386990155617
RFC2 (5982),-0.02786171103051621
SDCBP (6386),-0.027860075024355734
RAI2 (10742),-0.027857515907002944
ZNF395 (55893),-0.027844141227765216
FAM98B (283742),-0.02783786052794637
RUSF1 (64755),-0.027828817433132
PML (5371),-0.027827392392010472
STAB2 (55576),-0.027817931736173963
FOXI1 (2299),-0.027813090171355234
PATZ1 (23598),-0.027805650608906485
IL11RA (3590),-0.027800073714750552
GSC (145258),-0.027796506888394475
EGFL6 (25975),-0.027781142088141614
RNF149 (284996),-0.027778221741899888
TRABD (80305),-0.02777131572351894
SBK1 (388228),-0.027735952177083974
CNOT8 (9337),-0.02773406909613055
UCP2 (7351),-0.027725743606072
GOSR2 (9570),-0.02772183114717074
CORIN (10699),-0.027720174918654684
SPEF2 (79925),-0.027718014241408028
NMUR1 (10316),-0.027713265799438978
RPS28 (6234),-0.02770115241516773
TRIM60 (166655),-0.027695922533347326
MAGEC2 (51438),-0.027693786429344096
PLAC1 (10761),-0.027684718231570322
DCT (1638),-0.027682354253304658
SCNN1D (6339),-0.027674906615188555
ARL8A (127829),-0.02766078061967664
BMF (90427),-0.027643799090534268
ANKRD26 (22852),-0.02764334583398884
GDF10 (2662),-0.027642581255480282
GOLGA8R (101059918),-0.027632672279999205
KCNJ6 (3763),-0.027626711216955015
FBXL17 (64839),-0.027624128788652433
NUDT2 (318),-0.027615738741137225
ELSPBP1 (64100),-0.027612261223105665
CNR2 (1269),-0.027610694406651124
TMEM260 (54916),-0.027609457132242648
FLNC (2318),-0.02760421499292612
GDF9 (2661),-0.027601599532623058
TMEM190 (147744),-0.02757976197799886
DENND3 (22898),-0.027572527988526444
NADK2 (133686),-0.02756544350763663
POM121L12 (285877),-0.027542755948209405
NUDT6 (11162),-0.027535236844793556
SMLR1 (100507203),-0.02753487239644523
NOD2 (64127),-0.027529136449415282
MRNIP (51149),-0.027527110076978265
PCDHGA4 (56111),-0.02752447338533341
CYB561A3 (220002),-0.027491673018851435
MGST1 (4257),-0.027483927697036305
MRC1 (4360),-0.027481644109490663
SLC7A10 (56301),-0.02747164946888278
RASAL1 (8437),-0.02746733387327015
PHLPP2 (23035),-0.027454261856832092
NRN1L (123904),-0.027449474292462896
KISS1 (3814),-0.027446906142421054
OR10A2 (341276),-0.027446214065247904
BDH2 (56898),-0.027444615523415983
ZNF544 (27300),-0.027443221960521447
ADAMTS13 (11093),-0.02743570877176819
FANCM (57697),-0.02743001411477048
NPEPL1 (79716),-0.0274125895207961
WDR47 (22911),-0.027402620701918214
IVL (3713),-0.02740093754030781
ZNF654 (55279),-0.02739887266944695
TOR1B (27348),-0.027392754569389208
HDDC2 (51020),-0.027390513654144834
DDHD2 (23259),-0.02738065442115133
HLA-C (3107),-0.02737546342790923
SPRTN (83932),-0.02737468994681234
SLC6A11 (6538),-0.027373338194976105
TADA3 (10474),-0.027369151858581114
KLHL42 (57542),-0.027365321380744552
SYTL5 (94122),-0.027341634437558358
CAMK2N1 (55450),-0.0273383203914541
NKX2-1 (7080),-0.027333389213531557
PAQR7 (164091),-0.027327311890507452
AASDHPPT (60496),-0.027309244747863424
H2AC15 (8330),-0.02729857676145597
CCNL1 (57018),-0.02729679795938646
SPG11 (80208),-0.027293132984252396
ENDOV (284131),-0.02728792273090513
NOSIP (51070),-0.027279281566536712
SORBS2 (8470),-0.02727255958386043
TRIP11 (9321),-0.027268754081156463
IL17RC (84818),-0.02726563884353322
FAM199X (139231),-0.02725946197007817
GNL3 (26354),-0.027256628107559012
GRIN2C (2905),-0.027252369210189756
CERKL (375298),-0.027245004929992586
BPNT2 (54928),-0.02723875532805189
TMCO6 (55374),-0.027237917084507804
RASGRF2 (5924),-0.027231550310653174
IKBKE (9641),-0.027226907971640516
GTPBP4 (23560),-0.02721636891924735
MFSD4A (148808),-0.027190761057099517
TRAPPC3L (100128327),-0.027187163253140308
RABEP2 (79874),-0.027186209750381888
UPK3B (105375355),-0.027176870800269138
TENT5B (115572),-0.02717563808548169
AMELY (266),-0.027173701209674272
H2AP (25763),-0.027173092254606904
SCHIP1 (29970),-0.027170781818593632
TMEM53 (79639),-0.02716603523065452
DTWD2 (285605),-0.02716319026707536
RHOBTB2 (23221),-0.027160942186459612
FBXL19 (54620),-0.02715017829641303
PSMA4 (5685),-0.027142480495111414
DCAF4L1 (285429),-0.027138607774293416
HSPB8 (26353),-0.027134957152071145
NABP2 (79035),-0.02712808408877647
KCNJ16 (3773),-0.027127297828938333
RSPH3 (83861),-0.02712263054904545
DERL3 (91319),-0.02711703478794359
PALM (5064),-0.027115114342018323
GOLGB1 (2804),-0.027103245419223782
SLC9A5 (6553),-0.027100157722920296
TRMT1L (81627),-0.027091752855763273
NOL8 (55035),-0.027086892446551904
RPE65 (6121),-0.02707916305868442
PIK3C3 (5289),-0.027078292934886564
TESPA1 (9840),-0.02706777565456571
TMEM216 (51259),-0.02706383975739041
TPK1 (27010),-0.027052739612507447
LCAT (3931),-0.027051605556842977
CD44 (960),-0.027046013112702962
CBLB (868),-0.027029959573224766
SLC37A1 (54020),-0.02702959349556944
NPR3 (4883),-0.0270265752955502
PGP (283871),-0.027017092549728602
TACO1 (51204),-0.02701303503497822
SEMA6B (10501),-0.026996010919650103
SCFD2 (152579),-0.026994019281067243
PFDN2 (5202),-0.02698409552596396
ADRA1B (147),-0.02697167250298534
CHRM4 (1132),-0.026966135811193555
TMEM106A (113277),-0.026959212864849435
WIPI1 (55062),-0.026952852712488148
RNF17 (56163),-0.026934092863533807
SLC22A7 (10864),-0.02693094030947153
COQ7 (10229),-0.02691262173176728
CHST13 (166012),-0.026909402505846045
CA6 (765),-0.026909203142738192
STATH (6779),-0.026906998833639912
OPRM1 (4988),-0.026904237477645174
IFNA10 (3446),-0.026881354044312838
SLC45A3 (85414),-0.026835796890054903
FABP1 (2168),-0.026833841249238384
METTL25B (51093),-0.02682895048192803
RPL37 (6167),-0.026817064139571405
EXOSC9 (5393),-0.026816329809176847
MBTPS2 (51360),-0.026812741711654355
INTS1 (26173),-0.026804865402192343
ZNF648 (127665),-0.02678573274134187
SEC13 (6396),-0.026771393002171403
CD68 (968),-0.02677060230813438
MRAS (22808),-0.02676387905271893
DPM3 (54344),-0.026762691324065578
SH3YL1 (26751),-0.026756677097866343
PRAC1 (84366),-0.02675341479435506
FEZF2 (55079),-0.02675338350277044
SYT13 (57586),-0.02674893795666663
TDG (6996),-0.026740829054624334
HPSE2 (60495),-0.026736084347476485
VWA1 (64856),-0.026731336203534087
ZNF140 (7699),-0.026720121550736737
C16orf86 (388284),-0.02671868148975486
MFN2 (9927),-0.026715310944105865
TSC22D2 (9819),-0.02670932484934164
DCC (1630),-0.026708773865258544
P2RY2 (5029),-0.026708699940575262
RAP1GAP (5909),-0.026701899182425923
ACOT13 (55856),-0.026701381450855703
C11orf71 (54494),-0.02669074332047875
IRF5 (3663),-0.02669017009740576
CMPK2 (129607),-0.02667838239216686
IHO1 (339834),-0.02667684936301251
SNRPF (6636),-0.02667652731011196
HSD11B1L (374875),-0.02666641825315397
PRSS27 (83886),-0.02665369112597309
IL3 (3562),-0.026653625934132796
TAOK2 (9344),-0.026649728101751417
SESN1 (27244),-0.02664924753888691
TRAF5 (7188),-0.026637648299586668
KRT36 (8689),-0.026631263639409014
SLC2A8 (29988),-0.02661862282468755
SPARCL1 (8404),-0.02661788450249109
GTF3C5 (9328),-0.026617026497863995
OR4D1 (26689),-0.026606783103629603
GDPD3 (79153),-0.02660636157161049
ATRNL1 (26033),-0.026602059299460724
ANO9 (338440),-0.026576720599173712
CCDC47 (57003),-0.026574623944894325
MOSPD1 (56180),-0.026564295887384057
TXNDC9 (10190),-0.02656429312284666
RRP1 (8568),-0.026552884460272142
KCNC1 (3746),-0.02654906456427424
ZSWIM6 (57688),-0.02653896743877694
EMC6 (83460),-0.026535794434246095
UBE3B (89910),-0.02653408909048385
SERPINA11 (256394),-0.026521139753375705
ZNF772 (400720),-0.026514484397570287
METTL21A (151194),-0.026504790925849547
MC4R (4160),-0.026498902262099798
FAM186B (84070),-0.026490635744725006
PLP1 (5354),-0.02647401522801756
MED31 (51003),-0.02646823739136363
TM4SF4 (7104),-0.02646523931757541
MEPCE (56257),-0.026458947524664034
PRTG (283659),-0.026444721731019333
SYNGR4 (23546),-0.026435283995073035
ALKBH7 (84266),-0.0264346423320512
GSTT2B (653689),-0.02643285649862283
MRGPRD (116512),-0.026431618274143264
TWIST2 (117581),-0.026428026565241427
FMNL1 (752),-0.026419028681224366
WSCD2 (9671),-0.026418349514874647
CHRDL2 (25884),-0.026413928661758936
EIF2S3 (1968),-0.0264014156425032
AJAP1 (55966),-0.026397920692451404
NOX5 (79400),-0.02638727720931291
IGFBPL1 (347252),-0.026385369110746598
EGF (1950),-0.02638365114853042
DENND5A (23258),-0.02638226726687933
HYOU1 (10525),-0.026381120727361845
GPR37 (2861),-0.02637612527233043
SPP1 (6696),-0.026370521466532296
CDHR4 (389118),-0.026363643486648356
SHB (6461),-0.026363014581277145
POLR1C (9533),-0.02635494276417229
CASTOR1 (652968),-0.026353015273873966
REEP1 (65055),-0.02635239384121493
OR4K2 (390431),-0.02634826031486159
C2orf69 (205327),-0.026342745680145368
ADGRL1 (22859),-0.026342092961441802
INTS9 (55756),-0.02633568611041612
TK2 (7084),-0.026327277376981963
CHGB (1114),-0.0263218885232823
TGFBR3L (100507588),-0.026319237551326907
SLC9B2 (133308),-0.026310515020193253
TKFC (26007),-0.02630960228190432
ARHGEF39 (84904),-0.02630911657008556
CAPRIN2 (65981),-0.026304095335585583
ATE1 (11101),-0.026292758629729216
BCAS1 (8537),-0.026288218583858717
HLTF (6596),-0.026285189007425942
ZSCAN22 (342945),-0.026282835303269424
RMDN3 (55177),-0.026282166395851337
SIPA1L1 (26037),-0.026276569086629224
ALPI (248),-0.02626857074826094
GPX3 (2878),-0.02626179850670648
SETD1B (23067),-0.02624996058499529
TYW1B (441250),-0.026242065495451116
PRPSAP1 (5635),-0.026234685341413676
SYCE3 (644186),-0.02622780455124185
NRIP1 (8204),-0.026224790378083132
CAND2 (23066),-0.02621785494944766
ACER3 (55331),-0.02621771682846872
SWT1 (54823),-0.026193436128890423
SCAF4 (57466),-0.026170823085619375
CELF5 (60680),-0.02616759259662165
OR8H1 (219469),-0.026156977716755354
REEP5 (7905),-0.026150504387413818
PATE3 (100169851),-0.026145304241922084
TALDO1 (6888),-0.026143126574028477
ATXN2 (6311),-0.026137284865611215
MYO5C (55930),-0.026136541597932415
CYP11B2 (1585),-0.026128656240727844
PGRMC2 (10424),-0.0261252701401036
OGDH (4967),-0.026122362856595343
N4BP2L2 (10443),-0.026121288081018317
UBE2E3 (10477),-0.026121138937314797
NCOA7 (135112),-0.026099132432401057
LY6E (4061),-0.02608754608827064
N4BP2 (55728),-0.026082437464538293
NADSYN1 (55191),-0.026073594382368868
ZNF488 (118738),-0.026063978263165557
LRRC43 (254050),-0.026054819255044843
OXGR1 (27199),-0.026037068620730453
PIP (5304),-0.026033877686065188
KIT (3815),-0.026027319623556824
LHX4 (89884),-0.02602481358542567
HAUS3 (79441),-0.02602260132606621
POP1 (10940),-0.026018640832077677
P2RY11 (5032),-0.026016727472209
CLEC4M (10332),-0.02600776282843178
SIRT7 (51547),-0.025994599482302157
ASH2L (9070),-0.025992609052696788
LCE2B (26239),-0.025980519587583448
MARCHF10 (162333),-0.025973845918118854
RBMXL1 (494115),-0.02596354566841731
PITPNM2 (57605),-0.025962069024047806
B4GALNT4 (338707),-0.025958113127542815
NUDT8 (254552),-0.025958031495608578
GPR32 (2854),-0.02595585017769
HECTD2 (143279),-0.025955022366018248
VPREB3 (29802),-0.02594140294479377
SP140 (11262),-0.025929577685214915
HPD (3242),-0.025928622626083236
LZTFL1 (54585),-0.025927186219547777
ADAM21 (8747),-0.025893882119155682
SYNJ2 (8871),-0.025872826214065975
ITIH6 (347365),-0.025865415612025162
FGF6 (2251),-0.025858956333347945
ZNF48 (197407),-0.02584601183039208
TMEM256 (254863),-0.025841013456182588
FKBP11 (51303),-0.025839014786875995
PANX1 (24145),-0.025827872885328403
ANKEF1 (63926),-0.025823901441080557
CCDC68 (80323),-0.025815645365868355
GTF2A1 (2957),-0.025815599787925768
HPCA (3208),-0.025810011966944733
PLA2G4E (123745),-0.025800595920787553
SLC12A6 (9990),-0.025793768424862917
LDHC (3948),-0.025792866774994188
CELA2B (51032),-0.02578694447201235
ZDHHC11 (79844),-0.025778152571368815
RBM48 (84060),-0.02576750805119985
PRMT5 (10419),-0.025764965466686482
WDPCP (51057),-0.025760276754432838
LSR (51599),-0.025756688264727493
SHOC2 (8036),-0.02575406381429951
SLC5A12 (159963),-0.025749225373860696
SEC14L6 (730005),-0.0257423359147144
CCER2 (643669),-0.025734003495152803
ADAP1 (11033),-0.025722320967622756
FZD9 (8326),-0.025721334198372612
ZFAT (57623),-0.025718696354261748
CHPT1 (56994),-0.025717913396920512
NPR1 (4881),-0.025713044526339275
PHF7 (51533),-0.02570922947631848
SELP (6403),-0.025704454248486212
SLC30A1 (7779),-0.025698112310842607
INA (9118),-0.025696980503375003
CNDP1 (84735),-0.025690299468199788
SCARA5 (286133),-0.025688210220651302
CREG1 (8804),-0.0256862631850876
ARMCX1 (51309),-0.025683354030600375
RSAD1 (55316),-0.02568312724012931
SEC14L5 (9717),-0.02567431343372151
VSNL1 (7447),-0.02567348578999011
FRY (10129),-0.025660519075460235
AGAP9 (642517),-0.02564500998090796
ACTL8 (81569),-0.02561674283433773
RWDD3 (25950),-0.025613231097887195
CLPTM1L (81037),-0.02559791076647611
EVA1A (84141),-0.02558721641041178
MINAR2 (100127206),-0.025577697265919404
DAPP1 (27071),-0.025571942193631816
STK11IP (114790),-0.025550428527403985
HCN2 (610),-0.025549205223901212
KRT86 (3892),-0.02554229882116504
GRAMD1B (57476),-0.02553829703777159
CD93 (22918),-0.025528817175777204
AP5Z1 (9907),-0.025520555026525976
CHRFAM7A (89832),-0.02551154619666058
RABEPK (10244),-0.025509096361790586
VIPR1 (7433),-0.025508705691366713
AGER (177),-0.025503213682657035
TBC1D25 (4943),-0.025501599031866787
YWHAZ (7534),-0.02549723353225225
STARD8 (9754),-0.02549704651966736
JMJD7 (100137047),-0.025482119413889046
PADI1 (29943),-0.025474371700423052
BEX1 (55859),-0.02547021563270234
NAT8L (339983),-0.025436987652159116
ITIH2 (3698),-0.025435963361563344
NT5C2 (22978),-0.025434648372963203
CDR2L (30850),-0.025434308676650925
AIRIM (54955),-0.025430816235407185
PRIMA1 (145270),-0.02541479377590361
ATP5MC1 (516),-0.025414483882981044
SCIMP (388325),-0.025413213091056677
C8orf58 (541565),-0.025411335937892035
MYT1L (23040),-0.02541118503457924
PGBD1 (84547),-0.02541061275052366
H4C3 (8364),-0.025410461515755767
PLAC9 (219348),-0.025402575170355657
TSPAN31 (6302),-0.025402509366742137
ZNF17 (7565),-0.025397445052303014
TNIK (23043),-0.02538660128785638
ICAM5 (7087),-0.025371407008286693
MAPRE3 (22924),-0.025363256371210976
SRSF1 (6426),-0.025359449606394666
ZFP36 (7538),-0.025348364497311877
SEH1L (81929),-0.02534658217989636
MTRF1L (54516),-0.02533886691452133
AIDA (64853),-0.025325975560158618
FGF2 (2247),-0.02532376081879526
PLS3 (5358),-0.025320356192754415
GUSB (2990),-0.025307573484327453
BUD23 (114049),-0.02530592298359883
ZZEF1 (23140),-0.025298564891103232
TAF8 (129685),-0.02528434921507792
ZNF763 (284390),-0.02528358929648056
CCDC17 (149483),-0.02527270996406057
FGF8 (2253),-0.025263027221162356
NUMB (8650),-0.025257387482748396
ZNF28 (7576),-0.025246821244039926
TPCN1 (53373),-0.025245252360728544
TMEM81 (388730),-0.025229701822778842
OTC (5009),-0.02521429787370584
NDC1 (55706),-0.0252094337834594
SLC2A10 (81031),-0.02520279572797514
CRBN (51185),-0.0251723640310754
PGPEP1 (54858),-0.02515633879250124
GNGT1 (2792),-0.025152708692382002
GLRX5 (51218),-0.025141060860213844
GTPBP2 (54676),-0.025132725644054155
RESF1 (55196),-0.025124086247574787
MST1R (4486),-0.025117555778794876
PTPN14 (5784),-0.025116648322172266
ODR4 (54953),-0.025109008588755675
KRTAP3-2 (83897),-0.025108004163632843
MARVELD3 (91862),-0.02509840652459097
USP54 (159195),-0.02509140781124784
GNA11 (2767),-0.02506437453834284
VSIR (64115),-0.025053545414929157
RHBDL1 (9028),-0.025053101492878566
BHLHE41 (79365),-0.025037620747365204
ISOC2 (79763),-0.02500815760971102
TMEM14A (28978),-0.02499115498478021
NFAT5 (10725),-0.024981255459358656
FAM229B (619208),-0.024980155009113707
OR5B12 (390191),-0.024935628183038034
SCML4 (256380),-0.024935402532647415
ADAMTS3 (9508),-0.02492819090646935
OR8D4 (338662),-0.02492598281955866
CBY2 (220082),-0.024925773096455304
CDC14B (8555),-0.024920319233401884
DPY19L1 (23333),-0.024916514299289753
LARP1 (23367),-0.02491386821847511
CAPN14 (440854),-0.024908034467811535
FSTL5 (56884),-0.02490522446755625
PFKFB3 (5209),-0.02489738942195834
POP7 (10248),-0.024880949140262093
MAPK8IP3 (23162),-0.02485834363665847
SP9 (100131390),-0.024855414403607452
GPR135 (64582),-0.024837509720016335
NSUN6 (221078),-0.02483686696198404
EFCAB3 (146779),-0.02482615047303369
SOWAHB (345079),-0.024813069908972477
SFR1 (119392),-0.024807401965282572
TNNI2 (7136),-0.02480545453946386
CLDN17 (26285),-0.02480486556855347
RTL10 (79680),-0.02480420758975938
PBX3 (5090),-0.024802253839061397
TFAP2B (7021),-0.024799360725279943
WBP1L (54838),-0.02479809779136947
EEF1E1 (9521),-0.024797851012589748
C2orf72 (257407),-0.024797712608116616
GUCD1 (83606),-0.02479144002427122
CCDC178 (374864),-0.024785110052080037
SPRYD7 (57213),-0.024782223261778244
MCF2L (23263),-0.024766049475532913
CA4 (762),-0.024762404642742847
DLG3 (1741),-0.024752906557083353
MORC2 (22880),-0.02474167992899664
APOBR (55911),-0.024741028963595254
ZBTB39 (9880),-0.02474079568558257
NTF4 (4909),-0.02473735331317138
HES6 (55502),-0.02470243864431786
TNNI1 (7135),-0.02470188467834038
PDE6B (5158),-0.024680871097204765
SEC11C (90701),-0.024675523464803208
TUBGCP2 (10844),-0.024670905332731672
ERI3 (79033),-0.024668244690534486
SUDS3 (64426),-0.02465801061152188
ZNF74 (7625),-0.024655769003050915
SPOCK3 (50859),-0.02464265657573491
SLC25A32 (81034),-0.02463795311427138
PDE1B (5153),-0.024631425117472138
MAGT1 (84061),-0.024630997678324607
ATAD3B (83858),-0.024629004686442916
CMTM2 (146225),-0.024623125522155367
FTHL17 (53940),-0.024617016116407993
NMB (4828),-0.02461250230126526
HOXB5 (3215),-0.024607003891941714
UTP18 (51096),-0.024605216562981796
CCR9 (10803),-0.024601825504769675
H1-8 (132243),-0.024600827175076258
HSD17B13 (345275),-0.02458217026472991
NDFIP1 (80762),-0.024572681420998
IFI35 (3430),-0.02456673281393598
PAXBP1 (94104),-0.024558865461729605
ITPKA (3706),-0.024555970697929013
OR7E24 (26648),-0.024553353348194223
SMARCA4 (6597),-0.02455214894914268
CLN5 (1203),-0.02455203001844822
TTC7B (145567),-0.02455068525369344
SOWAHD (347454),-0.0245498177513382
WNT4 (54361),-0.02452504840235091
GPNMB (10457),-0.024510261364050677
NKAPD1 (55216),-0.024507091292538415
ECI1 (1632),-0.024495624092493194
TRIP4 (9325),-0.024492784561132238
PEG10 (23089),-0.024485086888481892
SUCLG2 (8801),-0.02447543664515101
NELFCD (51497),-0.02447323696009408
TAF6 (6878),-0.02446843528366634
CYB561D1 (284613),-0.024461316855109883
OR51E2 (81285),-0.024460892192278115
DHRS12 (79758),-0.02444773087422345
STEAP1B (256227),-0.024446501367483442
TTLL11 (158135),-0.024444166151934017
FBXL22 (283807),-0.024442864564664175
CLN8 (2055),-0.024436867851861225
SAT1 (6303),-0.024431727985314015
SLC7A5 (8140),-0.024426935581403544
HIRA (7290),-0.02441935273987256
DAD1 (1603),-0.024411628249774706
RHOF (54509),-0.02441145662657406
MKRN1 (23608),-0.024400802719368783
ABTB1 (80325),-0.02440035872424749
H2AC8 (3012),-0.024395702435401963
ASB15 (142685),-0.02439446587831659
AADACL2 (344752),-0.024393710044679596
OR11H6 (122748),-0.02437846919751641
MAF1 (84232),-0.024370382089093177
URI1 (8725),-0.024363792550338704
ANKK1 (255239),-0.024362418666980332
WFDC10B (280664),-0.024361258851102657
PRAMEF14 (729528),-0.024357099308706446
GAB3 (139716),-0.02435639471933569
FES (2242),-0.024344227033278813
ABL2 (27),-0.024340506175650457
RNF43 (54894),-0.024337164755269064
TACR1 (6869),-0.02432846974086116
H2AC25 (92815),-0.024328283649397178
GARS1 (2617),-0.024321086924462474
PRSS48 (345062),-0.024316395628003733
CNOT11 (55571),-0.024314471682900032
SIM2 (6493),-0.024309129806357754
RRN3 (54700),-0.02430367496043572
ANAPC15 (25906),-0.024287735075666842
TMEM183A (92703),-0.024286065432118926
CCS (9973),-0.02428395809186768
FAM107A (11170),-0.024283463791206685
ARRB1 (408),-0.02428090653041575
ZNF10 (7556),-0.024276016318838193
NOA1 (84273),-0.02427362966767072
B4GALNT3 (283358),-0.02427350893647791
SNX21 (90203),-0.02427126424821422
ZNF124 (7678),-0.024268189170628222
METTL2B (55798),-0.024262304259757197
HMGCS2 (3158),-0.02426091868897634
RBM8A (9939),-0.02424835275019444
GIMAP2 (26157),-0.02424677524831648
RP2 (6102),-0.024243740996149586
RUVBL1 (8607),-0.02423856881588637
SPPL2C (162540),-0.024236876020776895
BAD (572),-0.02423364097274994
ZC3H7A (29066),-0.024227114589826484
TPSD1 (23430),-0.02422454510049544
STARD6 (147323),-0.024215167812685047
ACYP1 (97),-0.024204542156832928
BET1L (51272),-0.02419978057895796
ZFAND2B (130617),-0.024196226064727506
LHX3 (8022),-0.02418466564909597
SNRNP25 (79622),-0.024183039649672215
TSPAN6 (7105),-0.024174682595250574
TUT1 (64852),-0.024160690894035046
TMED3 (23423),-0.0241594707033788
OIP5 (11339),-0.02415824007441561
ASPRV1 (151516),-0.02415553532490492
EBI3 (10148),-0.02413548421368763
SMO (6608),-0.024127293683582685
TROAP (10024),-0.024116201601677847
BLCAP (10904),-0.02410401132385393
BTBD7 (55727),-0.02409889490639493
MAP3K21 (84451),-0.024097850665562064
RFX1 (5989),-0.024093799943996616
SUSD2 (56241),-0.024092743498158164
GAA (2548),-0.02408358669155233
ETFB (2109),-0.02407949668609417
LGI4 (163175),-0.02407725324700432
PRDX1 (5052),-0.02407668173354218
SNAPC3 (6619),-0.024074718793165997
ECI2 (10455),-0.024062889941525785
CCDC43 (124808),-0.02406176895888387
LRRC8A (56262),-0.024052052497107148
TCTN1 (79600),-0.02405184136476619
HOOK2 (29911),-0.024041473278647762
RUNX3 (864),-0.024038756115672733
GNAI3 (2773),-0.02403745924882903
CLDN3 (1365),-0.024031622332954285
TBCK (93627),-0.02402885045828115
TBC1D15 (64786),-0.02402559449939893
MAGEE2 (139599),-0.02401902628832192
SUMF1 (285362),-0.024018244947982915
AGPAT1 (10554),-0.0240137746948077
LRRK2 (120892),-0.02401064682361571
STRN (6801),-0.024007166596440564
HDAC1 (3065),-0.024005433215551493
C12orf71 (728858),-0.024001856973442356
KCTD21 (283219),-0.023999387322135562
CANX (821),-0.023989081060139545
VPS9D1 (9605),-0.02398361722273603
CACNG7 (59284),-0.023982468032669582
CDK18 (5129),-0.023968607357060835
RNF122 (79845),-0.023960184291818044
PRKG1 (5592),-0.0239570970134976
OPN4 (94233),-0.023955664349520712
KYAT1 (883),-0.0239542418387002
LZTR1 (8216),-0.02394517849850496
IFI27 (3429),-0.02394215745702763
ANKLE2 (23141),-0.02393143788727991
PIBF1 (10464),-0.023930910608598338
ABCC11 (85320),-0.023924263511816184
H1-4 (3008),-0.023916380219634426
CHAD (1101),-0.023896748606606934
TLCD3B (83723),-0.023894966909702612
ZW10 (9183),-0.02388644064511013
HNRNPR (10236),-0.023881044728154666
CHRNA4 (1137),-0.02388094834939957
CALML3 (810),-0.02387095353485457
PANK3 (79646),-0.023849824438727147
MMP14 (4323),-0.023843811568157708
EEPD1 (80820),-0.02384131843745778
NTF3 (4908),-0.023840080416261653
NDE1 (54820),-0.023836967497590563
TP53I11 (9537),-0.02383580069454969
KCNH1 (3756),-0.023828460255391936
NOTCH1 (4851),-0.02382003400083639
SLC52A3 (113278),-0.023817823881845557
TEAD2 (8463),-0.023816630425279716
MYBL1 (4603),-0.023809772570473578
CPA6 (57094),-0.02380906260800626
LY6G5C (80741),-0.023800087321115083
ALG10 (84920),-0.023796736840364503
NUCB1 (4924),-0.02378268219895222
BCKDK (10295),-0.02378006927848302
TP73 (7161),-0.02377750762498848
INTS3 (65123),-0.023776050611766013
DMTN (2039),-0.023771582770471335
BCL2L11 (10018),-0.02377075029940288
SCN1A (6323),-0.02376993833403953
BRSK1 (84446),-0.023756094509178816
RASEF (158158),-0.02374780794204487
GSS (2937),-0.02374689640354305
RPH3A (22895),-0.023745678355335316
PBX1 (5087),-0.023738510081250774
NRSN2 (80023),-0.02373596383656042
PLK2 (10769),-0.023735624505096718
HOXA10 (3206),-0.02372946824078747
RPS6KB1 (6198),-0.02372923160558176
RMC1 (29919),-0.023727154892896656
IL1F10 (84639),-0.023726796134039267
JRKL (8690),-0.02370921464370411
NNT (23530),-0.023693674249382925
ZNF671 (79891),-0.02369359335099084
ZNF513 (130557),-0.023684024199421293
TMEM40 (55287),-0.023669535484970826
VARS1 (7407),-0.0236596350762986
PRLHR (2834),-0.023658881496498523
AKAIN1 (642597),-0.02365811059231225
TRH (7200),-0.02365345326983813
KCNG4 (93107),-0.02365216750309356
RHOJ (57381),-0.023651874997412812
CPA1 (1357),-0.023648098358652496
SEC24C (9632),-0.02364469267251856
BMPR1B (658),-0.023639252714142408
CRISPLD1 (83690),-0.023629363886781538
POU1F1 (5449),-0.02362057369232235
NYX (60506),-0.023618678712039348
FAM43A (131583),-0.023612370430669473
HSD17B7 (51478),-0.023608686739598192
CDC26 (246184),-0.023581139174753473
EPAS1 (2034),-0.023570101764596396
AGXT2 (64902),-0.023569584196140834
PACSIN3 (29763),-0.023564478362625253
LMBR1L (55716),-0.02355894579284092
PTGER2 (5732),-0.023556145628568427
PLAC8 (51316),-0.02353235038799706
TRPM2 (7226),-0.02352763643563492
SDR9C7 (121214),-0.023520312740266676
ZFP57 (346171),-0.023513679751685675
ZNF14 (7561),-0.02351252826980869
ADGRG7 (84873),-0.023509971462142197
BRF1 (2972),-0.02350803471599341
CREB3L3 (84699),-0.02350294330310863
RALGAPB (57148),-0.02347986611692535
ARL6IP1 (23204),-0.023477473174809735
DDX18 (8886),-0.02346868402939654
TREML2 (79865),-0.02346231638143241
TLR6 (10333),-0.02346217551393923
FMN1 (342184),-0.02346091480217305
NUF2 (83540),-0.023460599851833318
GPM6A (2823),-0.0234517831048757
GOLGA3 (2802),-0.023448089595364117
MTSS1 (9788),-0.023436635488331834
RNF114 (55905),-0.023433336547938926
TBX10 (347853),-0.023427136513925004
DPAGT1 (1798),-0.023424644769131118
CHTF8 (54921),-0.023420584898656317
KMT2C (58508),-0.023416178006138585
INTS8 (55656),-0.023405379688592822
SUMO1 (7341),-0.023404669835797285
NFATC2 (4773),-0.023377936131390536
TNXB (7148),-0.023375781169000222
HCK (3055),-0.023354870929076097
ZSCAN1 (284312),-0.023353861797431725
APLP2 (334),-0.02334247090604082
MED15 (51586),-0.02332933067275444
CDIN1 (84529),-0.023322807524274312
FBXL7 (23194),-0.023318823526159018
SERPINB13 (5275),-0.0233051065418192
SCX (642658),-0.023299550442174768
LSM14B (149986),-0.023295774600247513
KDM2B (84678),-0.023295511435273177
TMEM273 (170371),-0.023295370754330982
LRRC10 (376132),-0.023283905979856204
SCRN2 (90507),-0.02326217514876813
PRX (57716),-0.02325275316597267
RHD (6007),-0.02324968243891903
YWHAE (7531),-0.02324863094796184
FBXO9 (26268),-0.023246112999803975
BBS1 (582),-0.02324190610259923
PLCL1 (5334),-0.023239847046534732
DDX27 (55661),-0.0232316095550907
SLC39A14 (23516),-0.023216512404961462
COA4 (51287),-0.02321324564861638
C1QTNF12 (388581),-0.023205945446656093
CPNE2 (221184),-0.02319106122817339
NAT9 (26151),-0.02318681228569731
SEC31A (22872),-0.023170402374961725
AFG3L2 (10939),-0.023154409282881726
SLC38A8 (146167),-0.02314735721923516
ARHGEF10 (9639),-0.023128741764319647
OSR2 (116039),-0.023124155120533424
TMEM234 (56063),-0.023108439197275774
FAAP24 (91442),-0.023104355774219338
ELK3 (2004),-0.023103334050048403
GOLGA6D (653643),-0.023096442874958455
MPHOSPH6 (10200),-0.023091753858617562
DPF1 (8193),-0.023086145813368437
PIN4 (5303),-0.023083813887831976
MYEOV (26579),-0.023077874585292372
ELOVL3 (83401),-0.023077077360077185
MAP7D1 (55700),-0.02307579036620337
RGS3 (5998),-0.02307538309778514
ACSS1 (84532),-0.023073076584002025
GPR12 (2835),-0.023056935415428432
RHOU (58480),-0.023056311785002146
TTC28 (23331),-0.023056309040900065
HILPDA (29923),-0.023056073109148797
TGFBR3 (7049),-0.023046374047820263
TTC21B (79809),-0.023046343148515322
TAFA4 (151647),-0.023041856231865967
ASF1B (55723),-0.023036432215824527
CKB (1152),-0.023030282431425866
TRMT6 (51605),-0.023029468843084537
NUFIP1 (26747),-0.023025960995902053
CRHR2 (1395),-0.02302515932658209
EGFLAM (133584),-0.023023423672129617
MAP6 (4135),-0.023020482461706772
NCOA6 (23054),-0.02300717742610316
HRAS (3265),-0.02300171914937784
CDH13 (1012),-0.022981198467987657
SPTBN4 (57731),-0.02297818481156436
MRPS22 (56945),-0.022960967047258325
TMEM125 (128218),-0.02295935376249958
PGAP4 (84302),-0.022957288463130294
CAPN12 (147968),-0.022957249114900814
LCNL1 (401562),-0.022950033892145883
C19orf53 (28974),-0.022948319381291677
CCDC182 (101927581),-0.022926474426260654
EXOSC5 (56915),-0.022926237733076518
PCNX1 (22990),-0.022925444034409784
CDC16 (8881),-0.022919879405003504
KLHL9 (55958),-0.022915248311436112
CDK17 (5128),-0.02291066176059573
BCL7C (9274),-0.022904411567421706
SAFB (6294),-0.022902100446594627
MCCD1 (401250),-0.022900074518304874
KRTAP21-2 (337978),-0.022900008027989492
PRPH2 (5961),-0.02289792406066865
ALG13 (79868),-0.022890198339674494
ADRB3 (155),-0.022873506238480203
ITGA4 (3676),-0.022873376294492088
LPAR6 (10161),-0.022871727134608485
PAX3 (5077),-0.022871682720604303
CST4 (1472),-0.022868356763844654
SLC25A48 (153328),-0.022866417496989755
CYB5R2 (51700),-0.02286295110511521
CCT6A (908),-0.02286178463943999
LSM8 (51691),-0.022860868090562397
CA5B (11238),-0.022848104905754844
NOD1 (10392),-0.022836996199972013
AXL (558),-0.022835516761270214
PDCD10 (11235),-0.022810650161072643
FARP2 (9855),-0.022804224812145106
JAM2 (58494),-0.02279643347391658
PTPRA (5786),-0.022789507277205016
OAZ1 (4946),-0.02278709520659598
USH1G (124590),-0.02278553021949453
INTS11 (54973),-0.022784949875496778
ASPSCR1 (79058),-0.022758123416644554
GPS2 (2874),-0.02275754473880644
EDN1 (1906),-0.02274975300760968
TMUB2 (79089),-0.022736162685813775
ZNF281 (23528),-0.022725398249094655
CLEC1A (51267),-0.022716931807313004
OXCT1 (5019),-0.02271430135273517
SIX6 (4990),-0.022713532809047057
MPO (4353),-0.02270460228843044
SGSM2 (9905),-0.02270096821869681
WSCD1 (23302),-0.02269728826212244
TNFSF15 (9966),-0.022689023430877683
GP1BB (2812),-0.022686048998632167
GGT5 (2687),-0.022674678474902628
TMEM232 (642987),-0.022670192705684832
SWI5 (375757),-0.022658581020044997
FEZF1 (389549),-0.022654268634291236
SUSD1 (64420),-0.022631234265529963
SYT3 (84258),-0.022626927309294532
TMEM161B (153396),-0.02261359261672727
TAF7 (6879),-0.02259963044284441
ZNF214 (7761),-0.022596789016113224
NKD2 (85409),-0.022595555975020335
RSPH4A (345895),-0.022591339427878224
SPINDOC (144097),-0.02258812239987732
OR52W1 (120787),-0.02258613048380413
RTL8B (441518),-0.022581827043682084
MT3 (4504),-0.022572051476489642
TRAK2 (66008),-0.022569004450987692
EIF3B (8662),-0.02255082493576027
ARSL (415),-0.022550468117243178
APLNR (187),-0.022549215740740695
PLAAT2 (54979),-0.02253927183496071
ALDH8A1 (64577),-0.02252880012225379
OR6N1 (128372),-0.022523518840949247
CELF6 (60677),-0.02252093975795906
PPM1E (22843),-0.022519372219751383
DOC2A (8448),-0.022504427757417317
PDP1 (54704),-0.022487820036573337
DLK1 (8788),-0.022482279600903182
CEND1 (51286),-0.022476696045161067
KCNJ2 (3759),-0.022469904863728914
BCAS4 (55653),-0.022469355128855086
FDFT1 (2222),-0.02244748772076677
MBD3L1 (85509),-0.022442228059449343
TPBG (7162),-0.022438489560704176
HOXA9 (3205),-0.022438166704623244
OR9Q2 (219957),-0.022430625050483707
FGF17 (8822),-0.022408518441537042
BAG2 (9532),-0.0223991865777859
CCDC150 (284992),-0.022391849666982735
IDO1 (3620),-0.02238333762430801
CTSF (8722),-0.022378596997303272
CAB39 (51719),-0.022373288503388034
CSNK1A1L (122011),-0.022368510558003398
AGGF1 (55109),-0.0223585279381758
VSTM2A (222008),-0.02235476011157065
NUDT19 (390916),-0.022348920425780006
TMPRSS13 (84000),-0.022340291249633302
C6orf118 (168090),-0.02233807197324478
TMEM132E (124842),-0.022329675981120126
SDC1 (6382),-0.022328215639865312
LIM2 (3982),-0.022322035827659768
NAPB (63908),-0.022314183149521365
OR4K14 (122740),-0.02229811251924907
ATL3 (25923),-0.022297195332504485
PCDHB13 (56123),-0.02229222099428672
RABL2B (11158),-0.02228725176459172
ETAA1 (54465),-0.02228579175991256
WDR87 (83889),-0.022279666257835392
MDN1 (23195),-0.02227324006631679
TRPM8 (79054),-0.022273215677167568
DBX2 (440097),-0.02226973159748043
EXOC6B (23233),-0.022269040798805977
FAM184A (79632),-0.022263324315395086
RBM17 (84991),-0.02224542523063291
LAMC1 (3915),-0.022244442939511524
MPV17L2 (84769),-0.022243007811940833
GBA1 (2629),-0.02223939856201644
PRSS35 (167681),-0.02223748051549448
LAMTOR5 (10542),-0.022237263752518718
RP9 (6100),-0.022236791552443874
NRDC (4898),-0.022220595223469093
UBE2L6 (9246),-0.02221771090838644
CLASRP (11129),-0.022217473923872428
ELMO1 (9844),-0.022204491336752848
CCDC117 (150275),-0.02219847705816996
RPS6KA4 (8986),-0.022197688412017406
CRYAA (1409),-0.022197607277225372
CLSTN2 (64084),-0.02219370844222208
AHCYL1 (10768),-0.022191859378329005
SLC27A5 (10998),-0.022190865787335905
PPIL6 (285755),-0.022190058073603285
GPR83 (10888),-0.022168452918379798
TOPAZ1 (375337),-0.022166868842772094
PYROXD2 (84795),-0.022162779832438157
BASP1 (10409),-0.022149861054249903
CALHM5 (254228),-0.022141829901856553
C17orf58 (284018),-0.02212908505940339
POLR3K (51728),-0.022123192260233217
CIMAP1A (113746),-0.022110522626859343
SIMC1 (375484),-0.022108032451034477
CSNK2A3 (283106),-0.02210757614539442
COL4A2 (1284),-0.022101258609454454
CHAT (1103),-0.022085751665366575
NAGS (162417),-0.022081268693351665
PLAGL2 (5326),-0.022076720121792806
TEDC1 (283643),-0.022072152545396916
NPY5R (4889),-0.022067270428206904
TRAPPC1 (58485),-0.022066398780421524
OIT3 (170392),-0.022057294269202197
TPST2 (8459),-0.022056548293151367
CCT7 (10574),-0.022048403444137207
PPIC (5480),-0.022047108527172635
DENND5B (160518),-0.022042955860973115
MAPK9 (5601),-0.022034506044461534
MEOX1 (4222),-0.02201950360401549
ZNF561 (93134),-0.022007329441214116
SERINC2 (347735),-0.021998595826612618
CAPN7 (23473),-0.021998354940833284
RIPK4 (54101),-0.021996931232031728
KLHL3 (26249),-0.021981745529254287
NTN4 (59277),-0.02197635489951764
TNFAIP2 (7127),-0.02197140067879308
CRIPTO (6997),-0.021962573300302587
SLC16A1 (6566),-0.02195817201747487
ANXA11 (311),-0.02195030724813579
CXCR2 (3579),-0.021942873643592334
HMGN4 (10473),-0.021934338504058615
PIP4K2C (79837),-0.02193307087791504
WDR18 (57418),-0.02193249407249052
DEAF1 (10522),-0.02192973118912301
SIGLEC10 (89790),-0.021927344167278644
TAF1 (6872),-0.021921881485120084
GLCCI1 (113263),-0.02192117049289096
EZH1 (2145),-0.021916508387220934
USP9X (8239),-0.021911056314924363
ENKD1 (84080),-0.021906633498291708
TTN (7273),-0.021897002917416152
PSG11 (5680),-0.021891647077599972
KCND1 (3750),-0.021891414848804202
DES (1674),-0.02188025371924931
MAP10 (54627),-0.021873476498011815
CHST14 (113189),-0.0218638751881994
SPIRE1 (56907),-0.021859274498474322
OXLD1 (339229),-0.021846023872415393
PCNA (5111),-0.02184342031618504
TMEM150B (284417),-0.021841951960790404
NIF3L1 (60491),-0.021839523446034223
GBX2 (2637),-0.021824035931885664
ERP27 (121506),-0.021818471092181123
PPIAL4G (644591),-0.021817680835289514
IQSEC1 (9922),-0.021798473849252067
MAPK1IP1L (93487),-0.021797041994782957
TNFRSF6B (8771),-0.021787898591498045
EPHA10 (284656),-0.02178658402993466
WNK3 (65267),-0.02177390373735119
UTS2R (2837),-0.021764113175788757
CNTN5 (53942),-0.021754887415752492
OR13D1 (286365),-0.02174561874310253
OR7G2 (390882),-0.02174430487032266
NIM1K (167359),-0.021743932029872876
LARGE2 (120071),-0.021743116552057157
SLC6A12 (6539),-0.021735242957108523
CLXN (79645),-0.021732615948190454
GPATCH2 (55105),-0.02173202671165192
HSD3B2 (3284),-0.02171546465796898
SOX17 (64321),-0.021708308614667805
LRRC74A (145497),-0.021697222014997856
NBL1 (4681),-0.0216932439585361
PRAMEF20 (645425),-0.021682156968558238
MKRN2OS (100129480),-0.021675029498383135
PDZD11 (51248),-0.02166492825619818
SIAH1 (6477),-0.02165065415243861
CATSPER2 (117155),-0.02164808815681162
PLSCR3 (57048),-0.02164006814928183
SERPINA6 (866),-0.021610037219284887
EPHB6 (2051),-0.02159559640473397
LYPD6B (130576),-0.021583315958186227
FLG (2312),-0.02158197454199477
OR2T35 (403244),-0.021579651750083296
COMMD9 (29099),-0.021569382464849973
AGBL3 (340351),-0.021561396364888866
ECH1 (1891),-0.02155625750958889
NAT2 (10),-0.021540800528711292
NEK8 (284086),-0.02153892026903158
LSMEM2 (132228),-0.021535464390308203
KLRG2 (346689),-0.021531695362821554
PIGY (84992),-0.021519372042666518
FAM136A (84908),-0.021518225095929957
EOLA1 (91966),-0.021509458560022586
ISOC1 (51015),-0.021503533893049938
CEP131 (22994),-0.02150325863451397
RUNDC3A (10900),-0.02149858902666023
USP13 (8975),-0.021498486796444307
SLC25A38 (54977),-0.0214941846023605
NDST1 (3340),-0.02148135606799745
SBSN (374897),-0.021476251182981698
C1orf174 (339448),-0.021470879964029733
CLU (1191),-0.02147045710744573
ASB8 (140461),-0.02147017455239101
SHTN1 (57698),-0.021469462798020943
ATP8B1 (5205),-0.021466907111815987
SMCO4 (56935),-0.02146436185213556
SALL1 (6299),-0.02146064250969449
FBXO28 (23219),-0.02145915487134391
SLC43A1 (8501),-0.021450216178811383
SETX (23064),-0.021448094086001585
TCF7 (6932),-0.021437151795229516
OR4A5 (81318),-0.02142306106613186
SPINK13 (153218),-0.021386548512044506
ZFYVE1 (53349),-0.021383764955385832
WDR31 (114987),-0.021363990628487848
LRRC73 (221424),-0.02135182384129713
OR56A3 (390083),-0.021349677939065607
SRPK3 (26576),-0.02132837899834464
R3HDM4 (91300),-0.021319070394006472
BDKRB1 (623),-0.02131081386012764
ABCC5 (10057),-0.021310293869753846
H3C6 (8353),-0.02130586157928064
CKMT2 (1160),-0.02129536500256413
ATG14 (22863),-0.021293046453354586
HPX (3263),-0.021290452098001705
NANOGNB (360030),-0.02127033392348313
ZFR2 (23217),-0.021265169760039226
MMP24 (10893),-0.02126149261560208
PRR15L (79170),-0.021260298247717465
PARP9 (83666),-0.021249141611380234
KRTAP4-6 (81871),-0.02124593184091723
FAM8A1 (51439),-0.021242918341330876
NTN1 (9423),-0.021242280792652512
GRK5 (2869),-0.02123859256827951
LILRB4 (11006),-0.021231916115307146
SLC4A4 (8671),-0.021223505231791503
THAP9 (79725),-0.021217118596353543
RPS12 (6206),-0.021195063696505742
MEIS1 (4211),-0.02119254398345021
RPS6KA2 (6196),-0.02118930450111747
HORMAD1 (84072),-0.02118431096529012
FSHB (2488),-0.021183349702948086
GTPBP10 (85865),-0.021182363161958245
ABCC4 (10257),-0.021165722595491075
PSTPIP1 (9051),-0.02116353012267188
ZNF41 (7592),-0.02115021579396379
LRP1B (53353),-0.021137542328176304
CCND3 (896),-0.021137078911403102
EDN2 (1907),-0.021136653168071114
ENAH (55740),-0.021135661139531033
HDGF (3068),-0.021135473943567698
ATP5F1E (514),-0.021130343746097496
SLC25A10 (1468),-0.02112976159763196
CRACDL (343990),-0.021128605508225595
LRRC45 (201255),-0.02112339256303903
GH1 (2688),-0.021121663151771226
C2orf66 (401027),-0.021112739380129225
SETMAR (6419),-0.02109936875585173
SHISAL2A (348378),-0.021098609505182983
POTEC (388468),-0.021098442936961895
DDX19B (11269),-0.02109797768520097
ODF4 (146852),-0.02108673129506326
B3GNT6 (192134),-0.02108573363770339
PPP1R3C (5507),-0.021071469175134763
LIF (3976),-0.02106317580657434
XPNPEP2 (7512),-0.02105365355292605
RER1 (11079),-0.021052113357635148
ANKRD53 (79998),-0.021051083821055534
SRSF5 (6430),-0.021048721754260393
ZNF625 (90589),-0.021034641028767818
ALOXE3 (59344),-0.021029293521305056
PI3 (5266),-0.02102716521186294
TRIM61 (391712),-0.021026782579337457
FJX1 (24147),-0.021013608372605783
CA8 (767),-0.02100821494748727
OR2T8 (343172),-0.021006452021668107
ZNF317 (57693),-0.021005411653366453
REPIN1 (29803),-0.021002653797305756
CPEB4 (80315),-0.020997341669618298
CFAP65 (255101),-0.020992118981811272
SPTA1 (6708),-0.020990880882524456
DSCC1 (79075),-0.02098645519708681
RAB14 (51552),-0.020976159017268108
FNBP4 (23360),-0.020970143465465125
PPFIA2 (8499),-0.02096417760258681
RTN4RL1 (146760),-0.0209463457464343
STC2 (8614),-0.020942391165782656
CBLN4 (140689),-0.020938949116125004
GLYR1 (84656),-0.02093757226213291
OTUD6A (139562),-0.02093728048388657
EIF4EBP1 (1978),-0.02093179296591026
KCNMA1 (3778),-0.02092575098539723
SRRM5 (100170229),-0.020908722704632746
COQ5 (84274),-0.020908323370174998
RPLP0 (6175),-0.020901860701140806
DPT (1805),-0.020898684410086826
ANGPT4 (51378),-0.020895879971081745
RNF11 (26994),-0.020883578622346067
BCL2L12 (83596),-0.020881184839275847
KRI1 (65095),-0.020877038157798573
TMEM266 (123591),-0.02087362293588599
COL9A3 (1299),-0.0208728911786967
EPYC (1833),-0.02085931704028846
TENM3 (55714),-0.020854663432718988
PRC1 (9055),-0.02085223126411027
ZNF468 (90333),-0.020843268064095862
ZNF576 (79177),-0.020828401649769082
CHST15 (51363),-0.02081716652955154
FAM110C (642273),-0.020809474335870513
ANTKMT (65990),-0.020782243065039917
AFAP1 (60312),-0.020773532506017104
HINT1 (3094),-0.02077173525425512
ADPRS (54936),-0.020766199580127223
PNMA8A (55228),-0.02075282378490959
C18orf54 (162681),-0.020749347923058287
NACAD (23148),-0.020746753367243957
C15orf48 (84419),-0.020745676263100914
MPI (4351),-0.02074432584468514
RAX2 (84839),-0.0207394657134874
SPATA46 (284680),-0.02073259450479491
TRIO (7204),-0.020731434018948707
PEA15 (8682),-0.02069375327134726
FRS2 (10818),-0.020682980246547186
TRMT10A (93587),-0.020682441706164966
ZNF846 (162993),-0.020679610457783035
DHX57 (90957),-0.020671344542181322
TAF1C (9013),-0.020671205973986223
CTAGE1 (64693),-0.020668581806622257
CREBZF (58487),-0.020664311823989694
MFSD12 (126321),-0.02066157451046064
RPL10A (4736),-0.02064526109404773
ZCCHC9 (84240),-0.020639554429045907
JPH3 (57338),-0.020636473031999673
CNIH1 (10175),-0.020635657740350807
CLEC4D (338339),-0.020630506166083605
FANCL (55120),-0.02062783003891564
WNT7A (7476),-0.020621629094700465
KIN (22944),-0.020618030940724914
CMTM4 (146223),-0.02061123420840483
BCAT1 (586),-0.020604345008731772
AMMECR1 (9949),-0.020601030994612742
CRELD1 (78987),-0.020599018745684115
HAVCR1 (26762),-0.020598144207320035
ZNF141 (7700),-0.02059337642597698
TTLL1 (25809),-0.020588401012817992
EBF2 (64641),-0.020574524853986493
FZR1 (51343),-0.02057293309316107
ZNF219 (51222),-0.020572932979592007
TLCD2 (727910),-0.020568726833372165
TAX1BP3 (30851),-0.020556202593728524
DPH7 (92715),-0.020548180662743564
C1orf122 (127687),-0.020543452865336542
SP4 (6671),-0.02053330667260318
RCBTB1 (55213),-0.02052247460680948
BRINP3 (339479),-0.020522382632158317
HCRTR2 (3062),-0.020520723249626414
ABI3 (51225),-0.020518400044318538
DUSP23 (54935),-0.020503795261455036
CCDC90B (60492),-0.02049942551804437
PISD (23761),-0.020496816635603567
AP1M2 (10053),-0.02048507430321614
PARVA (55742),-0.020479469028133863
STX10 (8677),-0.02047489530879866
TP53INP2 (58476),-0.02046761890608242
ZC3H15 (55854),-0.020465956334357778
CSN3 (1448),-0.020458995456453317
SLC16A10 (117247),-0.020451576233724615
RLN3 (117579),-0.020438478664119086
ASAP3 (55616),-0.020434584745041718
ABHD6 (57406),-0.020427569428808356
TCEAL3 (85012),-0.020427072082715516
CPD (1362),-0.020424464678699464
PPP2CA (5515),-0.02041909629590784
YY2 (404281),-0.02039959717178984
CD5L (922),-0.020389192267804224
RFC4 (5984),-0.020383119449968973
CRCT1 (54544),-0.02037963271959951
UGGT2 (55757),-0.020377442948444603
TMEM63A (9725),-0.02037491714960188
SPTBN5 (51332),-0.020358920742769494
NEUROG1 (4762),-0.020354999009240905
SCUBE1 (80274),-0.020354264533598468
A3GALT2 (127550),-0.020352261965966525
CYP7A1 (1581),-0.020346434449890233
FADS6 (283985),-0.020344191051851052
SORT1 (6272),-0.02032165749697123
EPDR1 (54749),-0.020297387509180347
NFATC1 (4772),-0.02029392335109037
B3GAT1 (27087),-0.02029391863087909
FRMD8 (83786),-0.020289367372136914
MCOLN1 (57192),-0.020289101558839735
FTMT (94033),-0.020283209703645205
HDAC2 (3066),-0.02028315991251547
CNTNAP3B (728577),-0.02026677003415411
MRPS23 (51649),-0.02026665497173254
LHX9 (56956),-0.020260273167166578
GLRA3 (8001),-0.02025833737166191
VSIG2 (23584),-0.02024241580560742
TMC4 (147798),-0.02023612111807683
SOX30 (11063),-0.020213208291150777
PLPBP (11212),-0.020212405417618855
IRX2 (153572),-0.020207740716262686
RAD51AP2 (729475),-0.02020442962705754
PELO (53918),-0.020204241607703698
TGIF2LX (90316),-0.020200766854422188
TSR2 (90121),-0.020198461716458775
CYP4B1 (1580),-0.02019339412343116
CBFA2T2 (9139),-0.02018963131061344
PRR5 (55615),-0.020184427829168152
SLC2A5 (6518),-0.02018335072553573
OR4K1 (79544),-0.02017534595109587
SUCNR1 (56670),-0.020174537416413795
CPAMD8 (27151),-0.02017406620799133
RIPOR2 (9750),-0.02017099948541046
BSX (390259),-0.020165908791812744
NR2C1 (7181),-0.02015252951770014
CBR3 (874),-0.02014100268289126
SMC2 (10592),-0.020127075686202655
METTL27 (155368),-0.020124972670460338
OR4C46 (119749),-0.02010971703749633
SKP2 (6502),-0.02010928410759769
ADGRG3 (222487),-0.02010166120555718
PRKG2 (5593),-0.02009405304701082
SIAH2 (6478),-0.02008026068965365
H1-1 (3024),-0.020074993966006514
MANBA (4126),-0.020068269844062583
MPV17L (255027),-0.020063479612189884
PHYHIP (9796),-0.020062129669266123
APOL5 (80831),-0.020059258636970747
NME1 (4830),-0.020056120578368482
NQO2 (4835),-0.020054578653161795
GPANK1 (7918),-0.02004999076454015
ABCA8 (10351),-0.020049821716536013
PHOX2A (401),-0.020042840300723102
SNX19 (399979),-0.02003915392073298
IL21R (50615),-0.020038562048653452
SSBP2 (23635),-0.02003243037671489
TBX4 (9496),-0.02002875526645703
SPRED2 (200734),-0.02002860342216781
PAK2 (5062),-0.020017791128074502
TAB3 (257397),-0.020013010468763217
XRCC5 (7520),-0.020007559655648096
FUT5 (2527),-0.019992801983398135
TSPYL5 (85453),-0.019984606803095842
CALHM3 (119395),-0.019975232458486862
GZMK (3003),-0.019957295805749415
NRK (203447),-0.01994641243063655
CD27 (939),-0.019941813835187876
TMEM140 (55281),-0.01993776721650936
USP44 (84101),-0.019929696494643805
AKTIP (64400),-0.01991956654385158
SLC31A2 (1318),-0.01991508933234327
OR6C74 (254783),-0.01990673032250451
TIGD3 (220359),-0.019900686110177902
MFSD2A (84879),-0.01989980149324118
AWAT2 (158835),-0.019897318080943093
RBFA (79863),-0.019886713861350196
KIF1A (547),-0.01987210722474207
CDCP1 (64866),-0.019870345215503273
OR10H2 (26538),-0.019866672173811155
AP2A2 (161),-0.01986512710817564
GFUS (7264),-0.019865022033488035
NAMPT (10135),-0.019864671199602682
RHOBTB3 (22836),-0.01986335243516802
ORM2 (5005),-0.019859632516982792
USP17L13 (100287238),-0.019853880568704574
PLAGL1 (5325),-0.019853634632357394
SLC29A1 (2030),-0.01984945631476707
PIKFYVE (200576),-0.019845286529081872
MMP26 (56547),-0.019838854285647186
DGLUCY (80017),-0.019838124220254192
DCLRE1B (64858),-0.019827533859377054
OR7A17 (26333),-0.01981421032712179
PRRX2 (51450),-0.019813090494284025
DHPS (1725),-0.019810974846284114
FABP6 (2172),-0.0198106156877707
MYBPC3 (4607),-0.019802810901353517
SLC49A4 (84925),-0.01980099267974006
IGSF21 (84966),-0.01978934986669345
PPCS (79717),-0.01977994217368307
PKM (5315),-0.019779719251927005
FAM135A (57579),-0.01976749204760228
SBSPON (157869),-0.019752738771626584
CXCL11 (6373),-0.019750912498987604
PCDHA6 (56142),-0.019750910454891097
DOCK4 (9732),-0.019736377429459634
TMEM223 (79064),-0.01972938207195109
MXI1 (4601),-0.019726400419492966
GPR35 (2859),-0.019719316028266758
RSPO3 (84870),-0.019718725337262454
ZNF232 (7775),-0.019708740416153683
ABCG5 (64240),-0.019701218817330023
SAR1A (56681),-0.019685116982856174
PIGC (5279),-0.01967680454493058
CREBRF (153222),-0.019673514865003516
CYB561D2 (11068),-0.01967337907151711
MPEG1 (219972),-0.019668597074414013
CEACAM3 (1084),-0.01966687565007169
TAPBPL (55080),-0.01965242127245459
PKN2 (5586),-0.019651736092126545
UFM1 (51569),-0.019650801887480064
RFT1 (91869),-0.019648323480398303
TAS2R31 (259290),-0.019618881941571926
PCP4 (5121),-0.019591663445863865
TMEM14C (51522),-0.019591082072954655
ST7L (54879),-0.01957934303717557
SPMIP4 (136895),-0.01957867098127024
RLN2 (6019),-0.019573501354244054
FBXW2 (26190),-0.019563483417324928
FSCN3 (29999),-0.019561362214087892
NLGN1 (22871),-0.01955517062752042
PSMB5 (5693),-0.01954775514958015
TRAPPC4 (51399),-0.0195475670269512
PGBD2 (267002),-0.019539703285652715
KBTBD8 (84541),-0.019528458803123577
SCNN1G (6340),-0.019513623631992324
RHOC (389),-0.019511403915536556
LRRK1 (79705),-0.019508068408067188
TYR (7299),-0.019494774918263704
TSPOAP1 (9256),-0.019489855532925187
TMEM151B (441151),-0.019476055179746855
PLA2G1B (5319),-0.019475520331555057
FANCD2 (2177),-0.019470714122459872
MAGEA4 (4103),-0.019469563061262227
KLK4 (9622),-0.019463236597349387
CNTNAP1 (8506),-0.019462277418903728
CDK5R2 (8941),-0.01943680462656573
LPAR4 (2846),-0.019436131744825343
P4HA2 (8974),-0.01942078492386053
ACER1 (125981),-0.019408395477566263
INSYN1 (388135),-0.01940726665513883
KRT6A (3853),-0.01940590878463361
ZNF302 (55900),-0.01940508105159663
CCK (885),-0.019402932226748666
DPY19L2 (283417),-0.019392788756948033
MICALL1 (85377),-0.01939108864104293
HBEGF (1839),-0.0193875587249181
ODAD3 (115948),-0.019387284424879865
ANKS3 (124401),-0.019387180205860246
HEMK1 (51409),-0.019383748154423206
HOXC12 (3228),-0.01936392030521483
OR10A3 (26496),-0.01936023601329551
CLPSL2 (389383),-0.019359544007266024
COASY (80347),-0.01934961320104351
FEZ1 (9638),-0.019349575393186456
TBCC (6903),-0.01933751055571409
HOOK3 (84376),-0.019334977795569024
TELO2 (9894),-0.019320719176708526
ACAT2 (39),-0.019320147518685254
ZFC3H1 (196441),-0.019319114837835525
MOB3C (148932),-0.01931484810303789
CBR4 (84869),-0.01930706789208308
NGEF (25791),-0.019305918823991915
MTHFD1L (25902),-0.01930332783956305
PLBD2 (196463),-0.019299336467359568
KDF1 (126695),-0.019289827300791318
SNX3 (8724),-0.01928735007140724
CCN5 (8839),-0.019276370423005677
CACNA1B (774),-0.01927316121419164
PAXIP1 (22976),-0.01927278610293747
LAMTOR2 (28956),-0.019270472967347126
EML1 (2009),-0.019260769614025588
CDAN1 (146059),-0.01925335081769584
MFSD3 (113655),-0.019248006824758954
PPP1R15B (84919),-0.01924506168747307
CBLN2 (147381),-0.019241971616833567
TMEM186 (25880),-0.019223870690163222
POM121L2 (94026),-0.019220342727343895
CEP170 (9859),-0.019206117076430808
SUSD5 (26032),-0.019205615717571706
LILRA5 (353514),-0.019204281978285078
NPAS1 (4861),-0.019202047855059478
TXNDC12 (51060),-0.019201911088044633
H1-2 (3006),-0.019196104319640125
MAG (4099),-0.01918560244840571
RPS27A (6233),-0.019180876177660917
WNT1 (7471),-0.019176531904933385
SLC6A16 (28968),-0.01917503952994422
DCP1B (196513),-0.019172362722371612
OPRK1 (4986),-0.019161685708028897
DHRS4L2 (317749),-0.01916139740909104
C2CD2 (25966),-0.0191536637206521
DPYSL5 (56896),-0.019147107512585148
MS4A4A (51338),-0.019146308433669056
SAC3D1 (29901),-0.01913891296200788
SLC2A11 (66035),-0.019130487446367608
CYP4A22 (284541),-0.01912931699550359
STAG1 (10274),-0.01912448324917827
GNG13 (51764),-0.019116214446451233
THSD7A (221981),-0.019106059298919963
FMN2 (56776),-0.01909740419673246
CCAR1 (55749),-0.019094326437590334
ATAD3C (219293),-0.019093248623573485
CITED2 (10370),-0.019085116414902733
DUSP22 (56940),-0.019074893659376035
ADGRE5 (976),-0.019051341541633682
SLC22A4 (6583),-0.019049534417747205
GTF3C4 (9329),-0.019048598200860033
BBC3 (27113),-0.01904287106410141
CLEC2A (387836),-0.01903205780968699
PFDN5 (5204),-0.019027461778101804
MTMR14 (64419),-0.01902535919246208
GSTZ1 (2954),-0.019025327126528435
BRAF (673),-0.019020746960385946
RYR3 (6263),-0.019010425572094976
SPANXN2 (494119),-0.019006309456058496
ACP1 (52),-0.019006154308511644
ARSJ (79642),-0.01900215465854149
RBBP9 (10741),-0.019000813830656646
LGALS7 (3963),-0.018988230973353993
SLC20A2 (6575),-0.018984454352870776
DAZAP1 (26528),-0.018975938646111
HIF3A (64344),-0.018974536879780988
BICDL1 (92558),-0.01896782196792977
SCEL (8796),-0.018966109973096258
CSNK1G3 (1456),-0.01896500247119444
C1orf116 (79098),-0.018964496212407676
RGCC (28984),-0.01895875143895612
OR13A1 (79290),-0.018953013082689575
GNAT2 (2780),-0.018948028692692066
JPT1 (51155),-0.018947317338252556
CYP4A11 (1579),-0.01894606447412172
ATCAY (85300),-0.018943302704526748
HSD3B7 (80270),-0.01893786323904731
ZC2HC1A (51101),-0.018931968761958875
FGFRL1 (53834),-0.018912488095056745
TMIGD3 (57413),-0.01891045466662554
GJA9 (81025),-0.01889469750257482
VASH2 (79805),-0.018889991658850167
CRIM1 (51232),-0.018881400738843656
LDAH (60526),-0.01888132727752344
SPMIP10 (389320),-0.018868457294768666
CEP192 (55125),-0.018860412294415756
OR5D18 (219438),-0.01884963427534357
PRKAA1 (5562),-0.018847361286430935
CDYL (9425),-0.018843825891094436
PVR (5817),-0.018837701928379042
IGF2 (3481),-0.018835291600363145
ARL10 (285598),-0.018830530954674348
MBD2 (8932),-0.018829354523682486
DBH (1621),-0.018826686419322496
MGRN1 (23295),-0.01881718497851793
CREB3 (10488),-0.018815400008011633
OR1D5 (8386),-0.01881204248928529
ST6GALNAC6 (30815),-0.01880569381885649
SMARCC1 (6599),-0.018801788447144776
CHST5 (23563),-0.018797577518048572
SLC10A6 (345274),-0.01879478589466816
RNFT2 (84900),-0.01879144783160785
IGSF1 (3547),-0.018789947708274142
TOX (9760),-0.018787197226846575
RBM4 (5936),-0.018787057485281262
LSM11 (134353),-0.01877616458516583
PKP2 (5318),-0.018773071446461502
NOX4 (50507),-0.018771399220377457
NAGK (55577),-0.018768059161279094
CYFIP1 (23191),-0.01876495339768519
TEX19 (400629),-0.018764018924977876
FBXO3 (26273),-0.01876068398803557
TBCE (6905),-0.018755151467280535
TIFAB (497189),-0.01874447943498632
RAB39A (54734),-0.018744244250170797
GDF6 (392255),-0.018743917729785717
PEX39 (441150),-0.018737832744973867
WDFY2 (115825),-0.01873669324389082
TCF19 (6941),-0.018734398426785162
AZIN1 (51582),-0.018733583617878285
ZNF280D (54816),-0.01873289624553599
OR8U1 (219417),-0.018725928704800894
CCDC83 (220047),-0.01871699899257971
CALR (811),-0.01870681478652696
TNFRSF21 (27242),-0.018706612213176023
IMPA1 (3612),-0.01870585005942755
LPCAT3 (10162),-0.018703158946889085
ERICH6 (131831),-0.018694589968229463
ESR1 (2099),-0.018672731646545215
LNPK (80856),-0.018670196707536935
ODC1 (4953),-0.018664661438580796
ZNF700 (90592),-0.018659061904695583
VASH1 (22846),-0.018642554627229854
ACP6 (51205),-0.01864081228149306
BPHL (670),-0.018623731877470903
ING4 (51147),-0.018620174641772506
AQP6 (363),-0.018618695293180665
TXNRD2 (10587),-0.018614202852744642
ARPP21 (10777),-0.018609666966172018
SH3TC1 (54436),-0.018609350682637936
ZNF423 (23090),-0.018606895448901716
HJURP (55355),-0.018599315551716226
DHFR (1719),-0.018598332231504953
ARPC2 (10109),-0.018592896320192558
EMP2 (2013),-0.018591184123182985
TNFRSF18 (8784),-0.018584611479396603
PPP1R3D (5509),-0.018581247297310446
CDCA4 (55038),-0.018571403197823817
BHLHE22 (27319),-0.018566308856927716
PXYLP1 (92370),-0.018559546921669393
GJC3 (349149),-0.018557665311983686
ENY2 (56943),-0.018555989783133366
RAB25 (57111),-0.01855230211707426
RPS6KB2 (6199),-0.01855153584216275
COMMD3 (23412),-0.01854339947577626
IZUMO2 (126123),-0.018536309756613203
BRICD5 (283870),-0.018522854846142425
TPP2 (7174),-0.018522233970529916
MBP (4155),-0.018521304418267895
ANKRD29 (147463),-0.018499699238849466
TIMM17B (10245),-0.018486191461095394
KLHL21 (9903),-0.018484963317995914
ADAM2 (2515),-0.018478875166473563
CRHR1 (1394),-0.018474309975946707
DEFB114 (245928),-0.018473444291407046
TCHHL1 (126637),-0.01847160269859295
RERE (473),-0.01845705466948896
STIMATE (375346),-0.018454723238606925
GPD1 (2819),-0.01844901002359952
CHL1 (10752),-0.018446192474121683
AGMAT (79814),-0.018442329910192713
NR1I2 (8856),-0.018441503395650573
STK31 (56164),-0.018439854963817014
IGF2BP1 (10642),-0.018437132293064287
CCR6 (1235),-0.018425408302588656
ETFA (2108),-0.018424532719767604
SIPA1L2 (57568),-0.018413754750793442
WDR12 (55759),-0.01841326075102873
NISCH (11188),-0.01840309191809864
FRYL (285527),-0.018394730579798454
INSYN2A (642938),-0.018372629447526816
TNFSF12 (8742),-0.018364497984807004
ALMS1 (7840),-0.018363741781783863
TMEM203 (94107),-0.018359949955007587
RNF24 (11237),-0.018356335393919773
BRAT1 (221927),-0.0183533748022391
GPER1 (2852),-0.018346393797291156
CFAP61 (26074),-0.018345830059142386
MOGAT2 (80168),-0.01834506119440169
HPN (3249),-0.018333435428351245
GCGR (2642),-0.018332608879369522
KATNB1 (10300),-0.01831561722959891
SDF2 (6388),-0.018315388880596046
HOXC9 (3225),-0.018309480792313343
CROCC (9696),-0.018292374044219507
SNIP1 (79753),-0.018291902540279986
TEDDM1 (127670),-0.018276818352838856
KMT2A (4297),-0.018272895742773364
NOL12 (79159),-0.018267854586104693
DNALI1 (7802),-0.01824930358706942
ITGB4 (3691),-0.018249115936874113
GPR62 (118442),-0.018247036257158067
UBE2Q1 (55585),-0.018242249558132684
PDCD5 (9141),-0.01824137093769862
TMED8 (283578),-0.018221990103929876
TMED9 (54732),-0.018205671015581935
PSEN2 (5664),-0.01820074424451163
C22orf23 (84645),-0.018198503020002678
SH3D19 (152503),-0.018196300785961895
SYNGR3 (9143),-0.018194408053792407
MDFIC (29969),-0.018192806443419116
TMEM178A (130733),-0.018190972308566443
ITPRID1 (223075),-0.018182429403407
SYP (6855),-0.01817844181065611
TMED6 (146456),-0.01817753506384946
PAWR (5074),-0.018175352429303054
LCLAT1 (253558),-0.018171030193812575
PITPNB (23760),-0.018168532716426277
TMEM214 (54867),-0.018164634581652038
FGF5 (2250),-0.01815980930508885
PDE6A (5145),-0.018156439857047135
UQCC5 (440957),-0.018155894164051375
MTNR1B (4544),-0.018137398020378007
SNCAIP (9627),-0.018135543517993874
SHISAL1 (85352),-0.018135319318869254
FBXO40 (51725),-0.018132646598397147
KCNK13 (56659),-0.01812662283733832
EIF1AX (1964),-0.018121211103872957
DRAM1 (55332),-0.018120785960537247
SNX33 (257364),-0.018117780471418765
NIPA1 (123606),-0.01810446569535048
CDC42EP5 (148170),-0.018104255135253596
AP5B1 (91056),-0.01809065704796795
LEFTY1 (10637),-0.018090133344722883
ROBO2 (6092),-0.018089614855992704
HOXC13 (3229),-0.01808531925050423
NRTN (4902),-0.018083959872919404
DNAJC25 (548645),-0.018080671843942568
CYP4F12 (66002),-0.01807858734745396
SAMHD1 (25939),-0.018075488987560458
BTN3A3 (10384),-0.018070812745179878
PDGFRL (5157),-0.018065406069138853
NPM3 (10360),-0.0180526374643244
NPS (594857),-0.018047754917261523
ANKRD61 (100310846),-0.01804497259447662
ENOSF1 (55556),-0.01803283134175698
ADAMTS17 (170691),-0.018023210827044698
MAD1L1 (8379),-0.018014579081891004
MMRN2 (79812),-0.0180100852895415
SLC7A2 (6542),-0.018000567208898324
CARMIL1 (55604),-0.017997763433752256
AIPL1 (23746),-0.01799664444857573
ZNF560 (147741),-0.01798335502822077
SLCO1B3 (28234),-0.01797348077262851
PRODH2 (58510),-0.017965251214477784
IFT172 (26160),-0.017958073300576968
CASKIN1 (57524),-0.017956766428128566
NRDE2 (55051),-0.01795569727115959
CDKN1A (1026),-0.01794774663711538
SEMA5A (9037),-0.017947031294189113
PPP1R12B (4660),-0.01793738559922293
PTPN13 (5783),-0.01792502390724905
C3orf52 (79669),-0.017922244126153494
ATP4B (496),-0.01792141259158904
OPRD1 (4985),-0.017916076431670556
NSMF (26012),-0.017910704776884088
CELA1 (1990),-0.01790523074163741
ITGA7 (3679),-0.017903496353269804
MPZL3 (196264),-0.017897946533714085
OR2T10 (127069),-0.01789619841322181
SQSTM1 (8878),-0.017893406307504432
KLRC2 (3822),-0.01788778209297086
GFRA3 (2676),-0.01787800075029235
MGAT4B (11282),-0.017854326191151064
EDARADD (128178),-0.01785218426771933
HOXC6 (3223),-0.01782763492758679
RIMS1 (22999),-0.017819602300055856
MAGI3 (260425),-0.017817690298619904
SCP2D1 (140856),-0.017814518300758784
SUPT7L (9913),-0.01781001820344676
ZNF30 (90075),-0.017793438831327273
FAM163B (642968),-0.01778626342133132
SLC22A3 (6581),-0.017774496770308165
CCSER1 (401145),-0.017769482853860794
ZNF414 (84330),-0.017764282012577712
ATXN7L1 (222255),-0.017763394160365428
ZNF563 (147837),-0.017763240361718682
FAM25A (643161),-0.017762234582492667
PGLYRP2 (114770),-0.017752995774575557
SEPTIN2 (4735),-0.017749571082008142
EPS8L1 (54869),-0.017745010209832494
TAC4 (255061),-0.017744260365462106
TRDMT1 (1787),-0.017738636346782435
SNX14 (57231),-0.017732362872214903
SNX20 (124460),-0.017732110400944696
LYG1 (129530),-0.017724471898197213
SPATA7 (55812),-0.017723432029025644
GRM5 (2915),-0.017722633225894378
FTSJ1 (24140),-0.017717039230494457
TGFB2 (7042),-0.017713186017173515
AQP7 (364),-0.017701319920408475
LGALS3 (3958),-0.017697154496793443
TRAF3IP1 (26146),-0.017694360584137894
ITGB6 (3694),-0.017689035336912913
PABPN1 (8106),-0.017683586520053217
AMOTL2 (51421),-0.017682193535541596
KRT73 (319101),-0.017674241188011638
GDF11 (10220),-0.017664394038898686
CDIP1 (29965),-0.01765733502013659
RGS8 (85397),-0.01765566506611002
ENO3 (2027),-0.01765502188285087
UTP14C (9724),-0.017650021568541154
FNBP1 (23048),-0.01764905290430789
CD8A (925),-0.017648240696925173
SERAC1 (84947),-0.017641126157431117
CCDC34 (91057),-0.017631621783577075
OR1L1 (26737),-0.017617075570364116
ICAM3 (3385),-0.01761056172432873
GOLT1A (127845),-0.017609120491110023
PNPLA6 (10908),-0.017606890442934744
ENTPD6 (955),-0.017592092802597797
ABCA12 (26154),-0.017586093208129316
KRT32 (3882),-0.017569363716882412
BMP10 (27302),-0.017568902830684855
STAC (6769),-0.017566553390393917
TMEM101 (84336),-0.017561283310013692
GCH1 (2643),-0.01755389119985578
PDE4A (5141),-0.01755040151314819
GOPC (57120),-0.017543646507224397
PARD6B (84612),-0.01754142702217956
CLIC5 (53405),-0.01753909370524945
DACH1 (1602),-0.017537207291480252
CCDC42 (146849),-0.01753696378126655
RBPMS2 (348093),-0.017526395347598152
ANKRD39 (51239),-0.017519316783061227
ERAP1 (51752),-0.01751449820796558
SORBS1 (10580),-0.017512293395124813
MYO7A (4647),-0.01750804972164658
FAM111B (374393),-0.017504084054067153
SH2D3C (10044),-0.017494140349894976
OR1A2 (26189),-0.017492008327574034
PHACTR2 (9749),-0.01748946203444012
WNT9A (7483),-0.01748234648297917
GLT6D1 (360203),-0.01747655296584447
ARHGAP33 (115703),-0.017476475966155376
CREG2 (200407),-0.0174729010345764
TANGO2 (128989),-0.017459150016206675
ZNF689 (115509),-0.01745511238934016
NPEPPS (9520),-0.01745335146913185
CDH7 (1005),-0.017451712948681697
SF1 (7536),-0.017451119646566798
FKBP4 (2288),-0.017447158586983903
DNAJC24 (120526),-0.017445375139751786
MAMDC4 (158056),-0.017443888398419642
PHGDH (26227),-0.017442794396186734
SEPTIN8 (23176),-0.01743580303203255
CYS1 (192668),-0.01741694215871739
HTR1B (3351),-0.01741655029937841
OR2M4 (26245),-0.017411674466609475
SLC22A1 (6580),-0.01741031769273651
NUDT11 (55190),-0.017401141045848747
PLXNB1 (5364),-0.017398190925465754
CDC25C (995),-0.017398181641410958
CAPN10 (11132),-0.017397069332571787
SKAP2 (8935),-0.017394437332192526
PLIN5 (440503),-0.01738419532049278
DIPK2B (79742),-0.017380845684273814
OR2A14 (135941),-0.01738072034557578
CD70 (970),-0.017376267247366427
NDUFAF6 (137682),-0.017367342222986158
TMEM242 (729515),-0.017362705199847495
SPMAP2 (51298),-0.017361585630744445
PNP (4860),-0.01736124860252851
CHRNA3 (1136),-0.01735367280813859
ARHGEF5 (7984),-0.017328126349949513
PITPNM3 (83394),-0.017325940864840007
LYPD3 (27076),-0.01732406551787311
SSX5 (6758),-0.01732390983474005
ITGAX (3687),-0.01731434669185758
NEK9 (91754),-0.017296140721073484
FBP2 (8789),-0.01729169878895469
CLHC1 (130162),-0.01728302519706635
MAP3K5 (4217),-0.017279882522523066
ZNF585A (199704),-0.017268359013522635
LRATD2 (157638),-0.017253930756970154
S100A14 (57402),-0.017249507240782478
BIK (638),-0.0172494901674026
KLK10 (5655),-0.017234741704885686
SPATS2 (65244),-0.017233517390388378
XRCC2 (7516),-0.017231939220329905
TNPO2 (30000),-0.01723074099609838
PPM1D (8493),-0.01723063848022562
TP53AIP1 (63970),-0.017230420809962097
YAE1 (57002),-0.01722463637270338
SNURF (8926),-0.01722458931483402
ATP8B2 (57198),-0.01721381205237518
KRTAP19-8 (728299),-0.017211149598092456
TMEM134 (80194),-0.01720580333510133
ALG1 (56052),-0.01719651236956332
IL33 (90865),-0.017195997321846113
TRPS1 (7227),-0.017195061727352873
TPBGL (100507050),-0.017193949620243426
KCNT1 (57582),-0.0171872311961924
HBP1 (26959),-0.017183287527480363
TRUB2 (26995),-0.017182314436034855
COL6A2 (1292),-0.017181732393919836
NRM (11270),-0.01717257623535906
MAOA (4128),-0.017168878761275916
KCNJ5 (3762),-0.01716704484532971
CSTF3 (1479),-0.017150742361876255
LRCH2 (57631),-0.017148405894157358
INCENP (3619),-0.017140624987386912
SOX15 (6665),-0.017131065087875742
NDUFA4L2 (56901),-0.017124235671274253
CLDN18 (51208),-0.017123639906154654
LRRC4 (64101),-0.017115076586338852
SRD5A1 (6715),-0.01710864286098639
ICAM1 (3383),-0.017101047322587156
RBFOX1 (54715),-0.017075025266998476
SF3B4 (10262),-0.01705930533999984
CDC34 (997),-0.01704772621886285
CCNL2 (81669),-0.017018723390858113
S100A4 (6275),-0.017016287838488374
LRRC3B (116135),-0.017013709324427587
DNAJA3 (9093),-0.017010970599385725
RAB24 (53917),-0.017006178805617216
MTCH1 (23787),-0.01700559047965783
LMBR1 (64327),-0.01700393258832885
GAS1 (2619),-0.017000828252425416
TJAP1 (93643),-0.01699761552586284
SULF1 (23213),-0.016996930886473863
MBOAT7 (79143),-0.01699498954210974
TMX1 (81542),-0.016992608952843515
RGN (9104),-0.01698991020831169
TMEM202 (338949),-0.0169894727914861
ACOX1 (51),-0.016978685500950302
KLF9 (687),-0.016973674250079188
PRAMEF1 (65121),-0.016972937345465962
SRCIN1 (80725),-0.016960534287544744
C1orf226 (400793),-0.01695886065921418
P2RY1 (5028),-0.016944121158681588
VWC2 (375567),-0.016941265423885226
FZD10 (11211),-0.01694034179493965
GFM2 (84340),-0.016929594117670286
PFKM (5213),-0.01692918646601028
KLHL17 (339451),-0.01692188540171702
ACTL10 (170487),-0.016919381024429525
TRABD2A (129293),-0.01691496616441673
GNG11 (2791),-0.016911423379291433
HOXB3 (3213),-0.01691126937848711
MAP3K6 (9064),-0.016910810764185626
OR4K5 (79317),-0.016907133995394664
TTC21A (199223),-0.016904278367344646
MRPS31 (10240),-0.01690255945890097
GABRG3 (2567),-0.016874261181663235
SLC47A1 (55244),-0.016869878284212332
HMGB2 (3148),-0.016869000529772395
ADGRG1 (9289),-0.01686895035715658
CHRNA10 (57053),-0.016860914170057074
TNKS (8658),-0.016857200107780797
CRYM (1428),-0.016852311620271097
DEDD2 (162989),-0.01684656462727645
CNIH3 (149111),-0.016846391348170536
STAB1 (23166),-0.016845399043746587
MT1HL1 (645745),-0.016840254621696325
SNRPN (6638),-0.016833911793469783
TIMD4 (91937),-0.016830147524597158
PADI4 (23569),-0.016818860976645898
FGF19 (9965),-0.016815171845396798
DST (667),-0.016812930357342847
USP11 (8237),-0.016809257830201353
ANO6 (196527),-0.016804284306351044
TBC1D12 (23232),-0.016802464403500895
SLC17A3 (10786),-0.016797822398749412
CXXC5 (51523),-0.016796490303134962
TNFSF4 (7292),-0.016796083951758797
TAS2R16 (50833),-0.01678893597006074
B3GALT1 (8708),-0.016779906505885643
RGS5 (8490),-0.01676936722781347
RPS6KL1 (83694),-0.016769179085861872
C5orf24 (134553),-0.016762236150754603
BBOX1 (8424),-0.016762232456043653
FAM47B (170062),-0.016759714214373975
BMS1 (9790),-0.01675371509191582
GTPBP8 (29083),-0.016750136085988188
MDK (4192),-0.01674925745770963
LDLRAD4 (753),-0.016744931622247026
L1TD1 (54596),-0.016740590189176546
COPB2 (9276),-0.016734918679486097
ZNF860 (344787),-0.01673435245075438
NSG1 (27065),-0.01672436556313203
WSB2 (55884),-0.016696805367352237
CENPF (1063),-0.01669616926632292
CELA2A (63036),-0.016692499279356413
GPR101 (83550),-0.01669004342032895
RXFP4 (339403),-0.016689010821121217
CNR1 (1268),-0.016667852513261874
ADPRH (141),-0.016657383931492922
TP53 (7157),-0.01664820585877824
IL11 (3589),-0.01664663902952091
CCDC88B (283234),-0.016640295517032784
EPHX1 (2052),-0.016632878475842605
TAP2 (6891),-0.016611393377181143
KCNJ15 (3772),-0.01660518337666537
LRRC4C (57689),-0.01660406797382524
CIPC (85457),-0.016598286373550857
ZGPAT (84619),-0.01659595260495804
MARK4 (57787),-0.016594806674673116
ALDH1B1 (219),-0.01659438728224485
PRDX5 (25824),-0.016590707853710907
METTL8 (79828),-0.01657233623376407
FDXACB1 (91893),-0.016570224773878726
DHFR2 (200895),-0.016546302592100187
SESN3 (143686),-0.016542171774145572
PROK1 (84432),-0.01653400667603225
SNRPA1 (6627),-0.0165277074676849
FAM13A (10144),-0.016523987211402674
BCL2L10 (10017),-0.01651784966814401
JAG1 (182),-0.016517367979008248
ZNF616 (90317),-0.01651710291265527
RAB3GAP1 (22930),-0.0165096557445459
NSUN2 (54888),-0.016498947152692352
CERK (64781),-0.016494513493876466
CTRB2 (440387),-0.016490650881578747
CA2 (760),-0.016485913349706317
PLPP3 (8613),-0.016484020137011723
POGLUT2 (79070),-0.01647208472216051
FAM187B (148109),-0.016467280921044578
CDK9 (1025),-0.0164616815575961
KRTAP4-4 (84616),-0.01646039639424831
KCNK3 (3777),-0.016458204779879096
LAPTM5 (7805),-0.016457633550229778
TTBK2 (146057),-0.01645489060508455
ATOH7 (220202),-0.016437091016499976
ETV7 (51513),-0.016434650288153087
TSHR (7253),-0.01642096525503082
GOLGA4 (2803),-0.016411806430619777
PAEP (5047),-0.01641055136181161
TKT (7086),-0.01640697789857946
RETNLB (84666),-0.016397963729160206
FLNA (2316),-0.016389237986336656
TSSK1B (83942),-0.016384164430891458
SYNJ1 (8867),-0.01636497644203282
ACSF2 (80221),-0.016353566527659475
ITGA2 (3673),-0.016351140992943727
SPACA7 (122258),-0.016342039563886957
TRIM34 (53840),-0.016341321453704802
ATG10 (83734),-0.016331173346977392
GP2 (2813),-0.016322798173377347
PRPF8 (10594),-0.016320611311682384
TCEAL2 (140597),-0.016316492680150285
ABCA1 (19),-0.016293245114855158
STXBP6 (29091),-0.016272232394517812
DYNC1LI1 (51143),-0.01627131979619707
KAT7 (11143),-0.016250073340505364
PCDHB2 (56133),-0.016245830987827795
NECAP1 (25977),-0.016244501616316742
FAM13B (51306),-0.016237594351992412
PDGFD (80310),-0.016236130687129303
ADRA1A (148),-0.01623296852963792
KCNIP4 (80333),-0.016230918604376948
FYB2 (199920),-0.016227884060307667
PFKL (5211),-0.016226292724175553
LMNTD2 (256329),-0.016223124166342345
MTREX (23517),-0.016203398049035787
MRPS18A (55168),-0.01620111711062455
PCDHA10 (56139),-0.016199797684661524
REX1BD (55049),-0.016187215635221984
HARS1 (3035),-0.016181368958093526
LACTB (114294),-0.01616801481249705
CASTOR2 (729438),-0.016166911885212458
OR10G2 (26534),-0.016164807930884588
KHDRBS1 (10657),-0.01616464421860401
EIF3H (8667),-0.01616282322798559
TBXAS1 (6916),-0.016162247841283412
PDLIM3 (27295),-0.016156227422064972
BORCS8 (729991),-0.016151195904138948
SAMD10 (140700),-0.01614812661488013
PRSS1 (5644),-0.016143751809765326
STMND1 (401236),-0.016139077012118582
SPNS3 (201305),-0.01612906694901956
GPAT3 (84803),-0.016125995378633427
FRAS1 (80144),-0.0160990354303017
RPL4 (6124),-0.016091392704753738
PHC3 (80012),-0.016086713488923574
ACTMAP (284325),-0.016077172711084668
CA13 (377677),-0.016074948394359915
DLX2 (1746),-0.01607044190429556
APOBEC1 (339),-0.016068876781797133
RFLNA (144347),-0.01606393124677817
FABP12 (646486),-0.01606363458361581
CDH20 (28316),-0.01606262345409598
BEND4 (389206),-0.016054003947852072
GXYLT1 (283464),-0.016041902220657232
CCDC9 (26093),-0.01603802539381696
ATP5F1D (513),-0.016035388562543294
ALPL (249),-0.016034731968161738
HAPLN3 (145864),-0.01601626208906524
LENG8 (114823),-0.016016015820179055
ELOVL6 (79071),-0.016015051888325135
FDCSP (260436),-0.016014252964133287
ACE (1636),-0.01601152184694995
LDHD (197257),-0.016007176156996174
DUS1L (64118),-0.016005481902487025
AGTR1 (185),-0.016003935251187814
GRPR (2925),-0.01599951590002195
GMNC (647309),-0.01599414148636558
MYO1H (283446),-0.015987914601437312
MPL (4352),-0.015987872043554903
SSPN (8082),-0.015986199758079953
MAPK15 (225689),-0.015985027133631095
BNIP2 (663),-0.015980916330904014
FOXA2 (3170),-0.015972255686742497
LYPLA2 (11313),-0.015965595014037617
TMEM30A (55754),-0.01596324843737202
HSD3B1 (3283),-0.01595844361868843
SMYD5 (10322),-0.01595231413218932
THOC7 (80145),-0.015949993799175145
ABI3BP (25890),-0.01594525455236903
RAB5IF (55969),-0.015926337768969512
ALPG (251),-0.01592531971851458
JADE1 (79960),-0.015919305869501268
LSM7 (51690),-0.015917551286974255
ZNF578 (147660),-0.015906104240871407
RPL10 (6134),-0.01590324774956056
DOT1L (84444),-0.015887280026213764
ZMYM6 (9204),-0.01588445918116816
TCL1A (8115),-0.01587948543866741
PAN3 (255967),-0.01587840893554067
EIF2S1 (1965),-0.01587660147514831
GABRE (2564),-0.01587546611654923
BAAT (570),-0.015866837032921105
ALPP (250),-0.015863622465165397
TAS2R30 (259293),-0.015862469902551787
TRIM58 (25893),-0.01586224984033982
RBM4B (83759),-0.015851332499613013
NXNL1 (115861),-0.01585047155223939
TTYH2 (94015),-0.01584514010172875
EREG (2069),-0.015844689098888566
XDH (7498),-0.015842380690426185
GNRH1 (2796),-0.015836961009027716
CCDC54 (84692),-0.015835344299513963
ZFAND6 (54469),-0.015815727056220592
DDI2 (84301),-0.015811968025167367
KLF12 (11278),-0.015807534859173192
ING2 (3622),-0.01579231608537879
GPR27 (2850),-0.01578975834253747
ASB12 (142689),-0.01578743696735729
CDA (978),-0.015778459850387755
NUDT17 (200035),-0.01577392539212782
ST3GAL5 (8869),-0.015773905993754084
UBA5 (79876),-0.015769951565407704
TFDP3 (51270),-0.015769374229681995
FOS (2353),-0.015766277824207166
GLE1 (2733),-0.015766251550913574
UPK1A (11045),-0.015760433359701186
PRSS16 (10279),-0.015747541475491168
SLC25A35 (399512),-0.015728376402569872
MTIF3 (219402),-0.015727919318286137
PLEKHF1 (79156),-0.015721714437274166
NCR3 (259197),-0.015713365931080258
EN2 (2020),-0.01571083357520116
TRIM42 (287015),-0.015707774602223275
ITPR1 (3708),-0.015699189550027037
SOS2 (6655),-0.015693022559344277
POU6F1 (5463),-0.015691319881735673
PXK (54899),-0.015689980783022684
ACSM2B (348158),-0.015683657787009014
H3C8 (8355),-0.015677659104891807
ATP2A1 (487),-0.015670272057166822
THRAP3 (9967),-0.015664682837728428
MICALL2 (79778),-0.015662668515399124
RTP4 (64108),-0.01564989931449468
SNX32 (254122),-0.015640194429734307
CHIT1 (1118),-0.015639635476179536
LRRC24 (441381),-0.015634108406872484
SCO1 (6341),-0.01563264795962533
FBXO47 (494188),-0.015632372361981256
WDFY4 (57705),-0.015624487431048693
MTHFSD (64779),-0.015618464256523027
PAGE2 (203569),-0.015614784939657829
DPYSL2 (1808),-0.015612900708255545
ANXA8L1 (728113),-0.01561166957167117
METTL25 (84190),-0.015610498370142587
MECR (51102),-0.015600272058399417
RDH12 (145226),-0.015599286819670466
KIF1B (23095),-0.01559351489424105
SRPK2 (6733),-0.015590447476333655
APRT (353),-0.015589097958324402
ADH6 (130),-0.01557850251373532
RUFY3 (22902),-0.015576705318916445
PM20D2 (135293),-0.015569567677872695
MAP3K19 (80122),-0.015567807556909105
CHRNE (1145),-0.015564681718346969
HAS2 (3037),-0.015563487455390093
CAMK2G (818),-0.015557491661833152
RMP24 (83608),-0.015556875312199498
USP29 (57663),-0.015551613114527619
LYAR (55646),-0.015550713248909862
MIA (8190),-0.015534109679553373
BCKDHB (594),-0.015533098759910586
FAM219B (57184),-0.015525085785697081
MBD3 (53615),-0.015517990948546771
FPR1 (2357),-0.015505719424386902
BMP1 (649),-0.015499867232620609
TEX35 (84066),-0.015499109219185058
TRERF1 (55809),-0.015491759738176005
IRAK1 (3654),-0.015488373944226636
ELAVL1 (1994),-0.015484267878428661
GIN1 (54826),-0.01547821493733908
SMYD1 (150572),-0.01547383721618619
MRGPRE (116534),-0.01547163340146929
DDC (1644),-0.015470260009929269
TDRD5 (163589),-0.015463747879169203
COL5A3 (50509),-0.015459326245739065
SLC35G6 (643664),-0.015444421674082796
CILP2 (148113),-0.015442574591653373
HEATR3 (55027),-0.015432922400782284
ADCK5 (203054),-0.015432055935498644
PTPN9 (5780),-0.015429020139539649
IRAK4 (51135),-0.015423990097951165
BFSP1 (631),-0.015416748740482883
NOP53 (29997),-0.015412679999075895
CST6 (1474),-0.01540957138303138
NAT14 (57106),-0.015394612324539477
ACY1 (95),-0.015391625501867635
NKAIN4 (128414),-0.015388752609138712
EEF1B2 (1933),-0.015388467042403176
ZZZ3 (26009),-0.015383388103383473
ADAM11 (4185),-0.015381154349181782
CHD5 (26038),-0.015377806314939449
RAB26 (25837),-0.015374127955021306
RCAN1 (1827),-0.015370335923446226
TCP11 (6954),-0.015359242584945048
METTL2A (339175),-0.015349501422713416
PTPN1 (5770),-0.015341064274020252
KCNC4 (3749),-0.015338701778760082
UGT1A3 (54659),-0.015338409628153247
BLNK (29760),-0.015338177385041112
GSX2 (170825),-0.01532387745685133
ZNF333 (84449),-0.015320800235037796
POTEE (445582),-0.015319384441905198
CT47B1 (643311),-0.015318200475252274
RTBDN (83546),-0.015314781274914499
FAM180A (389558),-0.015297274802635659
CPQ (10404),-0.01529118094167285
LY6G6C (80740),-0.015282294911801756
DIPK1C (125704),-0.015269496183420576
FOXC1 (2296),-0.01526643448375356
MFAP5 (8076),-0.0152584364537448
OR8K1 (390157),-0.015250767848300944
ESYT3 (83850),-0.015249441984263151
PIGS (94005),-0.015248310108339198
KAT8 (84148),-0.01524687111763071
SLC6A2 (6530),-0.015246796800698806
RBMS2 (5939),-0.015239109303065067
CMIP (80790),-0.015234577204345687
LIPF (8513),-0.015234043434683885
OSBPL8 (114882),-0.01523127643024428
IFRD1 (3475),-0.015224567693732514
PLEKHA1 (59338),-0.01521993583434796
MC1R (4157),-0.015208508338086216
POMGNT2 (84892),-0.015205555732641922
MCIDAS (345643),-0.015195255997609658
P2RY13 (53829),-0.015194137747237437
GOLGA7B (401647),-0.015193880533645331
USF3 (205717),-0.015193816039984707
GPIHBP1 (338328),-0.015192719036070165
PI4K2A (55361),-0.015187155436914637
GPATCH2L (55668),-0.015184630111611818
TAB2 (23118),-0.015182101687106484
NLRP8 (126205),-0.015175934224002558
ZC3HAV1L (92092),-0.015173706217044211
CRY2 (1408),-0.01516912616788361
AFG2B (79029),-0.015168805125590996
GPX2 (2877),-0.015164862402896735
GSDME (1687),-0.015157869585404054
PLPP6 (403313),-0.01515786691781495
LOXL1 (4016),-0.015153189077167695
NFE2 (4778),-0.015150000917346928
ZNF596 (169270),-0.015136213388912132
KCNH3 (23416),-0.015135460182394929
COL9A2 (1298),-0.015126354423324053
TRIM3 (10612),-0.015114662853346275
TBL1X (6907),-0.015113484988331231
GARIN2 (161142),-0.015111153669490516
KRT84 (3890),-0.015110504918232667
P2RY12 (64805),-0.015102863113545152
ACTL6B (51412),-0.015098342078285124
GUCY2F (2986),-0.015084463317956728
CPB2 (1361),-0.015078837976933506
KLHL35 (283212),-0.015077684687516524
POMGNT1 (55624),-0.015076108544122172
MAPK4 (5596),-0.015067754569155744
SLC39A4 (55630),-0.015067225728778742
XKR7 (343702),-0.015059674159120602
ZNF605 (100289635),-0.01505843944758968
FAM193B (54540),-0.015052978613271855
SAMD15 (161394),-0.015047596898622445
SPDYE4 (388333),-0.015043788853804772
PYGB (5834),-0.015033771362228714
BCL2L13 (23786),-0.015025345154821844
OR8B8 (26493),-0.015023185367370689
IKZF4 (64375),-0.01500818292051182
PGK1 (5230),-0.014992413502800752
B4GAT1 (11041),-0.014985182361626834
H3-3B (3021),-0.014967193009077232
CHRNA7 (1139),-0.014963573771696076
A4GNT (51146),-0.014958846981233257
ZNF627 (199692),-0.014958450541760853
GPR155 (151556),-0.014950616201462796
MATCAP1 (653319),-0.014947692709151519
OR4M1 (441670),-0.014946007344819948
KIF20B (9585),-0.014942533423561059
SLC25A36 (55186),-0.014929556274411351
HHAT (55733),-0.014924448768959072
NPC1L1 (29881),-0.014924418576505134
DALRD3 (55152),-0.014919275839607608
H3C1 (8350),-0.01491046728617169
FOXN2 (3344),-0.014906845615662195
RYR2 (6262),-0.01490136807393778
SRGAP3 (9901),-0.01490022388862816
TARBP2 (6895),-0.014896238033519001
ACTBL2 (345651),-0.014890187503184871
FKBP3 (2287),-0.014878221061776956
UBE2D1 (7321),-0.014877820607600812
VSX1 (30813),-0.014872020998518325
FGF10 (2255),-0.014870114127127037
PSMD7 (5713),-0.014864513317698821
RAMP3 (10268),-0.01486243823046583
SMARCE1 (6605),-0.014848345693139564
PANX3 (116337),-0.014842186787891332
IL24 (11009),-0.014831984316791327
FN3KRP (79672),-0.01482780719213196
ZNF714 (148206),-0.014813282853380566
MAD2L2 (10459),-0.014810299851111689
EVI5L (115704),-0.014807651446902948
PPARGC1A (10891),-0.014782392377681735
SCMH1 (22955),-0.014779844317415955
TRAP1 (10131),-0.014775506178734275
KCTD8 (386617),-0.014771743881439809
ZNF280A (129025),-0.014769507626981454
PCSK7 (9159),-0.01476654312823264
ELOVL5 (60481),-0.014758758276944447
NTN5 (126147),-0.014754130509240642
ARMC1 (55156),-0.01475008766951523
LGR6 (59352),-0.01474874104926971
TLN1 (7094),-0.01474285021320184
EFNA3 (1944),-0.01473978205926818
SUCO (51430),-0.01473799750764566
PCDHGA5 (56110),-0.014737649267095405
BAG5 (9529),-0.014736785307841697
SHOC1 (158401),-0.01473319990588706
PHYHD1 (254295),-0.01472596195290699
OR5H2 (79310),-0.014716349240108994
ACP2 (53),-0.014715673632437875
CABP1 (9478),-0.014706970192739768
YIF1A (10897),-0.014703160191369935
SLC5A2 (6524),-0.014697720898866687
PTGS1 (5742),-0.01469771279150899
RBM27 (54439),-0.014691921995105358
TUBA1C (84790),-0.014681301541480582
EOMES (8320),-0.014678360304277825
ZFYVE26 (23503),-0.014677255965050465
PIM2 (11040),-0.014669895324322437
GNA14 (9630),-0.014667116453159977
ANKZF1 (55139),-0.014666736159798261
MAPKAPK5 (8550),-0.014666691003639216
LRRC10B (390205),-0.014664465984007934
TXNL4B (54957),-0.014663142125146212
GATA5 (140628),-0.01465770997108371
TMEM164 (84187),-0.014652517429487734
FBXO32 (114907),-0.014646258698727389
AMBP (259),-0.014645305537381666
GABPB1 (2553),-0.014636935057934319
NAALADL2 (254827),-0.014628953918089408
GRN (2896),-0.014628514242836623
NIBAN1 (116496),-0.014626804759595612
SEC61A2 (55176),-0.014626294659094966
TBX18 (9096),-0.01462173985359106
PCDH7 (5099),-0.014619129865577483
GRAMD4 (23151),-0.014616546433695718
SHANK1 (50944),-0.014616499567272385
MNS1 (55329),-0.01461484555884196
VAMP1 (6843),-0.01460751076302198
SLC9C1 (285335),-0.014605730478273257
LIPT1 (51601),-0.01457981536113116
LCA5 (167691),-0.014576414805632263
BOLA1 (51027),-0.014574963781135427
SLITRK4 (139065),-0.014573955433458173
FAM110B (90362),-0.014560758770332416
KMT2D (8085),-0.014560409578103818
CALHM6 (441168),-0.014559605045056835
GAMT (2593),-0.014557877433281958
ZFAND4 (93550),-0.014555068058449892
ERN2 (10595),-0.01455248248231174
NEXN (91624),-0.014549795073925216
CNTD1 (124817),-0.014539951493005795
POGZ (23126),-0.0145350713921014
EEF1AKMT2 (399818),-0.014528386790359457
PCTP (58488),-0.014523077024645375
MAFK (7975),-0.014520652190514946
TMEM70 (54968),-0.014518511850655622
CCBE1 (147372),-0.014514625826984639
DHRS1 (115817),-0.01451369196066304
FDPS (2224),-0.014513618882027186
SLC38A4 (55089),-0.014510012499969985
GNAI1 (2770),-0.014495877742820549
KLHL1 (57626),-0.014494726837190544
GIPC1 (10755),-0.01448511910352089
HEATR1 (55127),-0.014484367558109557
POT1 (25913),-0.01448307556925255
NSUN4 (387338),-0.014478945149994427
CATSPER3 (347732),-0.014477945143258557
IVD (3712),-0.014473003320130837
TRIM32 (22954),-0.014472453800346802
EVX1 (2128),-0.014467739362110288
ABL1 (25),-0.014465088509150605
OR7A10 (390892),-0.01445560256072274
PNPT1 (87178),-0.014446392836083188
LRP10 (26020),-0.0144447836781667
TBXT (6862),-0.014444286022284805
ZNF566 (84924),-0.014440204851776052
HLA-DPA1 (3113),-0.014439021799283282
SNX15 (29907),-0.01443126544161326
CIB3 (117286),-0.01443096672378839
CLEC2D (29121),-0.01442491571577497
RBFOX2 (23543),-0.014424290423878133
CST2 (1470),-0.014418755433950697
ADA2 (51816),-0.014411621934727536
ABCG1 (9619),-0.01440750799084016
KRTAP13-1 (140258),-0.014406680705180822
RABAC1 (10567),-0.01440609279023241
PPP1R3A (5506),-0.014404486180200557
CIB2 (10518),-0.014397801049679948
AJM1 (389813),-0.014396949795425832
TIRAP (114609),-0.014392432882772048
RAB36 (9609),-0.014376648718021552
ZBED2 (79413),-0.014374301091632761
CHRD (8646),-0.014372830530394802
PLPP5 (84513),-0.014366180656296676
MAST3 (23031),-0.014358454163308604
DDX56 (54606),-0.014357885933035356
TMT1B (196410),-0.014356706395280465
MADD (8567),-0.014346885943651815
ARRB2 (409),-0.014345652852647002
MYO1G (64005),-0.01433695549613372
IFITM3 (10410),-0.014334035177517511
RAC2 (5880),-0.014328331670557512
CD6 (923),-0.014323978579168369
TM6SF2 (53345),-0.014312923093383511
CACNA1I (8911),-0.014309912166252117
EIF3F (8665),-0.01428967387998983
HMCES (56941),-0.014279766253602411
CLEC14A (161198),-0.014277972212143187
TRABD2B (388630),-0.014272944399286067
WARS2 (10352),-0.01425845663099137
TST (7263),-0.014253638230053888
RASA1 (5921),-0.014252252775221162
LRRC70 (100130733),-0.014245442554192769
C15orf61 (145853),-0.014239621299101493
MAST2 (23139),-0.014239117486113683
ZNF568 (374900),-0.014233472959891823
OR2M3 (127062),-0.014214220102850492
ZNF44 (51710),-0.014212855953209948
ZFYVE9 (9372),-0.014205479613408878
UFL1 (23376),-0.014202595071192287
PEAK3 (374872),-0.014192277192746757
ZNF474 (133923),-0.014191551231392345
PARP6 (56965),-0.014186930664555966
ABR (29),-0.014183800372029261
RGS7 (6000),-0.014181008946848697
MR1 (3140),-0.014179462755183272
RASAL3 (64926),-0.014171272993420614
XYLT1 (64131),-0.014154913077251276
TRIP6 (7205),-0.014153288437820507
CEP104 (9731),-0.014150600801320275
DEFB135 (613209),-0.01414692222298594
FOXI2 (399823),-0.014145051695453277
RASGEF1C (255426),-0.014143971268579397
TCL1B (9623),-0.014143556411393142
EIF2B3 (8891),-0.01414252824694842
OSM (5008),-0.014139523301841579
ACP4 (93650),-0.014111926802473761
ATG16L1 (55054),-0.014111186520659413
LRRC18 (474354),-0.014091762064480887
KIR3DL1 (3811),-0.014086050745514804
MACC1 (346389),-0.014085049073666913
RAET1E (135250),-0.014079152865957201
CHCHD3 (54927),-0.014078130833877654
GARIN4 (149647),-0.014072723711072186
LIN52 (91750),-0.014072071808968165
ZNF84 (7637),-0.014068914377115964
SHROOM3 (57619),-0.01406731648282969
LHX6 (26468),-0.014063958914260826
SLF1 (84250),-0.014051904119260654
ZNF808 (388558),-0.014046522013138985
OR6C70 (390327),-0.014035402745474759
P4HA1 (5033),-0.014034300243618018
NXPE1 (120400),-0.01403347739293315
AGRN (375790),-0.014030048147313571
SENP5 (205564),-0.014027792151592503
LRP1 (4035),-0.014022813552036353
CCDC174 (51244),-0.014015080539588666
MRPS5 (64969),-0.014008366318425789
ITGB8 (3696),-0.014003293308818849
RAB21 (23011),-0.014002521887932289
OR56B1 (387748),-0.01398877372180032
ZNF670 (93474),-0.013985082644572804
RPRD1B (58490),-0.013981663011939278
TMCC1 (23023),-0.013976482796312143
SERPINA7 (6906),-0.013949969908500174
OR3A1 (4994),-0.013948644444246105
PDZD2 (23037),-0.013946471027793622
PMPCA (23203),-0.013932524135537977
PPDPF (79144),-0.013926556396748972
KRTAP12-1 (353332),-0.013917766757370538
MMP10 (4319),-0.01391526320930593
GAB2 (9846),-0.013896463365925406
IRGQ (126298),-0.013892633781583685
OR2M7 (391196),-0.013885045459405406
SOCS6 (9306),-0.013877274213027518
RSPO1 (284654),-0.013867744067924724
HESX1 (8820),-0.01385990567571134
SIRT6 (51548),-0.013853748347026094
SIRT2 (22933),-0.01385241553179221
MT2A (4502),-0.013844053541991044
PAXX (286257),-0.013819321614779003
NPAS2 (4862),-0.01380946149001485
PTGIR (5739),-0.013808386968928147
R3HDM2 (22864),-0.01380818093922499
SKOR1 (390598),-0.01380806177616025
SSR4 (6748),-0.013807437343690993
KRTAP19-5 (337972),-0.01380629353028019
MAGEC3 (139081),-0.013800957143648646
MUC6 (4588),-0.013794814068725661
PYDC1 (260434),-0.013781365739298496
PCDHGB2 (56103),-0.01377509213645016
MAGEA11 (4110),-0.013764270699029624
BIRC5 (332),-0.013764014388980674
MRPL12 (6182),-0.013759212562514573
ACTL7A (10881),-0.013756385314298186
SLC35A4 (113829),-0.013745080245555163
MAN1A1 (4121),-0.01373976663742747
CRB1 (23418),-0.013738071348253071
RTKN (6242),-0.013726925812319043
WNT8B (7479),-0.01370833923097157
PCOLCE (5118),-0.013705990777766044
NFE2L3 (9603),-0.013692984024002755
NKX2-8 (26257),-0.01368454935200388
CABP7 (164633),-0.01368387860259241
DECR2 (26063),-0.013683626359043372
UBE2N (7334),-0.013665893478139662
PCDHGA2 (56113),-0.013646463315600578
GNE (10020),-0.01364406565469904
XRCC1 (7515),-0.013641376773660875
RASGRP3 (25780),-0.013637342812116447
ZC3HC1 (51530),-0.0136352788060795
NUTM2F (54754),-0.013631161124352142
DTL (51514),-0.013625957244979338
LRP12 (29967),-0.013623358233324962
HTRA1 (5654),-0.013612157946617437
RNF167 (26001),-0.013608479183795185
SLURP1 (57152),-0.013605072619936398
HSPA9 (3313),-0.01360403870580497
ENPP5 (59084),-0.013601603755770663
TPRA1 (131601),-0.013588150094154336
RASGRF1 (5923),-0.013575588974995877
PAPOLA (10914),-0.013570821918309389
FARSA (2193),-0.013559780076933661
ARHGEF35 (445328),-0.013554037670735444
STRN4 (29888),-0.013545200684208478
MRPL9 (65005),-0.013544153254919932
FTCD (10841),-0.013541773581620406
COMMD10 (51397),-0.013541591180389483
SELENON (57190),-0.013539594775885146
CD1B (910),-0.013531793469754303
INIP (58493),-0.013521321267803487
ACAD10 (80724),-0.013516692843814168
SLC44A4 (80736),-0.013511544883187085
BTG2 (7832),-0.01350063593429732
GKN1 (56287),-0.013495160582053283
FRMD6 (122786),-0.013495142596441379
STXBP5 (134957),-0.013490337287317904
CIMIP4 (339669),-0.013488714883592655
GLIS3 (169792),-0.013473228842686306
EFNA1 (1942),-0.013470824943544023
TUBB4A (10382),-0.013466889834221287
CD84 (8832),-0.013466371584417837
ZUP1 (221302),-0.013459675139040828
APTX (54840),-0.013454631587397849
UCP3 (7352),-0.013447325769991933
NOS2 (4843),-0.0134451130414526
USP49 (25862),-0.013442262489945718
CSAG1 (158511),-0.013441783733267633
CIDEA (1149),-0.01342537593947621
UBXN6 (80700),-0.013424839349580834
FCN1 (2219),-0.013422309920595744
SAMD12 (401474),-0.013422056563428264
NDUFC1 (4717),-0.013401182792324424
GEMIN4 (50628),-0.01340092966808424
CNGA2 (1260),-0.013392852234400699
AFP (174),-0.013392737431085967
VCL (7414),-0.013386972427273852
GFPT2 (9945),-0.01338563480054101
APOC4 (346),-0.013379572715641259
ZMPSTE24 (10269),-0.013375333562199384
ALS2CL (259173),-0.013368085703740902
KL (9365),-0.01336732701949997
GPR182 (11318),-0.013359923896202445
CLEC4G (339390),-0.013346551267782295
SGCB (6443),-0.013345009202976994
CPO (130749),-0.013327328994752873
NPM1 (4869),-0.013322752611974496
C11orf65 (160140),-0.013305161276222303
BTN3A1 (11119),-0.013300677291980572
CNTN1 (1272),-0.01329632659711153
GLIS2 (84662),-0.01329520683776014
NES (10763),-0.01329218942586822
KLHL13 (90293),-0.013275337793024191
PRKCZ (5590),-0.013272962932591075
CPXCR1 (53336),-0.013270456392538937
CHODL (140578),-0.013250782092228503
OR6T1 (219874),-0.013249919913389595
FBLN2 (2199),-0.013243201292333142
TMEM198 (130612),-0.01324092193879681
KRTAP5-1 (387264),-0.01323266943472008
NRL (4901),-0.013224943749051248
KCNN2 (3781),-0.013224416258372992
ENPP4 (22875),-0.013221238073082075
TRIM17 (51127),-0.013220801565597877
KRTAP13-3 (337960),-0.01321115591370032
RPL11 (6135),-0.013208938590801444
SEPTIN5 (5413),-0.013200990288628995
KIFC2 (90990),-0.013196752902670542
SUFU (51684),-0.013188406252324274
SLC35C2 (51006),-0.013166316046276562
RNF148 (378925),-0.013165245912128327
ZNF845 (91664),-0.013164131548533804
GRK7 (131890),-0.013157964521552342
RD3L (647286),-0.013149933084026002
MAPK10 (5602),-0.013140632573416987
PPIL4 (85313),-0.013135433265716496
CYP2W1 (54905),-0.013133098209829941
EXOC6 (54536),-0.01313145052241924
GOSR1 (9527),-0.013125114050436449
MAP3K20 (51776),-0.013119021363078215
PCED1B (91523),-0.013094471168774519
PNPLA4 (8228),-0.01309433440012813
CCHCR1 (54535),-0.013089362651289746
HDGFL2 (84717),-0.01308695825516916
CCDC59 (29080),-0.01307288331477796
KLF13 (51621),-0.013064880248299392
TMEM138 (51524),-0.013052883793387515
YIF1B (90522),-0.013050293408197676
ALOX5AP (241),-0.013046501773398823
APOB (338),-0.013035751702863429
ZKSCAN1 (7586),-0.013033733440680378
OSCAR (126014),-0.013016861606598706
SIX4 (51804),-0.013016069700991277
FLRT2 (23768),-0.013015791194801611
SH2D5 (400745),-0.013003016929511738
UBE2D2 (7322),-0.012985111370294617
NDNF (79625),-0.012984830219460852
ADD2 (119),-0.012974943376091034
PDE3A (5139),-0.01297482142428728
VPS13D (55187),-0.01296938365763053
FAM181B (220382),-0.01296636022387282
UBE2O (63893),-0.012966180760812022
KCNE5 (23630),-0.012951065742481687
CENPX (201254),-0.012947456927706656
PRH2 (5555),-0.012946859318477508
GABARAPL2 (11345),-0.01294099067240574
PRMT7 (54496),-0.012940267587950128
MSRB2 (22921),-0.012940134533182815
DYM (54808),-0.012937078008449197
MAMSTR (284358),-0.01292787570711935
ARHGAP26 (23092),-0.012920364339031924
RNH1 (6050),-0.01292006114256473
B9D2 (80776),-0.012916198059390477
CLIC1 (1192),-0.012915123927043193
CDK2 (1017),-0.012911710604942778
CD300C (10871),-0.012906371905371186
PLPP7 (84814),-0.012897458900885013
RBBP4 (5928),-0.012894008057139512
MCOLN2 (255231),-0.012893246549134195
MTO1 (25821),-0.012890341905485048
OGFR (11054),-0.012888196660492105
APOL6 (80830),-0.012882675925430964
CD4 (920),-0.012881658828051777
SEC11A (23478),-0.012879034972418942
ARHGAP1 (392),-0.01287645743587637
PTPN18 (26469),-0.012875116688372084
NEFM (4741),-0.012869312036213788
GRWD1 (83743),-0.01285548663222283
LRCH1 (23143),-0.012851489058662176
GJC2 (57165),-0.012849709608053135
IL20RB (53833),-0.012846571463499469
TAF2 (6873),-0.012841044884357937
MID1 (4281),-0.012840548901836543
UCN3 (114131),-0.012834686600856486
POMT1 (10585),-0.012833616290556066
HOGA1 (112817),-0.01282720874010817
PARD6A (50855),-0.012826632874416067
TGOLN2 (10618),-0.012819292315151864
FANCI (55215),-0.012817395599145718
RC3H1 (149041),-0.012812533198243858
OR52E4 (390081),-0.012811727661156234
SSR1 (6745),-0.012777788572537483
C1orf52 (148423),-0.012771998125392515
MMP7 (4316),-0.012771325217962932
DNAAF11 (23639),-0.01276930965620683
NIPBL (25836),-0.012768294910496605
LGI3 (203190),-0.012767961638844734
LAMTOR1 (55004),-0.012764880856787215
TAS2R3 (50831),-0.012763752504028362
SFXN1 (94081),-0.012762028814614725
TTLL12 (23170),-0.0127599510076208
UBASH3B (84959),-0.012753739175973007
MIA2 (4253),-0.012748096373343
IFT74 (80173),-0.012740532109833197
MBD1 (4152),-0.01273156871388755
TRIM7 (81786),-0.012729316409830825
TAS1R1 (80835),-0.012724898111160714
DCBLD1 (285761),-0.012718038242625886
TOP6BL (79703),-0.01271732299039702
YY1AP1 (55249),-0.012709517847356787
SOX3 (6658),-0.01270033144552782
NUP54 (53371),-0.012695772386859434
RND2 (8153),-0.012695010180076087
TMED10 (10972),-0.012688541335860754
KIF1C (10749),-0.012687413111069993
TDRD3 (81550),-0.012685098089601436
NENF (29937),-0.012682793607986008
MYO16 (23026),-0.012675462691107732
ATP2B3 (492),-0.012674801809281915
DEPDC4 (120863),-0.01267257778434465
CCDC121 (79635),-0.012667892435350245
SMARCA5 (8467),-0.012660400184632879
ACVR1B (91),-0.012646696044317873
YOD1 (55432),-0.012646459179347173
DNAJC5B (85479),-0.012642387010123383
RBM34 (23029),-0.01263676909212069
KRTAP5-6 (440023),-0.012615869308930853
GALNT3 (2591),-0.01261331260714718
ACTR3 (10096),-0.012610456866705342
STK38L (23012),-0.012609648716509388
FBXO4 (26272),-0.01259746443255205
BANP (54971),-0.012593268760351365
TM4SF1 (4071),-0.0125910896122774
SEMA4D (10507),-0.0125853619872922
MEGF11 (84465),-0.012584274613792218
RBKS (64080),-0.01257174679015705
SLC34A1 (6569),-0.012566941263972738
NDST2 (8509),-0.012566100947943953
GALM (130589),-0.012556020873383722
SEMA7A (8482),-0.012553901090538914
ATF5 (22809),-0.012551712467595531
UBE3C (9690),-0.01254971961925627
KCNJ4 (3761),-0.012538507486645688
S100A5 (6276),-0.012536359638971371
GAPVD1 (26130),-0.01253203039216394
FOXG1 (2290),-0.012531626953479433
DHTKD1 (55526),-0.012530883369690275
IGFL2 (147920),-0.012518246138842355
SNX31 (169166),-0.012517056419721052
AGO1 (26523),-0.012515392191703782
ZNF385B (151126),-0.012515191105401653
RMND5B (64777),-0.012515007360471887
ACTRT2 (140625),-0.012514274725138334
MTHFS (10588),-0.012504052424811018
ZNF536 (9745),-0.01250061156546676
NFE2L1 (4779),-0.01249979106811699
LARGE1 (9215),-0.012497003970207945
GPR6 (2830),-0.012496778390590647
IGF1 (3479),-0.012494531376348478
AGXT (189),-0.012493274120590604
RHOXF2 (84528),-0.012492947403215608
DNASE1L2 (1775),-0.012490166232560856
FBXL8 (55336),-0.012489964148222994
GRAMD1A (57655),-0.012488079392632995
TMEM132A (54972),-0.012465604742639276
PCARE (388939),-0.012463727117835362
ADRA2A (150),-0.01246305736528885
CPB1 (1360),-0.012448627892994692
YAP1 (10413),-0.012443249834517832
TMPRSS2 (7113),-0.012437837604321622
QTRT1 (81890),-0.012428928261624651
ZNF629 (23361),-0.012428019694476485
IGFBP1 (3484),-0.01241720315701241
BCL11A (53335),-0.012411905086120348
REV3L (5980),-0.012411325097690704
TAFA5 (25817),-0.012406050075478967
C6orf15 (29113),-0.01240355015956477
KALRN (8997),-0.012401791695319679
H1-6 (3010),-0.012399709987103455
SP100 (6672),-0.012395565957018753
APOL2 (23780),-0.012379801082286016
RAD51D (5892),-0.012377957032581443
MESP1 (55897),-0.012377179606323434
GCLM (2730),-0.012367341084368644
TNFRSF10A (8797),-0.012366484726948929
DENND6B (414918),-0.012363815680042665
CDH19 (28513),-0.012361374969620195
TUBA8 (51807),-0.01235506746024802
LANCL3 (347404),-0.012352544367963807
PRB2 (653247),-0.012338905975217498
SLFN14 (342618),-0.012333650183122876
DUSP1 (1843),-0.012330944083989395
MADCAM1 (8174),-0.012325323332739769
RAD51AP1 (10635),-0.012318311733200455
PTPN2 (5771),-0.012313555876174906
AGRP (181),-0.012311508057066552
GUCA1ANB-GUCA1A (118142757),-0.01230599876669417
GPHA2 (170589),-0.012301567467050875
GABRB2 (2561),-0.012301206811893072
TMEM88 (92162),-0.012295285147775382
AVPR2 (554),-0.012289051028038718
PRSS58 (136541),-0.012284187762160443
BRCC3 (79184),-0.01228098235700548
ITFG2 (55846),-0.012276764383267927
CEACAM6 (4680),-0.012276001904640033
PSG1 (5669),-0.012273978040680766
RPL36 (25873),-0.012269902758687562
SLC4A2 (6522),-0.01226302738409127
GPR82 (27197),-0.012262477401412683
MSANTD3 (91283),-0.012260776062677937
FAM47E (100129583),-0.012248795817214579
ALLC (55821),-0.01224461025938586
PAX5 (5079),-0.012244590167998321
PELI2 (57161),-0.012242803241181413
SPTSSA (171546),-0.01224152328883389
RETN (56729),-0.01224053666038358
SYNE1 (23345),-0.012239964213895683
IRGC (56269),-0.012228752181122297
SLC22A16 (85413),-0.012221130938996629
CLN3 (1201),-0.01221798040729858
FBN3 (84467),-0.01220494075449127
OR2W3 (343171),-0.012187261320616299
ZNF449 (203523),-0.012182461207844737
UNC13D (201294),-0.012182078209806468
DUSP7 (1849),-0.012154695220906422
EIF3A (8661),-0.01214811806774044
TSEN34 (79042),-0.01214394433055807
SFRP2 (6423),-0.012141399313311447
DCDC2 (51473),-0.012135561565924642
OOEP (441161),-0.012130837670381924
SFTPA1 (653509),-0.012128590971881379
GATC (283459),-0.012126752346527518
OR10R2 (343406),-0.012125425069407364
PRKACB (5567),-0.01212194904169984
MXRA7 (439921),-0.012119730461602725
GRIK5 (2901),-0.01209723688160785
DPEP3 (64180),-0.012096407298355347
LIG4 (3981),-0.01209143485599408
TTC16 (158248),-0.012091163726689535
GIPC3 (126326),-0.012085654573474894
CHAF1A (10036),-0.012081217824261636
GALNT18 (374378),-0.012078581116671991
LAMTOR3 (8649),-0.01207529016400943
DSP (1832),-0.012070825508442852
PCDHA3 (56145),-0.012063963918865526
ACAN (176),-0.012060279426142673
FHIP1A (729830),-0.012059545343611882
TBC1D1 (23216),-0.012053461223048071
TFB1M (51106),-0.01205190069789563
TSNAXIP1 (55815),-0.01204853685209304
TFAP2D (83741),-0.012047352904039315
XXYLT1 (152002),-0.012041206428793043
ALG3 (10195),-0.012040909047951534
USP33 (23032),-0.012037036626390444
SIPA1 (6494),-0.012031462015657565
ALDH1A3 (220),-0.01202779017532483
FST (10468),-0.01202738355557522
KDM5C (8242),-0.012026221497707063
ALAS1 (211),-0.012017186298111533
FAM76A (199870),-0.01201670043154423
BBS10 (79738),-0.012015349518685164
SLC25A47 (283600),-0.012005584511380939
RCAN3 (11123),-0.01200287822023925
PI4KB (5298),-0.011999449565072548
GHSR (2693),-0.01199805568572981
BAIAP3 (8938),-0.011992890054157218
ESF1 (51575),-0.011989997102395967
PP2D1 (151649),-0.011977987218687279
SOD3 (6649),-0.011976796530567468
FMO2 (2327),-0.011971319199363206
CABP2 (51475),-0.011963686751514638
DEFB110 (245913),-0.011949440648282614
DMP1 (1758),-0.011947275289316817
DCD (117159),-0.011945877120378244
ATR (545),-0.011939723968825923
NRSN1 (140767),-0.011926387685764647
TSPAN17 (26262),-0.011926260796855093
TRIM44 (54765),-0.011914168045675601
KCNK16 (83795),-0.011882550630682377
CRYZL1 (9946),-0.011881717786108227
SLC5A7 (60482),-0.01186622929270336
ZMYM4 (9202),-0.01186234564863801
PARVB (29780),-0.011859628750959719
OR13C9 (286362),-0.01185653638399951
PCBP3 (54039),-0.01185196407749227
TRIP13 (9319),-0.011830661176549427
COX7B2 (170712),-0.011820306857552065
CD5 (921),-0.011816949071785382
PTX4 (390667),-0.011814748923904713
PAQR8 (85315),-0.011813373890548573
CHAC2 (494143),-0.011811559262219771
GALNT7 (51809),-0.011804690769560013
DLG4 (1742),-0.011796356405201066
FAM78B (149297),-0.011796020567876962
KRTAP10-9 (386676),-0.011790544956559807
CTDSP1 (58190),-0.011784201595297403
PRCC (5546),-0.011782521784460306
CCDC136 (64753),-0.011769375687673663
GRK6 (2870),-0.011763154381737553
CAPS2 (84698),-0.01176230578105515
RBBP5 (5929),-0.011758436257384864
POPDC3 (64208),-0.011750584788563176
ILF2 (3608),-0.011743033284760285
VWA7 (80737),-0.011724560183143454
EEF1G (1937),-0.011724518213869179
TMEM132B (114795),-0.011723309168677924
PIM1 (5292),-0.011719719834353836
FETUB (26998),-0.01171646703642675
APPBP2 (10513),-0.011715582283960423
CCDC106 (29903),-0.01171421326140834
FANCF (2188),-0.011713705901987682
ZMAT3 (64393),-0.011709860619918683
DNPEP (23549),-0.011709343771409753
OR9A4 (130075),-0.011704989301477982
RNF6 (6049),-0.011703378935620795
PDC (5132),-0.011701626523733265
C1QBP (708),-0.011696118439823875
LYL1 (4066),-0.011668015998164962
DDI1 (414301),-0.011657803762009096
B3GALT4 (8705),-0.011656953347683574
FOSL2 (2355),-0.011650680156139404
AMZ1 (155185),-0.011649164671266816
ENTPD8 (377841),-0.011641739133921254
PTRH1 (138428),-0.011630152508234199
VDAC2 (7417),-0.011623707756840376
NDST4 (64579),-0.01161901693790142
PPP1R16B (26051),-0.01161428652450375
BMAL2 (56938),-0.011612346100099055
PFKFB1 (5207),-0.011602887612639124
ARHGAP19 (84986),-0.011590710825158798
EPHX2 (2053),-0.011583777112819752
MYOM1 (8736),-0.011554989166940362
NFKBIB (4793),-0.011553710449925158
OR2H2 (7932),-0.011552490140688583
RAD54L (8438),-0.011534748860540619
OR4N2 (390429),-0.011533704771853321
LRRC61 (65999),-0.011532453594314838
ACCSL (390110),-0.01152949643683647
C1QL2 (165257),-0.011529157740869404
ANKRD54 (129138),-0.011516508122121249
SYT2 (127833),-0.011504550642463827
MROH2B (133558),-0.011490594887354572
TRIM22 (10346),-0.011490184954684155
CCDC149 (91050),-0.011478322748859168
KRT80 (144501),-0.011476177559236269
ST6GALNAC4 (27090),-0.011475854866780497
IP6K1 (9807),-0.011470277974182675
BLK (640),-0.011466521915716604
ADCY1 (107),-0.011466440729744306
TSPYL4 (23270),-0.01145037496752079
CCDC12 (151903),-0.01144716470496196
TRAF1 (7185),-0.011412167716192183
RUBCN (9711),-0.01140765299364351
UGT2A3 (79799),-0.01140649678362813
DUS2 (54920),-0.01139094010954632
MPLKIP (136647),-0.01138947370717227
SEC63 (11231),-0.011379726911057838
ZNF408 (79797),-0.011376750930917232
CHTOP (26097),-0.011373396255871313
ARL4A (10124),-0.011373022104530107
TOM1L1 (10040),-0.011361672682256243
EXOG (9941),-0.011357018938295216
SPRING1 (79794),-0.011345069314077348
NADK (65220),-0.011344088286707847
SUPT5H (6829),-0.011343072752461728
PILRB (29990),-0.011325729177566381
FRK (2444),-0.011322278690402927
GARIN3 (153745),-0.011321317297587096
CIMIP6 (129852),-0.011314008691431883
RABGEF1 (27342),-0.011297793284886656
TRAF4 (9618),-0.011282828983156832
PCYOX1 (51449),-0.011280217492242773
COMMD7 (149951),-0.011279927883512071
GGPS1 (9453),-0.011277153259894743
C8orf34 (116328),-0.011272298996317598
TINAG (27283),-0.011254124236526645
ANXA9 (8416),-0.011243848603073831
CRYBA2 (1412),-0.011240812801832737
DDX25 (29118),-0.011237728615445091
POLR3A (11128),-0.011228620244933485
IPCEF1 (26034),-0.0112174212065574
ZNF658 (26149),-0.011217040580352923
SLC22A13 (9390),-0.011208095274510419
ANGPTL2 (23452),-0.011194036867010974
ENTPD5 (957),-0.011192361169037929
CRACD (57482),-0.011181998277265105
LMO7 (4008),-0.011178196047794587
RBM45 (129831),-0.011160760909509312
PRR30 (339779),-0.011159403076860041
PRRC2C (23215),-0.011135961859918634
LIPM (340654),-0.011135352222983105
MOSPD3 (64598),-0.011131746390672485
SH3TC2 (79628),-0.011106968971558369
CLEC3B (7123),-0.011106023361849958
FAM78A (286336),-0.011102999889342558
ZNF211 (10520),-0.01110032403266698
PTK6 (5753),-0.011098567214424952
CHN1 (1123),-0.011097875598358831
PARL (55486),-0.011092532147071132
PITPNC1 (26207),-0.011088569218636763
KDM5B (10765),-0.011088145822430324
TRADD (8717),-0.0110851741883019
ZNF135 (7694),-0.011081321573264094
FNIP1 (96459),-0.011074621654703553
ST8SIA1 (6489),-0.011072932726741307
PEPD (5184),-0.011072530122716294
ELF2 (1998),-0.011071612855118824
MPC1 (51660),-0.011069697264801694
GPS1 (2873),-0.011069115442756655
PIRT (644139),-0.011066972631420837
BCORL1 (63035),-0.011060120509299966
SUSD3 (203328),-0.011055837650238706
SUCLG1 (8802),-0.011055104104865814
RNASEH2C (84153),-0.011044388725090467
CYP27A1 (1593),-0.011043907315698187
FAM217A (222826),-0.01104303518205288
TMEM120A (83862),-0.011034721177186842
DVL2 (1856),-0.01103416209483214
MACF1 (23499),-0.011031092947787648
SIGLEC9 (27180),-0.011031063722631641
INTS7 (25896),-0.01102563231552373
CD86 (942),-0.011025070298657501
PTPRT (11122),-0.011018606243159729
MRPS26 (64949),-0.011013516254193938
TBC1D23 (55773),-0.011009956303061074
GALNT9 (50614),-0.011009345218285413
SERBP1 (26135),-0.010979373425767137
SCN2B (6327),-0.010975700826542346
FCAR (2204),-0.01097556917201709
PROCA1 (147011),-0.010973234201135313
ZNF146 (7705),-0.010972400250058773
DCLK1 (9201),-0.01096794321945785
HTR2A (3356),-0.010965564765024577
MDGA1 (266727),-0.010963196737131175
NARF (26502),-0.010961977650701837
CENATAC (338657),-0.010961294308339345
CACNG1 (786),-0.010961137914493924
ST3GAL1 (6482),-0.010960653260637027
STH (246744),-0.01095737672614222
NPTN (27020),-0.010953968661780422
SAPCD1 (401251),-0.010950517665397515
MAGEA8 (4107),-0.010939201237123282
DOK1 (1796),-0.010926951784079677
GPT (2875),-0.010926625935456333
ZBTB7A (51341),-0.01092559167983598
FOXN1 (8456),-0.010905131700616352
UBE2B (7320),-0.01090380211642751
APOC3 (345),-0.01089957897234526
WDSUB1 (151525),-0.010896349642775232
AMT (275),-0.010895506482615608
OGDHL (55753),-0.010893086209509179
EHD2 (30846),-0.010891902276356722
ANKRD31 (256006),-0.010890396641273004
ADH7 (131),-0.010888465146842597
GEM (2669),-0.010874557755215087
OR2T12 (127064),-0.010869317455426498
TMEM86A (144110),-0.010868455856416817
CPT1A (1374),-0.01086008106766698
MMP25 (64386),-0.010846087890142143
MYO1F (4542),-0.010845961755347678
IRX3 (79191),-0.010844793549300383
TRPM6 (140803),-0.01083802881709283
KRTAP11-1 (337880),-0.010836166067924657
SSH3 (54961),-0.010825443447034998
TMEM69 (51249),-0.010824674184763733
ZP4 (57829),-0.01081774602198784
AGAP2 (116986),-0.010814351925775534
VAMP7 (6845),-0.01081005223763176
NPAP1 (23742),-0.010808996556073744
PRAM1 (84106),-0.010808171787370436
KRTAP22-2 (100288287),-0.010808054567728185
RNF19B (127544),-0.01080137638173134
NLRP7 (199713),-0.010788004798081924
TBRG4 (9238),-0.010783452934218299
TRAT1 (50852),-0.0107663156166986
NAT16 (375607),-0.010765429086140539
HECTD3 (79654),-0.01076489197112098
KAT14 (57325),-0.010764722079043837
TMEM254 (80195),-0.010763724085789468
KRT71 (112802),-0.010762113337892747
EFEMP1 (2202),-0.01075608100750646
PMCH (5367),-0.010751524883695017
TRMT1 (55621),-0.010748974800099285
DARS2 (55157),-0.010744857445819872
CNKSR3 (154043),-0.010734616220601153
ZNF326 (284695),-0.010733602393015955
SERPINB7 (8710),-0.010730053319363593
CA1 (759),-0.010728219009776167
CYP24A1 (1591),-0.010727296473090777
CAMSAP3 (57662),-0.010723996281381735
IL4I1 (259307),-0.01071894318661889
UNKL (64718),-0.010717368512698581
CALHM4 (221301),-0.01071725217555713
MTDH (92140),-0.01071578449981335
OR7A5 (26659),-0.01071081317494414
SLC6A8 (6535),-0.010698793646850169
MS4A10 (341116),-0.010688730161059404
COX18 (285521),-0.010686937127770071
SASH1 (23328),-0.010680552007473752
CLMP (79827),-0.010673276507701853
ASB1 (51665),-0.010666571485652237
CCDC13 (152206),-0.010648326697280148
MFSD1 (64747),-0.010645635552987335
SYNPO (11346),-0.01064108374490696
MRPL49 (740),-0.010638749404910419
ZNF764 (92595),-0.010635535164768782
CYP7B1 (9420),-0.010626524954376701
HNF1B (6928),-0.010616052282625446
EMP3 (2014),-0.010612492161235706
BIN1 (274),-0.0106082111795586
ZNF587B (100293516),-0.010605861292226456
MORN4 (118812),-0.010594919335283637
CD209 (30835),-0.010590132130403088
METAP2 (10988),-0.010589945016328648
WBP4 (11193),-0.010567595852540234
COX7B (1349),-0.010566135862570604
CYREN (78996),-0.010562844050859391
AAMDC (28971),-0.010559176157925017
ATP5F1C (509),-0.010556261409690078
OR8H3 (390152),-0.010555754549565243
SPTY2D1 (144108),-0.01055174790735036
PRR32 (100130613),-0.010550652647035454
AKAP14 (158798),-0.010547700715166305
PNPLA5 (150379),-0.01054132018965354
ERVW-1 (30816),-0.010534037081300301
CCIN (881),-0.01053333185579994
TTLL3 (26140),-0.010495563456181396
FRMD4B (23150),-0.010493897319393649
PPARG (5468),-0.010489603386809678
PLSCR1 (5359),-0.010488134390524864
MDM1 (56890),-0.010477151997331806
MYOM3 (127294),-0.010472133246413726
TSHZ2 (128553),-0.010470640790114944
EFHC2 (80258),-0.01046875693227493
MRPL10 (124995),-0.010468249644854629
DEPP1 (11067),-0.010466934871117202
DHX34 (9704),-0.010465460166138646
ZNF212 (7988),-0.010463706240423759
RPS20 (6224),-0.010456189680095731
ZNF813 (126017),-0.010452599661201505
TCF7L1 (83439),-0.010452509618526756
GPRC5B (51704),-0.010450889482150278
ZNF804A (91752),-0.010439633777076188
PLCXD2 (257068),-0.010435703594387943
LIMCH1 (22998),-0.010431830656557586
PGF (5228),-0.010425775247823673
TMEM179B (374395),-0.010425333766402577
ORC1 (4998),-0.010424518323615581
UGT1A9 (54600),-0.010417941830307862
NUP210L (91181),-0.01040512485561243
ZNF202 (7753),-0.010391529752272382
LECT2 (3950),-0.01038997296822874
ADCY5 (111),-0.010384413815752261
NCAM2 (4685),-0.010381727005505208
SLC47A2 (146802),-0.010381224463299588
CLDN11 (5010),-0.010376244081032417
TRAPPC9 (83696),-0.010374459667773622
ARMCX4 (100131755),-0.010367196727052686
KIF3C (3797),-0.010364503283669904
KIR3DL3 (115653),-0.010361069980143718
KIR3DL2 (3812),-0.01035987482188238
CITED4 (163732),-0.010359237027870753
TEX9 (374618),-0.010356816851993106
SCARF1 (8578),-0.010350028802671822
FASTKD1 (79675),-0.010342819972323745
MPPED1 (758),-0.010338608384923585
CEP72 (55722),-0.01033677988958076
BCAS2 (10286),-0.010336446659981144
NRP2 (8828),-0.010331199474808145
TM7SF2 (7108),-0.010329610097886039
TRIM14 (9830),-0.010317076625105132
TCTN2 (79867),-0.010316911837885618
DNAJB8 (165721),-0.010316787666239587
SLC25A5 (292),-0.010316548490671486
MICAL1 (64780),-0.010312300025028313
TENT5D (169966),-0.0103103066362279
CAMTA2 (23125),-0.010305546462420972
BOP1 (23246),-0.010300054116386004
MIDEAS (91748),-0.010297353896455249
MTF1 (4520),-0.010296160240698335
KIF7 (374654),-0.010295851625422243
DGKD (8527),-0.01029215077398784
CXCR1 (3577),-0.010288011868983636
TRIR (79002),-0.010282305586675982
SPAG4 (6676),-0.010270082191695618
BLOC1S1 (2647),-0.010264871453594625
HAND1 (9421),-0.010253060594446618
DENND2C (163259),-0.01024330589672368
PIERCE1 (138162),-0.010242173942378186
F13A1 (2162),-0.010240840109112746
TMC8 (147138),-0.01022922554043141
TDRD12 (91646),-0.010227945359084157
LINGO3 (645191),-0.010225933112528018
VPS37C (55048),-0.010223704633393104
STARD10 (10809),-0.010214198311143778
KREMEN2 (79412),-0.010197940152971508
TIMP1 (7076),-0.01019077869171443
PPP1R27 (116729),-0.010185157475936252
HMOX1 (3162),-0.01018482687074862
DPH1 (1801),-0.010184677541340784
EEIG1 (399665),-0.010178974019763778
TSHZ1 (10194),-0.010177079574379383
PRRX1 (5396),-0.010166231392376922
BSPRY (54836),-0.010163174937769448
CMPK1 (51727),-0.01015689198611997
RNF32 (140545),-0.01015453415338425
EMP1 (2012),-0.010152343113431708
MS4A14 (84689),-0.010144233303629523
SYNE4 (163183),-0.010142103537250681
CRIP1 (1396),-0.010133840511171143
KIF4A (24137),-0.010132227568706966
PIH1D1 (55011),-0.01012345923933069
C21orf140 (101928147),-0.01012285869645467
COLEC11 (78989),-0.010122204778103308
ABHD12 (26090),-0.010113292939969988
SYS1 (90196),-0.01010948403893886
CALCR (799),-0.010106202625733203
HCN4 (10021),-0.010105616676061179
STARD4 (134429),-0.010100271921258487
TMEM91 (641649),-0.010096237926975291
ABRAXAS2 (23172),-0.010094052665678699
PRM1 (5619),-0.010091538784179685
DNAJB5 (25822),-0.010091320872835867
IDH2 (3418),-0.010082530923181503
PCDHB16 (57717),-0.010076005636058883
CDKN2D (1032),-0.01007452813759893
PRDM14 (63978),-0.010074248731641306
CYTL1 (54360),-0.010069223681358543
ZNF502 (91392),-0.010064794212753742
EIF3J (8669),-0.010062730670726017
GATA2 (2624),-0.010061371461641306
GZF1 (64412),-0.010059834803720826
UGT1A7 (54577),-0.010058527442641674
PHKG2 (5261),-0.01005611454631957
MFSD6L (162387),-0.010052957602789578
ALDH3A1 (218),-0.01005063101762991
KRTAP19-3 (337970),-0.010047185691094659
CEP152 (22995),-0.010039676036785338
IRS2 (8660),-0.010037497827901247
KRT33A (3883),-0.010036617860716341
SQLE (6713),-0.010020932129068627
OR6C3 (254786),-0.01001531394417102
RNF26 (79102),-0.01001439171405617
TCEA3 (6920),-0.010008701813097884
KRT5 (3852),-0.010007488169540706
SLC7A3 (84889),-0.009983110229370526
DNAH5 (1767),-0.009977988266180241
TOP3B (8940),-0.009972124827266386
FBXO31 (79791),-0.009969208611001246
KRTAP13-4 (284827),-0.009968951449436408
DCTN4 (51164),-0.00996892725492736
NDUFB4 (4710),-0.009965142916424627
IKZF2 (22807),-0.00995283897149494
TBC1D20 (128637),-0.009951489296313518
CNBD1 (168975),-0.009950147844137877
ANKRD16 (54522),-0.00994763920659146
AQP12B (653437),-0.00994358905288522
KBTBD3 (143879),-0.009939265008965264
RGS10 (6001),-0.009938927148871325
SLC43A2 (124935),-0.009936225897396357
STAMBPL1 (57559),-0.009934927442557173
NCBP2 (22916),-0.009931652323095161
SLC25A41 (284427),-0.009929740788145942
NME8 (51314),-0.009926415008837432
CCDC88A (55704),-0.009922196561399053
HOXD1 (3231),-0.009913461336423056
SSX3 (10214),-0.009911346596046785
EDRF1 (26098),-0.00990641975897788
SULT1B1 (27284),-0.009902453734255747
MEF2B (100271849),-0.009901688703001161
ZSCAN9 (7746),-0.009901325197659695
LILRB2 (10288),-0.009898935027058723
DNAJC10 (54431),-0.00989593286752827
MAP4 (4134),-0.009887407907847366
SUMO4 (387082),-0.009884074316538575
WFS1 (7466),-0.009882094134329241
DIS3L (115752),-0.009881442590897023
SPANXN3 (139067),-0.009876951412753875
CCR10 (2826),-0.009876181028482122
PKN3 (29941),-0.009869251764861456
WDR88 (126248),-0.009862631376492483
HLA-A (3105),-0.009855323080862418
CACNG5 (27091),-0.00985055220752146
GSTA2 (2939),-0.009850037501297336
MRPS18C (51023),-0.0098409470148685
ZNF800 (168850),-0.00983592747282664
PTPN6 (5777),-0.009833806242967357
BRME1 (79173),-0.009818312999457237
VGLL2 (245806),-0.009816497402936997
TOP1 (7150),-0.009815473542987741
MAFB (9935),-0.009806585971572341
ERMARD (55780),-0.009800266107868896
HERC6 (55008),-0.009782091755743443
C12orf75 (387882),-0.009773267229331193
CBLL2 (158506),-0.009768778662754867
WIF1 (11197),-0.009767875385375728
KPNA4 (3840),-0.009750538454095506
UMOD (7369),-0.009746908283564245
ZNF562 (54811),-0.009745768014535944
PSMA6 (5687),-0.009741372093422029
IFT140 (9742),-0.009735395095862588
VSTM1 (284415),-0.009731857977887474
RUSC1 (23623),-0.009731544424461891
DNTTIP1 (116092),-0.0097261783829103
OMG (4974),-0.009711596719015562
LRRC46 (90506),-0.009704675542387629
STXBP1 (6812),-0.009703531039869042
ZDHHC23 (254887),-0.009699957983448021
FBXO42 (54455),-0.009699502046745167
COQ4 (51117),-0.009696338752235089
GLIPR1L1 (256710),-0.009689334226430871
CEP170B (283638),-0.009678832853686654
CAPZA3 (93661),-0.009677704969256842
ACAP3 (116983),-0.009677103745919824
CAV3 (859),-0.009677089111440131
ARMC6 (93436),-0.009662187420709867
C6 (729),-0.00966161561497945
COX14 (84987),-0.009660122884238268
SRRM4 (84530),-0.009658831375397109
SPACA1 (81833),-0.00964616407185457
CLDN4 (1364),-0.009641223590021595
MCF2 (4168),-0.00963433660783317
CYP2C19 (1557),-0.009634248282123805
SLC27A6 (28965),-0.009624469050727454
KRTAP20-3 (337985),-0.00962420170041215
SOAT1 (6646),-0.009615120156277085
AASDH (132949),-0.009613537664989546
KLHDC8A (55220),-0.009613478232146581
ZNF550 (162972),-0.009602987391426274
IRS4 (8471),-0.009601820241877787
NR2F1 (7025),-0.009593647956782084
PI4KA (5297),-0.009583424543912672
HLA-B (3106),-0.009581346801771508
MBNL3 (55796),-0.009576897753038967
ZNF653 (115950),-0.009571462297883433
EFCAB12 (90288),-0.009564768653315724
HVCN1 (84329),-0.009564290398354484
CATIP (375307),-0.009562079156134617
INMT (11185),-0.009551416354058118
RARS1 (5917),-0.009544951835500484
GSTP1 (2950),-0.009540060919947649
PSMA7 (5688),-0.00953962674993493
CHRNB2 (1141),-0.009532603265049967
OR52L1 (338751),-0.00953133874575161
RBBP8NL (140893),-0.009524564893048678
PPP1R3B (79660),-0.00952448565110926
HIC1 (3090),-0.009522363103706796
EPHA2 (1969),-0.009520447920518498
AHNAK (79026),-0.009500228708566611
LRRCC1 (85444),-0.009493701143729669
FAM131A (131408),-0.009488881068330983
CST9 (128822),-0.009486875459158852
TFPT (29844),-0.009467736059818412
NT5E (4907),-0.009467306920692094
TINAGL1 (64129),-0.009464326892333555
TANC1 (85461),-0.009461139367697706
OR51A7 (119687),-0.009432402501197302
DLGAP3 (58512),-0.009429378885267313
RTN3 (10313),-0.009423653951975666
TGM6 (343641),-0.009419277888965584
TPM4 (7171),-0.009397750356680331
MRPL19 (9801),-0.009393461958948345
SHROOM1 (134549),-0.009390035939549075
PRR23B (389151),-0.009383868248324519
MAST4 (375449),-0.009379010586483298
RHBDL2 (54933),-0.009370562599340179
NOMO2 (283820),-0.009366805420198219
BOD1L1 (259282),-0.009364215527862445
BET1 (10282),-0.009359400714171075
TIFA (92610),-0.009357715552365777
PM20D1 (148811),-0.009357145095415466
PTCD2 (79810),-0.00935361861925213
SGTA (6449),-0.00935026742643821
PIGR (5284),-0.009349519770875166
ZNF521 (25925),-0.009345116763300654
PKD2L1 (9033),-0.009342098086034686
ELK4 (2005),-0.009340919220765435
ARL14EPL (644100),-0.00933572712828843
PTH (5741),-0.00933277579378556
ANXA8 (653145),-0.009329422179104546
SGTB (54557),-0.009326782053092252
STRC (161497),-0.009326689454983196
PRPF40B (25766),-0.009326386338839676
TSKU (25987),-0.009322273490659337
XRRA1 (143570),-0.009314571466714178
MMP27 (64066),-0.009313963960414217
SQOR (58472),-0.00931186521904615
CCN6 (8838),-0.009309520629021016
PTGR2 (145482),-0.009305026165483203
PXMP2 (5827),-0.00929647524554784
METRNL (284207),-0.009294546890812218
MDH1 (4190),-0.009292443316244505
SIRPG (55423),-0.009292262054819875
KRTAP16-1 (100505753),-0.009276086411788785
PTPRCAP (5790),-0.009271547615633802
MBLAC1 (255374),-0.009267615088071276
ADAMTS12 (81792),-0.009264528408028088
SLFNL1 (200172),-0.009264419405499517
TENT4A (11044),-0.009256526201282802
CD300LD (100131439),-0.009248658363876127
PTPRZ1 (5803),-0.009247095880215751
CDH10 (1008),-0.009246143484946335
LXN (56925),-0.009246072096665704
ATP8B3 (148229),-0.009245250214643579
NFXL1 (152518),-0.00923926642719407
MICOS13 (125988),-0.009238957948449835
FLRT3 (23767),-0.009236183323707462
WHAMM (123720),-0.009230265702121307
AMPD3 (272),-0.009229775818031909
ARID1A (8289),-0.009225747728547689
MMP8 (4317),-0.009225182455450018
CARHSP1 (23589),-0.00922114771844135
COL6A3 (1293),-0.009219005156570419
RPS21 (6227),-0.00921474687199154
ENTR1 (10807),-0.009213165863069701
OTX1 (5013),-0.009210925059419707
CDK5RAP3 (80279),-0.009195047746995956
NTNG2 (84628),-0.009194604397368786
CR1 (1378),-0.009191723761134729
ENTPD1 (953),-0.009187239389033259
TAOK1 (57551),-0.00918062896772178
MYCBP (26292),-0.009179879294597239
ATP2A3 (489),-0.009173541749654348
DHRS11 (79154),-0.009167693725121532
MYLK2 (85366),-0.009163878335084506
KRT20 (54474),-0.00915917521697109
SLC12A7 (10723),-0.00915515611992785
NUAK1 (9891),-0.00915232045605704
SPINT4 (391253),-0.009150403905943424
RNF111 (54778),-0.009143505526629458
PRR14 (78994),-0.009142866893452681
IMMP1L (196294),-0.0091428010391121
FREM3 (166752),-0.009139956790535917
YARS1 (8565),-0.009127233608018
BCDIN3D (144233),-0.009112817819944323
SPATA24 (202051),-0.009112384968254339
ZBTB10 (65986),-0.009101249544227119
CHMP6 (79643),-0.009079920656296278
TMEM176B (28959),-0.009075400216956225
ARHGEF1 (9138),-0.009073076399234548
ZNF382 (84911),-0.009072226845851444
TMEM41B (440026),-0.009068696125215372
RRAS (6237),-0.009067885789093427
CACNG8 (59283),-0.0090655519813264
SMPD2 (6610),-0.0090626577201037
CTSC (1075),-0.009060005166657361
TMEM43 (79188),-0.009052946224190011
RGS1 (5996),-0.009049201612262189
HMBOX1 (79618),-0.009045662923635952
PCSK2 (5126),-0.009038393094921918
COL28A1 (340267),-0.009030030061508603
AQP3 (360),-0.009026581918880493
G0S2 (50486),-0.00902606187947206
CFAP100 (348807),-0.009024872193934939
UMODL1 (89766),-0.009022610523016093
TMC7 (79905),-0.009012361020459094
PACSIN1 (29993),-0.009008645839515873
ACOX3 (8310),-0.009008410358581855
PLD4 (122618),-0.009003108451755396
ABCG8 (64241),-0.009000909359244656
DAGLA (747),-0.009000425393790276
GEMIN5 (25929),-0.008997952225914044
KLK15 (55554),-0.008996715216345345
ZSWIM7 (125150),-0.008996184278170574
NOP2 (4839),-0.008994689397353546
SMARCAL1 (50485),-0.008988266871624547
SLC36A2 (153201),-0.008984355910412852
AHRR (57491),-0.008981480563007623
CH25H (9023),-0.008977698608881587
SYTL2 (54843),-0.008972404134452041
DERL1 (79139),-0.008944897059239468
GARRE1 (9710),-0.008940744177996774
KLHL12 (59349),-0.008934469447705524
DUSP26 (78986),-0.008929161905369104
SIGLEC15 (284266),-0.008924309291882754
OR4F15 (390649),-0.008921777775918082
TSPAN12 (23554),-0.008917125409711174
RELL2 (285613),-0.008916937049795074
ZNF770 (54989),-0.00891523817987907
BZW1 (9689),-0.008913034288863045
GJB7 (375519),-0.008912855391574468
MYG1 (60314),-0.008910645753840445
ZNF564 (163050),-0.00890543146092133
TBCCD1 (55171),-0.00890496240940033
HKDC1 (80201),-0.00890366187356498
FOLR2 (2350),-0.008902383750290675
SCFD1 (23256),-0.008892824879759656
KIF3B (9371),-0.00887021210671785
LGALS7B (653499),-0.008869317504548
DTYMK (1841),-0.008868115301218291
RNF213 (57674),-0.008863152051726704
CUL7 (9820),-0.008859309249200286
DEFB112 (245915),-0.008855875793574261
SLC12A2 (6558),-0.008849984474107982
TUSC2 (11334),-0.008846374061385685
MRPL43 (84545),-0.00884182324580175
ZNF615 (284370),-0.008841756189525918
GPR153 (387509),-0.008837860914714194
DVL3 (1857),-0.00883329462235519
CCN4 (8840),-0.008832079682164451
PGAP2 (27315),-0.008829751281837748
RCE1 (9986),-0.008825490013218494
SLC4A1AP (22950),-0.008817610317058978
ETHE1 (23474),-0.008816945292463086
CALU (813),-0.008807480815906207
NLRP9 (338321),-0.008805539869336382
LUZP2 (338645),-0.008804419892996624
RRP36 (88745),-0.008802064848453708
ZNF839 (55778),-0.00880068005168079
PLPPR4 (9890),-0.008794323178445397
SEC31B (25956),-0.008790219071965963
TIPARP (25976),-0.008774996678645435
CCL11 (6356),-0.008774855944440472
FCRL1 (115350),-0.008774684387884202
ADRB2 (154),-0.00877299315584255
BEND5 (79656),-0.00877095080599213
FERMT3 (83706),-0.008766405453993596
PHKA1 (5255),-0.008760857939481146
QSER1 (79832),-0.00874444743445919
POU3F3 (5455),-0.008741218596776174
ANKRD34B (340120),-0.008736044694980556
CES1 (1066),-0.008727693867370734
MET (4233),-0.00872417842253867
SRCAP (10847),-0.008721257032024872
RAB43 (339122),-0.008716372132732408
STOML3 (161003),-0.008712282110637022
MAML3 (55534),-0.008709506445180575
TPH2 (121278),-0.008699263765581174
MFAP2 (4237),-0.008692476418950648
DUSP3 (1845),-0.00868461496543604
SFXN2 (118980),-0.008679475879205095
CLDN2 (9075),-0.008677207645309862
U2AF1L4 (199746),-0.008676975814062128
TNFRSF11A (8792),-0.00867565206443916
TMC6 (11322),-0.008673160239519391
TC2N (123036),-0.008672599183653807
MAGEB3 (4114),-0.008671453996956565
TMTC1 (83857),-0.008668341215109164
ZNF554 (115196),-0.00866572237907288
EMC7 (56851),-0.008663749903337929
HCFC1R1 (54985),-0.008662790801952178
ZDHHC18 (84243),-0.008657880830538858
TRIM13 (10206),-0.00865674496489699
MXD3 (83463),-0.00865044451267938
ATG2A (23130),-0.008644478115600377
ZNF519 (162655),-0.008639881129343475
DERL2 (51009),-0.008638260836159845
PIN1 (5300),-0.008637235430178573
GRIA4 (2893),-0.00863301012618531
USP48 (84196),-0.008626322935628565
SDS (10993),-0.008624305738168735
TMEM156 (80008),-0.008622825242451768
AAK1 (22848),-0.008619357846594938
GALNT14 (79623),-0.008618504908076067
CYP46A1 (10858),-0.008607285531749652
BRK1 (55845),-0.008585012685034189
KLHL28 (54813),-0.008569622613014614
LRRC27 (80313),-0.008566018954951665
PROZ (8858),-0.008562339607941092
MRAP (56246),-0.008558712985480301
SPATC1L (84221),-0.008547030271383711
BCL3 (602),-0.008546626267690689
CCNB3 (85417),-0.008546122921217448
SNN (8303),-0.008539677772102187
PCBP4 (57060),-0.008527498929708544
OR1L6 (392390),-0.008510682681601076
DYRK1B (9149),-0.008504088114732992
ENPP3 (5169),-0.008502978561595374
SHROOM4 (57477),-0.008501527334670455
ITGAL (3683),-0.008498149399432487
TMEM72 (643236),-0.008489962039113154
EQTN (54586),-0.00848500616641645
TET2 (54790),-0.008483222677341149
NOXA1 (10811),-0.008480826478480169
VKORC1L1 (154807),-0.008464891581583108
RETREG1 (54463),-0.008460863325737158
DGKH (160851),-0.008451174521600362
NCAPG (64151),-0.008451144254165084
CDH17 (1015),-0.00844981112352312
IQCF6 (440956),-0.00844560430454218
MX2 (4600),-0.008436292579062908
HDAC4 (9759),-0.008431259179288945
IQCC (55721),-0.008429933484803687
NOXRED1 (122945),-0.008425686585394604
DAAM2 (23500),-0.008422844780614171
NCKAP1L (3071),-0.008418183731033526
FBXO8 (26269),-0.008415787785254685
GLOD4 (51031),-0.008414619922808668
TCF25 (22980),-0.00841440698375886
ZFY (7544),-0.008411269153815772
OR6F1 (343169),-0.008403181956595554
SIM1 (6492),-0.008400571972716693
C11orf87 (399947),-0.008391836900113943
RIDA (10247),-0.008390928167061894
SAPCD2 (89958),-0.008387854356264763
TDRD7 (23424),-0.008384371610354298
HSD17B12 (51144),-0.008375745787565411
GLYATL3 (389396),-0.008371526935613792
PRPF39 (55015),-0.008363499490300071
GK5 (256356),-0.00835997061813685
CAP2 (10486),-0.008357095405199185
GBP1 (2633),-0.008355387278539537
MIDN (90007),-0.008354720531843742
CTR9 (9646),-0.008354636431949693
NMU (10874),-0.008351255979815522
SRXN1 (140809),-0.008345119097079393
ARMC10 (83787),-0.008341324254177046
OR1Q1 (158131),-0.008339645623367435
GRM3 (2913),-0.008322669207455599
CTSH (1512),-0.008307964083464833
FOXA1 (3169),-0.008306751055043195
SESTD1 (91404),-0.008303080834164785
SAE1 (10055),-0.008300548398943688
CFAP119 (90835),-0.008299318374478996
ZNF485 (220992),-0.00829789288224788
TXNDC8 (255220),-0.008295602982802323
MAN1A2 (10905),-0.008294242549895782
CMKLR1 (1240),-0.008293038542417794
SLC25A24 (29957),-0.008290851426178069
SERPINC1 (462),-0.00829039445617382
QRFP (347148),-0.008289498678363517
ENPP2 (5168),-0.008269242976079342
FAM81A (145773),-0.008268772687751953
FGF3 (2248),-0.008262774047265477
VRK2 (7444),-0.008259649285527413
SGO2 (151246),-0.0082589808104634
QNG1 (84267),-0.008250332402766463
SLC10A5 (347051),-0.008246291273723996
CDK3 (1018),-0.008241786157361758
LGALS8 (3964),-0.008234545566916125
IL2 (3558),-0.008229778376753236
RNF40 (9810),-0.008229365741996427
DDAH2 (23564),-0.008228213256382164
VBP1 (7411),-0.008223693879852119
FAM43B (163933),-0.008222146031220342
GUCY1A2 (2977),-0.008220862688975723
RGL2 (5863),-0.008209618675247868
VAX1 (11023),-0.008208627117127006
KCNK2 (3776),-0.008205941484892816
DNAJC30 (84277),-0.008201894876001937
CERS4 (79603),-0.00819551680286606
TNFSF9 (8744),-0.008188897490719093
KCNS1 (3787),-0.008187005305744038
FAM124B (79843),-0.008185947096078484
GNRHR (2798),-0.008179940201401972
LGALS9C (654346),-0.008172841479482329
HPS3 (84343),-0.008170011546120945
CDCA3 (83461),-0.00816628598624457
GJB2 (2706),-0.00816525541805246
SPINK7 (84651),-0.008162333005068589
HTRA4 (203100),-0.008161157624688253
SNED1 (25992),-0.008155355839295733
GJD3 (125111),-0.008134120763529986
UCHL1 (7345),-0.008125281800105721
TNFRSF8 (943),-0.008124907950998905
ARFRP1 (10139),-0.008122744436063183
RFK (55312),-0.008121599537776485
OR5K4 (403278),-0.008118311060771698
GLRA1 (2741),-0.00810633825058845
GABARAP (11337),-0.008105526895814834
RNF215 (200312),-0.008104226163451293
SOX4 (6659),-0.00809266916783006
FGB (2244),-0.008090863436746575
PLEC (5339),-0.008085424030045623
CHCHD7 (79145),-0.008083060969061551
BDH1 (622),-0.008076111790184345
FAM89A (375061),-0.008073981645428665
ZNRF2 (223082),-0.00807208893777782
ARHGAP11A (9824),-0.00807024192444653
IFIT1B (439996),-0.00806865991427512
RNF151 (146310),-0.00806683902705613
PHLPP1 (23239),-0.00806164069871053
FAM118A (55007),-0.008057724392834035
SLC2A13 (114134),-0.008057709846501414
DYNC2H1 (79659),-0.008052153733820249
FBXW8 (26259),-0.00805099427020425
SFRP1 (6422),-0.00804224573808282
SPINK5 (11005),-0.00804135367467436
HCAR1 (27198),-0.008038577404730953
NR4A1 (3164),-0.008031683320354538
AIF1 (199),-0.008029760570931794
HDX (139324),-0.008022531386093865
COL4A1 (1282),-0.008020281247297433
NDUFAF1 (51103),-0.008018226733789385
TLCD3A (79850),-0.008017665334511667
CYTH4 (27128),-0.008017283355953461
PGPEP1L (145814),-0.008008430217478324
ART1 (417),-0.00800735676781782
RBL2 (5934),-0.007993295454179658
SFT2D2 (375035),-0.007990477276767046
RIMS4 (140730),-0.007980834511510666
OR9G1 (390174),-0.007978307582976235
HNRNPUL2 (221092),-0.007977178752641277
CIB1 (10519),-0.007976112028080797
PTOV1 (53635),-0.007972255653244246
ZBTB38 (253461),-0.007965481006982116
C8orf48 (157773),-0.007965021721448416
ZNF80 (7634),-0.007961005773263993
PPIH (10465),-0.007954354097059134
WDR4 (10785),-0.007948674131401939
ARHGEF2 (9181),-0.007944147913558143
DPM1 (8813),-0.007943943586456155
PRR29 (92340),-0.00794324814071815
CCDC63 (160762),-0.007941547474888129
CNNM1 (26507),-0.007939500578154056
ROPN1B (152015),-0.00793710171207399
RBPJ (3516),-0.00793053224289691
CCDC66 (285331),-0.00792715509058956
OR51F2 (119694),-0.007924975703177602
ZNF529 (57711),-0.007924556075214913
SPINK14 (408187),-0.007924395310553571
TTC5 (91875),-0.00791737294113199
PDIA6 (10130),-0.007916651871856705
STAT2 (6773),-0.007901433641766598
ABHD11 (83451),-0.007900766957130595
PDE4C (5143),-0.007899478945931595
NHERF2 (9351),-0.00789590663009248
SLC49A3 (84179),-0.00788786337312684
TMEM181 (57583),-0.00788437378709923
ZNF558 (148156),-0.007875115435233778
NDUFAF2 (91942),-0.007871795718315512
USP50 (373509),-0.007865891248642851
WNK4 (65266),-0.007858120774027465
DHX37 (57647),-0.007857829830360735
ADAM23 (8745),-0.007846762757095935
SCN1B (6324),-0.007833256167225524
UST (10090),-0.007826011351034482
SENP6 (26054),-0.007814181175118853
HTR4 (3360),-0.007812444073426712
RALGAPA2 (57186),-0.0078109591749360345
MAGED2 (10916),-0.007810791393487512
MGST2 (4258),-0.007793746993829421
RP1 (6101),-0.007792114307222602
CDC42EP1 (11135),-0.007783710206395491
BEST1 (7439),-0.007781488304387589
SLC30A8 (169026),-0.007780048781693423
NPAS4 (266743),-0.007778428137727491
MEF2C (4208),-0.007775547595768185
KCNA1 (3736),-0.007767668008837296
FBXW5 (54461),-0.007764023607138516
AGTR2 (186),-0.0077618058487557645
SOBP (55084),-0.0077591766364170965
HOATZ (399949),-0.007758956933905459
TRIM65 (201292),-0.007749321977680121
GPR15LG (387695),-0.007738594329001195
FCHSD2 (9873),-0.007731997843099477
CLIC3 (9022),-0.007731983560996379
PRDX6 (9588),-0.0077301270994358864
RAN (5901),-0.007729106779723065
PFN3 (345456),-0.007726085430531213
NIBAN2 (64855),-0.007719211407243193
UBXN2B (137886),-0.007718612890641931
PCDHGA1 (56114),-0.007702276116464167
NAV2 (89797),-0.007697702583366483
ELMOD3 (84173),-0.007697166329454033
SAMD14 (201191),-0.0076959850974647704
PWWP2A (114825),-0.007695521036807292
SULF2 (55959),-0.007690110795953916
ARHGAP22 (58504),-0.0076895599158393535
KCNIP3 (30818),-0.007688359462797071
HAUS2 (55142),-0.00768530335481288
WARS1 (7453),-0.007684679460140958
MARK1 (4139),-0.007673889965899742
TLX3 (30012),-0.007669410587313524
CC2D1A (54862),-0.0076606336370981494
GLYAT (10249),-0.0076584400243020784
PLEKHA5 (54477),-0.007650663800417705
NME7 (29922),-0.007648347547509423
SH2D2A (9047),-0.007644534951164066
CLPP (8192),-0.0076412127902120855
ZRANB2 (9406),-0.007637278092147137
IL1RAPL2 (26280),-0.007634857669665847
OR4D2 (124538),-0.007625801704472002
ARHGAP18 (93663),-0.007617719673525375
PYY (5697),-0.007613110821603643
DNAI2 (64446),-0.007595016180365693
PEBP4 (157310),-0.007592625259274301
MAPKBP1 (23005),-0.00759160960780778
PLIN3 (10226),-0.007587490517371222
GLUD1 (2746),-0.007582881527991084
HPGDS (27306),-0.007577327622478521
ADCYAP1R1 (117),-0.007576164375751419
SLC38A10 (124565),-0.007573284803417314
OLFM1 (10439),-0.007565483264952317
EDDM3A (10876),-0.007548887154673524
TMEM35A (59353),-0.007543928444055682
MORN3 (283385),-0.00753897596991795
ZNF783 (100289678),-0.0075121542146676205
MRPL18 (29074),-0.007510625930156281
OR2S2 (56656),-0.007492295257498966
KRTAP1-1 (81851),-0.007485389167805936
PIGG (54872),-0.007480416183934813
ZNF766 (90321),-0.007475622349840191
APBA1 (320),-0.007467434950631136
ZNF837 (116412),-0.007464868626561906
AREG (374),-0.00745592894778833
SMIM8 (57150),-0.007451166607174997
MIX23 (131076),-0.007448257291531856
TMEM87B (84910),-0.007439392513071512
HGD (3081),-0.007437927716637485
PAK6 (56924),-0.0074367154334798605
CAMKK1 (84254),-0.007427729492713551
PODN (127435),-0.007421541344509746
ZNF607 (84775),-0.007420752170084
C3orf70 (285382),-0.007419798618581029
ZNF606 (80095),-0.007416565457974125
COA7 (65260),-0.0074071165098557904
HMGN1 (3150),-0.007405980850320998
SMAD1 (4086),-0.00740392227848713
NCAPD3 (23310),-0.007403316056543113
PSAPL1 (768239),-0.0073855116327083475
RBM10 (8241),-0.007379955975153971
GTF3C6 (112495),-0.007377987822374131
RNF144A (9781),-0.007372412629573672
VEZT (55591),-0.007371137575078816
ATF7 (11016),-0.0073679528859833445
APOBEC3D (140564),-0.007363397010032833
SLC35G3 (146861),-0.007359888082360813
CCDC120 (90060),-0.007357696854127835
KCNT2 (343450),-0.007354705327756955
FAM47C (442444),-0.007339471035225953
MAP1LC3C (440738),-0.007331178152870892
H4C5 (8367),-0.007324913508832051
MESD (23184),-0.007316426428986933
CLDND2 (125875),-0.007316068336387739
SETD6 (79918),-0.007310719860445092
SLC27A2 (11001),-0.007308353687747168
TIMM23 (100287932),-0.007307679391577423
RALY (22913),-0.007306629830053803
BRWD1 (54014),-0.007304534375990538
CYP2R1 (120227),-0.007298507984346004
BCL6B (255877),-0.00729642688810002
MYLK3 (91807),-0.007292774470082999
MTX2 (10651),-0.007291144708062615
FNDC9 (408263),-0.0072802108676721195
SP5 (389058),-0.0072737499460860475
LRRC32 (2615),-0.00726824206306209
ALKAL1 (389658),-0.007261194338474501
HSPB7 (27129),-0.007253499153351877
SLC5A8 (160728),-0.0072469902211784645
GGCX (2677),-0.007240371683863798
PLPP1 (8611),-0.0072366437830452155
CRELD2 (79174),-0.007232792992926212
SIKE1 (80143),-0.007228548624720821
CRABP2 (1382),-0.007228022622703713
LYPLAL1 (127018),-0.007224370786461529
CHRM1 (1128),-0.007215861408533191
APOO (79135),-0.00721291519417818
SRA1 (10011),-0.007208573924036226
PAIP2B (400961),-0.007206455406769663
STT3B (201595),-0.0072046860903248675
VAMP3 (9341),-0.007200163978526468
BLTP3B (23074),-0.007195366045393004
PHAF1 (80262),-0.007188534770844396
TRIM9 (114088),-0.0071884224683815365
GLRX (2745),-0.007187796880965983
PIAS4 (51588),-0.007186061848265613
EIF4G2 (1982),-0.007158208243562863
ZNF304 (57343),-0.0071581758521715565
ASB10 (136371),-0.0071330288026772905
PSG9 (5678),-0.007131520420509099
TRARG1 (286753),-0.007125399754209096
ROCK1 (6093),-0.007124772962168279
EML6 (400954),-0.007118212134436833
COPRS (55352),-0.00710140989986964
ZNF330 (27309),-0.007101300790927667
BABAM2 (9577),-0.007100771088226178
UIMC1 (51720),-0.0070992189157038504
MT4 (84560),-0.007098759653744449
TSC22D4 (81628),-0.007098398396702152
FSCN2 (25794),-0.0070933108899101215
GRB10 (2887),-0.0070920152310041855
HES2 (54626),-0.0070863746063378925
NME9 (347736),-0.007077459118391947
DDR1 (780),-0.007076883649564389
TPM3 (7170),-0.007075350089492323
KDM4E (390245),-0.007075171539668403
METTL18 (92342),-0.007074246511379737
KCNK15 (60598),-0.0070703231244778715
TRIM27 (5987),-0.007067582157185279
RAG2 (5897),-0.007061012627958126
DAW1 (164781),-0.007060368684837063
UBXN2A (165324),-0.00705396930492969
TSTD1 (100131187),-0.007049323807418896
LRPPRC (10128),-0.00704784713183401
GLB1 (2720),-0.007033705227538445
NR2F2 (7026),-0.007031754005125921
SLC25A34 (284723),-0.0070297366068638855
EGLN2 (112398),-0.007025729436554323
FAM20B (9917),-0.007023927214853585
S1PR3 (1903),-0.007023098267490266
HIRIP3 (8479),-0.007021059119175655
RAB1B (81876),-0.007018813757590854
HAUS1 (115106),-0.007008874906615223
MYH13 (8735),-0.006997526238551746
TWSG1 (57045),-0.006986056743091181
CNNM3 (26505),-0.006983463894235925
NSL1 (25936),-0.006973412132879825
UBR2 (23304),-0.00697252600875052
SNAPC4 (6621),-0.00696831506112023
ARMC5 (79798),-0.006967694748430103
ADSL (158),-0.006964281056571578
SPOCK1 (6695),-0.006956633499445442
MORC4 (79710),-0.0069548593772857225
BEST3 (144453),-0.006951973905984169
IPO4 (79711),-0.006951938175112162
OR10C1 (442194),-0.006948776680424508
SLC35B3 (51000),-0.0069212133869487385
SAMD11 (148398),-0.006916615518987291
PLEKHA6 (22874),-0.006913658024627247
IRAK2 (3656),-0.0069116861801801575
SLAIN1 (122060),-0.006907390770265464
P4HTM (54681),-0.006884194484432094
ERMP1 (79956),-0.006881405759086989
DLL3 (10683),-0.0068750351587688234
IGFBP2 (3485),-0.006869221600902738
MTMR9 (66036),-0.006862560395215683
SGCG (6445),-0.006860443841858826
SAMD8 (142891),-0.006855681030645186
HLA-E (3133),-0.006839655237135051
LHB (3972),-0.006837780914847259
COL6A1 (1291),-0.006834713794107754
NHLRC1 (378884),-0.006830221585135261
SPATA16 (83893),-0.006808703935753625
OGT (8473),-0.006790616947276502
SERPINB1 (1992),-0.006788075721788612
SGMS1 (259230),-0.0067859103269634095
CFAP97 (57587),-0.006784158891765875
TMEM237 (65062),-0.006769492941646387
RNF10 (9921),-0.006765836839436163
DPPA4 (55211),-0.006765393337932362
PSMC4 (5704),-0.00676265044164665
TMEM52B (120939),-0.006761867968960659
PLA2R1 (22925),-0.006759331616271575
PPP1R14D (54866),-0.00675520251696702
WHR1 (8859),-0.006753460726639329
PPP2R3A (5523),-0.006751714066790899
FBXO17 (115290),-0.006745594758212671
KLHL26 (55295),-0.006739573451636205
RHOT2 (89941),-0.006739023843506884
NDN (4692),-0.006722689808761298
ZNF383 (163087),-0.006709819598124339
ZDHHC8 (29801),-0.006702059943950642
FBXO10 (26267),-0.00670203291853975
ZBTB5 (9925),-0.00667465935719772
ZNF721 (170960),-0.006673610682275289
EDA2R (60401),-0.006658446264397595
GAS2 (2620),-0.0066579780570714085
PPP1R3F (89801),-0.0066546821068673035
ZKSCAN3 (80317),-0.006641639830973509
C16orf96 (342346),-0.0066403485299713705
CARM1 (10498),-0.00663071007885734
OGFRL1 (79627),-0.006623162334749715
HSD17B14 (51171),-0.00661642100489828
C1QTNF1 (114897),-0.006613580722013784
PACC1 (55248),-0.006605865546657099
RTL6 (84247),-0.00660184240090111
LTK (4058),-0.006578372497376493
NR4A2 (4929),-0.006569624623489734
KDM7A (80853),-0.006563789296974348
MIPEP (4285),-0.0065626437416387955
KLHL29 (114818),-0.00655978088803153
SLC5A10 (125206),-0.006559443030377162
PARPBP (55010),-0.006555736901193076
NAP1L3 (4675),-0.006553243469126396
OTOG (340990),-0.0065434385181296194
DMGDH (29958),-0.006534479697606879
PFN4 (375189),-0.006531187401104156
SDC2 (6383),-0.0065303743229772745
FPR2 (2358),-0.006515690543410899
PCDHGC3 (5098),-0.006513402045145092
CD247 (919),-0.006510014213568029
FAM81B (153643),-0.006508146308039546
NID2 (22795),-0.006506830868416571
TEFM (79736),-0.0064926300738766644
TRIM50 (135892),-0.006480689545854423
BECN1 (8678),-0.006468383321108939
ARHGEF18 (23370),-0.006461284559318328
KCNK12 (56660),-0.006460251299490646
GABRR1 (2569),-0.006457899233449426
MTMR4 (9110),-0.006451615609013698
CCND1 (595),-0.006448872078198396
GRIN2B (2904),-0.00644399585602143
NUDT14 (256281),-0.006441927022498506
ESYT1 (23344),-0.006439974223243475
MOG (4340),-0.006439154919474075
TNFRSF17 (608),-0.006430741456651903
UBE2QL1 (134111),-0.006413385864359234
SLC44A3 (126969),-0.006407877713238772
ZNF577 (84765),-0.006406424728620656
STAP1 (26228),-0.006402274172132387
CRYBB1 (1414),-0.006401866060487927
KCNJ13 (3769),-0.006401410825574992
IFI6 (2537),-0.006398957085097299
SSC4D (136853),-0.0063977208101254615
HLA-DQB1 (3119),-0.006396946163110715
SLC23A2 (9962),-0.0063793351315495975
NDUFB8 (4714),-0.006371057488255244
ABCA5 (23461),-0.006365240445803692
HIF1A (3091),-0.006341789226601098
ATG16L2 (89849),-0.006336745340473051
FAM168B (130074),-0.006329218716937336
HEBP2 (23593),-0.006322309186972712
CD82 (3732),-0.006319752663112332
GJC1 (10052),-0.006315022589876967
TCF23 (150921),-0.0063067114177106694
ZNF551 (90233),-0.0062932461690794455
DYNLT5 (200132),-0.006292784272081115
KLF8 (11279),-0.006291589846675098
CSMD1 (64478),-0.006288431239834128
APC2 (10297),-0.006283979509724389
ZC4H2 (55906),-0.006283868049893386
AKT1 (207),-0.006282095576220175
TOMM70 (9868),-0.006280986908553791
EPRS1 (2058),-0.006274699553528114
SPP2 (6694),-0.006273179233549854
MLH3 (27030),-0.006264878273900706
KASH5 (147872),-0.0062491953685624175
KIAA0930 (23313),-0.006242772662294972
GPR173 (54328),-0.006241187902797077
ARL11 (115761),-0.006241171808329927
QPRT (23475),-0.006233318399249228
POLR2E (5434),-0.0062243471558993384
IL2RG (3561),-0.0062226638335887915
RHEBL1 (121268),-0.0062206204328357165
SRSF6 (6431),-0.006220617037158696
PSD2 (84249),-0.006220218251470277
ACD (65057),-0.0062044201050908115
ZNF250 (58500),-0.0061933347822715834
GLS (2744),-0.006188743118408567
CHEK2 (11200),-0.006185475892180573
CACNG4 (27092),-0.006181299815831356
ATP11C (286410),-0.006174094324633185
RNF41 (10193),-0.006172449873023214
ADAM33 (80332),-0.006170811457728694
PYURF (100996939),-0.006166065615766504
RCN3 (57333),-0.006160946077481429
EIF4EBP3 (8637),-0.006148046539768544
OR6C75 (390323),-0.006135433897731786
PSMD5 (5711),-0.006121914934176352
FPGT (8790),-0.006121091265435677
AOAH (313),-0.006105194804018472
TOB2 (10766),-0.006103241289961887
WDR46 (9277),-0.006095044398061676
ZBTB22 (9278),-0.006094494738585424
CYTH1 (9267),-0.006083776407564612
TNIP1 (10318),-0.00608186979613754
TMEM255A (55026),-0.006077070174298624
KNL1 (57082),-0.0060710400698799705
DDIT4L (115265),-0.0060706845018916105
NNMT (4837),-0.0060701235293241975
C9orf43 (257169),-0.006065262817654807
ZMYND8 (23613),-0.006064776681164747
CNKSR2 (22866),-0.006055891895220406
RPL30 (6156),-0.0060537234172654796
RUNX1 (861),-0.006029798511937007
CD300LG (146894),-0.006028822647769037
PHOX2B (8929),-0.006011225991409986
PRR12 (57479),-0.006011028460834251
TPPP (11076),-0.0060076910023369005
CDK19 (23097),-0.006007064447291944
H3-4 (8290),-0.006000054732292793
WNT6 (7475),-0.005997728653952544
DNAJC13 (23317),-0.0059786861925192215
CSTF1 (1477),-0.005978381817815846
MS4A7 (58475),-0.005968662353409755
ADCY6 (112),-0.005963558185158339
HYCC1 (84668),-0.005963119470400005
FXYD7 (53822),-0.0059571800702119945
CAPN9 (10753),-0.005956916574234236
UNC50 (25972),-0.005954340691995954
ZNF777 (27153),-0.005954245109004756
TCEAL7 (56849),-0.005943963514216381
C11orf42 (160298),-0.005941634644850813
ATM (472),-0.005935855318673508
IER5 (51278),-0.005935615417765029
TTC29 (83894),-0.005928846132929227
PCDHB7 (56129),-0.0059233397153031055
ONECUT3 (390874),-0.005921809572821331
GARIN1B (84691),-0.005921289490884948
RANBP6 (26953),-0.005909861444735373
KLHL25 (64410),-0.0059073512167660885
DCAF8L1 (139425),-0.005906536728055908
MLNR (2862),-0.0059062766353880775
ELF3 (1999),-0.0059004879941492805
GSTA1 (2938),-0.005893477374332435
RC3H2 (54542),-0.005889354216370155
BRD8 (10902),-0.005886807145037235
TTC3 (7267),-0.005864640596971885
PIWIL2 (55124),-0.005861509518527386
DDX31 (64794),-0.005858134001517206
TSPYL6 (388951),-0.005857504533038728
NEURL1 (9148),-0.0058527499659159505
TMEM170B (100113407),-0.005852386266139321
SDK1 (221935),-0.005846868788763277
KRTCAP2 (200185),-0.00584171214399333
SYT17 (51760),-0.005840604164574049
ANKRD62 (342850),-0.005838751596295043
DNASE2 (1777),-0.005831184887599937
FCN2 (2220),-0.005825801666214309
APBB1 (322),-0.00582245524638348
ZNF644 (84146),-0.005819287304347185
NAP1L2 (4674),-0.005816967995979364
INVS (27130),-0.005805549384050093
GPR119 (139760),-0.005805299143156447
CDH3 (1001),-0.005784346953914905
SLC22A9 (114571),-0.005774853911542109
SEMA4F (10505),-0.005772563101032746
ZNF473 (25888),-0.005757596985514772
IL18BP (10068),-0.005756469390408016
CUL9 (23113),-0.005753671458419087
LDB3 (11155),-0.005751500545319244
FAM124A (220108),-0.005743450408911174
RIC8A (60626),-0.005742527756031108
NAPEPLD (222236),-0.005734032237221067
RARS2 (57038),-0.005733324174674867
C5orf58 (133874),-0.005729148431610762
DLGAP4 (22839),-0.005728001231496583
AIMP2 (7965),-0.005725900650084986
AMDHD1 (144193),-0.005722248701761729
GPR26 (2849),-0.005714555767648016
CLIP4 (79745),-0.005712368965219374
FUNDC2 (65991),-0.00571171088434815
AKT3 (10000),-0.005701964509891881
CYSLTR2 (57105),-0.0057005636124956285
SLC35A5 (55032),-0.005695403073514508
TUBA1A (7846),-0.005693122985876695
MB21D2 (151963),-0.005687291654349397
ZNF433 (163059),-0.005687133521727566
BCAR3 (8412),-0.005684343533554501
RBPMS (11030),-0.005661955885604356
GOLIM4 (27333),-0.005660839948440487
ARHGAP4 (393),-0.005650335479209536
APH1B (83464),-0.00564039418267924
WWOX (51741),-0.005612633402960756
HSD17B8 (7923),-0.005610450103194069
EMX1 (2016),-0.005603827655805038
NAPRT (93100),-0.005602565872192938
TAFA3 (284467),-0.005596544768568613
PPP5C (5536),-0.005581984721787848
GRIN1 (2902),-0.0055656352120181714
PSG8 (440533),-0.0055640877772381355
LSM2 (57819),-0.005558508417305883
NBR1 (4077),-0.005550715841441104
IL22RA1 (58985),-0.005535518499662101
DPH2 (1802),-0.005532863278828358
NOTO (344022),-0.005523220269077759
MRPL53 (116540),-0.005489421439315311
SMTN (6525),-0.00548748727764401
GGCT (79017),-0.005486317981193645
PLA2G4B (100137049),-0.005481711535577971
CLDN10 (9071),-0.005478344628976917
DNAH6 (1768),-0.005476655471143329
LZTS2 (84445),-0.00547663920119955
POFUT2 (23275),-0.005476459256045493
SMARCAD1 (56916),-0.005470417224362087
RBM47 (54502),-0.005466886546044686
LBP (3929),-0.005466372755622529
OR5M10 (390167),-0.005464709549460301
MYH7 (4625),-0.005464527250579628
SYT6 (148281),-0.005458391612740602
CHADL (150356),-0.005453287795344987
SPPL2A (84888),-0.005452890554985258
MAPKAPK3 (7867),-0.005452627828064931
ZC3H18 (124245),-0.005440948713308673
PELP1 (27043),-0.005437477450525571
RHNO1 (83695),-0.005437300346168807
SIGLECL1 (284369),-0.005433117307279169
EEF1AKMT3 (25895),-0.005430693011551065
CRISP1 (167),-0.0054293900081680896
JMJD8 (339123),-0.005415776607620395
DERA (51071),-0.005415596057591807
OR12D3 (81797),-0.0054118608760288294
NRIP2 (83714),-0.005407130653290183
SSC5D (284297),-0.0054061936025194945
ZNF853 (54753),-0.005403754670236295
TLR3 (7098),-0.005399401187603874
ALDH4A1 (8659),-0.005396622140864119
FAM186A (121006),-0.0053937474727747525
C9 (735),-0.005385438733758558
SCGB1D2 (10647),-0.005375786957653318
TMSB10 (9168),-0.0053724391202195345
ZKSCAN4 (387032),-0.0053704743338549455
IZUMO3 (100129669),-0.005362798935230802
MKRN2 (23609),-0.005360241344009743
CCL23 (6368),-0.005356267094060305
ANXA10 (11199),-0.0053534923950648355
C17orf107 (100130311),-0.005349439876941712
TM4SF18 (116441),-0.005348489240199004
ARHGEF4 (50649),-0.0053482938466470065
STK38 (11329),-0.005347563260088083
RASA4B (100271927),-0.005338897651639776
WDR1 (9948),-0.0053386798528714426
SLC6A7 (6534),-0.005334527749545741
GPN3 (51184),-0.005333471219174409
HOXB13 (10481),-0.0053278963696249595
CCNJL (79616),-0.00532735052766342
TGM4 (7047),-0.0053203816957120035
C15orf62 (643338),-0.005316419690971194
NAIF1 (203245),-0.005314871447854691
RPAP1 (26015),-0.0053137550221053894
LAMB4 (22798),-0.005304990936535951
CEP164 (22897),-0.005297612367570027
EML3 (256364),-0.005294918607941273
RNF150 (57484),-0.005289028403572335
HAGH (3029),-0.005289018344986092
GFI1 (2672),-0.005288111530327115
TBC1D17 (79735),-0.0052851766405789015
SLIRP (81892),-0.005282855783956584
IFITM2 (10581),-0.005281864939169363
ZCCHC3 (85364),-0.005281024078552365
GLTPD2 (388323),-0.005275391393784066
APCDD1L (164284),-0.005272138744338724
ZNF497 (162968),-0.00527053268751919
IL7 (3574),-0.005270260244217644
CYP2E1 (1571),-0.005270183964404859
SUN5 (140732),-0.005266836450299971
MDM4 (4194),-0.005260003692206028
ZIC1 (7545),-0.0052541714712435236
POC1B (282809),-0.005250527970213449
SPINK4 (27290),-0.005245763291372749
CDH16 (1014),-0.005244875361897203
DNASE1L3 (1776),-0.005243044448965886
LRG1 (116844),-0.005241241625119067
CXorf66 (347487),-0.0052313079724733095
PLAU (5328),-0.0052262531161001964
NUDT12 (83594),-0.005224793253756889
PTBP1 (5725),-0.005218848458995977
TRIM4 (89122),-0.005202894867123292
ANAPC11 (51529),-0.005198453759713309
PAMR1 (25891),-0.005197703241490106
MXD1 (4084),-0.005196401589592215
NFAM1 (150372),-0.005195698439894229
PHF21B (112885),-0.005191906517984305
COPB1 (1315),-0.00518834266714165
BARD1 (580),-0.005172037513094994
RPL14 (9045),-0.0051706385325278395
DPP3 (10072),-0.005157214091932432
CAVIN1 (284119),-0.005156556844258212
SLC4A10 (57282),-0.00515637415193974
C1QA (712),-0.005153988285677095
ERCC4 (2072),-0.0051411960965690754
RAB38 (23682),-0.00513977355858673
SLC52A1 (55065),-0.005132638409845381
ARF4 (378),-0.005124953496134147
B3GALT5 (10317),-0.005122264477634612
FAM120C (54954),-0.005122002035906388
CMSS1 (84319),-0.005117453488470053
NSMCE3 (56160),-0.005106145964872932
BIRC7 (79444),-0.005103514796144322
ANKRD13D (338692),-0.005099615699846484
CDCA7 (83879),-0.00509902244672191
GPBP1 (65056),-0.005096943211353185
C2CD4A (145741),-0.0050969088920116085
SGPP1 (81537),-0.005094554264437533
GCNT3 (9245),-0.0050930183126809275
CACNA1D (776),-0.005088527327843351
GRB14 (2888),-0.0050870845389415975
BTN3A2 (11118),-0.00508280720382541
MRM3 (55178),-0.005079100912097985
SLC29A4 (222962),-0.005075471515530389
PANK2 (80025),-0.005061759371227705
CPLX3 (594855),-0.005054619170346559
PINK1 (65018),-0.005054278978561637
SFXN3 (81855),-0.00504325119744487
RASSF6 (166824),-0.005040677598823707
POGLUT1 (56983),-0.005038397830317105
SPATA21 (374955),-0.005031052782931814
ARID1B (57492),-0.00502962577988695
CSMD2 (114784),-0.005027427911980105
FANCB (2187),-0.005017888840654663
HMGCLL1 (54511),-0.005004656865287782
IL22RA2 (116379),-0.004997685628267041
SYT16 (83851),-0.00499092962223679
PLA2G3 (50487),-0.004978728637210222
GTF2IRD1 (9569),-0.004974784934472576
UQCC3 (790955),-0.004974232389454715
TNFSF10 (8743),-0.004970343294827547
UBIAD1 (29914),-0.004966967672810594
CDC42EP2 (10435),-0.004966696345658721
FAM120B (84498),-0.004961352102230603
FCRLB (127943),-0.004958435370222968
MMP9 (4318),-0.004955198022917218
MRPL44 (65080),-0.004946120584159351
THUMPD3 (25917),-0.004933192931192667
APOBEC3A (200315),-0.0049244823817440695
DVL1 (1855),-0.004921413545265873
BANK1 (55024),-0.00491310690772183
CYP1A2 (1544),-0.004884279188362149
MRPL2 (51069),-0.004870761670801673
TGFB1I1 (7041),-0.004866528992565007
REPS2 (9185),-0.004865907499019876
EFNA5 (1946),-0.004841195275654371
CDHR2 (54825),-0.004831751081582566
METTL17 (64745),-0.004818014133809404
ZC3H14 (79882),-0.004812690143118043
PRND (23627),-0.00481191651189904
OBSL1 (23363),-0.004810678061403679
TSGA10IP (254187),-0.004810123703243838
AGAP1 (116987),-0.004804575953821358
PDE1C (5137),-0.004796667026561801
MLH1 (4292),-0.004770757321448855
PIWIL1 (9271),-0.004769674295872841
HIGD1B (51751),-0.004769212559729116
HABP2 (3026),-0.004767854321467331
SLC31A1 (1317),-0.004759652930630943
APOM (55937),-0.004755330355413093
CES2 (8824),-0.004754300708492294
PCCA (5095),-0.004752642807320235
CHST8 (64377),-0.004747493506779009
ZNF200 (7752),-0.004746855190727909
PHOSPHO1 (162466),-0.004738688484576777
ELANE (1991),-0.004737616961012424
ZBTB37 (84614),-0.0047357847843549124
PCDHA1 (56147),-0.0047354343337287965
MS4A2 (2206),-0.0047334932755973835
PUDP (8226),-0.004701243650444737
SCN10A (6336),-0.004700485279760104
HPCAL4 (51440),-0.004695900499780241
ADAMTS9 (56999),-0.004692082102137849
CALR3 (125972),-0.004690125294150067
PSMD6 (9861),-0.00468654626233504
PEX11G (92960),-0.0046842921839451036
TCHH (7062),-0.004681710727449675
CIDEC (63924),-0.004678122352087655
KLC4 (89953),-0.004674039493150718
CNNM4 (26504),-0.004644958808935739
OR6K2 (81448),-0.00464092533291851
UTF1 (8433),-0.004640899286712334
ARHGEF40 (55701),-0.00463435591643791
NT5DC3 (51559),-0.004631299448593644
PHLDA1 (22822),-0.004607850902764655
TEX261 (113419),-0.004606230080897767
TBC1D5 (9779),-0.004605583201952194
CAV2 (858),-0.00460352206971275
SNF8 (11267),-0.004602601406809314
DAGLB (221955),-0.004601866289611782
TMEM126B (55863),-0.004583036984114768
CPA2 (1358),-0.004582625997485756
NUTM2A (728118),-0.0045811627423597455
OR2T4 (127074),-0.00454679202272123
PLD2 (5338),-0.0045441855645308735
NR1I3 (9970),-0.004543916956869371
STK35 (140901),-0.0045432011247202655
PLXNA1 (5361),-0.004542160178160644
TM6SF1 (53346),-0.0045351795684876635
TECRL (253017),-0.0045057477144232454
POLR3B (55703),-0.004497727374894306
IFT46 (56912),-0.0044871024583297255
PPA2 (27068),-0.004485359721686182
BPIFB3 (359710),-0.004480277749201452
MUC15 (143662),-0.0044801984670662185
KCNA10 (3744),-0.004475885558528186
ARAP2 (116984),-0.004474514101405873
CCDC181 (57821),-0.004470912363490984
TMSB4X (7114),-0.004465978072813066
PTHLH (5744),-0.004460770663223874
OR52K2 (119774),-0.004451056030476493
NANOS3 (342977),-0.0044488787299785575
XPC (7508),-0.004448659827700661
CWC22 (57703),-0.004437863429352798
HOXA13 (3209),-0.004425711649683314
RNF169 (254225),-0.0044238355696987865
HEPACAM2 (253012),-0.004413684533919981
DUOX1 (53905),-0.004412898346829659
DCTN1 (1639),-0.004410602927324289
MCM10 (55388),-0.004409577316989825
AARS1 (16),-0.004400382223934328
DNAH1 (25981),-0.0043947207903569764
ZNF540 (163255),-0.004389718042748776
IL15 (3600),-0.004388224557105963
NIPSNAP1 (8508),-0.004385014321921104
B4GALT2 (8704),-0.004374387528387131
ARL2BP (23568),-0.00437304722740841
CIMAP2 (163747),-0.004367807521696958
ARMCX3 (51566),-0.004354438036035803
KBTBD12 (166348),-0.004347508695556573
GPATCH1 (55094),-0.004339040688077308
HMHB1 (57824),-0.004338368400612105
MRPL47 (57129),-0.00433760074100966
SFTPA2 (729238),-0.004333436900398517
LBH (81606),-0.0043304153049990605
KIAA0319 (9856),-0.004328905672660717
MDC1 (9656),-0.004323938402903573
TNNT2 (7139),-0.0043184238948944
ZNF773 (374928),-0.004314653750760173
DNAH14 (127602),-0.004311368901004857
C2CD3 (26005),-0.004301355737645677
PTCHD1 (139411),-0.0043007836541073055
CLEC6A (93978),-0.004298664175959892
TBC1D13 (54662),-0.004294822243143682
GAST (2520),-0.004294278365315876
RPL27 (6155),-0.004289456559373657
TXNDC5 (81567),-0.004288147838447711
PIGZ (80235),-0.004284757271502489
ASCL2 (430),-0.004277142005709824
KIR2DL4 (3805),-0.004276633926969535
PCSK9 (255738),-0.004272579323123578
TMEM130 (222865),-0.004270755318986338
PIK3CG (5294),-0.0042694834924112005
IFNA6 (3443),-0.004268862146508107
SPATS2L (26010),-0.004265090609165134
IMPG1 (3617),-0.00426476430733818
PDK2 (5164),-0.004263757009801308
PLOD2 (5352),-0.0042636231690601975
SDHC (6391),-0.004259466945715113
AQP5 (362),-0.004255177935426205
OARD1 (221443),-0.004236019044871763
FAM200C (63920),-0.004231553108995132
C19orf12 (83636),-0.0042214811676198494
OTULINL (54491),-0.004220157173466676
ARL6 (84100),-0.004214339681906926
AQP2 (359),-0.004209009313804657
ZSWIM5 (57643),-0.004204154362875674
ORC3 (23595),-0.0041955491630267325
TNP2 (7142),-0.0041824641844344845
SEPTIN6 (23157),-0.004175121774979525
GABRP (2568),-0.004173481716957781
NSMCE1 (197370),-0.004169505136331216
ASAP1 (50807),-0.004161994932267406
NOS1 (4842),-0.004153259729974575
REM2 (161253),-0.004152609534894967
CCDC89 (220388),-0.004147166269693307
CAPN11 (11131),-0.004133612300874972
AIRE (326),-0.0041234995489539215
FBXL18 (80028),-0.004119574904704326
RAI14 (26064),-0.004110676891922347
UBQLN3 (50613),-0.004107424621697879
TEKTL1 (126402),-0.0041041396985772366
CIMIP1 (128602),-0.004084925573758459
GPR25 (2848),-0.004080353463543671
AGO3 (192669),-0.004070472384444838
NDUFA11 (126328),-0.004067515484118089
AKAP10 (11216),-0.004065875920711294
KIF9 (64147),-0.004044947438114641
GSG1L (146395),-0.00403380336752504
TMEM163 (81615),-0.004021777415023394
LY6D (8581),-0.004021671403495524
TLE5 (166),-0.004020978376210394
PRSS50 (29122),-0.004009975731513224
GLYATL1 (92292),-0.004006748881544864
OPCML (4978),-0.004004724953074574
TENM4 (26011),-0.003989608107410339
PCDHA4 (56144),-0.003972370876189055
TMEM127 (55654),-0.003971838330527661
RIIAD1 (284485),-0.003968015284598053
PGR (5241),-0.003958182107515179
F7 (2155),-0.00395577681690578
DCBLD2 (131566),-0.0039511421416664125
PARD3B (117583),-0.003944688676498384
PFN1 (5216),-0.003944007874157702
TPRG1 (285386),-0.003942446635113234
FBXL20 (84961),-0.003930434710761058
AKAP8 (10270),-0.003930324475414592
RTP3 (83597),-0.003927257671578739
PPM1B (5495),-0.003922933509797271
BLZF1 (8548),-0.003917143929818044
ACOT2 (10965),-0.003916171781103411
KLHDC10 (23008),-0.003916073522244722
SNX1 (6642),-0.003914829980555904
FAM228A (653140),-0.003911888907722834
STX2 (2054),-0.003911674411353127
TRIM29 (23650),-0.003911660719639612
CFHR1 (3078),-0.003907268441053196
ALKBH5 (54890),-0.0039070583857063485
GNRH2 (2797),-0.0039058092925860605
MINDY4 (84182),-0.0038923555814680847
OSBPL5 (114879),-0.0038899615218629616
CD40 (958),-0.003888978838904927
REXO2 (25996),-0.0038889554323949874
SOCS1 (8651),-0.003885552341905027
KHDC3L (154288),-0.003873956457246153
SLC2A4RG (56731),-0.0038738951705292813
ACAD11 (84129),-0.0038728025065530975
CYGB (114757),-0.0038724600888476977
HMGA2 (8091),-0.00387149455235302
TNS1 (7145),-0.0038672832499831856
NINJ1 (4814),-0.0038632959431261367
TRA2A (29896),-0.0038562547574097264
ASPA (443),-0.0038513597460974472
ZNF491 (126069),-0.0038389656332006874
LRSAM1 (90678),-0.0038364960365358525
STN1 (79991),-0.0038189438405147624
LEPR (3953),-0.00381647274332407
NT5DC1 (221294),-0.0038162582423947006
MASP2 (10747),-0.0038060544883022664
C9orf152 (401546),-0.0038036387200426655
S1PR5 (53637),-0.0038010795823576688
PRRT1 (80863),-0.00379931456339698
RPLP1 (6176),-0.0037970471672887558
FCGRT (2217),-0.0037889821255460785
OVOL1 (5017),-0.0037883225977511114
ARFGEF1 (10565),-0.0037851472926856717
PRXL2A (84293),-0.0037839668091304915
OLIG3 (167826),-0.003782447557941227
NEB (4703),-0.0037780841418805413
ATP10B (23120),-0.0037760041227950453
DNAJB9 (4189),-0.0037694460133973675
HLA-DMB (3109),-0.003768865344830942
TMSB15A (11013),-0.0037636504726022662
FNBP1L (54874),-0.003761088702376013
SHLD1 (149840),-0.003760875005272181
FBXW10 (10517),-0.003758896873615445
VSIG10 (54621),-0.003755297672499142
THNSL2 (55258),-0.003755291233554661
CCDC142 (84865),-0.003750331249329281
RASSF8 (11228),-0.00374427600255496
OLAH (55301),-0.0037373353250981923
ERICH1 (157697),-0.00373647746790542
BAZ2A (11176),-0.0037327402191404788
ADGRB3 (577),-0.0037283349658253266
MMGT1 (93380),-0.0037233245849866634
NR2C2 (7182),-0.003708162504687791
SLC4A3 (6508),-0.0036968449562101743
RSL1D1 (26156),-0.0036954304867324213
OR6C4 (341418),-0.0036949440380134643
COL26A1 (136227),-0.0036946650636458444
BLVRA (644),-0.0036845542713601852
AQP11 (282679),-0.0036394242105364473
CD52 (1043),-0.0036375296603736004
RASSF5 (83593),-0.003631475180067396
SEMA3A (10371),-0.003630289830129328
GGA2 (23062),-0.0036282136446210726
CEP20 (123811),-0.003626415229482826
PRSS33 (260429),-0.0036259278474913468
ACTB (60),-0.0036243782574845013
PKP1 (5317),-0.0036225009761232585
TTC39B (158219),-0.0036223759694625477
CAPS (828),-0.0036177052067747194
ZNF541 (84215),-0.003617246156680224
UBB (7314),-0.003616298424004001
RGS4 (5999),-0.0036147935716684216
TMPRSS6 (164656),-0.003611950971716065
PARS2 (25973),-0.0036107016385322206
OR2V1 (26693),-0.0036105656037585627
WDR89 (112840),-0.003601513589234225
SMPD1 (6609),-0.0036001347542121576
FGF7 (2252),-0.0035972220944348213
CFP (5199),-0.0035865894272542704
H2AC11 (8969),-0.003580156468112615
TKTL2 (84076),-0.003579991079923854
PCDHB3 (56132),-0.003577927143748556
NTSR2 (23620),-0.0035714828628244546
GALNT6 (11226),-0.0035701305587643576
CLCN3 (1182),-0.0035584614011295
IL1RAP (3556),-0.003556819912029127
GPR149 (344758),-0.0035541759960735714
MAGEB16 (139604),-0.0035522269792648965
RIOK1 (83732),-0.0035441676362540295
DNAJC27 (51277),-0.003543207666050444
TRANK1 (9881),-0.003539923210099815
USE1 (55850),-0.003525493077023848
WFDC10A (140832),-0.0035230564177181167
SPATA25 (128497),-0.0035206341478764736
BHMT (635),-0.0035171876137053207
BNIPL (149428),-0.003504942050918387
FILIP1 (27145),-0.003495391705627074
SWSAP1 (126074),-0.0034944280507012873
TAS2R20 (259295),-0.00348689186252538
ACTL7B (10880),-0.0034856721946985316
TRIM28 (10155),-0.0034855427637448377
MSRB3 (253827),-0.003482543122548603
SFTPB (6439),-0.0034769862982878853
ENTREP3 (10712),-0.0034755901463255517
FUT7 (2529),-0.0034633582584942075
EXD2 (55218),-0.003447804468566922
C5orf52 (100190949),-0.0034390902454078014
TRAPPC13 (80006),-0.0034296884894002002
MYOZ2 (51778),-0.0034280383631874614
POLR3D (661),-0.00342631817176306
TRIM52 (84851),-0.0034256987607730895
PTGR3 (284273),-0.003423890207340489
RHPN2 (85415),-0.0034145125196044152
BEND3 (57673),-0.0034107408514952183
DYNLL2 (140735),-0.003409699421025101
KLF14 (136259),-0.0034083513225480313
SAP30 (8819),-0.003405875452145127
CTSA (5476),-0.00340352632115504
EIF2B1 (1967),-0.0034032877210765696
PRRG3 (79057),-0.003402070194719889
MRC2 (9902),-0.0033997296361198545
PKLR (5313),-0.0033960280984030064
HPF1 (54969),-0.003393557555059802
PLD1 (5337),-0.0033908567038946954
CEP41 (95681),-0.0033908123545739704
DYRK1A (1859),-0.0033857640250931666
SLC29A2 (3177),-0.003385130375190611
TAS2R5 (54429),-0.0033811143169736645
CFAP53 (220136),-0.0033806701777364958
THOP1 (7064),-0.0033741950270643633
CASP14 (23581),-0.003366454229986372
MGMT (4255),-0.003365906597687997
LRRTM1 (347730),-0.003364896006298001
RASA3 (22821),-0.003355257407679448
GPD1L (23171),-0.0033485887379386212
FBXO48 (554251),-0.0033448925477196404
TTC13 (79573),-0.003343070446728438
FA2H (79152),-0.0033380163279839305
GRM6 (2916),-0.0033373702803540556
CNPY2 (10330),-0.0033361211449540466
ARC (23237),-0.0033325391409105153
GCAT (23464),-0.0033308346528859102
COL4A4 (1286),-0.0033264191440444957
CERCAM (51148),-0.003312832449184165
MTA1 (9112),-0.003309716372456857
MC3R (4159),-0.003301097817530291
ASB9 (140462),-0.003299424157051841
MEDAG (84935),-0.003298573598910322
OR2B11 (127623),-0.0032969699887882868
STAP2 (55620),-0.003293025788907661
SYNRG (11276),-0.003292610877859089
USP22 (23326),-0.003290078597281866
NELFE (7936),-0.0032862822097906694
SLC39A5 (283375),-0.003278578602482805
ALG9 (79796),-0.0032714342827720472
DSEL (92126),-0.00326934977243252
ZNFX1 (57169),-0.0032447041182496164
HPS5 (11234),-0.0032376216763821196
DEFB132 (400830),-0.0032338638795670403
AMH (268),-0.0032308994579922875
FGFBP1 (9982),-0.003228897042781314
RDH13 (112724),-0.0032221796327315737
EPB41L4B (54566),-0.0032109967024626955
KCNK6 (9424),-0.0032053321200153787
RASL12 (51285),-0.0032027893909814436
CFAP126 (257177),-0.003199167752811234
TSPO2 (222642),-0.0031969831740817473
MPST (4357),-0.003192265792078111
GREM1 (26585),-0.0031921531075679494
IL15RA (3601),-0.0031908355964137443
ULK2 (9706),-0.003189280683864462
CXXC1 (30827),-0.0031889403928792755
SLC29A3 (55315),-0.003187256451915441
NUBPL (80224),-0.003177950543515067
CLDN22 (53842),-0.0031672128924504915
PDF (64146),-0.0031636530909447767
SLC24A1 (9187),-0.0031539020009161358
RPL3 (6122),-0.003153224986927723
KLHDC3 (116138),-0.0031451127186762095
HDHD5 (27440),-0.003139797989228587
CHMP1B (57132),-0.0031357134581830007
SLC16A13 (201232),-0.0031349587916145146
PYGL (5836),-0.0031335775693839057
EDNRB (1910),-0.0031334469214261335
TMEM201 (199953),-0.00311865128295816
NECTIN2 (5819),-0.0031166400355031837
PDP2 (57546),-0.003113145810749645
MUL1 (79594),-0.003112296768796045
TXLNA (200081),-0.003112295367209048
AQP4 (361),-0.003111212052171476
IL1RN (3557),-0.0031018630643423646
AFF2 (2334),-0.0030952436460278897
RHBDD1 (84236),-0.003095103632011663
GRAMD2B (65983),-0.003091592785276725
LSM14A (26065),-0.0030908688809237086
ABLIM3 (22885),-0.003081111322810403
OXA1L (5018),-0.0030794861639093746
CD74 (972),-0.003077665043278359
CTSE (1510),-0.003077121965578799
ZCCHC13 (389874),-0.0030611969480134247
MSL1 (339287),-0.0030608076465388776
TPGS2 (25941),-0.0030555217808323223
CERS3 (204219),-0.0030550190424444806
ALB (213),-0.0030484333571973664
CYRIA (81553),-0.0030403987490114884
MRPL32 (64983),-0.0030382092559073388
CD47 (961),-0.0030375032795553936
EPHA8 (2046),-0.003036933736909523
ENOPH1 (58478),-0.003031140439872075
HPDL (84842),-0.0030199711784673366
A2ML1 (144568),-0.0030162616348947072
ACHE (43),-0.0030066949279231063
IFNL2 (282616),-0.0030051106108461953
ADAM19 (8728),-0.0029997438317368656
COX8C (341947),-0.0029928791455454125
LCN10 (414332),-0.0029887785752829004
C5AR1 (728),-0.0029885195918216033
HNRNPDL (9987),-0.0029854462240646146
CSH2 (1443),-0.002985254053733832
LPIN2 (9663),-0.0029847753678645976
P3H1 (64175),-0.002980281849471557
SAMD5 (389432),-0.0029762924532105734
CHM (1121),-0.0029516210583015096
TCP11L1 (55346),-0.00294957931273338
STMP1 (647087),-0.002940940537792658
MAGEB5 (347541),-0.0029346380503268437
OR2C1 (4993),-0.002929511263594707
ZNF664 (144348),-0.002922214049314709
NMS (129521),-0.0029220344686206306
VPREB1 (7441),-0.002921712251130757
OR6B3 (150681),-0.002913029116036389
PUS7 (54517),-0.002910406874918801
FOXRED1 (55572),-0.002908560044938459
TNNI3K (51086),-0.002908213649293735
PIGN (23556),-0.002902938897742282
SEC14L4 (284904),-0.002898407502750365
IER3IP1 (51124),-0.002889699707306022
KRTAP5-7 (440050),-0.002885454790638325
NCK1 (4690),-0.0028812868397955138
ACAA2 (10449),-0.0028808309012886587
CLEC12B (387837),-0.0028771682302112848
TGFB1 (7040),-0.00287404385859043
INSL3 (3640),-0.002872411245362565
TRHR (7201),-0.0028706173827062896
MPIG6B (80739),-0.002870614609726101
PLEKHG4 (25894),-0.002868464860774303
ADAMTS19 (171019),-0.002867174908632329
KRTAP19-1 (337882),-0.002864278354498614
IPO7 (10527),-0.0028627639488679785
FRMD4A (55691),-0.002859223235282804
TMEM158 (25907),-0.002858998284723247
KIAA1755 (85449),-0.0028474145429222713
AVPI1 (60370),-0.0028451678056276974
RAB29 (8934),-0.0028429461093347065
KLK14 (43847),-0.00284030251334681
CLEC16A (23274),-0.0028360537758397733
CMKLR2 (2825),-0.002835696341041574
BDKRB2 (624),-0.0028325240198273137
PLA2G2E (30814),-0.0028171472119493494
YES1 (7525),-0.0028157966789021196
CHRNA5 (1138),-0.0028081408617769477
ARID4A (5926),-0.0028029124246328006
CHIA (27159),-0.002802012618324421
SIRPB2 (284759),-0.0027941958529666853
AKNAD1 (254268),-0.00279146021202994
SCAPER (49855),-0.0027908474524497026
CNN2 (1265),-0.0027668792004152966
STMN3 (50861),-0.0027517936574567104
GDPD5 (81544),-0.002749935105867179
ZNF287 (57336),-0.002742783688075421
TFPI2 (7980),-0.002737467362419293
STYXL2 (92235),-0.0027372065422338835
FAM153A (285596),-0.0027275720931394724
ATP6V1G2 (534),-0.002724314877646409
CDK5 (1020),-0.002714150956949317
ELOA2 (51224),-0.002708242837793939
TPM2 (7169),-0.0026994077529710002
PSKH2 (85481),-0.0026949024097689673
AGPAT4 (56895),-0.0026942191036381214
MERTK (10461),-0.0026891425547191064
GLS2 (27165),-0.002683619706307208
GTF2H5 (404672),-0.0026834934341025663
C5orf46 (389336),-0.002679880480620627
ZNF600 (162966),-0.002675471385231463
PTP4A3 (11156),-0.0026746923945040126
SLC35F6 (54978),-0.002673693324735315
TREM2 (54209),-0.0026713961077488566
DNAAF6 (139212),-0.002667812502615058
KCNH7 (90134),-0.0026643136475784203
B3GNT4 (79369),-0.002660645009170243
USP14 (9097),-0.002657839169004393
ADAM7 (8756),-0.0026467509106092853
FAM90A1 (55138),-0.0026406624640300915
SNRPB (6628),-0.0026379071581589223
ABHD12B (145447),-0.0026370897530245702
SYN1 (6853),-0.0026333732251371243
PRKCG (5582),-0.0026322103136560923
MSX1 (4487),-0.0026246202612534883
PPP4R3B (57223),-0.0026218387059824206
NXPE2 (120406),-0.0026170403675172785
APCDD1 (147495),-0.002608961086431676
THAP8 (199745),-0.00260504977815872
MED21 (9412),-0.0026046419379080797
CBX1 (10951),-0.002593299262404315
TCP10L (140290),-0.002577682592369759
IL17A (3605),-0.0025670301646771934
TCP11L2 (255394),-0.002563842451269986
FRS3 (10817),-0.0025620988819559745
FZD2 (2535),-0.0025568899302286763
GM2A (2760),-0.002554705016327082
FAM222A (84915),-0.0025436832418190207
SH2B1 (25970),-0.0025421552796167273
OTOS (150677),-0.0025406920166488067
RAB9B (51209),-0.002539613693874493
NCLN (56926),-0.002536885655965027
MED18 (54797),-0.002534381486864448
DIPK1B (138311),-0.0025337289332339557
LHX5 (64211),-0.0025327159618229135
EDIL3 (10085),-0.002531988740424833
SCAMP5 (192683),-0.0025316704678868306
RPS4X (6191),-0.0025292566314697373
BOLL (66037),-0.0025192500055886335
NDUFB11 (54539),-0.002518882424502216
B3GALNT2 (148789),-0.0025137519531556675
RASAL2 (9462),-0.0025126339828059623
AP1S2 (8905),-0.002511798779898291
NPM2 (10361),-0.0025107409833343207
CDK13 (8621),-0.0025024851214863037
MTG2 (26164),-0.002500883060849444
FAM222B (55731),-0.0024998206904964077
INO80 (54617),-0.0024963044715252073
ADAT3 (113179),-0.0024957703634774443
PCM1 (5108),-0.0024878026880036314
PRAMEF12 (390999),-0.0024770647812194873
COMMD6 (170622),-0.002467431467712999
PITX3 (5309),-0.002466751654858804
P2RX7 (5027),-0.002464202086535235
GIMAP1 (170575),-0.0024589542717777277
ZNF440 (126070),-0.002453971628940391
MBD4 (8930),-0.0024533623174294835
CDC23 (8697),-0.002451995571024653
KCNQ2 (3785),-0.0024449102808398807
TAS2R14 (50840),-0.002444159783154977
LKAAEAR1 (198437),-0.0024426971561967163
UMPS (7372),-0.002438265637364964
GDI1 (2664),-0.002426966680894027
FGF9 (2254),-0.0024259891792804845
UBL5 (59286),-0.0024220835734547995
ARHGEF12 (23365),-0.0024218543955644885
OSR1 (130497),-0.0024193153340106126
CFAP251 (144406),-0.0024164503612060365
KREMEN1 (83999),-0.002413434390347298
SLC6A19 (340024),-0.002411914326695659
ATP2C2 (9914),-0.002410557275504975
KSR1 (8844),-0.0024104718580658154
ERAP2 (64167),-0.002403628526520846
EEF1AKMT1 (221143),-0.0024010725348073783
TMEFF1 (8577),-0.0023988448574551735
INAVA (55765),-0.002397023983397142
DLC1 (10395),-0.002393401007410331
PENK (5179),-0.0023891182086598116
DUOX2 (50506),-0.0023823305027851236
RASD2 (23551),-0.0023770199978331037
RALA (5898),-0.0023752883677021744
SSH1 (54434),-0.0023719088669047696
FBXL4 (26235),-0.0023642698305855413
C11orf91 (100131378),-0.002363282892107281
OR10A7 (121364),-0.002355300147381115
POLR2K (5440),-0.002355007004669907
PRPF18 (8559),-0.002347154729463996
GRIN2D (2906),-0.002341827930573747
CBR1 (873),-0.002341538499694084
ONECUT1 (3175),-0.0023344564001833656
RBM23 (55147),-0.0023281019497392373
TMEM168 (64418),-0.0023274127037224922
ZFP69B (65243),-0.0023184433926250474
LRRC4B (94030),-0.0023077104896547
TAAR6 (319100),-0.002298250447701283
BAP1 (8314),-0.002291100611903508
WDR62 (284403),-0.0022709236659952934
MEX3B (84206),-0.0022598176815334524
CNDP2 (55748),-0.0022575861435012523
GLDN (342035),-0.0022541137870912384
GPR31 (2853),-0.0022361080009371697
CHST10 (9486),-0.0022259863000844305
CCDC137 (339230),-0.0022205262614696784
ATP10D (57205),-0.002208212899901609
LRRC8B (23507),-0.002190922190489313
MOGAT3 (346606),-0.002189135560650097
FZD8 (8325),-0.0021860560747424505
SORCS2 (57537),-0.0021842491405363413
LSS (4047),-0.0021696954999944327
ODF2 (4957),-0.002168978942481615
SEZ6 (124925),-0.0021662265580846708
ANAPC1 (64682),-0.002160716549456096
PTGER3 (5733),-0.002149893575992392
TLN2 (83660),-0.00214633726389177
ERC2 (26059),-0.0021421468537502664
C19orf38 (255809),-0.002139260311345313
DISP2 (85455),-0.0021388579639696303
OR5L2 (26338),-0.0021340286635525576
MELTF (4241),-0.0021331492820140293
FGF11 (2256),-0.0021290168672800317
DCAF12L1 (139170),-0.0021218297696504683
GPSM2 (29899),-0.002114693916399759
HK3 (3101),-0.0021138489095920963
UBE2M (9040),-0.0021116715143581666
SLC8A1 (6546),-0.0021106509834178506
PKNOX2 (63876),-0.002106859373820803
SOCS4 (122809),-0.002092788864789087
PRPSAP2 (5636),-0.0020878984641878985
GJB1 (2705),-0.002085937767731851
CFAP410 (755),-0.0020850980282435872
ACTC1 (70),-0.0020850424223982328
NECTIN3 (25945),-0.002083658832544626
BCL10 (8915),-0.0020825484834107403
ZC3H13 (23091),-0.002079838692294297
NSUN3 (63899),-0.002075029965103518
ENG (2022),-0.0020691331286861485
PCDHA13 (56136),-0.002069039818112574
GMEB2 (26205),-0.0020674173023925184
ACADM (34),-0.0020588955156169747
ILKAP (80895),-0.0020573080952100147
RBMXL2 (27288),-0.0020521387102316185
UAP1L1 (91373),-0.0020487575451692067
INTS4 (92105),-0.0020484925814922743
CEACAM7 (1087),-0.002042208430694742
CEP15 (57415),-0.002041175838538657
GASK1B (51313),-0.002038673606951408
PAGE4 (9506),-0.002037721122655702
PLEKHO2 (80301),-0.0020354687742515894
SLC38A1 (81539),-0.002030385583817689
KCNH6 (81033),-0.002026512909653901
NACA (4666),-0.0020202059017764996
ARHGAP31 (57514),-0.002018371311641123
KRT39 (390792),-0.002016938375403863
ACTR10 (55860),-0.0020131878776945256
ANP32B (10541),-0.0020092382392141125
RABL2A (11159),-0.0020073431298009434
TMEM144 (55314),-0.0020068325273478803
FAF1 (11124),-0.0020058522130917992
PFKFB4 (5210),-0.001993492809357311
RBM25 (58517),-0.001993359580331046
CDH26 (60437),-0.001990640244584276
TOR3A (64222),-0.001988222881512085
ATP2B4 (493),-0.00198364264338613
RECQL (5965),-0.0019784662151703927
ALDH1L2 (160428),-0.0019771194555595934
RAB11FIP5 (26056),-0.001973318417904652
UBR4 (23352),-0.001973061476781401
DCAF11 (80344),-0.0019641997833383493
GADL1 (339896),-0.0019413907865977146
GJA5 (2702),-0.0019266321145508412
ANGEL1 (23357),-0.0019199887526780443
GALNT10 (55568),-0.0019098292842857011
NCF1 (653361),-0.0019066719132167414
PNISR (25957),-0.0019065962508191844
PRIMPOL (201973),-0.001898053902235561
SNAP25 (6616),-0.001896699234865842
ULK1 (8408),-0.0018928177915046444
ZFYVE28 (57732),-0.0018890633207763723
RGS2 (5997),-0.0018790278360654824
KCNE4 (23704),-0.0018778857973133236
HOXD8 (3234),-0.0018737352973732556
FAM170A (340069),-0.0018698093895576006
SVOPL (136306),-0.0018665366566131666
ZER1 (10444),-0.0018658559979604543
WNT7B (7477),-0.0018635605081316164
ARG1 (383),-0.0018616994827321063
UNC119B (84747),-0.0018528648754064568
TNNI3 (7137),-0.001841311893672193
GJA1 (2697),-0.0018280911515702887
LARS2 (23395),-0.001822780641089631
P2RX5 (5026),-0.0018184256573680142
PCP2 (126006),-0.0018100784959831438
BTBD2 (55643),-0.0017915529841747043
ELAVL3 (1995),-0.0017810565647358911
GAS2L2 (246176),-0.001777210025482956
ARTN (9048),-0.001776305876218418
BSG (682),-0.0017743068617837243
TAPT1 (202018),-0.0017739725446854863
GP6 (51206),-0.001769823574250632
FOXD4 (2298),-0.0017669604037505102
UBL4B (164153),-0.001760505737342062
AIF1L (83543),-0.0017492888871180733
FYTTD1 (84248),-0.0017323809496053682
OVGP1 (5016),-0.0017237539822726024
UCKL1 (54963),-0.0017218153045396715
GPR21 (2844),-0.0017180239630571192
RELA (5970),-0.0017132889906474233
POLR2H (5437),-0.0017117106564246334
CFAP73 (387885),-0.0017049732348204064
LMF2 (91289),-0.0016952610248508776
SLC27A4 (10999),-0.0016852581715658171
SLC32A1 (140679),-0.0016850743994569477
TRIM54 (57159),-0.0016708554649197264
SEMG2 (6407),-0.001665366100626779
KANK1 (23189),-0.0016640441670896038
ATP6V1B2 (526),-0.0016637698298095592
FRMPD1 (22844),-0.0016631079298925252
PDHA1 (5160),-0.001661409764731162
APBB1IP (54518),-0.0016521491516662806
SLC10A3 (8273),-0.0016506172610448939
GCDH (2639),-0.0016496101596244642
FADS3 (3995),-0.0016460669303127165
ASIC4 (55515),-0.0016389688760903862
POLD4 (57804),-0.0016370324079509064
CD19 (930),-0.0016328339205025355
ANKRD1 (27063),-0.0016327804765473254
H2BC14 (8342),-0.0016273662946938567
TRAPPC14 (55262),-0.001627131442354908
RIPOR3 (140876),-0.0016261626906400632
KLHL34 (257240),-0.0016173714596469815
MITD1 (129531),-0.0016152296120047704
SYNGR1 (9145),-0.0016053615136645267
SIX2 (10736),-0.0016023000996217747
CELSR3 (1951),-0.001600604030680894
NODAL (4838),-0.0015979853378876062
PHF24 (23349),-0.0015964938408271968
ACTA2 (59),-0.001587957696375322
AKNA (80709),-0.0015878956536492135
ALOX12B (242),-0.0015872279120584317
KLC2 (64837),-0.0015830131614679287
FAM91A1 (157769),-0.0015808951498107284
EXOC3L1 (283849),-0.0015589455182147033
CHRNB3 (1142),-0.0015417016164105198
RIPOR1 (79567),-0.001538023127551465
SFT2D1 (113402),-0.0015374667322026814
STX1A (6804),-0.0015253799286394575
RND3 (390),-0.0015239820129596428
EXOSC1 (51013),-0.001523373563327774
NDUFS4 (4724),-0.0015203503576456236
FBXO39 (162517),-0.0015091441204502392
MRPS16 (51021),-0.0015054087924744435
GJD4 (219770),-0.0014944808209058098
SERPIND1 (3053),-0.0014927848349193151
ZMYND19 (116225),-0.0014927586138930873
PRDM2 (7799),-0.0014893572119468652
IL36RN (26525),-0.0014875034538290807
FAF2 (23197),-0.001484664530589829
KCNH8 (131096),-0.0014750214081164113
DOK6 (220164),-0.0014738234303613815
KCNQ4 (9132),-0.0014715750827859343
PUS3 (83480),-0.0014712048038823446
IDS (3423),-0.0014644413372608526
ASTN2 (23245),-0.0014623254303619004
TMEM123 (114908),-0.0014608965752744981
CYC1 (1537),-0.0014582133393096185
GSTA4 (2941),-0.0014537314713744239
CHD1 (1105),-0.001445613631112381
ZNF483 (158399),-0.001440335987647161
GTSF1 (121355),-0.001421644900982591
ASB5 (140458),-0.0014202264960774436
CHCHD1 (118487),-0.0014176611631089154
MEMO1 (51072),-0.001416834850371218
NR1H4 (9971),-0.0014153515781850563
HGH1 (51236),-0.0014091094441020888
OTP (23440),-0.00140187793385801
SLC17A5 (26503),-0.0013915188754218058
SIGLEC6 (946),-0.0013765630252606485
WFDC3 (140686),-0.0013744685802705233
IQCE (23288),-0.0013730199379634177
CNTF (1270),-0.001360659892308401
SOX7 (83595),-0.001348146605146763
HOXA7 (3204),-0.0013467687243359173
GLYCTK (132158),-0.0013413743920874036
UBR1 (197131),-0.0013342146239863487
PRAMEF11 (440560),-0.0013256834076339858
DHH (50846),-0.0013255791769621514
KCNK17 (89822),-0.0013129349114024828
MANSC1 (54682),-0.0013097699485174355
WAPL (23063),-0.0013037239192181956
C9orf57 (138240),-0.0012996677767522398
AP2S1 (1175),-0.0012933663445672664
LRGUK (136332),-0.0012885117868628067
IGF2BP2 (10644),-0.0012884311829064981
RASGRP4 (115727),-0.001284241700432778
SPRY2 (10253),-0.0012791769675271213
RNF166 (115992),-0.0012786288186783436
CDC42BPG (55561),-0.0012769126699131235
ACOT6 (641372),-0.0012756447080739832
AMFR (267),-0.0012718588154974908
DDHD1 (80821),-0.0012479833730901298
HS3ST4 (9951),-0.001247317542435175
ADORA2A (135),-0.0012459683438220991
LYZL4 (131375),-0.0012447705763472022
WNT5A (7474),-0.001242981904547282
ERRFI1 (54206),-0.0012385662101557283
TAS2R1 (50834),-0.0012370721423270435
ASTL (431705),-0.0012340394866230165
SLC27A1 (376497),-0.0012328053371409948
PSMA8 (143471),-0.0012307749751916132
NUSAP1 (51203),-0.0012305257738968159
PPP1R7 (5510),-0.0012288020028992208
PTRH2 (51651),-0.0012190751466860845
CREB3L4 (148327),-0.0012120092561801153
ERCC2 (2068),-0.001204869470372867
TEX30 (93081),-0.0012030619531306118
CCN3 (4856),-0.0012015066406949235
CTDSPL (10217),-0.0011939787508496997
PID1 (55022),-0.0011855304544466812
C8orf88 (100127983),-0.001185208067076049
ASZ1 (136991),-0.0011793232213342963
SCD5 (79966),-0.0011760872612004596
HOXA2 (3199),-0.0011675660466954492
PLSCR2 (57047),-0.0011619824031523314
DCAF8 (50717),-0.001142279921189015
KRTAP5-3 (387266),-0.0011405992062394688
ARHGAP15 (55843),-0.0011384680735465067
NR6A1 (2649),-0.001137517766708196
TMEM129 (92305),-0.0011357976654988058
NLRP2 (55655),-0.0011338517494132432
CRY1 (1407),-0.0011309594031371402
GTPBP3 (84705),-0.0011167038304818388
MAP7D3 (79649),-0.0011147822089062692
ACOT8 (10005),-0.0011139057107730163
ALKBH4 (54784),-0.0011079881468201653
ACTG2 (72),-0.0011068100415392009
LYZL6 (57151),-0.0011043872100844785
QSOX1 (5768),-0.001103269934668217
ACTA1 (58),-0.0010975227281250482
OR6P1 (128366),-0.0010958007998177225
CHAF1B (8208),-0.0010939692763502046
OASL (8638),-0.0010902032115536714
GPR143 (4935),-0.001089684673739795
EIF3L (51386),-0.0010856838385452045
ITGB1BP2 (26548),-0.0010761775524515712
TRIM56 (81844),-0.00107248334352753
RCOR3 (55758),-0.0010695445501122272
FBXO22 (26263),-0.0010676995232366908
OR4D9 (390199),-0.0010669848030196085
GDPGP1 (390637),-0.0010619877321715577
FAXC (84553),-0.001054472876257454
IER3 (8870),-0.001054083714287145
STOX1 (219736),-0.001051668850438111
MAP2K3 (5606),-0.0010509842989797683
CCDC78 (124093),-0.0010458116607943583
SYNGAP1 (8831),-0.0010398881802367486
SRP72 (6731),-0.0010344533348652903
ANKS1B (56899),-0.0010178560706242616
TXNDC15 (79770),-0.0010092558758187885
CFC1B (653275),-0.0010015856379518569
TSSC4 (10078),-0.0010006669381757644
C6orf163 (206412),-0.0009959593834806338
SSX1 (6756),-0.000991055860245927
WWP1 (11059),-0.0009895579709270894
BACH2 (60468),-0.0009834871954502787
HCFC1 (3054),-0.000979000190219304
CALML5 (51806),-0.0009682675527870974
PDZD4 (57595),-0.0009678962434899437
HEPACAM (220296),-0.000965962759872299
PRKX (5613),-0.0009655387260390844
PPIP5K1 (9677),-0.0009510716844912763
MRGPRF (116535),-0.0009471399165733583
THAP5 (168451),-0.0009399123655489443
CDK16 (5127),-0.0009344971059450861
PLIN4 (729359),-0.0009340566453600385
ADAMTSL5 (339366),-0.0009317516560974054
GALNT4 (8693),-0.0009304948463688319
CAV1 (857),-0.0009293268722168758
ARPC3 (10094),-0.0009254153378649079
LIG3 (3980),-0.0009095947181611721
DCAF15 (90379),-0.0009076124215264472
FAM169A (26049),-0.0008981480360665349
PLEKHG2 (64857),-0.0008971420369734164
APOE (348),-0.0008893541052621448
CAPNS2 (84290),-0.0008888064423512945
ZNF780B (163131),-0.0008852660473236711
BAIAP2 (10458),-0.0008718795642221887
CORO6 (84940),-0.0008713008595220145
MED13L (23389),-0.0008621879733018033
ZNF182 (7569),-0.000853358663337018
ECEL1 (9427),-0.0008528651699079346
AANAT (15),-0.0008527786947468064
MBOAT4 (619373),-0.0008470142129688013
FOXO3B (2310),-0.0008423225459331922
VSTM4 (196740),-0.0008382752269154622
ZNF496 (84838),-0.0008368769577090605
NOP56 (10528),-0.0008351156578606029
RBM18 (92400),-0.0008251744692068532
TRPV4 (59341),-0.0008247981961404099
VPS35L (57020),-0.0008229099469454358
AHSP (51327),-0.0008211600153764749
MORN5 (254956),-0.0008198518127069758
RAB3A (5864),-0.0008086533730221557
HCST (10870),-0.000807193488010308
HIF1AN (55662),-0.000806738028276289
TOMM20L (387990),-0.000795257719722654
HBB (3043),-0.0007809729436612265
RRM2 (6241),-0.0007771232476328509
SDC3 (9672),-0.0007734259548042387
ZBED3 (84327),-0.000768685435431409
POU4F1 (5457),-0.0007646787030752872
MARCHF3 (115123),-0.0007564813315871232
KHDC1L (100129128),-0.0007517708388587989
TF (7018),-0.0007490472681307274
GABRB3 (2562),-0.0007466162338767384
DSG1 (1828),-0.000740629749531192
PTGES3L (100885848),-0.0007346859272403243
RBBP6 (5930),-0.0007276331379614698
SDSL (113675),-0.0007182553108451721
BTBD3 (22903),-0.0006969075611093662
CCR3 (1232),-0.0006967447442464264
ZSWIM1 (90204),-0.0006936277314913049
KIF11 (3832),-0.000685037923706234
QTRT2 (79691),-0.0006805475282118054
CTDNEP1 (23399),-0.0006776482230285013
NCF2 (4688),-0.0006763841926424725
CLCN1 (1180),-0.0006760993787779881
LHFPL1 (340596),-0.0006757171238828552
SDHAF4 (135154),-0.0006728854765804288
PAN2 (9924),-0.0006721077818503632
SV2C (22987),-0.0006646253153653212
TRIM37 (4591),-0.0006615431721512951
RET (5979),-0.000648094053756551
PDE1A (5136),-0.000631056961320358
UACA (55075),-0.0006143089311035753
ABTB2 (25841),-0.0006137109329615323
CD300LF (146722),-0.0006074932365151137
C19orf44 (84167),-0.0006065363476566273
UFSP1 (402682),-0.0006034349824043202
SH3BGRL3 (83442),-0.0006027087464030387
DRC1 (92749),-0.0005871266088972707
ZC3H8 (84524),-0.0005826250694505447
MAGEB10 (139422),-0.0005808022508950953
FRZB (2487),-0.0005773254073695524
CD69 (969),-0.0005712306681710051
FAT4 (79633),-0.0005711577777858141
YBX2 (51087),-0.0005685188798963218
TTPA (7274),-0.0005617125130644978
DOK5 (55816),-0.0005581667913685468
STEAP4 (79689),-0.0005574228309946671
OSBPL2 (9885),-0.0005538511470203946
GUCY1A1 (2982),-0.0005360577203158046
DHX15 (1665),-0.0005239157459577653
SLAMF9 (89886),-0.0005232842638936564
HHATL (57467),-0.0005197329079489801
ALX1 (8092),-0.0005097011404016726
SKA3 (221150),-0.0005096729913839448
ROPN1L (83853),-0.0004921114418931631
TSKS (60385),-0.000485622631360907
CES3 (23491),-0.00047844987766489615
TRPV1 (7442),-0.0004689955539635438
PIAS1 (8554),-0.00046775150883201204
RIPPLY2 (134701),-0.0004667619644494435
OR2D2 (120776),-0.00046584514885146256
SMIM7 (79086),-0.00045672238104954403
CPLX4 (339302),-0.00045179420732631914
MIA3 (375056),-0.0004495931143944725
H2BC3 (3018),-0.0004423839515122321
USP26 (83844),-0.00043659388370293547
PLEKHB2 (55041),-0.0004355654362751761
SNRPD1 (6632),-0.00041118217891531627
RNF31 (55072),-0.00040198161051446525
COQ9 (57017),-0.0003976634805901115
RPP25L (138716),-0.00039664352249638954
OR10K2 (391107),-0.0003956375928649118
PPME1 (51400),-0.00038485119041420726
RRP15 (51018),-0.00038050383228404103
CYCS (54205),-0.0003794128068022633
DUSP28 (285193),-0.00037076854225169916
SLC20A1 (6574),-0.000364048973923875
FOXL1 (2300),-0.000357241168982313
LRFN1 (57622),-0.000355206510919246
CSRNP2 (81566),-0.0003536192312251691
IL21 (59067),-0.0003514290266417847
DNAJC15 (29103),-0.0003444013886781983
PYHIN1 (149628),-0.0003435629936865123
ZNF750 (79755),-0.00034246788047080423
KRBA2 (124751),-0.0003409269297833524
ELAC1 (55520),-0.0003405622030865092
ENPP1 (5167),-0.00033945908721318764
CDHR1 (92211),-0.00033622955867816304
ANKRD9 (122416),-0.00033146939822916994
PPP6R1 (22870),-0.00032873006764878095
TARS3 (123283),-0.0003233463506767972
STEAP1 (26872),-0.0003204359509054236
TSSK6 (83983),-0.00031826896602515567
ZKSCAN5 (23660),-0.00030857817911203423
BLOC1S3 (388552),-0.00029950740911526046
TMEM45B (120224),-0.0002971225743968294
SCAND1 (51282),-0.0002944372677651054
PDE6G (5148),-0.00029252215869909014
DZANK1 (55184),-0.00028971260296547054
KRT19 (3880),-0.00027962201424326346
RPS8 (6202),-0.000256609449235332
SMIM10 (644538),-0.0002556957132894557
ME2 (4200),-0.00025312438714334085
DNTTIP2 (30836),-0.00025204366665150253
PIGF (5281),-0.00024809459603606927
CCNK (8812),-0.00024205766875433086
SPATA22 (84690),-0.00023914746032922506
STYX (6815),-0.00022926173036638006
IWS1 (55677),-0.00022662678442102318
ASH1L (55870),-0.00022140832188497235
GPR87 (53836),-0.00022043806852623557
IGF2BP3 (10643),-0.00021442755002423072
CABP4 (57010),-0.00021147393020518984
SYT8 (90019),-0.00020801120374786247
IYD (389434),-0.00020374062188884193
TMED7 (51014),-0.00020083415450194826
TUBB6 (84617),-0.00020037662117972237
USH1C (10083),-0.00019896507165598264
STK17A (9263),-0.00018768215306909396
CRYBB2 (1415),-0.0001871751408928561
ETFBKMT (254013),-0.00017425842157472516
PCID2 (55795),-0.00016563603257445757
KCNB2 (9312),-0.000152860913815275
OR1A1 (8383),-0.00015249723157003263
DCAF4L2 (138009),-0.00014433233567938725
TYSND1 (219743),-0.00012874911998297136
PIGQ (9091),-0.00012069570169788257
EFNA2 (1943),-0.00011932321051383493
HP1BP3 (50809),-0.00011264608153037392
KLF2 (10365),-0.0001111700119496789
CUEDC2 (79004),-9.834652534955963e-05
CLTB (1212),-9.691046010796017e-05
CSPG5 (10675),-9.23856336987981e-05
ROBO1 (6091),-7.784905194084193e-05
DRICH1 (51233),-7.605815042255921e-05
ESD (2098),-7.462547186500554e-05
MYB (4602),-6.51749420400334e-05
OR2K2 (26248),-6.289624349642158e-05
C12orf60 (144608),-6.0323404865796425e-05
SPTAN1 (6709),-5.5977141767234185e-05
TOR1AIP1 (26092),-4.852828536394112e-05
KIF2B (84643),-4.793012555089059e-05
RGS22 (26166),-4.764884000151942e-05
PLEKHH2 (130271),-4.5886920385251114e-05
KRTAP8-1 (337879),-4.5324391747082014e-05
GTF2F1 (2962),-4.266297034032619e-05
REG1A (5967),-2.404416167889016e-05
SYT7 (9066),-2.312954323484756e-05
SEMA3G (56920),-1.898309235134724e-05
SHCBP1 (79801),-7.590678307970132e-07
CLDN15 (24146),8.668007044924683e-06
RAB40C (57799),1.0116594028176254e-05
CYP21A2 (1589),2.6008223263685116e-05
TBC1D26 (353149),2.7237845092278576e-05
RALGPS2 (55103),3.472307526364011e-05
ZNF260 (339324),3.542318699319709e-05
TAGLN (6876),3.714721420761494e-05
PNOC (5368),4.0419729977200716e-05
RAB27A (5873),4.185187230035071e-05
MEX3D (399664),4.79049333927758e-05
OR51M1 (390059),5.83013596183347e-05
TRIM16 (10626),5.9493820145203305e-05
SPO11 (23626),6.726760744546907e-05
ANKRD27 (84079),6.776430886950313e-05
PGAP1 (80055),6.840127374044718e-05
CSKMT (751071),6.865058454893062e-05
GTF3C3 (9330),7.121085710316628e-05
STOML1 (9399),7.204258968655711e-05
PDE4B (5142),7.220136068342545e-05
KNTC1 (9735),8.01231188782796e-05
RCVRN (5957),8.264012484303865e-05
TMED1 (11018),9.013253799704628e-05
IQCJ (654502),9.095152939383853e-05
SMARCA1 (6594),9.097612821532222e-05
SAP18 (10284),9.576134882487409e-05
IBA57 (200205),9.637246233141368e-05
SLC39A11 (201266),9.661992589244601e-05
TRIM67 (440730),9.964840356290451e-05
NME2 (4831),0.00011033521862665491
PHOSPHO2 (493911),0.00011507861857094972
DIPK2A (205428),0.00012261451926650152
SPTLC2 (9517),0.00012407330089698708
LETM1 (3954),0.00013116055520757432
LAIR2 (3904),0.00013358337253371232
PRDM15 (63977),0.00013880012464302757
CEACAM21 (90273),0.00014072961669675099
GFPT1 (2673),0.0001479370903627514
RAB23 (51715),0.00015140786841707056
BCL11B (64919),0.00016641477030586582
OR6Q1 (219952),0.0001772738836294714
UBAC1 (10422),0.00020046294638245148
DIO2 (1734),0.00022180673107549258
RPS3 (6188),0.0002251518113618693
PIP4P1 (90809),0.00023240598993857803
RHBDL3 (162494),0.0002347198802395822
ATP9A (10079),0.000234729643826367
EPHB3 (2049),0.00023888695355501026
SPMIP7 (100130988),0.00024192049016467278
AXDND1 (126859),0.0002428742847289657
GMEB1 (10691),0.00024334566628360618
AKR1C2 (1646),0.00024805775627008723
TECPR2 (9895),0.00025120299254460186
PCLO (27445),0.00025371442166881173
NANOS1 (340719),0.0002595597852126007
FITM2 (128486),0.00026332038269670743
CLINT1 (9685),0.00026411449144282293
PIGU (128869),0.00026527337534945085
GDF5 (8200),0.00026564180156435927
SIVA1 (10572),0.00026686535741323787
LRRIQ4 (344657),0.00027220099339253056
SRD5A3 (79644),0.00028560081955802036
CXCL17 (284340),0.0002895707797232484
ARHGAP12 (94134),0.0002923139353417325
DESI2 (51029),0.00029817515037000147
ASB4 (51666),0.00030738360421405167
TIMELESS (8914),0.0003090050160181495
CD164L2 (388611),0.0003216519635531843
COG3 (83548),0.0003337780513676132
TMEM89 (440955),0.0003429964299115216
IDNK (414328),0.0003481882758086885
UBR3 (130507),0.00035581265142511036
GGT1 (2678),0.000362294653248358
COX5B (1329),0.00036875862833932605
UNG (7374),0.00037129621085031173
PSMA3 (5684),0.0003777608810258893
HDC (3067),0.0003786423343546236
BPIFB2 (80341),0.0003808573471096711
LRRN4CL (221091),0.00038537146747195673
XPO1 (7514),0.00040479907351459915
SUMF2 (25870),0.00040856596957247656
TMEM217 (221468),0.00041268480169533964
EN1 (2019),0.00041787375160669255
PARP16 (54956),0.00041980176846533637
MAP1LC3A (84557),0.0004235677622204696
RIMS3 (9783),0.0004276629488240087
TMEM245 (23731),0.0004327904484176277
LRRC59 (55379),0.0004328468405578389
OR51G2 (81282),0.00043754375577351873
LMO3 (55885),0.0004382277665790358
APPL2 (55198),0.0004440084344553474
EDEM2 (55741),0.00046339916161867794
RDH14 (57665),0.000470732706924633
MZT2B (80097),0.00047235344318206414
MUSK (4593),0.0004755622632325042
C1QTNF7 (114905),0.0004831578653249774
SLC25A43 (203427),0.0004852245576277948
RAB12 (201475),0.0004852659445338815
PPP2R5E (5529),0.0004949657069011482
TP53BP1 (7158),0.0004955107098719649
FBXL2 (25827),0.0005060333187159287
HSPA8 (3312),0.0005070182286268465
TEKTIP1 (100128569),0.0005137810448690712
AICDA (57379),0.0005154416357123386
RUBCNL (80183),0.000519023258161625
ETV1 (2115),0.0005203617192028074
JCAD (57608),0.0005207763497242703
AMIGO1 (57463),0.0005262051392853336
COPS2 (9318),0.0005277087892957917
MCPH1 (79648),0.0005470954224957222
SLC46A2 (57864),0.0005549392490750107
ZBTB34 (403341),0.0005578492352402272
DSCAML1 (57453),0.000562326364132773
SLC2A3 (6515),0.0005641262463475942
FKBP10 (60681),0.0005688892363310658
RUNX1T1 (862),0.0005719467310679736
JAKMIP3 (282973),0.0005736713240804966
FAM83C (128876),0.000581217701093169
VNN1 (8876),0.000588396797960359
EFCAB14 (9813),0.0005883980435521604
ALS2 (57679),0.0005975174694921977
ACSM4 (341392),0.0006006847071660786
OR4S1 (256148),0.0006061116450181351
ZNF746 (155061),0.0006129944112828508
CYP4V2 (285440),0.0006163646198191995
CLTCL1 (8218),0.0006229156678994661
PLCXD3 (345557),0.0006334071738209686
CA7 (766),0.0006357859920705858
RB1 (5925),0.0006375461787913149
RPL6 (6128),0.0006377432668633966
WDR83 (84292),0.0006420602903304198
ROR1 (4919),0.0006433955115162852
ARGFX (503582),0.0006434517618197072
LAYN (143903),0.0006476086578913046
AASS (10157),0.0006489143365453168
ZNF710 (374655),0.0006499946792289592
CDNF (441549),0.000651766825992718
TOX2 (84969),0.0006533304523746542
NUFIP2 (57532),0.0006551421903468465
TUBAL3 (79861),0.0006602303131248039
ADGRL4 (64123),0.0006642703181832607
MTM1 (4534),0.000689071215821245
MYOC (4653),0.0006914518112308498
SPINT1 (6692),0.0006918851484145924
CALM1 (801),0.0006927423236598169
RAVER1 (125950),0.000693752037309042
PTBP2 (58155),0.0006950180017341748
BCL2L14 (79370),0.0007054678775478357
DDX46 (9879),0.0007078484994582847
CDON (50937),0.0007082160710420661
TNFRSF12A (51330),0.0007189153330460443
BCL2L15 (440603),0.0007273955330608346
MS4A15 (219995),0.000730040147771868
ENTREP1 (9413),0.0007372141415207924
NGB (58157),0.0007610874414980388
F12 (2161),0.000762104444713253
SSMEM1 (136263),0.0007622392036352594
CD34 (947),0.0007656890779969527
ATP13A5 (344905),0.0007733967783014326
ZNF324B (388569),0.0007816086068692869
LUC7L2 (51631),0.0007838787043477535
RAD51B (5890),0.0007878465003365627
GSDMA (284110),0.0007926140644782783
ECPAS (23392),0.0007961173229582368
MARF1 (9665),0.0008003986279704333
PLA2G4D (283748),0.0008061867620177193
CBL (867),0.0008157026395044723
RPN1 (6184),0.0008256209367489733
RHOB (388),0.0008274027483355942
GGNBP2 (79893),0.0008377433070036567
ATIC (471),0.0008495233792614944
CALD1 (800),0.0008592508927042395
LRRC26 (389816),0.0008604709999153779
CLDN23 (137075),0.0008653167815181938
TM2D3 (80213),0.0008696332603729138
AGBL1 (123624),0.0008714869934047704
TMEM243 (79161),0.000874327560201111
SH3BP5L (80851),0.000874916487759047
AVP (551),0.0008762789339663232
HSP90AA1 (3320),0.0008845567084045143
PLXNA2 (5362),0.000887618504088945
ULK3 (25989),0.0008898168806131466
HACD1 (9200),0.0008903053484632434
MAML1 (9794),0.0009002574042150692
HERC3 (8916),0.0009158301307573997
MROH7 (374977),0.0009181596694221568
UTS2B (257313),0.000922032646145419
LACC1 (144811),0.0009400345423952117
TMEM141 (85014),0.0009459569976772778
KRTAP15-1 (254950),0.0009539450335846796
EPHA7 (2045),0.0009576660628477275
CHRDL1 (91851),0.0009605551675307399
SPAST (6683),0.0009663530341081215
P2RX2 (22953),0.000966894889266053
INO80C (125476),0.0009701673446918871
PCDHGA8 (9708),0.0009778240061640582
NET1 (10276),0.0009862628590395718
GPHN (10243),0.0009868954442146117
CLEC1B (51266),0.0009879613606767678
SLC25A22 (79751),0.0009971119360634964
KCNJ8 (3764),0.0010063047113365827
PTGER1 (5731),0.0010092711529109853
APLP1 (333),0.0010125103983693409
DND1 (373863),0.0010184963355151521
KRTAP19-6 (337973),0.0010233873467833117
H2AC7 (3013),0.001026651104606264
PTPN7 (5778),0.0010358898127950469
ADH4 (127),0.001041236135536701
TMEM247 (388946),0.001048072764350773
GZMA (3001),0.0010552282717795243
GYPB (2994),0.0010615942614336283
SLC13A3 (64849),0.001064151486477766
ZNF609 (23060),0.0010732458162726916
FNDC10 (643988),0.0010750695606846958
JCHAIN (3512),0.0010819158179515467
FAM216B (144809),0.0010843257584860649
CACNB4 (785),0.0010849916996749078
FOLR1 (2348),0.0010906457502886722
JHY (79864),0.00109135519294105
KCNS3 (3790),0.0010984743270891922
TRIB2 (28951),0.0010997978296151548
FSTL1 (11167),0.0011009598001458956
WDR90 (197335),0.0011070900395121648
FBXO36 (130888),0.0011074235207153092
HNRNPUL1 (11100),0.0011085373165414458
DCPS (28960),0.0011234488148195644
MAPRE1 (22919),0.0011242054476053303
PTH2 (113091),0.0011345236133950378
BTC (685),0.0011369027545715445
CYP26B1 (56603),0.0011411935338226868
TOMM34 (10953),0.0011458273297164782
PHF2 (5253),0.0011501680535012922
TNFRSF1B (7133),0.0011505424814161394
FUT11 (170384),0.0011518060924300153
SNAP29 (9342),0.0011545763261364942
ZNF705G (100131980),0.0011623841968109903
FAM217B (63939),0.0011651344468857651
GYG2 (8908),0.0011712675097780298
B4GALNT1 (2583),0.0011732384825861018
CCDC175 (729665),0.001173618479854974
SLC35B1 (10237),0.001173948654449327
ATXN7 (6314),0.001176867840789335
LPL (4023),0.0011842209842838215
CD163L1 (283316),0.001184463930100209
ALG5 (29880),0.0011881008397220012
PKMYT1 (9088),0.0011886498956897695
FAM50B (26240),0.00119118834022119
TLK2 (11011),0.0011937971871977039
IL1RL2 (8808),0.0012025796703721374
SHPK (23729),0.0012087823108358315
SETD4 (54093),0.0012133642123386638
ZNF827 (152485),0.0012151273612750265
SALL2 (6297),0.0012165853585205386
PEDS1 (387521),0.0012244164788962682
TPD52 (7163),0.00122733105192769
AKAP7 (9465),0.0012279478852866418
ARL13B (200894),0.001243921733232417
DNAJC7 (7266),0.0012482839736598303
ECM1 (1893),0.0012601924732291232
SCGB2A1 (4246),0.0012614728676575762
KCTD2 (23510),0.001287875585596469
DUSP15 (128853),0.0012894423232291943
EDF1 (8721),0.0012899827760421243
LALBA (3906),0.0012914137858893791
ZNF266 (10781),0.0012964044899423895
BLMH (642),0.0013013507159195857
FANK1 (92565),0.001305371772202327
KIF3A (11127),0.001311881186409719
CD1D (912),0.001312829655927148
GPRIN2 (9721),0.00131706579242313
TBC1D32 (221322),0.0013231872297906153
GRIP1 (23426),0.0013246017506241298
PRP4K (8899),0.0013259509861467686
IDUA (3425),0.0013280298823909109
PARP15 (165631),0.0013285510291226612
ABCC8 (6833),0.0013339062472111328
WDR54 (84058),0.00134333810113317
KAT2B (8850),0.0013490115137809022
KRT18 (3875),0.0013497017584293911
RAPGEF2 (9693),0.0013509331808572887
HERC5 (51191),0.0013518877356016585
PTPRC (5788),0.0013587411134996957
IPO8 (10526),0.001365790550414489
TDRP (157695),0.0013691542134291748
INSRR (3645),0.0013727022858300362
FASTKD2 (22868),0.0013877267439051052
MMAA (166785),0.00138805160111177
MTFMT (123263),0.0013886608355062778
TADA2A (6871),0.001392732983078264
KRTAP19-7 (337974),0.0013939677810455404
CTH (1491),0.001405617693341821
ACOT11 (26027),0.0014141258214809657
GRM8 (2918),0.0014151020255939344
KLK5 (25818),0.0014198789311369372
SLC7A9 (11136),0.001432343484690143
PDCL3 (79031),0.001435002799729261
SMUG1 (23583),0.001435650703914477
SH3PXD2A (9644),0.0014425565940585584
SEC14L3 (266629),0.0014492167624103728
PTPN22 (26191),0.001450909540038044
NF2 (4771),0.0014704759143544899
TNFRSF11B (4982),0.0014776730464699623
SERPINA10 (51156),0.0014821724821711712
ACYP2 (98),0.0014876637891236824
MRPS11 (64963),0.001497507023193192
ZNF35 (7584),0.001501468672313375
VWDE (221806),0.0015033867562785823
SOX13 (9580),0.0015102087290600258
PDCD7 (10081),0.0015223235479934038
HOXD11 (3237),0.0015277900265692234
DMAC1 (90871),0.0015397014340237441
EPB41L3 (23136),0.0015475895767168828
KCNJ10 (3766),0.0015537349654606036
PTGFRN (5738),0.0015579584020609274
L2HGDH (79944),0.0015612869340876836
TP53BP2 (7159),0.001578733925670038
XIRP1 (165904),0.0015830543953716302
CPNE8 (144402),0.0015857119941943825
SLC25A4 (291),0.0015865060673953156
SYNPR (132204),0.0015921193379928136
DORIP1 (122525),0.00159367571194627
TENT5C (54855),0.0016059572123201982
TULP2 (7288),0.00161399065597061
GDF3 (9573),0.0016209427627734228
DCTD (1635),0.0016226880368348283
MYBPHL (343263),0.0016241216074381385
FOXD3 (27022),0.0016253646557347603
CCDC74B (91409),0.0016299245886430178
ITIH1 (3697),0.0016310787327702262
TMEM86B (255043),0.0016466501007735615
RIOK3 (8780),0.0016471491432055617
KIF21B (23046),0.001650476388859442
ZDHHC17 (23390),0.0016508817841498762
PAX8 (7849),0.0016511054270933131
CTNNA3 (29119),0.0016628145075999455
FUBP3 (8939),0.00166752057395533
MASP1 (5648),0.001669943888997254
HR (55806),0.0016711422581369914
UCK2 (7371),0.0016728473580371324
PXT1 (222659),0.0016751693486153692
OR10H5 (284433),0.0016770582788111434
EIF1 (10209),0.001679609929151842
HOXC10 (3226),0.0016851244358074308
AK2 (204),0.0016904819449714168
PMVK (10654),0.001694390386813578
ING5 (84289),0.0016965110014287021
SELENOM (140606),0.0017001511750935692
DNAI3 (126820),0.0017068923680643266
ALG8 (79053),0.0017070027297773416
TTLL9 (164395),0.0017113563317342395
MKRN3 (7681),0.0017126339685921246
MRFAP1 (93621),0.0017310426939972786
REP15 (387849),0.0017502852693190344
CAPNS1 (826),0.0017530453280463869
SLC17A1 (6568),0.0017626792514471932
TFCP2L1 (29842),0.001767104495091691
PRKCA (5578),0.001775582683079222
H2AC16 (8332),0.0017757750806276964
SLC7A14 (57709),0.001779332037218022
POLH (5429),0.0017872985914333568
STX16 (8675),0.0018001945255051535
GYPC (2995),0.0018075810357894274
C1orf54 (79630),0.0018104135359265248
GLG1 (2734),0.0018106313203885927
CIRBP (1153),0.0018110439564203167
XBP1 (7494),0.0018118122950099784
MAS1L (116511),0.001812515514856959
ANKRD22 (118932),0.0018230299337920516
LIMS2 (55679),0.00182352481837274
APEX1 (328),0.0018358988306932905
FBXL6 (26233),0.0018441533653457162
TCAF1 (9747),0.0018451308957510158
RBM6 (10180),0.001847490311276971
MROH1 (727957),0.0018482158676970187
PRR19 (284338),0.001849268210240705
MTRR (4552),0.0018495961708849327
NCR1 (9437),0.001850387802648723
DNMT3L (29947),0.0018545108186535343
CD302 (9936),0.001867091486614627
FER1L6 (654463),0.0018689502878115897
CMTM6 (54918),0.0018735685493122337
AP3S2 (10239),0.0018739430640382431
KLHL20 (27252),0.0018853487761440516
AP5S1 (55317),0.0019146644281538819
ZCCHC7 (84186),0.0019217403369054624
RPS11 (6205),0.0019326103223463987
CLRN2 (645104),0.0019451929884819054
PET117 (100303755),0.0019462882468157135
GHRH (2691),0.001948349184716964
INSL4 (3641),0.0019693372440298565
LAMTOR4 (389541),0.0019746226003664997
DDX43 (55510),0.00197650416750136
OLIG2 (10215),0.0019767975833494605
PPP2R5A (5525),0.0019822568842290627
SH3BP4 (23677),0.0019830837670918935
DCDC2B (149069),0.001984287883129258
PINX1 (54984),0.001989836477820763
PTX3 (5806),0.0019998271800448996
RERG (85004),0.002006352116848565
TRIM15 (89870),0.002012086229005391
SKOR2 (652991),0.002013750027564782
CCKAR (886),0.002023357838740569
API5 (8539),0.002027466758695087
VWA8 (23078),0.002036895094962757
TMEM74 (157753),0.002038922636245487
MAN2C1 (4123),0.002044054777021421
TRIQK (286144),0.002048996638987272
OR8J1 (219477),0.002054481282772313
ARPIN (348110),0.002056536134807583
SULT1C4 (27233),0.0020567779488901315
BMP8A (353500),0.0020595470027835257
TTC9B (148014),0.002060055506959486
THTPA (79178),0.002060787802666578
AFG2A (166378),0.002065261265952349
KPNA1 (3836),0.0020654849324712636
PEX1 (5189),0.002069530898849723
ABCD4 (5826),0.0020758187265639983
ZNF512 (84450),0.002076314622745824
MTUS2 (23281),0.002077672766798386
COX7A2L (9167),0.0020831392145962383
OR6C1 (390321),0.0020861578682373374
ABHD13 (84945),0.0020951656484557045
HELT (391723),0.0020957555296814753
CXCL1 (2919),0.0020975900715699157
S100A1 (6271),0.0020982329668193366
CCL3L3 (414062),0.0021037354065232554
LCMT1 (51451),0.002111324726845824
AMPD1 (270),0.0021233547325718192
UBQLNL (143630),0.00212817489101834
A4GALT (53947),0.0021384225316830054
RBM26 (64062),0.0021395419328813403
NAGLU (4669),0.002150843640574304
PLA2G12A (81579),0.002158401578363965
KLHDC7B (113730),0.0021623149446782304
PTPRJ (5795),0.0021660229335987583
OR13C3 (138803),0.002175395631338337
SLC14A1 (6563),0.0021941078777496445
SERPINB4 (6318),0.0021951243943755337
OR5M1 (390168),0.002198550183426677
NLRP12 (91662),0.0021987229387698875
CENPL (91687),0.0022031996554759247
SMPDL3A (10924),0.0022053005978158297
MICOS10 (440574),0.002215743447491174
BTN2A2 (10385),0.0022169024979777877
E2F2 (1870),0.002228918738300648
VPS72 (6944),0.0022347625517475703
U2SURP (23350),0.002235953248789194
IAPP (3375),0.0022445253187321737
ZNF92 (168374),0.002244851808254886
IFT27 (11020),0.002250706323171413
SIK1 (150094),0.0022557574177348595
NUP205 (23165),0.002269732802274341
BPIFB6 (128859),0.002276477698704927
GPR18 (2841),0.002282229173955291
NUGGC (389643),0.0022847078323936865
GPBAR1 (151306),0.0022934814752892277
ASIC1 (41),0.0022960914297313717
OFD1 (8481),0.002308625202067923
CNN3 (1266),0.0023116736811042184
KAT6B (23522),0.002312819425280898
JOSD1 (9929),0.00231284116477984
ADO (84890),0.002314341610020143
MRPL55 (128308),0.0023175961341862514
HAPSTR1 (29035),0.0023209587884720296
RBP7 (116362),0.002321101757563828
PEMT (10400),0.002321779265696486
SCG2 (7857),0.002321784505865961
FUOM (282969),0.002326665106638998
ZNF579 (163033),0.002341722153801318
ZNF75D (7626),0.0023428703557029007
POU4F2 (5458),0.0023482163654423033
PNKD (25953),0.0023483767660021602
RNF214 (257160),0.002354281553821251
RICTOR (253260),0.002356637400194743
JPT2 (90861),0.002364366906029481
TERB2 (145645),0.0023710800347066315
CASS4 (57091),0.0023748277455883054
GRIA1 (2890),0.002380308096539334
SSTR3 (6753),0.002387327709645592
H1-7 (341567),0.0023920830818221005
TAS2R46 (259292),0.0023948317789465596
MRPL41 (64975),0.002395280266539611
CCDC24 (149473),0.0023955759026032474
PKIB (5570),0.002404965410989074
NOTCH3 (4854),0.002410235003467921
STK36 (27148),0.002413856376401893
CD2AP (23607),0.0024152428160633317
IFNL1 (282618),0.002416445686880249
PTMS (5763),0.002418391326245828
ZBTB12 (221527),0.00243552267166993
C2orf80 (389073),0.002435745927286136
ELFN1 (392617),0.0024359272681596825
EME2 (197342),0.002440460302374274
CNTNAP5 (129684),0.002456389032067256
SKA2 (348235),0.002459006949668576
PDIA4 (9601),0.002467545748579825
ICMT (23463),0.0024836066522460434
GPX6 (257202),0.002497194297092538
SEC24A (10802),0.0025099909243783336
HSPB1 (3315),0.002515447118348682
GFI1B (8328),0.002527039364381321
BRPF3 (27154),0.0025312844718569146
TRPM1 (4308),0.002531734943820693
RFPL3 (10738),0.002535140113871095
KIAA1549L (25758),0.00253824811449814
AKAP5 (9495),0.0025404044010337934
VENTX (27287),0.0025406208670822133
ASRGL1 (80150),0.0025433045108269703
USP10 (9100),0.00254529090359342
AXIN1 (8312),0.0025732920816365587
SLC35B4 (84912),0.002573871321387846
ACTN1 (87),0.0025750364598556763
CCDC86 (79080),0.0025757623319768333
MRPL1 (65008),0.002577242448619906
SERINC1 (57515),0.0025789633195781535
PCDHB10 (56126),0.002589482845218409
RAB2B (84932),0.002590041701586066
GOLM1 (51280),0.0025951539464940335
AMIGO2 (347902),0.0025959886946621447
CXCL5 (6374),0.002603469837306089
FNDC8 (54752),0.0026043730383179496
ISLR2 (57611),0.002604883154171272
PIERCE2 (145788),0.002605284261888929
ANXA13 (312),0.002606218647105848
ETV4 (2118),0.0026146026831263434
SEC24B (10427),0.0026148845046683263
GNL2 (29889),0.0026269593340008572
CIZ1 (25792),0.002646642143479161
SGCZ (137868),0.0026516912780029937
MYPN (84665),0.0026555681614254525
DEFA6 (1671),0.0026635601088177705
ARPC1B (10095),0.002669294851682127
RAET1L (154064),0.0026725687014842727
SNAPC1 (6617),0.0026749899803055806
FHL3 (2275),0.002675123497124734
GAN (8139),0.0026830224421497406
OR51D1 (390038),0.0026837377187641526
CMTM8 (152189),0.002705951969257283
SEMA3E (9723),0.0027063230940757854
PMFBP1 (83449),0.002707393488514279
SNX22 (79856),0.0027110911339098607
GPR75 (10936),0.0027207990883239795
UBFD1 (56061),0.002733927898120844
DMTF1 (9988),0.002737437214149486
OR2AE1 (81392),0.0027489416800660364
ABRA (137735),0.0027501377313337177
MEF2A (4205),0.002764708857132703
CLDN6 (9074),0.00277496874544143
GPR52 (9293),0.002777918119909574
IFIT3 (3437),0.002780262219799403
ZNF169 (169841),0.002783443353485955
ERH (2079),0.0027905315217783507
CS (1431),0.002791089437716902
RPGRIP1 (57096),0.002796099891970922
TTC36 (143941),0.002799306674113378
NICOL1 (401115),0.0028020843029777595
EMC1 (23065),0.0028032989404411794
MTERF3 (51001),0.002805248074511192
SLC24A5 (283652),0.0028191001301550514
CTBP1 (1487),0.0028331240507755424
OR5A2 (219981),0.0028497891679645075
PRTFDC1 (56952),0.0028534863690618043
KIR2DL1 (3802),0.0028538661021736637
C12orf42 (374470),0.002855920836254432
SF3A2 (8175),0.00285749231861453
HACL1 (26061),0.0028581890998836405
SH2B3 (10019),0.002870545508663348
SLC15A1 (6564),0.0028793190641587516
COG6 (57511),0.0028809885634707745
RESP18 (389075),0.002883272464046904
ZSWIM8 (23053),0.002889628111995948
VMO1 (284013),0.002892274131183751
PDXK (8566),0.0028977310260260092
KRTAP5-2 (440021),0.002909689534936909
KIAA0513 (9764),0.0029141930233711087
NUDT15 (55270),0.0029186865530027003
ARHGEF15 (22899),0.0029254903624418996
TPST1 (8460),0.00292770634940372
ERICH4 (100170765),0.002935263456054855
TBC1D21 (161514),0.002942942050154126
TASP1 (55617),0.0029444018282115446
MS4A6A (64231),0.0029506308841851206
RPP14 (11102),0.002950848225136103
FAM83B (222584),0.002953754297252221
PSD (5662),0.002954440227380339
BFAR (51283),0.002954971457057351
NKG7 (4818),0.002966578433348409
ARHGEF3 (50650),0.002972195409852835
TBX2 (6909),0.0029746320908991763
LUC7L (55692),0.0029789084484001666
OTUD4 (54726),0.0029815408068024508
GPC2 (221914),0.002993481138300378
MYT1 (4661),0.0030002682736637743
LCP2 (3937),0.003003853391771586
ACKR1 (2532),0.0030054466602822826
KRIT1 (889),0.003005647188764546
THAP4 (51078),0.0030073098429543583
VWA5B2 (90113),0.003019524774763314
ATMIN (23300),0.0030203991634947464
ST8SIA3 (51046),0.003023511669704076
LRRC34 (151827),0.003025684482255536
SHCBP1L (81626),0.003031082747084268
PAK4 (10298),0.003032240405254188
OR2T6 (254879),0.003032897175094288
TEN1 (100134934),0.0030370427735550926
PLCZ1 (89869),0.003037508072075603
ZNF235 (9310),0.003039296442022614
OR4N5 (390437),0.0030463427645815635
SEL1L2 (80343),0.0030486588560454486
KCNK18 (338567),0.003058635657191062
UBP1 (7342),0.0030590108287098052
LY9 (4063),0.0030637399046079196
KIFAP3 (22920),0.0030671948903517213
PUM1 (9698),0.003079004895148141
LRIG3 (121227),0.0030828926874583223
ACAA1 (30),0.0031033911323966436
NLK (51701),0.003106644740058361
ZFPM1 (161882),0.0031087082692010356
UPRT (139596),0.0031130195390565913
KRTAP6-2 (337967),0.0031151095925202603
MS4A3 (932),0.003117506365732022
ZNF432 (9668),0.0031213615264087144
GIGYF1 (64599),0.003123562767426655
LASP1 (3927),0.0031291357988787864
IRGM (345611),0.0031294211447417115
DAND5 (199699),0.0031338385284624343
GRP (2922),0.003139469165584992
FHDC1 (85462),0.003147052752163991
G3BP1 (10146),0.0031504278843594606
TTC39A (22996),0.003159895185858268
IRS1 (3667),0.003169340330595391
CDH5 (1003),0.003172696167698589
PRSS8 (5652),0.0031737839062894796
ANOS1 (3730),0.0031782967415910383
TTYH3 (80727),0.003180473190505253
PTGES (9536),0.0031807286642417947
GCHFR (2644),0.003181486295569709
KRTAP22-1 (337979),0.003188711965415383
BBS4 (585),0.0031894396531930826
ZCCHC2 (54877),0.0032106064687059148
TMEM176A (55365),0.003211338137508385
FBXL13 (222235),0.0032162024339316116
ARNT2 (9915),0.0032259665831905872
ARL4D (379),0.0032268361517805277
PRR14L (253143),0.003229684971553797
CLMN (79789),0.003239350985833069
LSM6 (11157),0.0032506221580469005
RAD23A (5886),0.003255193606828532
GSK3A (2931),0.0032564662127509366
RNASEH2A (10535),0.0032588016031901727
FLRT1 (23769),0.003262346456678698
AK4 (205),0.003268787726431748
TMEM121 (80757),0.0032756205312754415
WBP1 (23559),0.0032879975918484396
ITPR2 (3709),0.003295032474069573
NRROS (375387),0.0032961209515816707
NFKBIZ (64332),0.003298657538996671
SEC16B (89866),0.0033208792812380204
IGFBP5 (3488),0.0033283527831557505
DENND1A (57706),0.003331980901976657
DECR1 (1666),0.0033387273717790655
TMTC3 (160418),0.003353526726003953
SUPT4H1 (6827),0.003356897242404632
MRPL22 (29093),0.0033585629674717067
PRG4 (10216),0.003360871820679688
ARHGAP36 (158763),0.0033647026004289663
ANXA3 (306),0.0033724175860566138
KRT75 (9119),0.003390191200876653
TOR1A (1861),0.0033922732533614485
VAV3 (10451),0.00339391928452481
CTSB (1508),0.00339575018803428
GHRHR (2692),0.0034141081102596446
OSMR (9180),0.0034167989710950247
ACTR5 (79913),0.0034316547192803034
AMBRA1 (55626),0.0034327259222774855
KIRREL2 (84063),0.0034351357081518394
GSTA5 (221357),0.0034407891349396954
ARV1 (64801),0.0034438732161158987
RAB13 (5872),0.0034516964167731275
IFT22 (64792),0.0034521473523425224
FAM171A2 (284069),0.0034619704869303532
CDH15 (1013),0.0034709462465881253
SHKBP1 (92799),0.0034825330420524387
KYAT3 (56267),0.00348368222454834
ZNF843 (283933),0.0034860717741256124
PSRC1 (84722),0.0034925903615581656
MEIS2 (4212),0.003507040605321558
PRR22 (163154),0.0035131040060608605
DPH5 (51611),0.0035178352136798234
EVL (51466),0.0035196677629451226
PINLYP (390940),0.0035262290487657866
SLC7A6OS (84138),0.0035306491794069098
FGFBP2 (83888),0.0035405827134895158
PDSS2 (57107),0.0035426441908210805
MAPK13 (5603),0.0035430029408952813
CABLES2 (81928),0.003543604433016187
TSSK2 (23617),0.0035441183022399446
ENGASE (64772),0.0035463482263418584
SHARPIN (81858),0.003559730123820057
HCLS1 (3059),0.0035598059803426552
LY75 (4065),0.003561811856667108
HEY2 (23493),0.0035643043197116416
PCDHA9 (9752),0.003565162104250169
RPS23 (6228),0.0035749039594681216
PRDX3 (10935),0.0035797010712943474
PGLS (25796),0.003580382239068661
CGNL1 (84952),0.0035956737595916693
MIF4GD (57409),0.0035959581059239105
ALDOB (229),0.0035977272902774147
MYL3 (4634),0.003598184806966789
CYP2S1 (29785),0.00360430443045907
ELAPOR1 (57535),0.003612882838004399
DUSP29 (338599),0.003613708290337525
PRKCI (5584),0.0036139591828568958
APOC1 (341),0.0036153833480614458
MAPK12 (6300),0.0036172413090468773
RBL1 (5933),0.003621701107302078
PCDHB12 (56124),0.00363335461171943
H2AZ2 (94239),0.0036365492874028574
INSC (387755),0.0036473522568038685
TAF1B (9014),0.003653979089093857
RXFP2 (122042),0.0036672391525428383
DEPDC1 (55635),0.0036675437684847725
TOM1L2 (146691),0.0036720155168511424
KIDINS220 (57498),0.0036760936482752326
SMR3A (26952),0.003676849452601062
MYO1A (4640),0.0036805394624491554
GTF2I (2969),0.0036840788817395736
MAPK8IP1 (9479),0.0036952928857164175
ZMIZ1 (57178),0.0036966707576222575
HAUS4 (54930),0.0037041763072032056
ADPGK (83440),0.003706912851230717
F10 (2159),0.003712892658847797
ATP5ME (521),0.0037135638539550456
EIF5A (1984),0.003713876851129447
MCRIP2 (84331),0.003720188888479311
ICAM4 (3386),0.0037232758437216605
OLIG1 (116448),0.0037365723874074955
FBXO30 (84085),0.00374118186493166
SERPINA5 (5104),0.0037519047033841534
BSDC1 (55108),0.003753026891450869
SLC39A9 (55334),0.0037564903646734545
TPMT (7172),0.003759098491400293
LIN28B (389421),0.0037614561122869604
CDK1 (983),0.00377011758502882
C4orf46 (201725),0.0037759744760502284
CNPY1 (285888),0.003780728702479311
CPXM1 (56265),0.0037845784824057003
LAP3 (51056),0.0037849419789584703
PEX5 (5830),0.003793288828191484
CCDC33 (80125),0.0037935580731538734
SMCHD1 (23347),0.003812379161166631
PRKAR2B (5577),0.0038137372249430293
LZTS3 (9762),0.0038165302067751264
SLC25A20 (788),0.00381758140735785
ZNF729 (100287226),0.0038288852625257067
GNAL (2774),0.003829222608085318
ZC3H3 (23144),0.0038431940798392336
HNRNPL (3191),0.0038500253869259773
TBX15 (6913),0.003851100299206449
ZDHHC2 (51201),0.00385420246824101
FMO1 (2326),0.0038554197717989183
NEURL4 (84461),0.00385716620378001
PLXNB2 (23654),0.003858251607049664
CBLC (23624),0.003858708471332437
HHIP (64399),0.00386011117207539
PATL2 (197135),0.0038607846692611703
MKNK1 (8569),0.0038623114123458664
SLC48A1 (55652),0.003862379793118517
HTR1E (3354),0.00386632359592987
PRMT2 (3275),0.0038689377498478863
CLDND1 (56650),0.0038810896956995465
UGT1A10 (54575),0.003883760572204847
ZIK1 (284307),0.003884924755360499
PALB2 (79728),0.003885279090205772
CAMKK2 (10645),0.0038871457065035617
MUC7 (4589),0.0039044009307129825
MSC (9242),0.0039046684036329413
SPATA2 (9825),0.003916043742853398
CRISPLD2 (83716),0.00391925714508463
SPACA3 (124912),0.003924892009096045
TAL2 (6887),0.003930556692165971
SLC39A13 (91252),0.003934276551128634
SLC26A3 (1811),0.003936999163069644
C1orf21 (81563),0.003940223304378656
ARSF (416),0.003943859897736677
LGALS14 (56891),0.003946227948386912
MRPS7 (51081),0.003950783335822323
COX15 (1355),0.003955757666790361
KCNJ9 (3765),0.003957133966532231
PLPPR3 (79948),0.003959172904846109
SCML2 (10389),0.0039673681509612676
UBL7 (84993),0.003968838883870008
SCOC (60592),0.003977500442614197
CXCL13 (10563),0.00397783889610124
AFF3 (3899),0.003983023773285988
SLC25A21 (89874),0.00398450426536696
GALK1 (2584),0.003988101365467207
RAB18 (22931),0.003989519892429552
TRNAU1AP (54952),0.0039968507112779425
ZNF142 (7701),0.003996913470464347
IQCF5 (389124),0.0039977205045512165
TLCD5 (219902),0.004002844199039973
RNF183 (138065),0.004006607872269817
SAP130 (79595),0.004011327214932632
ASB11 (140456),0.0040196909297319705
TNIP3 (79931),0.0040222246826400725
CCDC62 (84660),0.0040233644161306835
KAZALD1 (81621),0.004029258580346656
PIP5K1B (8395),0.004031712188328036
CACNA1C (775),0.004037827171312089
SVBP (374969),0.004039431634844852
CA3 (761),0.004062064554654625
XAGE3 (170626),0.004064999149638877
ABI2 (10152),0.0040660742518153995
CTBS (1486),0.004067228914473343
PJA1 (64219),0.004070757775352321
HLA-DQA1 (3117),0.004080088552649962
PHF20 (51230),0.004085881269649732
WBP2 (23558),0.004088318537839505
SPMAP1 (388381),0.004097937753512269
SEMA3C (10512),0.004100919411321165
TTLL4 (9654),0.004105066818741004
RFX5 (5993),0.004107752145228937
DDX4 (54514),0.004115542460630158
EAF1 (85403),0.004123002102177123
MRPL54 (116541),0.0041287846416244636
TMEM39A (55254),0.00413837162734336
ITGA11 (22801),0.004139908261858343
KATNIP (23247),0.0041402216230273636
PNPLA2 (57104),0.004141823201591169
HSPB6 (126393),0.0041483809275644525
FNDC11 (79025),0.004148452997806675
PRKAR2A (5576),0.004149850773554276
SPATA3 (130560),0.004152567585312088
OR5AC2 (81050),0.00415805418383566
PPP1R14C (81706),0.0041688515820853395
CCL3 (6348),0.004185629201219385
ZNF830 (91603),0.004188344950485606
DCUN1D2 (55208),0.004192833458960238
TMED2 (10959),0.00419388373006872
FAH (2184),0.004194220472240702
DCAF6 (55827),0.004198570436263006
PRR3 (80742),0.0042050591749634835
SCO2 (9997),0.004205583030408154
RAD52 (5893),0.004207280614171391
CEACAM19 (56971),0.0042093318224844505
MCF2L2 (23101),0.004211954677507631
ZNF879 (345462),0.004216830198320994
AIFM2 (84883),0.004219876115067862
RPS6KC1 (26750),0.0042209348695567495
ZNF133 (7692),0.004224073968613683
NDRG4 (65009),0.0042249550591679395
RHOG (391),0.004225705454536822
DHODH (1723),0.004226817512209101
AKAP1 (8165),0.004232676805551375
MYF6 (4618),0.00424002539822245
SFMBT2 (57713),0.004243758756193257
RAD51 (5888),0.004244111639642172
SPOCK2 (9806),0.004244575989169968
USF2 (7392),0.00424769641797269
ARL6IP6 (151188),0.004248335327203469
ABHD17C (58489),0.00427641193515497
ACAP2 (23527),0.004283156379787371
LDLRAD3 (143458),0.0042841643194392025
H3C3 (8352),0.00428683295746775
MTX1 (4580),0.004288590889128057
SLC23A1 (9963),0.004294432102207891
BMP6 (654),0.00430058305114182
GNG5 (2787),0.004301265932702532
BICD1 (636),0.004304104569101072
ITIH3 (3699),0.004304317125947297
TIGAR (57103),0.0043065104161605795
ZNF160 (90338),0.004306916083968666
GPR3 (2827),0.004308614579274519
SPATA13 (221178),0.004314783963409436
PCSK5 (5125),0.004318946492031477
RDH5 (5959),0.004324820445404832
NT5DC2 (64943),0.004336514962141591
FBXW10B (374286),0.004339746915885287
DOLPP1 (57171),0.004355195163749771
SERGEF (26297),0.004357282550953976
SLC41A1 (254428),0.004365515567267831
OR13J1 (392309),0.004370255302605576
SLC35E3 (55508),0.00439191673740111
IRAK1BP1 (134728),0.004393559510288952
PHF19 (26147),0.004396316650646516
ATG7 (10533),0.004396954091570021
IGIP (492311),0.004416765905831603
NRIP3 (56675),0.004433774853137165
TRMT2B (79979),0.004438562798126338
DTD1 (92675),0.004440211686245277
ZMYM2 (7750),0.004440559291581525
ZNF439 (90594),0.004440638104886646
CFD (1675),0.00444131814673787
STKLD1 (169436),0.0044440775968535295
OCM (654231),0.004447511712877649
KSR2 (283455),0.004447936090598227
IL17D (53342),0.004455368310884889
MRAP2 (112609),0.004465825683796235
PPM1G (5496),0.004469110399547982
GTDC1 (79712),0.004472863255192826
IPMK (253430),0.004484405795878394
OXR1 (55074),0.004504037752819369
FOXB2 (442425),0.004510370432396732
FAM89B (23625),0.004511367912011597
KLRF1 (51348),0.004514232361398188
SLC14A2 (8170),0.004517221682254106
SCN4A (6329),0.004517285777628906
PADI3 (51702),0.004525282219008562
ACAT1 (38),0.004525401084852678
COL5A2 (1290),0.004527399620671182
CUL3 (8452),0.004539961148743026
CYSRT1 (375791),0.0045446087846380285
SPOCD1 (90853),0.004545227853128926
EBPL (84650),0.004561845563288261
SERPINB8 (5271),0.004562812578057701
CFAP90 (134121),0.004565089676800107
CHMP2B (25978),0.004566883059622662
GIGYF2 (26058),0.004572998448507623
RHBDD3 (25807),0.004577187885692162
OTOP3 (347741),0.004582662161035174
NECAB2 (54550),0.004583560205781318
PNMA8B (57469),0.004584763428746116
DHX30 (22907),0.004586700289864173
ITPKB (3707),0.004598573441951719
CFAP141 (388701),0.0046038338930237625
OR51B5 (282763),0.0046118697488364575
POM121C (100101267),0.004614078736570849
WDR72 (256764),0.004614633658605592
NDUFA1 (4694),0.0046197264623338685
POLD3 (10714),0.004622752205616303
VRK3 (51231),0.004626717053768175
SYNPO2 (171024),0.004627093416369507
GSR (2936),0.0046317763830236195
PRR7 (80758),0.004648322957090395
KLK6 (5653),0.004650675954056966
JUND (3727),0.0046526825108323
DTNA (1837),0.004660294597075957
TUFM (7284),0.004664696561829386
EPHB4 (2050),0.004668002289844444
CDPF1 (150383),0.004674156474674128
NRAP (4892),0.004676124368746416
PRKD2 (25865),0.004682330235836128
SEMA6D (80031),0.004694584734842743
TSPAN18 (90139),0.00470186510196338
SLC12A3 (6559),0.004703357283413224
MAP3K1 (4214),0.004703363018554828
ASB17 (127247),0.004704408475258424
DDX50 (79009),0.004711621961515963
AGPAT2 (10555),0.004724446771721177
HSPB9 (94086),0.004724957941724841
STT3A (3703),0.004727372754943312
ATRAID (51374),0.004741746330564049
PRORP (9692),0.004747345952863074
DNAJB6 (10049),0.004753293222731985
CLCN7 (1186),0.004755542444249331
FOXD2 (2306),0.004760457321944557
FOXE3 (2301),0.004781619928472713
AGBL2 (79841),0.004803760971471273
ZMAT4 (79698),0.004810160984456947
CA11 (770),0.004813875334103936
FAM3C (10447),0.0048172526355095184
MSH2 (4436),0.004817640248763732
PDPR (55066),0.004819202037881591
CALML4 (91860),0.00482369562439194
PDHB (5162),0.004851669435052741
MSH4 (4438),0.0048555629201593505
DNAH12 (201625),0.004861820355990355
MYLK (4638),0.004863417305671416
GHRL (51738),0.004869745727036904
KLHL33 (123103),0.004871258170430679
ATF1 (466),0.0048734578265860855
SLC18A3 (6572),0.0048753565595693075
CYP2U1 (113612),0.004882180871777806
FARP1 (10160),0.004891438361837262
GRINA (2907),0.0048966183462677785
UBE2W (55284),0.0048988493691796324
KLF15 (28999),0.0048989934592334325
IDI2 (91734),0.0049008124341646175
SEMA6C (10500),0.004903254997587943
PDPK1 (5170),0.0049033831407472705
SMIM24 (284422),0.004903687534829953
ABHD2 (11057),0.00490473839871594
GDF15 (9518),0.004917866706822853
LHFPL2 (10184),0.004926193694791057
RASIP1 (54922),0.004926874742930532
SLC25A19 (60386),0.00493241435550537
CYB5B (80777),0.0049338126695713715
C9orf40 (55071),0.004936123724885573
PTTG1 (9232),0.004938837618852495
EID2 (163126),0.004941392922458832
TMX4 (56255),0.0049473914610674965
CDO1 (1036),0.004955037294312939
PNLIPRP1 (5407),0.004960570025753958
WFDC12 (128488),0.004962275363639486
UCN2 (90226),0.004963360075723175
CLPSL1 (340204),0.00496626355042246
CLEC7A (64581),0.00497492796508339
TNMD (64102),0.004975027105583655
PRR27 (401137),0.004976020366334124
MLXIPL (51085),0.004980232204275295
TBKBP1 (9755),0.004981433475478534
CSTA (1475),0.004987162363913398
SLC37A3 (84255),0.00498858448131779
SPDYE1 (285955),0.004988835073981277
MAPDA (161823),0.004991196809428342
SPHK1 (8877),0.004992209727201492
NXPE3 (91775),0.00500476178566459
PLXNC1 (10154),0.0050062841028651545
DMAP1 (55929),0.005016771775619716
VHL (7428),0.005022461546003804
AP1AR (55435),0.00503130387728652
TNPO1 (3842),0.005035262168486101
ATPAF2 (91647),0.0050518664973094665
EHHADH (1962),0.005053873055396974
CD59 (966),0.005054735439101515
CFAP36 (112942),0.0050560830447460795
KRTAP3-1 (83896),0.005056456148441749
SMOC2 (64094),0.0050621064227963
SLC25A3 (5250),0.005066242975777273
SLC16A6 (9120),0.0050900971444351245
CSF3R (1441),0.0050932342399016405
RNF138 (51444),0.005096216749353682
STARD13 (90627),0.005098014902529887
PCDHGA11 (56105),0.0051127939014985226
GRIK3 (2899),0.0051320968272997045
KRT40 (125115),0.005146085417140318
MRPS35 (60488),0.005146539003654402
CAMKV (79012),0.0051484616875300615
ZNF300 (91975),0.005154759162282774
ZNF692 (55657),0.005161226390321689
ADAMTS2 (9509),0.00516150979929714
ZNF614 (80110),0.005162029499015764
TFR2 (7036),0.00516470833574001
FAM221B (392307),0.005165797494632416
BRINP1 (1620),0.005168936412086208
SLC16A3 (9123),0.005175745777113674
SSTR4 (6754),0.0051821991293600975
ZNF337 (26152),0.005187171930487529
KRT72 (140807),0.0051887871026572675
ELFN2 (114794),0.0051946828023100985
WTIP (126374),0.005198445600244661
TPSAB1 (7177),0.005198646659299903
CENPB (1059),0.00520236390671212
LIPJ (142910),0.005204372062522003
CNGA1 (1259),0.005206036515315295
MPZL2 (10205),0.0052134829878015794
OGG1 (4968),0.005221396635307164
VRTN (55237),0.005222756201254797
PIR (8544),0.0052263877075463825
OR52D1 (390066),0.005232880205220427
SCPEP1 (59342),0.005234331309504484
SEPTIN12 (124404),0.005234380757126868
ARL5B (221079),0.0052346016300352455
GPR88 (54112),0.005239174729234691
PCDHB11 (56125),0.0052402214852344635
DCXR (51181),0.005248533242318909
GDF1 (2657),0.005249744345064674
MAB21L2 (10586),0.00525198718408084
NRG3 (10718),0.005260119708799882
PPP1R3E (90673),0.0052663336362881955
PCGF5 (84333),0.005267102196218339
RPS6KA5 (9252),0.005268623657035325
RRH (10692),0.005271698823176122
RYR1 (6261),0.005278313587524629
TMEM252 (169693),0.005281661722693541
SLN (6588),0.00529390634179461
FBXO21 (23014),0.005304480141747969
FABP3 (2170),0.005306078316402668
SMIM5 (643008),0.00530838820904853
TRIM38 (10475),0.005314435604484185
KIF13A (63971),0.005319464951109787
ZAR1 (326340),0.005323075239471671
GPR158 (57512),0.005327147240228894
WFDC5 (149708),0.005327918922717047
SERPINB9 (5272),0.005334853667615855
BIN2 (51411),0.005344147067485801
CDK15 (65061),0.005369561667459815
POLE3 (54107),0.005373098208122392
NKTR (4820),0.005376320598085271
OR6N2 (81442),0.005381570947540949
PDE6H (5149),0.005381791828194488
DNAH11 (8701),0.005391781160616599
PI4K2B (55300),0.005397394910614403
IFNA4 (3441),0.005404566552316795
KCNK9 (51305),0.005408699577555246
DSE (29940),0.005413319213257782
LAT2 (7462),0.00542584640368521
CRYGB (1419),0.005428337934295689
MSL3 (10943),0.005444042000910909
B3GALT6 (126792),0.005445314762805749
PRRC2A (7916),0.005471072265611686
C11orf68 (83638),0.005473911147622514
SNAP47 (116841),0.005478889274521656
JUP (3728),0.005481783470429718
BACE1 (23621),0.005481960320875536
SLC16A7 (9194),0.005495284465575651
PKIA (5569),0.005498105102227691
SLC5A5 (6528),0.005498567134456137
RPS19 (6223),0.005503661338181461
GALNS (2588),0.00550784325751264
COL10A1 (1300),0.005519991980370224
DEFB131A (644414),0.005521675715623091
TGFA (7039),0.005523631325719756
ASPM (259266),0.005531123044648835
NEDD1 (121441),0.005536195012730717
SLC19A3 (80704),0.005539567008977253
SNAPIN (23557),0.0055411852199325935
PALMD (54873),0.005546511950019192
APBB2 (323),0.005555465428415618
RBM20 (282996),0.005558535981487056
IL10 (3586),0.005562508607524204
GNG3 (2785),0.005563366960018784
NDUFAF3 (25915),0.005567156156582843
GUK1 (2987),0.0055776333660940884
DYNLT3 (6990),0.005578283558052075
E2F1 (1869),0.005586175148497796
NIT1 (4817),0.0056110338418735
ZNF79 (7633),0.005613961109914254
GPR61 (83873),0.0056170196444035635
WFDC1 (58189),0.005621129817695255
CREM (1390),0.005623122526215078
P2RY6 (5031),0.005624844965696033
ZC3H6 (376940),0.005627306969560537
JARID2 (3720),0.005643633222405788
ECSIT (51295),0.005660833647763349
MRPS17 (51373),0.005674712691724803
LEPROTL1 (23484),0.005678579976203807
NIT2 (56954),0.005681352094288485
MEI1 (150365),0.005682649160629988
ATP4A (495),0.0056946904274084555
JAKMIP1 (152789),0.005711248866965879
FAM47A (158724),0.005714294207976155
AOC3 (8639),0.005720458755637879
UPK1B (7348),0.0057209717481589975
C16orf90 (646174),0.005734633785931207
FBXO45 (200933),0.0057347680097894396
FAM149A (25854),0.0057368239039575376
HSPB2 (3316),0.005741138390818603
FAM219A (203259),0.0057587219720099635
OR6V1 (346517),0.005766306245087973
AARSD1 (80755),0.005771243439424934
ACO2 (50),0.005785560004774962
UBTD1 (80019),0.005791437863919907
OR13C4 (138804),0.005793437008833734
LYSMD1 (388695),0.005802983944761576
PCMTD1 (115294),0.005807673592330658
CALCOCO1 (57658),0.005819354019342837
MAFG (4097),0.00582644008970258
RGP1 (9827),0.005831625294274291
BCAN (63827),0.005851888639657384
TRIM26 (7726),0.005857770815263502
CT55 (54967),0.005863283711384809
UVRAG (7405),0.005865711023149954
BNC1 (646),0.005866560283931996
CRACR2A (84766),0.005869866035811388
CXCL16 (58191),0.005871067993525297
TTI2 (80185),0.005885031565925033
IFI44 (10561),0.005887498898090397
SDCBP2 (27111),0.005888183740979194
BPIFB1 (92747),0.005892832691696543
SLC22A6 (9356),0.005895474820043956
CXCL6 (6372),0.005903292794781614
SPRED3 (399473),0.0059088146486701455
BMP8B (656),0.005918814590752232
POTED (317754),0.005921469893000689
NUP37 (79023),0.005928435702152626
NDUFB6 (4712),0.005930605707332149
USP6NL (9712),0.005932197632244912
HSDL2 (84263),0.005933805355868715
TRAK1 (22906),0.005938489503078849
EDEM1 (9695),0.0059414891041064295
EPPIN (57119),0.005951178797282662
NHERF1 (9368),0.005952364559155937
KCTD17 (79734),0.00595397047975611
NCAPG2 (54892),0.005955542687975679
PLCB1 (23236),0.0059764989653725824
KLK1 (3816),0.005976741272908907
GRXCR2 (643226),0.00600602718804355
LGALS4 (3960),0.006015940758669235
CHD6 (84181),0.006021021333670072
PROP1 (5626),0.006025894524611767
ERP44 (23071),0.0060373606942247734
LPIN1 (23175),0.006039707429686067
MFRP (83552),0.006044535528910977
MOB3B (79817),0.006053968452110026
PLOD1 (5351),0.006059146629314821
PTTG2 (10744),0.006059154165595719
NKIRAS1 (28512),0.006060165159182878
RS1 (6247),0.006065294534993323
ZNF416 (55659),0.006067115345169119
NFIL3 (4783),0.006070546447308122
UNC80 (285175),0.0060715792529872975
ZNF547 (284306),0.006074263528505033
MYEF2 (50804),0.006078852319134173
CKAP4 (10970),0.00609171243425796
ZNF136 (7695),0.006097200495242576
C1QB (713),0.006098450689732727
EEF1D (1936),0.006098559159231985
NSMCE2 (286053),0.0061024593645071755
THSD4 (79875),0.006107134831837941
PPP1R1C (151242),0.006108839694020972
LYVE1 (10894),0.00611589393629302
GPR161 (23432),0.006127912011180332
SLC25A11 (8402),0.006132178495685586
TFDP2 (7029),0.006144210565113816
C1orf56 (54964),0.006146352057495409
TTR (7276),0.006147203186436731
KLK13 (26085),0.006154136100324628
HBZ (3050),0.006154136629594482
C2CD4D (100191040),0.006157005011589454
TBC1D9B (23061),0.006163700154858664
STPG4 (285051),0.006164009673525901
RARRES1 (5918),0.006171610648207275
KPNA3 (3839),0.006179687356100014
FPGS (2356),0.0061832295183335845
COA1 (55744),0.006189567124021809
OR2L5 (81466),0.006199489531784115
NXF3 (56000),0.006206863845737513
TMEM106C (79022),0.006213186139742784
TFF1 (7031),0.006216242962638868
MTFP1 (51537),0.006216689872886702
RAB15 (376267),0.006216726388421369
IFNL3 (282617),0.006217127293796419
KLHL11 (55175),0.00622235692295357
C16orf46 (123775),0.006224362247178528
WWTR1 (25937),0.0062306893303234415
VSTM2L (128434),0.006231539312808857
AFAP1L2 (84632),0.006232542859005697
G6PC2 (57818),0.006233913567486853
OR2B3 (442184),0.006242360056602276
CATSPERG (57828),0.0062439810685898855
NDRG1 (10397),0.006249300406690157
DOCK6 (57572),0.0062561907233947755
ARL13A (392509),0.006256992977440487
SLC7A13 (157724),0.00625870583641601
DBNDD2 (55861),0.006258707072457468
NUP155 (9631),0.006264570820587266
HNRNPLL (92906),0.006268967977848529
MSH6 (2956),0.006286973930613364
TAF5 (6877),0.00629091312316102
C10orf71 (118461),0.0062984033509853364
NPSR1 (387129),0.006305053504929798
DLGAP1 (9229),0.006322790742210037
CAMK1D (57118),0.006323383802745879
NKX1-2 (390010),0.006326049631088827
SF3B1 (23451),0.006326812127495437
ZSCAN23 (222696),0.006331841873075069
OR8B4 (283162),0.006347626853958935
CHID1 (66005),0.0063482809142430706
TMEM132D (121256),0.006355810858068073
GAPT (202309),0.006361750160149942
LRRC19 (64922),0.00638150232829462
IKZF1 (10320),0.006393840787657441
RABGGTB (5876),0.006395161721071614
LAMA3 (3909),0.006398562560991551
GABARAPL1 (23710),0.006413943887657849
RAG1 (5896),0.0064152633988321965
PTPRN (5798),0.006420539492158586
RBM5 (10181),0.006420743513225846
LHFPL6 (10186),0.006422347608679119
HSPA5 (3309),0.006422540599177164
RPL26 (6154),0.006444663785363517
ZMYND11 (10771),0.006445696348143856
ATP8A2 (51761),0.006459158661959878
UBE2V2 (7336),0.006469694849553481
LMBRD1 (55788),0.006472611240358547
SLFN13 (146857),0.006475972740435438
MT1X (4501),0.006485755470911703
ODF1 (4956),0.00648702334291586
PRKAG1 (5571),0.00649832185037481
CEP83 (51134),0.0065001460716008555
PAH (5053),0.00650145590657136
COL2A1 (1280),0.006504481756623739
ZNF420 (147923),0.006505814716401884
CEP290 (80184),0.006505998636622311
OSBP2 (23762),0.006516183789985426
MYBPC2 (4606),0.006527723136591626
STX5 (6811),0.006537997449532721
KCNK4 (50801),0.006551399448424646
PBXIP1 (57326),0.006558489837583099
MARK3 (4140),0.006560973215083007
ZIM2 (23619),0.006562725795083788
ACACB (32),0.00657279426400757
TESK2 (10420),0.00657542834369677
ETV2 (2116),0.0065775408452105775
PLRG1 (5356),0.006581725506119677
NOCT (25819),0.006598716748862654
SMC5 (23137),0.006608121932885556
DAP (1611),0.006615366900555668
SUPT6H (6830),0.00663523262475391
CSNK1G1 (53944),0.006636825969336445
ZFAND3 (60685),0.006637374287260921
GRSF1 (2926),0.006640331800213369
CD244 (51744),0.006641621400108021
POF1B (79983),0.006641760688043623
TRA2B (6434),0.006645424799942932
LAMP1 (3916),0.00664609735347885
OR14J1 (442191),0.006656964384359467
KLF16 (83855),0.00665736028034687
MTHFD2L (441024),0.006658647800309224
AHDC1 (27245),0.006665208993453454
ACAD8 (27034),0.006676748096774501
TRIM40 (135644),0.0066792053752554766
RABL6 (55684),0.006681006317236694
CPN1 (1369),0.006691052198692981
C1orf74 (148304),0.006695026329480813
SH2D1A (4068),0.006698459133703764
DIXDC1 (85458),0.006699174237809779
MVK (4598),0.006706178742231649
OR2G3 (81469),0.006708045442520563
TCAIM (285343),0.006709454317921256
SLURP2 (432355),0.0067095000488046775
SLC25A44 (9673),0.006710404589704829
CDK5RAP2 (55755),0.0067249289935430384
ADCY10 (55811),0.006736717143843207
GLO1 (2739),0.006736918743245651
EIF5B (9669),0.00673823699105881
BRF2 (55290),0.006741576776705845
CARD9 (64170),0.006744983259522358
NDUFC2 (4718),0.006755530334522822
CFAP43 (80217),0.006756261014331755
CNTLN (54875),0.0067586382675643986
GSAP (54103),0.006762131429983335
CSRP3 (8048),0.00676584136523956
SPRY4 (81848),0.006771992597164593
CSAD (51380),0.006772591027489865
GLRB (2743),0.006773700478629743
BAMBI (25805),0.006782237426290688
TIMM50 (92609),0.006798415066468052
PTGES2 (80142),0.0068019350649031265
ZNF346 (23567),0.006816133386803483
IFITM10 (402778),0.006817293363266074
FAM83F (113828),0.006822273790213648
EIF4G3 (8672),0.006822497225312155
LBX1 (10660),0.006823847089109334
NACA2 (342538),0.006824260553395841
DAG1 (1605),0.006837509915753802
SYMPK (8189),0.006839470151481228
WDR59 (79726),0.006844276871588967
ERICH5 (203111),0.006845247361194415
NDUFB7 (4713),0.006854647762020941
PJVK (494513),0.006859633357845907
MEP1A (4224),0.006862849675973618
KRT78 (196374),0.006871528694595562
TCFL5 (10732),0.00687306982425008
CAMK1 (8536),0.00687519214169956
FLT1 (2321),0.006888437022363678
SPSB1 (80176),0.006891457825947225
POU3F2 (5454),0.006894175915456503
CCDC102A (92922),0.006897935048339297
BTBD17 (388419),0.0069075682994482164
SFT2D3 (84826),0.006914029398052816
PRKCD (5580),0.006924767870408936
MFSD14A (64645),0.006925825580055962
C1orf50 (79078),0.00692595721074683
SPMIP9 (200523),0.006930157466410039
FAM177A1 (283635),0.0069306704410266465
MYH9 (4627),0.006953007033041963
PCDHB14 (56122),0.00695381798883154
IFT57 (55081),0.0069622178213588695
TIMP3 (7078),0.006964356003141782
HDAC11 (79885),0.006972299426396348
MINDY3 (80013),0.0069778196872593455
PDE2A (5138),0.006980369289518719
PRICKLE1 (144165),0.00698663131109752
TMEM221 (100130519),0.006998407509180634
TAS2R9 (50835),0.007008016605521824
C17orf50 (146853),0.007008231117894203
ARR3 (407),0.0070247978982615105
LUM (4060),0.0070255655502926275
RAB11FIP4 (84440),0.007029606919307794
AP3M2 (10947),0.007055177409944922
FAM210B (116151),0.007059088761715784
GPR65 (8477),0.007059110264870585
LBHD1 (79081),0.007069547799701076
KLHL38 (340359),0.00706981639564131
CCR8 (1237),0.007078130264720951
PRUNE1 (58497),0.0070788506867594655
LRRC23 (10233),0.007083239019604083
CPVL (54504),0.007086789899223981
SLC46A3 (283537),0.007090494968326746
ZNRF4 (148066),0.007114788693315525
PDGFC (56034),0.007115108471061357
SEL1L3 (23231),0.007117353179631946
H2BC1 (255626),0.007126313756199676
CNTROB (116840),0.007132935729935331
PCDHB4 (56131),0.007134086372615835
ID1 (3397),0.007135234241426112
CARS1 (833),0.007138762217880612
TREML4 (285852),0.007145404378729817
NUP88 (4927),0.00714675748950674
S100A6 (6277),0.007160342960714083
SLC26A11 (284129),0.0071623128326368385
RBP1 (5947),0.007163588012970474
RBPJL (11317),0.0071649913510622365
TMEM182 (130827),0.007172361021762413
TXNDC17 (84817),0.007174282844605733
FANCE (2178),0.007184970654859856
CNOT10 (25904),0.007187498415664893
ATRX (546),0.007192972655792818
NACC1 (112939),0.007196688687772364
IFITM5 (387733),0.0071977922841247
RABL3 (285282),0.007204404195167652
EPCIP (56245),0.007205958460105861
SLC5A11 (115584),0.007206757604334867
SMYD2 (56950),0.0072074603331192255
NHERF4 (79849),0.00721187746369279
MECP2 (4204),0.007215705496765862
FBXO11 (80204),0.007216442389517566
ATP5PF (522),0.007218057101497135
SCN11A (11280),0.007219954021080903
RIN3 (79890),0.0072259161887205416
SLC26A2 (1836),0.007228937462260121
MT1M (4499),0.0072325859954695615
GARNL3 (84253),0.007239979727414111
RPS6KA3 (6197),0.007244415935351937
UBE2Q2 (92912),0.007250077400482528
MAT2B (27430),0.007258743997118951
SPDYA (245711),0.007258803671034134
SNW1 (22938),0.0072661347472796865
UTP11 (51118),0.00726926309122643
APEH (327),0.0072754923067824976
MGST3 (4259),0.007275505554448596
H3C12 (8356),0.007277142603765978
CCDC125 (202243),0.007286033946670565
TUT7 (79670),0.007298729595983989
HTR1A (3350),0.007300206927949693
DTD2 (112487),0.007302985706941039
PDZK1IP1 (10158),0.007304110654323234
ARHGAP8 (23779),0.007308371777065453
HTR1F (3355),0.00731422481406986
PTEN (5728),0.007316316275387005
OSBPL3 (26031),0.007318442763595522
H3-3A (3020),0.007325435911187148
ST6GAL1 (6480),0.007329963631858409
CEP250 (11190),0.007331088197171373
LRRC72 (100506049),0.00733895229114822
MRPL35 (51318),0.007346478105518427
EIF5AL1 (143244),0.007350008075008658
PDCD1LG2 (80380),0.007364700576581671
SLCO4A1 (28231),0.007366328996276533
SLC41A2 (84102),0.007366794953588916
HOXD4 (3233),0.007373488971111093
LRIT1 (26103),0.007374168315288762
TAS2R4 (50832),0.007380506206672137
RPE (6120),0.007385196899847851
SCP2 (6342),0.007392295559073308
ZNF470 (388566),0.007401927928923082
MYL4 (4635),0.007402718642187851
IFNGR2 (3460),0.007417662877153919
GCSAML (148823),0.007431139152300944
STK32A (202374),0.007432263747463108
PXDNL (137902),0.0074502884950840755
GJA3 (2700),0.007452302049234935
PDE12 (201626),0.007452866961618461
SKAP1 (8631),0.007458982185862174
TMEM147 (10430),0.007459260706158626
KHDC4 (22889),0.007460586695883795
KDM3A (55818),0.00746270890789347
EIF2B2 (8892),0.007468536348943708
TOMM40 (10452),0.007470614136077013
NGRN (51335),0.007472479413708668
PLEKHA7 (144100),0.007474592852518432
CCNY (219771),0.0074780589529509075
NRXN1 (9378),0.007482477899228069
RAB40AL (282808),0.007495626935023093
JAGN1 (84522),0.007501881412995456
EVI2A (2123),0.0075123187016073465
NPTXR (23467),0.007513396786946103
ZNF524 (147807),0.007516801322784474
SKIDA1 (387640),0.007519065916222872
TEX47 (219557),0.007526738261454558
DHX29 (54505),0.0075336679229892215
PIGW (284098),0.007536625254171747
SEC23B (10483),0.0075386080386998094
HHLA2 (11148),0.007553626414410764
SIX1 (6495),0.007568158612600805
OCEL1 (79629),0.0075687633691883275
SATL1 (340562),0.007575248559503693
SGCA (6442),0.007581553855324704
MIEF2 (125170),0.007582942989206256
MS4A5 (64232),0.007588298622480293
ALKBH2 (121642),0.007593030789121538
NKX6-3 (157848),0.007595262405944006
HNRNPA1L2 (144983),0.00759721027948599
PURB (5814),0.007610155272797367
TXNL4A (10907),0.007616028895144556
LAMP5 (24141),0.00762162576848419
MAP4K4 (9448),0.007621862934344443
ZIC3 (7547),0.007627840067249099
ZNF776 (284309),0.007633773431880779
PRKACG (5568),0.0076422199301698765
DAPK1 (1612),0.007645138349414345
HHEX (3087),0.007648690945174009
RGS14 (10636),0.00765522285067436
LRP3 (4037),0.00767530557772928
RTL3 (203430),0.0076760611151915304
LMAN1 (3998),0.007680822148578217
RASSF9 (9182),0.00768606033450685
AK8 (158067),0.0076902234215692694
TAFA2 (338811),0.0076946169249134605
BEND2 (139105),0.007700283612315164
SF3B3 (23450),0.0077135111057386714
TRIM33 (51592),0.007717397761294784
SHOX2 (6474),0.007719877994155576
ASIC2 (40),0.007725436013646103
OCLN (100506658),0.007730323786013878
UCK1 (83549),0.007732593689244892
LMF1 (64788),0.0077326905448318484
DLX6 (1750),0.007743397620714253
ANGPTL5 (253935),0.0077436131228328115
NKAIN1 (79570),0.007746103713092316
SYBU (55638),0.007748897178323796
IL20 (50604),0.007755473092278225
B4GALT7 (11285),0.007767993211199474
KIF5B (3799),0.007773837723719996
ZNHIT1 (10467),0.007777188458959875
CAVIN2 (8436),0.0077805679446401885
PDIK1L (149420),0.007782328487696814
ADH5 (128),0.007784169654090094
VPS26C (10311),0.007789582463510187
ETV6 (2120),0.007799791238279569
BTBD1 (53339),0.007803426764771837
PPOX (5498),0.0078043995705510535
OR6C2 (341416),0.007811196582290368
SYCN (342898),0.007812798334206221
RXRG (6258),0.007814547938496133
NFATC4 (4776),0.007815301809564098
NT5C3B (115024),0.007819790752145983
F2R (2149),0.007821771981500195
KLK9 (284366),0.007829787947945305
HEMK2 (29104),0.007830909701395241
CLCN5 (1184),0.007846446055284638
RAPGEF1 (2889),0.007848255238195169
IL5 (3567),0.007870635461040297
HPS1 (3257),0.00787892482828146
ACBD3 (64746),0.007888712706471237
H2AC20 (8338),0.007898235225530771
SLC25A45 (283130),0.007904208325239026
PPP2R2B (5521),0.007908798118975777
C8G (733),0.007909666802095943
FNDC4 (64838),0.007913082058023794
SIDT2 (51092),0.007931291774276265
CHML (1122),0.007940568087723933
B4GALT5 (9334),0.007956943468874041
LGALS9B (284194),0.00795723084642361
PHF20L1 (51105),0.007958869029706498
PWWP3A (84939),0.007959797175628757
ENTPD7 (57089),0.007961077668847854
SCRT2 (85508),0.007965857599120833
FFAR2 (2867),0.007967125010795433
ABCD2 (225),0.007968779885652871
HECW1 (23072),0.007972422127371367
PNPLA7 (375775),0.007974348929184511
IFNB1 (3456),0.007975272199274934
CYLC1 (1538),0.007977666641523795
SNX7 (51375),0.007977848456663281
GALNT2 (2590),0.007982823708042016
CNTRL (11064),0.007983021820043462
CDC40 (51362),0.007992563898887656
RCOR1 (23186),0.00799793491886582
MPP3 (4356),0.007999239155916717
CHAMP1 (283489),0.00799963806264368
FIGN (55137),0.007999698562965545
DDX41 (51428),0.008008448737448173
PSMB4 (5692),0.008018422797972397
CBLN1 (869),0.008019826336503878
RSRC1 (51319),0.008020550562354702
TNFSF11 (8600),0.008025405565361228
SLC35F1 (222553),0.008029460188386977
TNFRSF10D (8793),0.008033092650713378
ACVRL1 (94),0.00803991966945793
MANEAL (149175),0.008054252766314378
ZNF528 (84436),0.008059019292666177
FSIP1 (161835),0.00806598274491458
GGT7 (2686),0.008067214892189527
PAX6 (5080),0.008072648761882824
TNRC6B (23112),0.008073873056559116
ZNF57 (126295),0.008076084548802334
PCDHB5 (26167),0.008079240790876255
MT1F (4494),0.00808090905077608
ARHGAP30 (257106),0.00808466676584286
CUX2 (23316),0.008085147931944862
NXPH1 (30010),0.00808555669150614
WDR24 (84219),0.008090805478503327
JSRP1 (126306),0.008094729450058822
VAPA (9218),0.00810689544017547
KAZN (23254),0.008107180430828118
NUPR1 (26471),0.00810724360563372
ATG12 (9140),0.008121515708176753
FZD1 (8321),0.008122479365885794
PLPPR1 (54886),0.008126267788860681
TTF2 (8458),0.008128045028009607
CD320 (51293),0.008129136898990325
C6orf47 (57827),0.00812929241547607
RAMP2 (10266),0.008132206509257198
NFATC3 (4775),0.008144655068379544
TMEM64 (169200),0.008145219912047742
PGM5 (5239),0.00815055235021992
COMP (1311),0.008157540451052608
NDUFA8 (4702),0.008158695344292026
CXorf38 (159013),0.008161689428728856
NIPSNAP3A (25934),0.008165908945222395
HADH (3033),0.008168647827368494
PANX2 (56666),0.00816987943887223
TULP1 (7287),0.008176746604911538
TUBG2 (27175),0.008194547368156318
ANKRD13B (124930),0.008194978108935932
OLR1 (4973),0.008206973603973891
TAGAP (117289),0.008213123502699426
TXLNG (55787),0.008214355110072414
CCL5 (6352),0.008215909295072652
RNF181 (51255),0.008222910427786844
RAB40A (142684),0.008222934944974654
CACHD1 (57685),0.008224885508325274
GGN (199720),0.008226062851835027
PRRC2B (84726),0.008227855665784921
VARS2 (57176),0.00823697975935359
FBH1 (84893),0.008239919950397594
GINS3 (64785),0.008244010155247365
TRIP12 (9320),0.008245236159688548
FUT10 (84750),0.0082514022412806
ATP2A2 (488),0.008264434523408828
TM4SF5 (9032),0.008277270687596532
IL17C (27189),0.008290666529051393
GRM1 (2911),0.008297054186646
MAN1B1 (11253),0.008302638536601457
CD81 (975),0.008309587574258504
ZNF765 (91661),0.008315484809704777
PTS (5805),0.008329452667119758
LILRA4 (23547),0.008331337422360797
NDUFB5 (4711),0.008331597058578881
RELCH (57614),0.008336688990652853
FAAH2 (158584),0.008336841578946973
AKAP12 (9590),0.008337824210923423
GPAT4 (137964),0.008342591481872942
DMWD (1762),0.008350141253068967
ZWINT (11130),0.00835973675439734
BBX (56987),0.008369825995093045
KLHL31 (401265),0.008397624203646658
VIP (7432),0.008398380049883341
PDSS1 (23590),0.008399140499214197
PTCH1 (5727),0.008399536855711653
OPA3 (80207),0.008415026875683837
KDM3B (51780),0.008423752396683373
BAZ2B (29994),0.008428944511875515
TMEM25 (84866),0.008437861632916217
CBX8 (57332),0.008442494546945165
ZNF254 (9534),0.008448528437101923
DLG5 (9231),0.008451397679545872
ZNF500 (26048),0.008458394361628025
CHUK (1147),0.008467453966502246
TXK (7294),0.008469759449919215
IP6K2 (51447),0.008471666999815075
PRRT2 (112476),0.00847420605485159
DYDC1 (143241),0.00847626343061189
MTCP1 (4515),0.008478489452609168
NPPA (4878),0.008485266560778337
DOP1B (9980),0.008488582906691643
MRPS10 (55173),0.008493768167332296
TOP1MT (116447),0.008497110683588268
RALGDS (5900),0.00849754265837683
EIF2AK2 (5610),0.00851075998077018
ZBTB16 (7704),0.0085131186257116
ZMAT2 (153527),0.008514672036269419
CD83 (9308),0.00851812173323419
RHOBTB1 (9886),0.008520570509151658
NACC2 (138151),0.00852201717374651
MRPS2 (51116),0.008522594592098774
VPS33B (26276),0.0085235827761554
POLN (353497),0.008531915983857918
NPW (283869),0.00854407171461864
SLC25A53 (401612),0.008544812670467009
KATNAL2 (83473),0.00855912764402477
EPX (8288),0.008559749382620255
GPR55 (9290),0.00856214581470254
HDAC10 (83933),0.008563113696361535
VIRMA (25962),0.008563594017563817
CCDC87 (55231),0.008573015328798407
G6PD (2539),0.008578003827137637
PEX5L (51555),0.008586472701789047
NDST3 (9348),0.008596184118080068
OR4P4 (81300),0.008608135670984582
OR13F1 (138805),0.008609544811020838
TLDC2 (140711),0.008626138003077958
ACY3 (91703),0.008642734518582308
CEP68 (23177),0.008645430900733206
NAGPA (51172),0.008650198126028057
BTBD9 (114781),0.008659594997428716
MYSM1 (114803),0.008670059898899372
OR2AG1 (144125),0.008701119778405536
RASL11B (65997),0.008705365720404704
AP5M1 (55745),0.008708007899065022
SLC16A9 (220963),0.008709107724156711
TAOK3 (51347),0.00871178381498412
PGM2L1 (283209),0.008739546779967064
NKAPL (222698),0.008744216527932268
DHCR7 (1717),0.00874708224418877
ZBTB21 (49854),0.008760834402296374
RHOT1 (55288),0.008761132837777668
IGSF6 (10261),0.008762339946422055
IQCG (84223),0.008764254056839185
GRK3 (157),0.008764468220829076
FABP7 (2173),0.008776891060892187
VGLL4 (9686),0.008778270356401528
TSBP1 (10665),0.008779159456315392
TIGD6 (81789),0.008785921614861842
NKX2-4 (644524),0.008789452741083153
PRKCB (5579),0.008794592718136157
CZIB (54987),0.008797633439489076
FBXW12 (285231),0.008805896185978908
NCOA3 (8202),0.008807123624775065
STAR (6770),0.008822761868633521
ST6GAL2 (84620),0.008824084447237838
FLT3 (2322),0.008824550553177029
ZNF790 (388536),0.008829098173175448
SPATA32 (124783),0.008834528491583615
GMPR (2766),0.008836500713604447
SCARB2 (950),0.00884784839332383
RPUSD3 (285367),0.008849961635454335
RPUSD1 (113000),0.00885787965516729
CYLD (1540),0.008861840115509138
SLC24A3 (57419),0.008878637414669337
HTRA2 (27429),0.00888476603902432
CLEC12A (160364),0.00889038013237757
PHF8 (23133),0.008895886619357087
GSTM3 (2947),0.008903841085802139
CDC45 (8318),0.00890784857140138
NCR3LG1 (374383),0.008908142851033172
NTNG1 (22854),0.008915308258302886
ZG16B (124220),0.008916042489833872
ARPP19 (10776),0.008919340914066307
NIPAL1 (152519),0.008924559981394246
CCNI (10983),0.008926042344384393
NPC2 (10577),0.008941934119584518
PPP1CC (5501),0.00894543366550539
MRPL27 (51264),0.00895066797531827
TBC1D2 (55357),0.008960632383822996
UQCC4 (283951),0.008960904353964214
CUBN (8029),0.00896768682817522
ACP3 (55),0.008972012796630907
MSH5 (4439),0.008973053553314198
TARS1 (6897),0.00897323330775113
ATP9B (374868),0.008996347921642582
ZC2HC1C (79696),0.0090069470988404
ODF2L (57489),0.009008220310502729
CAPRIN1 (4076),0.009011399416341088
TMEM107 (84314),0.009018415876930527
DOCK10 (55619),0.009021087386379915
PHYH (5264),0.009043000005571301
COL24A1 (255631),0.009063679668962047
MMEL1 (79258),0.009071190501877036
UBE2J2 (118424),0.009076957407192266
CORO7 (79585),0.00908670631923706
SFTA2 (389376),0.009087721476588463
C10orf62 (414157),0.00909781086210912
PCNT (5116),0.009105326807546726
HLA-DOA (3111),0.009107590164748075
SMAD9 (4093),0.009111315422856661
TPRX1 (284355),0.009113223867217005
CRIP2 (1397),0.009113506580560619
ASXL1 (171023),0.009118845836932052
NEUROD4 (58158),0.0091198915207014
ATRIP (84126),0.009137687678429684
ALKBH3 (221120),0.009137789500091746
MGAT1 (4245),0.009141251951170515
AQP10 (89872),0.00914311890107534
MNAT1 (4331),0.009143996514368312
LRRC55 (219527),0.009146818610821976
KRT83 (3889),0.009148116219451654
TRPM4 (54795),0.009152081243610959
CDRT15 (146822),0.009156273834312495
ABCB11 (8647),0.009166444380527975
FRMD7 (90167),0.009168131106363497
ESRP2 (80004),0.00916876826114333
GRM7 (2917),0.009174969836686302
ATP6V1F (9296),0.009181623217497253
ZBTB33 (10009),0.009196790231827671
HSPA12A (259217),0.009198440555124478
POLK (51426),0.009207678756239054
RPS24 (6229),0.009207890476042868
SOCS2 (8835),0.00920822867387575
PRKAR1B (5575),0.009216268224958475
HERC4 (26091),0.009220550544886666
ADORA2B (136),0.009222166036058296
ZRANB3 (84083),0.009229957697197715
OR10T2 (128360),0.009232566501255837
ISCA2 (122961),0.009237533764338541
MARCHF4 (57574),0.009240092809540669
DENND4B (9909),0.009241141712411508
SLC25A52 (147407),0.009248166444258932
SET (6418),0.009257733624515478
PCGF3 (10336),0.009261115885965574
STIM2 (57620),0.009261794651720374
NLRP1 (22861),0.00926283803498775
EFCC1 (79825),0.009269168238921023
TET3 (200424),0.009275775995530627
CPNE5 (57699),0.009286914682890455
ZFYVE16 (9765),0.009293615563994067
LSM1 (27257),0.009305920619192012
STAC2 (342667),0.0093084801084766
MAP4K1 (11184),0.00931168176882037
HELZ2 (85441),0.009335382151615407
PLTP (5360),0.00933911917688235
BTN2A1 (11120),0.009343747606847502
CPXM2 (119587),0.009367900489358594
NUDT10 (170685),0.00937271172709416
ACTRT1 (139741),0.009373274995570679
EID2B (126272),0.0093767351574238
B4GALT6 (9331),0.009378060176207783
C6orf58 (352999),0.009384972960197783
PDCD2L (84306),0.009385699926635365
AVL9 (23080),0.009392995219122485
SOX8 (30812),0.009393697341012142
ZFP1 (162239),0.009397384331795964
TYW1 (55253),0.009398252303990887
TSPAN16 (26526),0.009403699418159689
HSP90AB1 (3326),0.009404188398530584
WWC2 (80014),0.009406243431750005
HCRTR1 (3061),0.009407889872323898
CEP63 (80254),0.009408656763684783
NCOA4 (8031),0.009412749622584508
SETD7 (80854),0.009421186485906431
IL16 (3603),0.009425181408607191
BTBD18 (643376),0.009425933772906722
RSRC2 (65117),0.009429295795100857
PARN (5073),0.009429390589480075
SLITRK2 (84631),0.009468340762918307
ITGA2B (3674),0.009471479787014205
FSCB (84075),0.009484549756063344
COX7A2 (1347),0.009485601499235333
GFRA4 (64096),0.009492278501053044
SGK1 (6446),0.009493788827938955
UVSSA (57654),0.009508448624791686
MCTP1 (79772),0.009509368826984601
KCNV1 (27012),0.009519758772425934
IFT56 (79989),0.009525060747071722
SPANXN5 (494197),0.009528367383899427
CACNA2D3 (55799),0.009537669586488794
RPL38 (6169),0.009538538889239242
ZDHHC5 (25921),0.009540021327961374
SRBD1 (55133),0.009545723960693454
TM9SF4 (9777),0.009549275878542589
FOXC2 (2303),0.00955598014990067
LHFPL7 (255349),0.009558480809171484
KCTD7 (154881),0.00957076696047623
FAM110A (83541),0.00957549122553238
SLCO1A2 (6579),0.009581366376301699
ZNF207 (7756),0.00958367069271763
PPP2R5C (5527),0.009585663231798382
BLTP2 (9703),0.009585831554009286
ULK4 (54986),0.00958649831446422
BCAM (4059),0.009592903244766204
AURKAIP1 (54998),0.009598605019721172
HSD11B2 (3291),0.009601755574510424
MOBP (4336),0.009618266997251337
TRNP1 (388610),0.009641798336847699
GUCY2D (3000),0.009645941830698659
TRAPPC6A (79090),0.009652635799646881
C3AR1 (719),0.00965536061443256
TCERG1 (10915),0.00965671775979255
TMEM212 (389177),0.00966154382565304
OAS3 (4940),0.009666421383316273
MEST (4232),0.009667749925872729
MARS2 (92935),0.009667829535690824
POU2AF3 (120376),0.009670941853614196
ZNF493 (284443),0.00967235240684976
BMERB1 (89927),0.0096786642583964
UGT2B11 (10720),0.009689524960700809
CD53 (963),0.009689650085003509
HSD17B4 (3295),0.009693266129231578
EIF2AK1 (27102),0.00969514428722429
IFI44L (10964),0.009701470784595514
LBX2 (85474),0.009703753767288178
MTFR1 (9650),0.009706862244083897
PRDM1 (639),0.009712129528577878
OR7G3 (390883),0.009714648766002714
KRTAP4-5 (85289),0.009716046080846781
TOPORS (10210),0.009716561498412477
NME6 (10201),0.00972409608238447
CCNG2 (901),0.00972488116625908
OR4A16 (81327),0.009725851904617217
OVOL2 (58495),0.009735491312855964
BATF2 (116071),0.00975425175041793
EPB42 (2038),0.009754269489001238
YBEY (54059),0.009755941516817183
CXCR4 (7852),0.009758780486334167
ZNF587 (84914),0.009762172591921959
STRIP2 (57464),0.009762327653714731
PLA2G2D (26279),0.009762401066066835
PRICKLE2 (166336),0.009763253775744713
TIE1 (7075),0.009765290539319902
ALKAL2 (285016),0.009771424963569985
PURA (5813),0.009777721632182634
PPT1 (5538),0.009782958445679963
WNT9B (7484),0.009789596028821478
C6orf132 (647024),0.00978993256685212
RCHY1 (25898),0.009791026940734459
PATE4 (399968),0.009797426023544624
FAM229A (100128071),0.009799916019230222
B4GALT1 (2683),0.009805405517395671
EEF1AKMT4 (110599564),0.009816933004755137
CHKB (1120),0.00981788583331076
CYBB (1536),0.009823595147015462
KITLG (4254),0.00983695166532417
CTTN (2017),0.009837996318242061
LTBR (4055),0.009848654258969372
VGF (7425),0.009851300875123417
KRCC1 (51315),0.0098879891295244
CNGB3 (54714),0.009901844587398543
DNAJC9 (23234),0.009904474815325397
CYP8B1 (1582),0.009905853938740976
INTU (27152),0.009907541024968682
PRDM12 (59335),0.009918509620651142
TACC1 (6867),0.00991882673766051
VPS52 (6293),0.009919726220243693
TRIM36 (55521),0.009923822262294239
SLC18B1 (116843),0.009927606955230062
ZNF549 (256051),0.009928672681361541
SGSM1 (129049),0.009933046960362847
PTER (9317),0.009939134054276898
TMEM200A (114801),0.009958990235808061
PATL1 (219988),0.009969776232158107
UPP1 (7378),0.009976763414925689
NHLRC4 (283948),0.009980377568136784
PIP4K2A (5305),0.009984334600399504
UNK (85451),0.0099887887707518
ARL6IP4 (51329),0.00999512300445261
UHMK1 (127933),0.010005603630102406
HYI (81888),0.01001161860572942
CLK1 (1195),0.010020388714412186
CAMSAP2 (23271),0.010023464006741945
QDPR (5860),0.010026279106410923
HGSNAT (138050),0.010026817987772298
FSIP2 (401024),0.010041642797418515
LAMA4 (3910),0.010043201025070139
LAMC3 (10319),0.010051213943984836
PRMT8 (56341),0.010051751329372104
ZNF33A (7581),0.010058312851768413
UBA3 (9039),0.010059769265383529
SPAG8 (26206),0.010059892065938544
SYNDIG1L (646658),0.010062013486326545
ZNF451 (26036),0.010073440155099731
MOB3A (126308),0.010073912672894373
BMP2 (650),0.010075676374097594
OPA1 (4976),0.010081355802643955
NPTX1 (4884),0.010090029114774302
FGD4 (121512),0.01009044787290136
SSBP3 (23648),0.010099922723966462
NEURL1B (54492),0.010103275356777911
LY86 (9450),0.010110889119614478
CP (1356),0.010115723222202545
SIRT5 (23408),0.010117887994676906
PHKA2 (5256),0.010118795159770998
FBXO15 (201456),0.010123276062288031
LRRC71 (149499),0.01012429220841043
NRXN3 (9369),0.01012716285998511
SH3BGRL2 (83699),0.010131927829385445
LIN7B (64130),0.010136063941964138
RNF208 (727800),0.010136882278796756
NUP58 (9818),0.010137146058391402
TPD52L3 (89882),0.01014077252810977
COMTD1 (118881),0.010144781999443528
MYBPH (4608),0.010153594962770334
CHD2 (1106),0.010167220298255666
SIAE (54414),0.010173923693154677
KLHL14 (57565),0.010175445149315157
KDM1B (221656),0.010184879293301082
TMEM65 (157378),0.010187274506261857
PTPA (5524),0.010189705095339245
DBN1 (1627),0.010195807171667017
ZDHHC1 (29800),0.010195809139407172
ZNF366 (167465),0.010197372986840994
MORF4L2 (9643),0.010201597508270483
EHBP1 (23301),0.010206438628253111
CHRM2 (1129),0.0102116088285773
RAX (30062),0.010217575044995788
CRAT (1384),0.010219739811064887
INPP1 (3628),0.010224448372932437
RPTN (126638),0.010226028018408743
GLRX2 (51022),0.010226815921890783
LRP2 (4036),0.01022755185899702
STX17 (55014),0.010228665482145802
C20orf173 (140873),0.0102290879273575
XG (7499),0.010229774012025683
MFSD5 (84975),0.010230925118291425
CPT2 (1376),0.01023119092887479
H2AC17 (8336),0.010231719453626699
SEMA3D (223117),0.010234482391224318
MMP21 (118856),0.010235372293740583
KLKB1 (3818),0.010238750672643578
BHLHE23 (128408),0.01023951086922245
MUC16 (94025),0.010240211942323657
CASP10 (843),0.010242199803671602
MEAF6 (64769),0.010260546329204423
PDXDC1 (23042),0.01027475444156192
HS3ST6 (64711),0.010277957527964595
CD274 (29126),0.010289339401654137
CLEC18A (348174),0.010289660834675281
FLG2 (388698),0.010289831525545568
NIBAN3 (199786),0.010293127375837641
AADAC (13),0.010294813112703043
DDX60 (55601),0.0102977561812775
TEPSIN (146705),0.010311271198270376
FRMD5 (84978),0.010311897396672593
DCLK2 (166614),0.010316424492012059
MRPL46 (26589),0.010317264581760275
PTPRO (5800),0.010317711560729987
ZCWPW2 (152098),0.010322519472588488
RNASEL (6041),0.010327202644097295
FGF22 (27006),0.010338411227115095
NICN1 (84276),0.010343962443009521
OR52N5 (390075),0.010343981183416697
RRM2B (50484),0.010344670756095907
RIPPLY1 (92129),0.010347557681377982
EMD (2010),0.010348165417150494
BTF3L4 (91408),0.010353947619461604
POU4F3 (5459),0.010355345008057917
HSPBP1 (23640),0.01035830437743896
GPATCH8 (23131),0.010364379368638238
RBM28 (55131),0.01036597933995461
PTPRE (5791),0.01037693260663727
MOCS2 (4338),0.010377432927431802
FLVCR2 (55640),0.010385471856292171
ADCK1 (57143),0.010388919860261593
NEIL3 (55247),0.010414036888634962
RPL24 (6152),0.01041823270495989
UCHL3 (7347),0.01042864067329306
RPL7A (6130),0.010432953439659658
RPL13 (6137),0.010433826961924327
CFAP52 (146845),0.010434812238906202
DNAJC5G (285126),0.01043670838783742
ZNF257 (113835),0.01044329150941969
OLFML3 (56944),0.01044957864871293
VSTM5 (387804),0.010452688602516413
SOHLH2 (54937),0.010460891494836332
SCRN3 (79634),0.010468277324566368
CD38 (952),0.010468881271184508
NUTF2 (10204),0.01046894565386553
DYRK2 (8445),0.010476826372764357
CAMK2D (817),0.010490256128895568
ETF1 (2107),0.010496463694032985
NKAP (79576),0.010507569397575689
HIP1 (3092),0.01050803545266413
CACNG6 (59285),0.010515976785365092
IL13RA1 (3597),0.010517451965446671
TCN1 (6947),0.010526721510373057
STING1 (340061),0.010539902476573316
RFNG (5986),0.010547320416353496
ZNF195 (7748),0.010549441781415569
KLHL10 (317719),0.01055225748902144
ENTPD3 (956),0.010553422846533416
KCNJ11 (3767),0.010554151822838729
MIGA2 (84895),0.01056468873305883
BCLAF1 (9774),0.010569893766925647
ADGRE3 (84658),0.010570562044113356
PAQR3 (152559),0.010575616544365425
CCDC126 (90693),0.010587427857401749
PAX2 (5076),0.010592465316641379
MAGEC1 (9947),0.010593989944923414
S100A10 (6281),0.010594727135649927
QPCT (25797),0.010607474838004206
NCR2 (9436),0.010622211870200012
SMAD6 (4091),0.010624057446681616
MUC20 (200958),0.010647065098285287
LIX1 (167410),0.010653238806636916
ZNF599 (148103),0.010658941624893633
GPR179 (440435),0.010667228166799632
SPANXN4 (441525),0.0106697450020346
ZNF24 (7572),0.01069256849272834
NDUFV3 (4731),0.010694752954711562
KIF6 (221458),0.01069872860904916
HMGCL (3155),0.010699147753154035
IDE (3416),0.010708964945093394
NBPF3 (84224),0.010712501798521673
FPR3 (2359),0.01072418559950692
LYRM7 (90624),0.01072581752949861
NALF2 (27112),0.01073004813098518
FFAR1 (2864),0.010732307403772394
SLC38A6 (145389),0.010735879195292071
ZBTB24 (9841),0.010747976772103264
ZSCAN20 (7579),0.010748623101185763
KNCN (148930),0.010749609392482234
MRPS34 (65993),0.01075174038145375
GLYATL2 (219970),0.010757895050875023
EXTL1 (2134),0.010776371831061405
RNF144B (255488),0.010777455403704365
SALL3 (27164),0.010781154879583466
HRH4 (59340),0.010793501760759288
FAM181A (90050),0.010797510688898265
TTBK1 (84630),0.010802450414907478
TAS2R41 (259287),0.010809962279799112
NUDT5 (11164),0.010810262750278079
CALCOCO2 (10241),0.010814612272400884
PNMA5 (114824),0.010818545136998023
PI15 (51050),0.010818636610852389
GMCL1 (64395),0.010820335428481912
REV1 (51455),0.010830845058810715
SORBS3 (10174),0.010831778345419646
MLANA (2315),0.010836220613810526
FKBP15 (23307),0.010856505385673818
AP2A1 (160),0.010860574283275033
SETD1A (9739),0.010871959836158258
ZNF69 (7620),0.010872695093270568
BARX2 (8538),0.010877745328195708
OR4C11 (219429),0.010878399385507487
BHLHE40 (8553),0.010880597509368874
TRAF3IP2 (10758),0.01088202960662086
OCM2 (4951),0.010884691882791552
ADIG (149685),0.01089096258551831
PAAF1 (80227),0.010892837728916556
GRXCR1 (389207),0.010896096761723718
FBXO25 (26260),0.01089923105536976
MNX1 (3110),0.010904619433181557
TLE2 (7089),0.010915788851150129
ZAR1L (646799),0.010915797241856796
LARP6 (55323),0.010923276081773457
GUCA1B (2979),0.01092608793466191
TJP1 (7082),0.010931016930577025
MPG (4350),0.010933571654224537
ARMC9 (80210),0.010937198868292716
BCAP31 (10134),0.010939709237925935
SNORC (389084),0.010946704624744338
TEX46 (729059),0.010948473778659717
MAGEB18 (286514),0.010949782043482601
FXYD5 (53827),0.010961143336123233
LOX (4015),0.010981815151427432
TOMM6 (100188893),0.010982261292848699
CRISP2 (7180),0.01099135049221683
SPECC1 (92521),0.01099382896183807
C1orf198 (84886),0.010996545326956488
CCNP (79935),0.01100216392432241
H6PD (9563),0.011009994026034746
CFI (3426),0.011015526785672611
SCGN (10590),0.011019156234323268
GFOD1 (54438),0.011026374741878594
TMEM233 (387890),0.011028359160254136
PAQR9 (344838),0.011031644663788805
AQP8 (343),0.011032016195691694
DIAPH1 (1729),0.011049046412162413
TATDN1 (83940),0.011056572059726422
C10orf88 (80007),0.011066847537351664
RRP8 (23378),0.011067541762175769
KRTAP27-1 (643812),0.01106886823610497
GRHPR (9380),0.011076757274079202
RPL21 (6144),0.01107936862111551
MARVELD2 (153562),0.011080764867689562
TESC (54997),0.011085983082935884
COQ6 (51004),0.011087179482768966
CC2D2B (387707),0.011118087481454125
SETD9 (133383),0.011121160421521354
TNFSF18 (8995),0.011132046263543317
CLN6 (54982),0.011133082126348757
CFAP97D1 (284067),0.01113599371235055
HIBADH (11112),0.011137609481028524
DPPA2 (151871),0.01114259650154198
LRFN3 (79414),0.011145824212194394
DEFB115 (245929),0.011147310348396493
SLC26A5 (375611),0.01115093303303594
TMEM143 (55260),0.011151129994989873
C20orf202 (400831),0.011151270391316845
IL17F (112744),0.011156027609882374
MYO3A (53904),0.011162014419098351
FAM167B (84734),0.011169574421088055
HMBS (3145),0.011175724759605292
KIF20A (10112),0.01117651985576364
ROS1 (6098),0.011179874465951811
NBEA (26960),0.01118049238376896
CHST6 (4166),0.01118135919825831
CD63 (967),0.011200528940330136
KPNA6 (23633),0.011203722614249907
MSMB (4477),0.01120624846070953
MOXD1 (26002),0.011216795046581483
NIPSNAP3B (55335),0.011224428126733839
SP2 (6668),0.011228615265747338
MTIF2 (4528),0.011231177215563218
MOAP1 (64112),0.011234323318637895
ZKSCAN7 (55888),0.011235525727294145
ATP1B2 (482),0.011237974578640836
NXPH3 (11248),0.011240208597875275
TLR1 (7096),0.011247592157291673
RWDD2B (10069),0.011254268269670242
HSPA4 (3308),0.011257564944436468
MAP3K3 (4215),0.011261134451585907
TBC1D8 (11138),0.011261184896145257
LRRN3 (54674),0.011279669211060276
CDC6 (990),0.011280725406347095
CDH9 (1007),0.011294637396345177
SRPK1 (6732),0.011299690864130452
SYCE1L (100130958),0.011302401508087916
SBF2 (81846),0.01130403014219945
PAPSS2 (9060),0.011309598773462338
AKR1A1 (10327),0.011312351487954184
DEFB123 (245936),0.011319471947639386
DDX42 (11325),0.01132011486247867
USPL1 (10208),0.011333836510487172
CUL5 (8065),0.011340294889150223
TTC38 (55020),0.01134512843343276
SEC22C (9117),0.011349348756235635
TM9SF1 (10548),0.011353030419628655
CYP2B6 (1555),0.011354548953835288
MZF1 (7593),0.011358561394885272
C19orf81 (342918),0.011359976026187301
SIL1 (64374),0.011361032936521073
JMJD4 (65094),0.011365512288030075
CDRT15L2 (256223),0.011372190862341317
EHD4 (30844),0.011380294456125498
LRRC49 (54839),0.011382894973923878
VPS13C (54832),0.0113837298290409
CEP70 (80321),0.011390921459257767
DRG1 (4733),0.011395291492502799
STRBP (55342),0.011402941522004927
CERS6 (253782),0.01140461991105093
ANKRD66 (100287718),0.011407271588092774
KLF1 (10661),0.011407794224991155
GNL1 (2794),0.011410355796033242
MLIP (90523),0.011418930217900154
PEX6 (5190),0.011429982807764623
CLCNKA (1187),0.011433310921885686
CCL28 (56477),0.01143380690775649
DENND1C (79958),0.011437788721899725
TTC1 (7265),0.011438004180208686
ISCU (23479),0.011450808293642728
DCAF17 (80067),0.011458332761931133
CYSTM1 (84418),0.011458658016125247
ADIRF (10974),0.011461528618871043
KRTAP5-11 (440051),0.01146931131018107
SLC10A7 (84068),0.011470431340237088
MAPKAP1 (79109),0.011473300380682798
OR4C15 (81309),0.011476809223586605
NEFH (4744),0.011482407327258578
TMPRSS4 (56649),0.011483065681140603
ZNF707 (286075),0.011484436822560345
ROBO3 (64221),0.011493939375056939
CFAP57 (149465),0.011495067010754376
ORM1 (5004),0.011496185974204877
RPL26L1 (51121),0.011502432147937041
DMAC2 (55101),0.011503846522217257
RIPPLY3 (53820),0.011509405343290006
GYS1 (2997),0.011517414670067352
KRTAP5-9 (3846),0.011524053219470535
CTNND2 (1501),0.01152482374695058
FHL2 (2274),0.011529888501282786
DEDD (9191),0.011531059401367666
E2F8 (79733),0.011533247032879735
NAXE (128240),0.011534839999144458
FBXW9 (84261),0.011540622626222963
TMEM9B (56674),0.011541721704287935
MED7 (9443),0.01156013095063122
SNX30 (401548),0.011565768650588604
SH3BGRL (6451),0.011569905161711896
MAB21L4 (79919),0.01158035842000006
SCTR (6344),0.011584581005314988
SPTB (6710),0.01159171257832167
TM9SF2 (9375),0.011601332115770285
IGLON5 (402665),0.011606008163939708
PPDPFL (492307),0.011609365000180265
GDNF (2668),0.01161094029414785
TNFSF8 (944),0.011611464650978068
MYO6 (4646),0.011614921625153837
LIMK1 (3984),0.011623981348646372
ART5 (116969),0.01162611520858776
SIPA1L3 (23094),0.011626911895699095
MRO (83876),0.011637903409360311
DSG3 (1830),0.011647960007723014
PACS2 (23241),0.011652459046921353
AZIN2 (113451),0.011653873401625879
INSL6 (11172),0.011654268280251071
MOS (4342),0.011655380726664659
ANKRD6 (22881),0.011673805321890936
PYCR3 (65263),0.01167402372433133
PLXDC2 (84898),0.011679325747610913
PCDHA8 (56140),0.011680302445568301
NCKAP5 (344148),0.011682615967606192
SLC66A1 (54896),0.011683916592712451
NUDCD1 (84955),0.011686212615780357
SLFN12L (100506736),0.011688513872359167
KIAA0586 (9786),0.011704335981258182
RANGAP1 (5905),0.01171008502635302
SPMIP5 (143379),0.011718197583449903
OR8B12 (219858),0.011718879716995827
EVC (2121),0.011719258889880176
NPTX2 (4885),0.011721296684307728
ATP6V1A (523),0.011725961885157472
KLK3 (354),0.011726308785806775
EME1 (146956),0.011727344962184931
EID3 (493861),0.011742355269751035
LIN7C (55327),0.011747729218785842
ARMCX2 (9823),0.011753571281123316
PREPL (9581),0.011754407149775303
LNPEP (4012),0.011757837819818638
ZNF507 (22847),0.011764840423012943
MICU1 (10367),0.011777087704704887
LRRN4 (164312),0.011782401181169992
NEDD4L (23327),0.011791194681318652
AMTN (401138),0.011799528417286466
PDE11A (50940),0.011803440917035241
YARS2 (51067),0.011806454863691225
RPL5 (6125),0.011808167202552306
ZNF697 (90874),0.011812059044215034
NSRP1 (84081),0.01182481140388783
TAP1 (6890),0.011825523050186387
CCDC60 (160777),0.011832941121812414
F2RL3 (9002),0.011837883870102501
ATP6V0B (533),0.01183990369133571
TXNIP (10628),0.011840082049560526
MRPL33 (9553),0.011847260392768955
DPF3 (8110),0.011856434941026147
CD164 (8763),0.011856847605962879
WFDC9 (259240),0.011857468700152723
GON7 (84520),0.011860582040765509
OR56B4 (196335),0.011861200561464724
TSPAN2 (10100),0.01186333207103041
COX10 (1352),0.01186418170206608
GPR151 (134391),0.011864737621174487
CCDC51 (79714),0.011867104317811409
CRYL1 (51084),0.011874307930034437
SMCR8 (140775),0.011878370978372443
RNF145 (153830),0.011885805804943852
RELN (5649),0.011885876119789621
ABHD15 (116236),0.011887253421474371
IGFBP4 (3487),0.011887578635943872
ABHD4 (63874),0.01189297640000708
NIPSNAP2 (2631),0.011901801886768107
DUSP5 (1847),0.011902560224398121
RASD1 (51655),0.011924440340942085
ZSCAN5B (342933),0.01193027183961437
VPS54 (51542),0.01193179206496431
PATJ (10207),0.011934993449281998
SLC25A12 (8604),0.011935626404254076
EPB41L2 (2037),0.011939826863686907
ARFGAP3 (26286),0.011941163639169581
NRG2 (9542),0.011947152162257214
COX4I1 (1327),0.011949755665630583
FMOD (2331),0.011950749956859186
RBM7 (10179),0.011953140680763927
TLCD4 (148534),0.01197309126744382
ZNF572 (137209),0.011977689213054863
PLK1 (5347),0.0119778763411248
SIRPA (140885),0.011980718330787225
GALE (2582),0.011987335813607829
VSTM2B (342865),0.011988588245631905
PDX1 (3651),0.011994431772559475
IRX1 (79192),0.011997316819381284
RAB28 (9364),0.011998299123500188
SPC24 (147841),0.012000904900307897
MPDU1 (9526),0.012005561941133319
FIBP (9158),0.012009640972591044
AMMECR1L (83607),0.012016411374118779
MSI1 (4440),0.012021410939362803
CSTF2T (23283),0.012032353566677997
DMRT2 (10655),0.012032872066871028
RLIG1 (91298),0.012032962603960948
GAREM2 (150946),0.012036691025144129
CD163 (9332),0.012043821802915518
LORICRIN (4014),0.012048239743980485
KRTAP10-1 (386677),0.012049366934107379
CHST9 (83539),0.012060227315949659
TREX1 (11277),0.01206284613400838
NDUFA10 (4705),0.012066247007505146
NAA30 (122830),0.01206722262137166
PPP1R13B (23368),0.012075325612504295
ZNF490 (57474),0.01207816045980363
P2RX4 (5025),0.012081582771826905
SLC25A30 (253512),0.012084552476604057
PIGM (93183),0.01209255741851027
MBIP (51562),0.012101183448977109
KNG1 (3827),0.01210511869595216
ART3 (419),0.012106644776171023
SIRT3 (23410),0.012108854709408092
PHKG1 (5260),0.012115547177334915
KRT77 (374454),0.012118941048091457
NRGN (4900),0.012121405032970243
SLC6A1 (6529),0.012126388633466618
FCSK (197258),0.012127200933793734
EVA1C (59271),0.012134681884403663
HERPUD1 (9709),0.012136200331014537
MYMK (389827),0.012148466547197144
CEP76 (79959),0.012150087299272711
TLR5 (7100),0.012154430231316968
L3MBTL3 (84456),0.012167774908974308
POPDC2 (64091),0.012171301043408687
SALL4 (57167),0.012181558228126341
LTN1 (26046),0.012200324759316237
ZC3H12C (85463),0.012210905447560838
HADHA (3030),0.012214358827586563
MCFD2 (90411),0.012217942351810816
PTPN4 (5775),0.012222551035938427
DEPTOR (64798),0.012225284011203147
CASC3 (22794),0.012226959101912445
LEMD1 (93273),0.012230237359143008
MIOX (55586),0.012236800595393445
ITSN1 (6453),0.01225519937687725
MLLT1 (4298),0.012262167101992048
NSD3 (54904),0.012267091572625819
SLCO5A1 (81796),0.01226921627851723
ALDH5A1 (7915),0.012278076772771495
RAPGEF5 (9771),0.012281041720889632
FIRRM (55732),0.012286549381773303
MEIOB (254528),0.012289026271319742
SEZ6L (23544),0.012289357071950382
NUTM2G (441457),0.012289973710348153
MCM7 (4176),0.01230680236204287
MMP1 (4312),0.012313620347263549
ACRBP (84519),0.012320582747838692
CGGBP1 (8545),0.012335228978350083
VPS53 (55275),0.012335843250844147
ZDHHC12 (84885),0.012343185081508706
ZBTB7C (201501),0.012344760105903393
ZNF575 (284346),0.012346132247375198
MRGPRX2 (117194),0.01235199631556306
RHOXF1 (158800),0.01237407385823703
CENPK (64105),0.012375861281603114
ENDOU (8909),0.012379311406714107
RAD9B (144715),0.012380041311534001
DKK4 (27121),0.01238161302243402
DGCR2 (9993),0.012383733086793617
KCTD9 (54793),0.012383996512505168
MRPL16 (54948),0.012384067223102719
SLC16A8 (23539),0.012388385739898172
FABP4 (2167),0.012393860621967965
RPF1 (80135),0.012395898377075828
ARF1 (375),0.012404833051943709
STX8 (9482),0.012405693850044487
CD28 (940),0.012412789618486467
DRAM2 (128338),0.012415971026264381
ATG4A (115201),0.012419626688412887
PTBP3 (9991),0.012425381598718317
PLEKHG3 (26030),0.012430559189698986
MUC17 (140453),0.012431353626630115
CCDC7 (79741),0.012438392340273698
ABHD10 (55347),0.012439586425096483
SEC61A1 (29927),0.012442840559476361
KANK3 (256949),0.012448846031272725
DEFB124 (245937),0.012450590450155903
IFT70B (150737),0.012451552578763521
PCDH10 (57575),0.012459831450388148
TAS2R7 (50837),0.01246530228926269
ATP7B (540),0.012465507575029644
AEBP2 (121536),0.012473819585131224
ACTN2 (88),0.012479211137371347
PTK7 (5754),0.012484746871911442
GALNT11 (63917),0.012488298699003083
LATS2 (26524),0.012500222461361576
IHH (3549),0.012503183918726133
GNPDA1 (10007),0.012511712718131753
STIM1 (6786),0.012516679678097532
DGKG (1608),0.012518956884380627
OR5T1 (390155),0.01252601820013611
OR51B6 (390058),0.01252745666514762
DENND2D (79961),0.012533339570876479
HARS2 (23438),0.012533964377978435
COL11A2 (1302),0.012535944804806385
ZNF442 (79973),0.012548313247304706
HTR3E (285242),0.012550920319346855
FOXL2NB (401089),0.012572226919652376
TAF1D (79101),0.012582841963817197
EYA3 (2140),0.012585511099722904
COLEC10 (10584),0.012586502329948073
TMEM71 (137835),0.012596375938776749
IGSF22 (283284),0.012597585481015037
SLC2A14 (144195),0.012602349272400379
PPY (5539),0.012606143635707745
KCNIP2 (30819),0.012613760228619446
NR1D1 (9572),0.012619620001631766
TAS1R2 (80834),0.012631787145179952
LCA5L (150082),0.012632640844650654
H3C2 (8358),0.012636586645517396
IGSF10 (285313),0.012646811860258695
LRP2BP (55805),0.012653163138500406
RANBP3 (8498),0.012660113748820522
MRPL34 (64981),0.012661582735592525
TLE4 (7091),0.012672527238607855
CIBAR2 (339145),0.012681433245383058
RNLS (55328),0.012682989899053709
FURIN (5045),0.01268961778160753
H2AC21 (317772),0.012690951625954574
CYB561 (1534),0.012698137991906016
AIM2 (9447),0.01269988178910853
PIGH (5283),0.012710236680568764
MOB2 (81532),0.012717064342220457
KATNBL1 (79768),0.0127319121826256
KRT38 (8687),0.012734628892391114
HMGXB4 (10042),0.012734733018658632
NREP (9315),0.012737552654158322
POLR2I (5438),0.012737626454844515
NDUFA2 (4695),0.012744921699777376
CCDC50 (152137),0.01274618073058046
COX17 (10063),0.012751292411507555
XPA (7507),0.012751969118977377
STK17B (9262),0.012752679041852307
GSTM4 (2948),0.012753600264267414
GINM1 (116254),0.012754456065263943
SPATA31F1 (259308),0.01275484237991831
FASTK (10922),0.01275725823567768
TGM2 (7052),0.01275846251102701
KRT82 (3888),0.012769378678948886
HTATSF1 (27336),0.012772772330783064
CWH43 (80157),0.012774006713382694
VCPKMT (79609),0.012780064231237035
RSPO4 (343637),0.012783940542917031
CRAMP1 (57585),0.01278926153595988
C18orf63 (644041),0.012792595224952324
PDHX (8050),0.012792629748345524
POLDIP3 (84271),0.012792968695321098
MRE11 (4361),0.01279813604080618
PRRG4 (79056),0.012798651001907078
ZNF174 (7727),0.012799524476430691
GML (2765),0.012809318537022486
TGM1 (7051),0.012809569587520565
NSMCE4A (54780),0.012810369092871001
PTGIS (5740),0.012810594484630771
ANKRD18A (253650),0.012813054452128077
REEP2 (51308),0.012817201314677059
ZNF345 (25850),0.012831022236529986
OR52A1 (23538),0.012842346215532747
KRTAP10-11 (386678),0.012852856325645886
CDC27 (996),0.012856298901864165
OR7C2 (26658),0.012866753570794988
RTP1 (132112),0.012870100167583656
ECD (11319),0.012873620655068948
RFX4 (5992),0.0129003902544477
HFE (3077),0.01292114613604914
FAHD2B (151313),0.012932115515540112
ITPRIPL2 (162073),0.012941799327756968
GRPEL2 (134266),0.012945028806450406
TCTE1 (202500),0.012950287268643383
OR4S2 (219431),0.012960560501340661
SIGLEC12 (89858),0.012970492325694609
RCBTB2 (1102),0.012970600592473382
KLF4 (9314),0.012971717581494036
BDP1 (55814),0.012974066931716368
MAU2 (23383),0.012974187464515055
C18orf32 (497661),0.012980483750670025
POGLUT3 (143888),0.01298833411170446
IL23R (149233),0.013003498351951514
CARNMT1 (138199),0.013006264685082697
C20orf144 (128864),0.013008546319368857
MORC3 (23515),0.013012502866676202
MARCHF7 (64844),0.013015713393670464
ENTPD4 (9583),0.013051608345919815
RNF182 (221687),0.013065826432289466
GRAMD1C (54762),0.01306702481926168
SPATA17 (128153),0.01307110118294212
KLHL32 (114792),0.013089021201922513
PCK1 (5105),0.013090307383565303
TRPC6 (7225),0.01309834598937742
UNC5CL (222643),0.013098395906539675
PKIG (11142),0.013108893919601836
SHISA4 (149345),0.013109395584714939
RNASEH1 (246243),0.013119249202280303
SLC16A2 (6567),0.013128442780772836
S100Z (170591),0.013131967115509843
HSPA14 (51182),0.013141323558804027
OR6A2 (8590),0.013144315381443833
PCDH18 (54510),0.013161508564264582
COX5A (9377),0.013161782635619375
SLC25A33 (84275),0.01316377202633839
MYH3 (4621),0.013163977380515628
CBX2 (84733),0.013165250624763715
KCNK10 (54207),0.013170813324372524
FTH1 (2495),0.0131713722298444
OTOL1 (131149),0.013177348431763951
MT1E (4493),0.013182156339778081
MAP2K1 (5604),0.013182624743264535
KGD4 (92259),0.013193792303065619
VDAC3 (7419),0.013201031908637306
GRAMD2A (196996),0.013204581358901532
MATR3 (9782),0.013213801001501897
FSBP (100861412),0.013223295952284254
ABHD18 (80167),0.01322755273398549
SPHK2 (56848),0.01322969372927741
TAS2R40 (259286),0.013233616386506997
SUGP2 (10147),0.013240410967606803
XAGE5 (170627),0.013241173445722199
ZNF462 (58499),0.013243086802895836
TINF2 (26277),0.013244131111893728
SLC35E1 (79939),0.013248864793433752
SETBP1 (26040),0.013253155204178696
SEMA5B (54437),0.013255287233922747
MYL6B (140465),0.01326579863189738
SNRNP200 (23020),0.013268847507263554
ARMH3 (79591),0.013272912011800033
NCKAP1 (10787),0.013276113974175134
FHIP2B (64760),0.013282601503659919
ARHGDIG (398),0.013284976813042844
CAD (790),0.013286023976983426
ATAD1 (84896),0.01329311465856506
CASZ1 (54897),0.013295466602020934
PEG3 (5178),0.013311531077642349
PACS1 (55690),0.013313548637290985
IGSF23 (147710),0.013313917327223668
SOX12 (6666),0.013326777530728135
RPL39 (6170),0.013334014426009731
TMEM97 (27346),0.013338563964106171
NPNT (255743),0.013339278718576339
DAPK2 (23604),0.013340871341917297
MKLN1 (4289),0.013350164505796076
SLC66A3 (130814),0.013351269942065772
CNP (1267),0.013355181653240468
SEMA4B (10509),0.013356313240294055
GABBR2 (9568),0.013356871308593666
MFAP3L (9848),0.013369677205243995
SMG6 (23293),0.01337700706940501
RAB3C (115827),0.013378145516397506
C2CD5 (9847),0.013385987096019325
ASS1 (445),0.013390090749042207
C22orf31 (25770),0.013405878048830361
CCR4 (1233),0.013408068288331576
TNFRSF10C (8794),0.013409417250617098
TMPRSS12 (283471),0.013420787843581052
STK32B (55351),0.013433231826564994
MPRIP (23164),0.013437825463145701
H2BC6 (8344),0.013442496435371014
STARD5 (80765),0.013442988138500974
CST3 (1471),0.013447586193044958
NPB (256933),0.01345897241636448
KNDC1 (85442),0.013462328480292978
ANKRD45 (339416),0.013467224557344844
EIF2AK3 (9451),0.013467658916966187
CCN1 (3491),0.013474333268415135
SPACDR (402573),0.013478246275027278
MTMR10 (54893),0.013486194441011318
OTOP1 (133060),0.013488053130851222
KIAA0408 (9729),0.013489837491271571
INSR (3643),0.013494916785667919
CASK (8573),0.013501418546737387
RDM1 (201299),0.013502916397585364
COTL1 (23406),0.013508324689896265
KPNA7 (402569),0.013509288649523752
OR5B17 (219965),0.013518656511802531
TMEM63B (55362),0.013519021095344244
SUPT3H (8464),0.01352796861806125
EHD3 (30845),0.013529688638603236
THUMPD2 (80745),0.013532862353791617
ADAMTS16 (170690),0.0135361809705114
STEAP3 (55240),0.013537999327156736
CCDC93 (54520),0.013541944404060096
SENP1 (29843),0.013546014006494042
OR5B2 (390190),0.013546093350870304
LMX1A (4009),0.013553582216758979
NEMP2 (100131211),0.013558853643663441
KARS1 (3735),0.013558874756566978
HOXA4 (3201),0.013563861515732073
CX3CR1 (1524),0.013565329581835267
SCN9A (6335),0.013569733073147518
WDR7 (23335),0.013577213012961446
HTR2C (3358),0.013578474653011716
ZNF350 (59348),0.013582516998152109
HMCN1 (83872),0.013583323236809067
CNFN (84518),0.01358375699328299
ZBTB6 (10773),0.01359014796314461
ALG12 (79087),0.013590858997172014
SCARA3 (51435),0.013591413319236289
CALB1 (793),0.013593661541924927
MED20 (9477),0.013599178683841324
GOT1L1 (137362),0.013608286806499646
NRBP1 (29959),0.013619610533158142
DUSP13B (51207),0.013620769093932237
RXRA (6256),0.013626783296478439
KCTD4 (386618),0.013628132174155315
SLC39A3 (29985),0.013631715382367508
FCAMR (83953),0.01364950912997654
TG (7038),0.01365113118291857
DENND4A (10260),0.013652918961358354
ZNF331 (55422),0.013653266327653813
PDZRN3 (23024),0.01365501772645848
GPR45 (11250),0.013659384146657596
ASTN1 (460),0.013661723096671371
INKA1 (389119),0.013663924726432025
ZNF875 (284459),0.013665118216947124
PGRMC1 (10857),0.013672033560221343
BAALC (79870),0.013675510242203455
CLRN1 (7401),0.01367631990627568
DUSP4 (1846),0.013695288174985056
OR10AG1 (282770),0.013696018455734125
AFG1L (246269),0.013700207637401735
INTS6L (203522),0.013708633451381859
HLCS (3141),0.013711632142519109
IFI16 (3428),0.013716897355811164
USP28 (57646),0.013716910855513615
INPP4A (3631),0.013724092602439815
HMG20B (10362),0.013728523521615276
ZCWPW1 (55063),0.013729584154547373
MIPOL1 (145282),0.013733212832713428
ALX4 (60529),0.0137352206239331
SAMSN1 (64092),0.01373585451434512
SLC39A2 (29986),0.013735976453100953
MAGEA10 (4109),0.013737458658659765
USP21 (27005),0.013741640052089353
IL27 (246778),0.013742055719192552
DNAI4 (79819),0.013747101684752778
SYF2 (25949),0.01375339504406536
POU3F4 (5456),0.013766355784885902
ANKRD33B (651746),0.01377791846156753
CRYAB (1410),0.01378569811417956
ARL14EP (120534),0.013786378874658575
ALOX15 (246),0.013795524881862744
IMPG2 (50939),0.013797938963754917
GNPTG (84572),0.013803148765709032
ACSS2 (55902),0.013807667547635908
ABCA13 (154664),0.013810190816993619
MRPL21 (219927),0.013822390957970892
ZDHHC13 (54503),0.013825585645625554
PPIL2 (23759),0.013826165222881404
ITM2A (9452),0.013826812956093813
QARS1 (5859),0.013833524792355025
FLOT2 (2319),0.013851551125213522
MAPRE2 (10982),0.013856672842539537
SLC1A7 (6512),0.013856803137146198
ELOVL4 (6785),0.013868701828186463
THY1 (7070),0.013874605629818147
GLI4 (2738),0.013877757543416235
DACT1 (51339),0.013882105424609822
ASNSD1 (54529),0.013884422831127141
CHERP (10523),0.01388926277185071
SPIN4 (139886),0.013891371736700516
RNF20 (56254),0.013896095282543632
TMEM98 (26022),0.013900170208571845
LRRC3 (81543),0.01390438877347866
IRF6 (3664),0.013905919299964183
ZNF469 (84627),0.013906265500224191
HSP90B1 (7184),0.013906597860643882
SNX27 (81609),0.013909561805489315
MID2 (11043),0.013929557566911272
METTL22 (79091),0.013930902730691816
FNDC3B (64778),0.013935051409741717
MRPS25 (64432),0.013946313184531278
CCDC91 (55297),0.013948224173929326
PAX4 (5078),0.013953214838882195
TTC23L (153657),0.01395483900591523
LPP (4026),0.01395964064468419
TPD52L1 (7164),0.013970904500078676
PDAP1 (11333),0.013992818700268713
AGK (55750),0.013993155285353111
TAAR2 (9287),0.013999352131823094
NOVA1 (4857),0.014002326043731765
MRPL57 (78988),0.014002375541150601
CDH4 (1002),0.014004528164769298
FGD6 (55785),0.014013257951105803
SPAM1 (6677),0.014015505322687976
EXOC3L2 (90332),0.014018766280477254
MSN (4478),0.014019669880407374
CENPV (201161),0.014024556153978372
IVNS1ABP (10625),0.014034728920173179
KCNC3 (3748),0.014035375833481486
LYPD4 (147719),0.014039653455504371
MIOS (54468),0.01404770790439766
BICC1 (80114),0.014049420892899693
PTGDR (5729),0.014052501637593287
TYMS (7298),0.014052658528120408
PLEKHA3 (65977),0.014057363761947052
PDCD4 (27250),0.014057492477265295
NHEJ1 (79840),0.014063958014819675
CST11 (140880),0.014068984329527889
MAP3K4 (4216),0.014072417541029572
TMEM80 (283232),0.014073227654044966
AKR1B1 (231),0.014076464089452642
RIC8B (55188),0.014077020115445229
PLEKHM2 (23207),0.014077689224730773
TULP3 (7289),0.01408374039640335
VLDLR (7436),0.014099676089704688
POM121 (9883),0.01414921245490385
KCNJ14 (3770),0.014162449754701763
ARG2 (384),0.014173518467698458
SFXN5 (94097),0.014186083391895874
GRIK4 (2900),0.01418868986073714
SLC22A10 (387775),0.01418886377122914
MRPL39 (54148),0.014191507759116566
ATP6V0A1 (535),0.01419464232611361
HOXB7 (3217),0.01421562348197442
AHR (196),0.014224313117267103
PARP8 (79668),0.014224491767279851
LRRC30 (339291),0.014227346157441582
REXO5 (81691),0.014239671856669415
TMEM139 (135932),0.014239876791048144
CNKSR1 (10256),0.014253255185716745
RSBN1L (222194),0.014258134401916346
SPINK6 (404203),0.014269049381863626
ANKRD30B (374860),0.014283070083650384
SLC3A1 (6519),0.014294429866909325
ONECUT2 (9480),0.014297137673152579
PPM1N (147699),0.014303162156120599
PRKD3 (23683),0.014308969856867986
RERGL (79785),0.01431519926115234
PGM3 (5238),0.014340211702261393
SPN (6693),0.0143420960490533
OR1N1 (138883),0.014343421051905895
DDN (23109),0.014349746309941817
ZNRD2 (10534),0.014353659441492167
ABCA4 (24),0.014359827771789041
DPYS (1807),0.014374717917288535
COX8A (1351),0.014391410639845663
BACC1 (124944),0.014391880246985941
C16orf89 (146556),0.014395315515646752
NPHP1 (4867),0.01439678939067431
TMOD4 (29765),0.014408760848346774
GCKR (2646),0.01442377539142101
COMMD8 (54951),0.01442660116510324
LIME1 (54923),0.014429458242684632
HEXA (3073),0.01444764993150034
TMEM262 (100130348),0.014447855943978016
PLPPR2 (64748),0.014462525814644077
FNDC3A (22862),0.014466492135150054
DCTN2 (10540),0.014469072394896778
SLC51A (200931),0.014472432267130006
ZNF768 (79724),0.0144738378029611
LTB4R2 (56413),0.014478208488106967
RIC3 (79608),0.014481439321225607
HCCS (3052),0.014485331954066965
H2AC12 (85235),0.014488412732184038
SLC19A2 (10560),0.01449191474413849
TNRC6C (57690),0.014494012379591357
ZCCHC10 (54819),0.01449491406457225
HOXC8 (3224),0.014495196157748342
TBC1D8B (54885),0.014501035431357737
LTA (4049),0.014502749263067988
FAM9C (171484),0.01450402840697911
LYPD5 (284348),0.014507037548017243
STS (412),0.014513126104205316
DNAJB1 (3337),0.014515276222020054
IQUB (154865),0.014518122406097057
DHRS13 (147015),0.014532131580813424
ZNF891 (101060200),0.01453697134163071
MFAP3 (4238),0.014570410098680023
P2RX1 (5023),0.014571074794143745
FAM149B1 (317662),0.014578254407571956
XYLB (9942),0.014579734307226255
GLI2 (2736),0.014581784386552187
CLCA4 (22802),0.014585031894434886
PBRM1 (55193),0.014591129247829602
PSMB8 (5696),0.014601616477784804
BBIP1 (92482),0.01460901281829496
SPANXB1 (728695),0.014630332249338122
MTCL1 (23255),0.014631599083666283
RPS13 (6207),0.014632314182330823
IBTK (25998),0.01463828131523396
SEMA4A (64218),0.014657452803026712
HPR (3250),0.014663911316739237
KY (339855),0.014668147294677874
MRPL28 (10573),0.014681605642535954
ZSWIM3 (140831),0.014700856721040548
FASTKD3 (79072),0.014708439109654503
VPS26B (112936),0.014716285561958945
ADAD2 (161931),0.014722633858800495
TOGARAM1 (23116),0.01472368634268968
NRAS (4893),0.014726128277815831
NUP62 (23636),0.014726614699505121
PCDHB1 (29930),0.014728552635112684
SERPINE1 (5054),0.01475351345112232
RBM41 (55285),0.014753813809011952
BACH1 (571),0.014754201645849417
CTC1 (80169),0.014762157716327828
DPEP2 (64174),0.014773252115799268
HRH3 (11255),0.014776971004781671
POFUT1 (23509),0.014788668664215925
LRP11 (84918),0.014790074108436383
NFRKB (4798),0.014797185226869326
PLEKHA4 (57664),0.014798319728645266
PPP2R2A (5520),0.014798323946858713
PCDH11X (27328),0.01480080163642736
IRF4 (3662),0.014804880140402427
SCAF8 (22828),0.014806531506736737
TRIM71 (131405),0.014806794934560696
RELL1 (768211),0.014812511540928098
CNGB1 (1258),0.014818011817975566
UGT8 (7368),0.014822549100811693
EHF (26298),0.014831879442172378
APOA4 (337),0.014834419237526292
IL19 (29949),0.014841874764438304
PRR16 (51334),0.01484291030477273
SAMD9L (219285),0.014849765198965133
CD3G (917),0.01485083679924017
FEM1A (55527),0.01485190891182114
HES7 (84667),0.014859676345484955
SERPINA9 (327657),0.014861867085398982
PIGB (9488),0.014882925279125622
TMEM184A (202915),0.01489616485576502
CLDN1 (9076),0.014908081294651156
NMUR2 (56923),0.014909932227520347
FAAH (2166),0.014912340642481044
CREB1 (1385),0.014913742923119798
TMEM11 (8834),0.014917898264308482
SNX6 (58533),0.014920724358841052
CAT (847),0.01492139994709643
PBK (55872),0.014936211042072055
FAM216A (29902),0.014948255488973666
HES3 (390992),0.01494972862708542
H2BC10 (8346),0.014956033119931034
MBTPS1 (8720),0.014960509338310167
GYG1 (2992),0.014965394479761192
RAET1G (353091),0.014966202441786678
APAF1 (317),0.014987471486447338
MAL (4118),0.014989036497764794
TMEM38B (55151),0.014995816979067452
ATXN10 (25814),0.01499592728712828
PLCB3 (5331),0.014997140781165449
SSTR1 (6751),0.01499756674633586
TMCO5A (145942),0.01499852136022494
OCIAD1 (54940),0.01500053551467783
OR4A47 (403253),0.015006440239156897
AAGAB (79719),0.01501078875807007
OR2D3 (120775),0.015023553410634143
LGALSL (29094),0.015024532971191003
SAMD4A (23034),0.01503555003931975
ELOVL1 (64834),0.015044452436505063
NEDD9 (4739),0.015046092780743292
PGM1 (5236),0.015046588815242545
GJA10 (84694),0.015053952524118295
POLL (27343),0.015058131596900325
ITIH4 (3700),0.01506223324908662
GRIN3A (116443),0.01506553260684935
FUBP1 (8880),0.01506680747078411
MUC21 (394263),0.01507326690949542
NSUN5 (55695),0.015085061871156024
WNK1 (65125),0.015087611582992296
MTHFD1 (4522),0.01511148407138929
TEP1 (7011),0.015127967534004973
DCUN1D3 (123879),0.01513282943218317
TMEM215 (401498),0.015134211170081596
DYNLT1 (6993),0.015136264875152112
PIGV (55650),0.015141149475845994
ASPDH (554235),0.01514725819618114
LAMA2 (3908),0.015152912706974296
TMCO1 (54499),0.015162122925566388
SLC35B2 (347734),0.015162212979460517
SLC5A4 (6527),0.015181888778660073
LGALS16 (148003),0.01520250338199194
IDH3B (3420),0.015206907609957654
FLYWCH2 (114984),0.015209864299760937
TJP2 (9414),0.01521049906199729
NTAN1 (123803),0.015211327613249153
FAM174B (400451),0.015220677058072896
ZSCAN25 (221785),0.015222158800459322
AOC2 (314),0.015234670274468107
SLC6A20 (54716),0.015241137113630105
LILRB5 (10990),0.01524234994691722
PIH1D2 (120379),0.015248224563072954
CEBPB (1051),0.0152590037357731
ZNF385D (79750),0.015263401503705292
CYP26C1 (340665),0.01527513536635463
VCF1 (84923),0.015281904786079976
ZNF280B (140883),0.015287524181576055
VANGL1 (81839),0.01528786568110884
PLD6 (201164),0.015289366241598634
LCN2 (3934),0.015290002683423426
TBX3 (6926),0.015293818977308603
TSHZ3 (57616),0.015303201203911291
SMC6 (79677),0.015312645021581639
ZXDB (158586),0.015316617814760548
CST7 (8530),0.015324621075505212
AHSA1 (10598),0.015327912705250983
PCDH1 (5097),0.015331272017531213
ASPH (444),0.015337241228466969
OR10W1 (81341),0.015338928937449852
SLAIN2 (57606),0.01534656283515503
PRSS53 (339105),0.015350712602258699
AK9 (221264),0.015354110574860835
EPHA3 (2042),0.015355556384216748
ANKRD10 (55608),0.01535687018666876
C4orf51 (646603),0.01536492551827425
MRPL20 (55052),0.015372392178595887
ATAD2B (54454),0.015375821283209946
ZNF503 (84858),0.015380153389902613
ALG11 (440138),0.015385462747013681
PLPP4 (196051),0.015392376484743767
STPG2 (285555),0.015407637083934117
KANK4 (163782),0.015410311716374022
SLC25A31 (83447),0.015416283495918537
ABCA3 (21),0.015429939187032204
SPRR2G (6706),0.01543312078845821
RNASEH2B (79621),0.015439255607345
LOXL2 (4017),0.015447173637634893
NFKBIE (4794),0.015449167322744985
USP40 (55230),0.015451377987932724
ASAH2 (56624),0.015452959889979951
PABIR3 (159091),0.015455482872728776
RASL11A (387496),0.015456053692409181
FKBP7 (51661),0.015461138261565597
NEBL (10529),0.015461892364454331
IFFO2 (126917),0.015466400835998411
DMRTA2 (63950),0.01547532667539739
ZMYND10 (51364),0.015479090530145193
PAGE2B (389860),0.015514778720290853
BBS12 (166379),0.015515884455687298
NKAIN2 (154215),0.015530275474111706
RMND1 (55005),0.01554015994602699
GPR34 (2857),0.01554126807852444
MYH2 (4620),0.015543256965994966
C16orf74 (404550),0.015547621252254134
NFU1 (27247),0.015559110269676968
TNP1 (7141),0.01556127000015897
POTEM (641455),0.015566933679987408
NUP107 (57122),0.015584197926977692
MAT2A (4144),0.015585172083439337
MB (4151),0.01558790370081434
BEAN1 (146227),0.01561364805282074
OR5M3 (219482),0.015615562700453117
DSG2 (1829),0.015617644160383975
CYP4F2 (8529),0.015621913401926745
ANKRD34C (390616),0.015622009535717712
UBQLN2 (29978),0.015625919482132482
IGDCC4 (57722),0.015625931223188158
DACT3 (147906),0.015642666810923397
SSUH2 (51066),0.015647718181417383
CD96 (10225),0.015650616801891164
SLC15A2 (6565),0.015659796648402568
HUS1B (135458),0.01566438094370397
OTUD5 (55593),0.01568373899473198
PLA2G4C (8605),0.01568451128703849
TMEM184C (55751),0.015689988515851076
DMRT1 (1761),0.015704276041196473
CFAP96 (441054),0.015705776630181675
PITPNM1 (9600),0.015709060559121617
ZNF597 (146434),0.015709340018973526
CREBL2 (1389),0.015724212417122675
MYO7B (4648),0.01572451576356673
PDE8A (5151),0.015726082292332938
CWF19L1 (55280),0.01572835799650995
MRPL38 (64978),0.015731985576895872
THOC1 (9984),0.01574388891692526
SERPINI1 (5274),0.015756659955640753
CRLF3 (51379),0.015764654304927905
KCTD16 (57528),0.01576492231910468
DEPDC7 (91614),0.015774526140412644
MGAT5 (4249),0.015779269897830236
HS1BP3 (64342),0.015785992365814575
TTC31 (64427),0.015801880665718138
TBC1D30 (23329),0.015803014899835172
CD1A (909),0.015804825508309805
FAM151B (167555),0.0158050567595076
MRPS24 (64951),0.015815863408454575
AGPAT3 (56894),0.01582082419675451
BCO2 (83875),0.015824969607462915
TGFBI (7045),0.01582721775661016
FCGR2B (2213),0.015829052747110484
RIMKLB (57494),0.01584077495752728
COPZ1 (22818),0.01584161744288069
KRTAP9-1 (728318),0.015847847014008768
USF1 (7391),0.015852408573884917
FRMD1 (79981),0.015855820606275182
TACR2 (6865),0.015858385044280363
ADAM30 (11085),0.01586559753740611
GUCA2B (2981),0.015869699986592826
NXPH2 (11249),0.01588781983115813
SLC25A46 (91137),0.015911786962938428
OLFML1 (283298),0.015912735628873714
LINGO4 (339398),0.015917432007131915
FGGY (55277),0.015921670859011156
RSPH6A (81492),0.015922713615163737
POLR2C (5432),0.015930369987730637
TMA7 (51372),0.015940298085441878
ANKHD1 (54882),0.015950346506719018
COL19A1 (1310),0.015950974838562903
IGFBP3 (3486),0.01595835964113843
GNG10 (2790),0.015965888595573796
PRPS1 (5631),0.01597012521949292
MTRES1 (51250),0.01597338839254958
HBE1 (3046),0.015983523907762653
UROS (7390),0.015993335546687464
HEG1 (57493),0.016004049731737986
CEBPE (1053),0.016008273968414803
GNG8 (94235),0.01602812469235332
PLCE1 (51196),0.0160342010793456
C8orf82 (414919),0.016039060077814887
TRIML1 (339976),0.016039630650233637
LAMC2 (3918),0.016043934472439556
CYP27C1 (339761),0.01604549093602814
JPH4 (84502),0.01604813938450408
ASB13 (79754),0.016049277818785068
ARMC3 (219681),0.016050033732708715
NUDCD3 (23386),0.016060399875985936
TFAM (7019),0.016066871383862744
NDUFS6 (4726),0.016069224985992638
LITAF (9516),0.016069311083040366
ALX3 (257),0.0160708297120768
LRRC31 (79782),0.016071493975944446
UGT1A5 (54579),0.016072275068422775
OR5AS1 (219447),0.01609553795049338
SLC33A1 (9197),0.016095852346821513
LGI1 (9211),0.016098770812736612
STK4 (6789),0.016105781295733406
NPLOC4 (55666),0.016110741379099767
E2F6 (1876),0.01611144193551101
NR3C1 (2908),0.016113678248144976
BNC2 (54796),0.01612469944315061
SMIM13 (221710),0.016137045342353648
PSME3IP1 (80011),0.01614393848580953
RWDD4 (201965),0.016146191370897907
GNS (2799),0.016147820256627737
DENND10 (404636),0.016147910957585734
ERI1 (90459),0.016158494842294042
H2BC18 (440689),0.01616017354171884
SLC25A27 (9481),0.01616298848272899
LMTK2 (22853),0.016180226624065007
CHI3L1 (1116),0.016188657408375922
PLK5 (126520),0.016188689592518304
MTMR6 (9107),0.016191323458242778
ZNF785 (146540),0.01620419978373888
TMEM165 (55858),0.01620493770502414
ASCL5 (647219),0.01621609694184524
GDA (9615),0.016217855786204733
MTPN (136319),0.016224942667419025
IMPA2 (3613),0.01622900043975314
TSPAN3 (10099),0.0162301617041104
SCAND3 (114821),0.01623847528878485
POC5 (134359),0.016238633262845508
LIN9 (286826),0.016239944600114256
BSCL2 (26580),0.01624139093680143
MPPED2 (744),0.016245027193062058
SNAI1 (6615),0.016245302253132258
KERA (11081),0.016247314572777793
PIGX (54965),0.016250319683904516
FAM83D (81610),0.016256434418494486
MDP1 (145553),0.016258949909116586
EPO (2056),0.016259706832961626
KCNMB2 (10242),0.016263406589086173
ENTREP2 (23359),0.016266235745176955
CST9L (128821),0.01626924025486375
VWC2L (402117),0.016276493288353174
CBX7 (23492),0.016290543214710483
ATG9A (79065),0.016297934971718313
PER2 (8864),0.016299193819664597
NKX3-1 (4824),0.016307782439148624
PIWIL3 (440822),0.01631186380171636
NDUFB2 (4708),0.01631521855303139
NUP42 (11097),0.016324067255743167
MORF4L1 (10933),0.016324673685759784
MTUS1 (57509),0.016332482728087124
CDKL1 (8814),0.01633286932645815
FOXJ2 (55810),0.01633899237407152
ICAM2 (3384),0.016346239537880055
C16orf95 (100506581),0.016358875374643613
KCTD3 (51133),0.01636046844475884
ZNF699 (374879),0.016374327180030547
SREBF1 (6720),0.016374416611621416
RHOXF2B (727940),0.016375465953145575
FAM83A (84985),0.016385378773734638
POMT2 (29954),0.01639130351434731
SMS (6611),0.01639587250562151
CABLES1 (91768),0.016396536701801523
SHD (56961),0.0163988255471451
NFIC (4782),0.016399068975932088
CCDC138 (165055),0.016413857536188136
TMEM177 (80775),0.016415213342418904
PRR35 (146325),0.01641701439048269
COL5A1 (1289),0.016417554270231744
SLC39A8 (64116),0.01642278976217925
TRPC4 (7223),0.016432195187145848
SH3GL3 (6457),0.016434531641980978
SRP9 (6726),0.016440997038848507
IRX5 (10265),0.016454376555019194
LSAMP (4045),0.01646277172464464
ZNF652 (22834),0.016468494586572194
ATF6B (1388),0.01648047500939301
MYF5 (4617),0.01648233384362427
AGL (178),0.016483205442109978
MYL9 (10398),0.016492102861803266
PLEKHG6 (55200),0.01649319862986263
TMEM239 (100288797),0.016493723369252977
MMP17 (4326),0.016500122187619922
THEMIS (387357),0.016502653360558513
MS4A12 (54860),0.01650567178156081
ZNF71 (58491),0.016520282306009614
OR2M2 (391194),0.016526537329474608
ACKR2 (1238),0.016534985825441356
ZNF286A (57335),0.01653859354336965
NPY2R (4887),0.016541817170380127
RNF121 (55298),0.016549429354045526
FITM1 (161247),0.016550435432844294
ETV3L (440695),0.01655654750354805
TRIM23 (373),0.016560407686855787
HAVCR2 (84868),0.016565091609683755
KRT6C (286887),0.016566438480372026
HDAC3 (8841),0.01657032348972515
AK3 (50808),0.01657898424664217
OR5M8 (219484),0.016579001907046465
BEST4 (266675),0.016588151848256516
OR8K5 (219453),0.01659781790395138
ANKAR (150709),0.016600195823750212
ZNF850 (342892),0.016604275541117146
GNB4 (59345),0.016608091515369294
PPP4R2 (151987),0.01662663898342915
PRLR (5618),0.01663104831739244
SND1 (27044),0.016633071532592685
CHRNB4 (1143),0.01663671151826976
COL1A1 (1277),0.016637421675880455
TNFAIP1 (7126),0.016638218716998714
SPRED1 (161742),0.016650531116827804
CBARP (255057),0.01667158681230134
UBE2V1 (7335),0.016682280963362755
OSGEPL1 (64172),0.016688241328675826
ROPN1 (54763),0.016706666856568846
CFAP45 (25790),0.016707049609695945
DZIP1 (22873),0.016714922781747646
TCTA (6988),0.016721020114384064
AKR1C3 (8644),0.01672297433296236
UBXN7 (26043),0.01672351982230766
HTR3C (170572),0.01672849684578955
SLIT2 (9353),0.016735085720196993
YRDC (79693),0.016748495592232186
C11orf52 (91894),0.016752793214402383
EMCN (51705),0.016754173978094308
TMEM220 (388335),0.016762851962946357
USP31 (57478),0.016764481596777178
CEPT1 (10390),0.016769784463239016
ABITRAM (54942),0.01677430317092585
MTBP (27085),0.016780206547693025
PMS1 (5378),0.016791323600675763
NXPH4 (11247),0.01681628540958857
MEP1B (4225),0.01681889080489575
RAB3IL1 (5866),0.01684134921726279
GSDMC (56169),0.016842570905142164
CIMIP7 (646498),0.01684356919586026
MRPS12 (6183),0.016845179973992472
CHURC1 (91612),0.016847240518234458
DTX2 (113878),0.016865806936606727
CAPN5 (726),0.01687804274455716
RRAS2 (22800),0.01688755074212352
IRAK3 (11213),0.016890772896221387
REXO1 (57455),0.016907776330313908
MUC22 (100507679),0.016911079989215375
PTPRR (5801),0.01691263134257987
HS3ST1 (9957),0.016914562513000848
LRRC36 (55282),0.0169236357677461
MRPS27 (23107),0.01692413742325709
CYSLTR1 (10800),0.0169423696544563
ERCC5 (2073),0.01694330690335217
PSMA2 (5683),0.01694812016951709
AOPEP (84909),0.01696028532662773
SMARCD2 (6603),0.016965326882962817
STX6 (10228),0.016966270953373573
MGAT4A (11320),0.01697630206061607
METTL21C (196541),0.017004156270626937
ABCC3 (8714),0.017014435983389378
ATP5F1A (498),0.017017278326313803
HENMT1 (113802),0.017018400871567616
CCDC39 (339829),0.01702351301779573
RAB33A (9363),0.017025570203591266
CLCN4 (1183),0.017027050534183987
SCAMP3 (10067),0.017027885202485948
PPP1R14A (94274),0.017032848995196553
PPP1R1A (5502),0.01703782735974389
PRELID2 (153768),0.017050292775068046
ABCA6 (23460),0.017052074875353325
ASCC1 (51008),0.01705366372526774
EFCAB11 (90141),0.017054600612749545
SPATA33 (124045),0.01705666454425218
PPEF2 (5470),0.017078305510433503
UBE2T (29089),0.0170793254661781
MYL5 (4636),0.017088951505755807
TEX13B (56156),0.017089338848020552
SFRP5 (6425),0.01709280782877745
HSPA13 (6782),0.01709579274022327
KAT6A (7994),0.017100331098002866
SSTR2 (6752),0.017108679557700693
PZP (5858),0.017113865989549733
PNRC2 (55629),0.017125014047897236
LYRM1 (57149),0.01712695765820904
SNTB2 (6645),0.01712929179607732
TEKT3 (64518),0.01713012775024551
GHITM (27069),0.017136421465732354
PDLIM1 (9124),0.01715158579133721
TMX3 (54495),0.017156378381249268
ATXN3L (92552),0.017156688340578756
SLC11A2 (4891),0.017176748909822983
HCFC2 (29915),0.017176925891581374
HTT (3064),0.01717892776846922
ST3GAL2 (6483),0.017181422518431227
FBXO24 (26261),0.017182787136564553
ARHGEF25 (115557),0.017184024051011472
CHMP5 (51510),0.01720876562308012
MBD5 (55777),0.017227959150360767
PSMD14 (10213),0.017229987235017032
ID3 (3399),0.017232580471702712
AMHR2 (269),0.017233429864798942
CFAP161 (161502),0.017248885847813627
GPX1 (2876),0.017262381836262476
CYP20A1 (57404),0.01726882527832272
IFNE (338376),0.017280695038080253
DEF8 (54849),0.01728174525525808
RNASE12 (493901),0.01729462714402831
COMMD1 (150684),0.0172968616521896
IL34 (146433),0.017311092016456094
C15orf39 (56905),0.017312775323385682
DRP2 (1821),0.017313265644585157
CPS1 (1373),0.017314971008939188
ATP5PD (10476),0.017317691094861525
G6PC1 (2538),0.017319623539018923
CDH23 (64072),0.017324786704303655
ABCB9 (23457),0.017329934267667543
FAM13C (220965),0.017334963698187517
SLC1A2 (6506),0.01734274948794321
CHRM5 (1133),0.017350715585414594
OST4 (100128731),0.017351759514446955
WDR49 (151790),0.017355077382954744
CHST2 (9435),0.017359856963767666
NDUFAF4 (29078),0.01736233707276023
SLC9A8 (23315),0.017362860714046847
TBC1D10C (374403),0.017366430000586307
TBK1 (29110),0.017371166449621396
SPRR4 (163778),0.017371361360878884
F11 (2160),0.017372611499214482
RBFOX3 (146713),0.017377404799606633
PCDHGA10 (56106),0.017379247790112167
ZNF621 (285268),0.01738324420218968
RAD50 (10111),0.017385422809440554
ARMC2 (84071),0.017388867542286034
ATP2B2 (491),0.017389544894728427
H2AZ1 (3015),0.017399819802509455
NHLH1 (4807),0.017400735346816385
ARMS2 (387715),0.01740404905162799
IDH1 (3417),0.01741410299658946
CDKL3 (51265),0.01742214391555798
HLA-DRB1 (3123),0.017423319974393406
FOXN4 (121643),0.01743284727096011
H2BC5 (3017),0.017440085592987528
ADIPOR1 (51094),0.017453638889867167
MT1G (4495),0.017466386409694664
PRSS55 (203074),0.017467447268553746
HEATR6 (63897),0.017471804829761507
DUT (1854),0.017473698459853554
SAYSD1 (55776),0.017475510571819276
COL17A1 (1308),0.017476503865375297
POLD2 (5425),0.017477508770542334
AQR (9716),0.017492133720824195
SLC24A4 (123041),0.017500759805874448
CIAO2A (84191),0.017506471861764027
CLCN6 (1185),0.017512347871185382
S100A3 (6274),0.017515749700436026
NFKBIA (4792),0.017517838512510316
ZNF736 (728927),0.017522445167192237
LYSMD2 (256586),0.017536923298477843
HOMER2 (9455),0.017537442810650877
PRICKLE4 (29964),0.017565270921018436
CHMP1A (5119),0.01756639024455639
TMEM225 (338661),0.01756697173175515
ADAM32 (203102),0.01756704772168128
ABCC12 (94160),0.01758050319436517
NEGR1 (257194),0.01758140094817723
PLEKHO1 (51177),0.017582625937345383
CHRND (1144),0.017593775348660055
MTF2 (22823),0.01759418912607341
SLX9 (85395),0.017596514638427294
ITGA1 (3672),0.017602630903914472
MKI67 (4288),0.017607241530487986
SPATA12 (353324),0.017614591027636867
CFDP1 (10428),0.01761860488131654
STK39 (27347),0.017622277584764576
ANKRA2 (57763),0.01763337538718165
SPATA31A7 (26165),0.017650820045999445
OR5A1 (219982),0.01766376642583653
MCHR1 (2847),0.01766419252957819
STRN3 (29966),0.017664437733293965
ASXL3 (80816),0.017666207711930643
FBXL12 (54850),0.01766639064889549
CCDC144A (9720),0.017668392194244827
TSGA10 (80705),0.017675857757155827
LCTL (197021),0.01767603780828659
BTBD16 (118663),0.017686312262836994
OR6M1 (390261),0.017690388093446162
STOX2 (56977),0.017699753417251565
WNT8A (7478),0.017705131894772127
FTL (2512),0.017715224579789156
SPIB (6689),0.017719028293538858
H4C6 (8361),0.017720864105909978
MAP3K11 (4296),0.01773278342143049
FER (2241),0.01774235245518489
ZFAND1 (79752),0.0177504791489363
MCAM (4162),0.017764026170493732
SPMIP3 (200159),0.01776883475455006
PLCB4 (5332),0.017770480627604293
CRYGS (1427),0.017777154969386987
MRPL14 (64928),0.017780677833100025
CENPC (1060),0.017783117534024503
LRRC57 (255252),0.01781517009328787
SPTLC3 (55304),0.017823537580517405
CD300E (342510),0.01782593066934693
IL6 (3569),0.017826185776744247
DNAAF5 (54919),0.017829286779991377
SP6 (80320),0.01783367118817962
RBM42 (79171),0.017850756751521087
NSA2 (10412),0.017853816645184494
CRTAC1 (55118),0.017854261764823673
WBP11 (51729),0.01786862141949896
NR2F6 (2063),0.017872770100170476
CST5 (1473),0.017872787777954792
CDK14 (5218),0.01787703786285701
HRC (3270),0.017904307555353435
GORASP2 (26003),0.01790840680427174
DNAJC8 (22826),0.01792423847390229
EZR (7430),0.017924765574022398
SLCO4C1 (353189),0.01793399619577941
NOL4L (140688),0.017940839634467427
OAF (220323),0.0179474847263859
KRT23 (25984),0.017950903034949346
FAIM2 (23017),0.01797109197310188
PABPC3 (5042),0.017985856712118387
ATP6V1B1 (525),0.017994181225040307
DUSP10 (11221),0.01799585432920253
CERS2 (29956),0.018020997716822532
PPP1CA (5499),0.018024132304552513
CD300A (11314),0.01802630779602954
BTNL3 (10917),0.01802797655968016
ZNF121 (7675),0.01804144240804269
DOCK11 (139818),0.018045529601344482
LHX8 (431707),0.018054668352418316
MRPL4 (51073),0.01808223038557107
ZNF586 (54807),0.018088105496779142
OR2W1 (26692),0.018090182043997666
OTOA (146183),0.018091541157926425
SETD5 (55209),0.018096234552565788
ALKBH1 (8846),0.01810015800784233
ADGRF5 (221395),0.01810173494145372
CPA4 (51200),0.018108287517773283
KPNA5 (3841),0.0181089170806846
MLF2 (8079),0.018127602883026353
USP2 (9099),0.01813895367229294
IL6R (3570),0.018139644539529386
CRB3 (92359),0.018140920843574965
GTF2E1 (2960),0.01815094031170459
FNIP2 (57600),0.018151195776372624
PDGFB (5155),0.01815146248821194
FEM1B (10116),0.018153634284249476
PCOLCE2 (26577),0.018155947197906454
WASHC2C (253725),0.01815866737872183
FXYD4 (53828),0.018168250559548182
ACOX2 (8309),0.01817266869583836
SHISAL2B (100132916),0.018175084050397503
GLUL (2752),0.018176906416916612
JPH2 (57158),0.018178877917371734
ZNF619 (285267),0.018179358388889115
ZNF280C (55609),0.018188564582260376
ABCG2 (9429),0.018191648928044042
HTR7 (3363),0.018191955509185002
KCND2 (3751),0.01819538268534135
CD300LB (124599),0.018203216380595334
TMEM87A (25963),0.018205329144428937
TIMM21 (29090),0.018208375457447776
GNAS (2778),0.018212686896299214
TCEAL9 (51186),0.018213058779811168
NEK4 (6787),0.01823700171622856
C16orf78 (123970),0.018243835056141605
DGAT2 (84649),0.01824440212739162
RAB3IP (117177),0.018246540612857853
POU6F2 (11281),0.018246716322378218
TBX22 (50945),0.01824769596905475
MSANTD4 (84437),0.018258096231865938
GCNA (93953),0.018262726187486016
PLGRKT (55848),0.018266971967219547
PLPPR5 (163404),0.01827517187619014
USP25 (29761),0.01827979168094461
CDK5RAP1 (51654),0.018292470464327797
GSPT2 (23708),0.018294844940013717
KMT5A (387893),0.0182951915605937
ZMYM5 (9205),0.018298018264846123
MGP (4256),0.018298869970958545
SLC10A4 (201780),0.018304257109160057
UBAP2L (9898),0.01831227460040593
PPP3R2 (5535),0.018312334079262207
IGFALS (3483),0.018312600819354104
ADGRG6 (57211),0.018313485989980557
CMC2 (56942),0.018317806638009346
SH3BP1 (23616),0.018317990998424277
ZNF582 (147948),0.0183199443752606
DNAH7 (56171),0.01832486522615019
DIRAS1 (148252),0.018340018996387913
GOLPH3L (55204),0.018343488231362146
GFM1 (85476),0.01834687667581911
NHSL3 (57648),0.018351403229014858
PLIN1 (5346),0.018361805111993004
WIPF3 (644150),0.018362426244538117
ELMOD2 (255520),0.018371411916111618
RAB42 (115273),0.018372420428423384
DGKE (8526),0.018372956034407688
TIMP2 (7077),0.018375604065790817
WDR5 (11091),0.018376569385261762
GAL3ST3 (89792),0.018393716604495305
KCNK7 (10089),0.01839634321328918
FANCA (2175),0.018400230685474413
CTSS (1520),0.018411141416531548
CDKN1B (1027),0.018413318068168052
AOC1 (26),0.0184147404911208
NSMAF (8439),0.018419070007740596
CDK20 (23552),0.018427686545397566
RAB2A (5862),0.018435166509350297
CDC14A (8556),0.018437575655173528
ZACN (353174),0.018440803657644195
RBP2 (5948),0.01844974981220474
PORCN (64840),0.018453045642162273
WFDC2 (10406),0.018454125491138264
MATN3 (4148),0.018456712701883544
ARFIP2 (23647),0.018458370224521962
TMEM128 (85013),0.018459112854611957
RDH10 (157506),0.018459506744058794
C6orf62 (81688),0.018460627152868486
TMEM209 (84928),0.018462814432180657
POSTN (10631),0.018480369130171377
NLGN3 (54413),0.018482048484998546
RGMB (285704),0.018497561487606264
MFSD11 (79157),0.018498148499944862
UBE4B (10277),0.01850062277296387
SARS2 (54938),0.018501106269586055
SLC26A8 (116369),0.018502126675048778
LIN54 (132660),0.018504915920768843
SFTPC (6440),0.01850874792246916
MAPK11 (5600),0.018509134002679156
MBNL2 (10150),0.018512756666633493
KMT2E (55904),0.018513678497863905
ZNF623 (9831),0.01851435992993072
FOXR1 (283150),0.018515357406865652
AMBN (258),0.01851640517867756
ZNF789 (285989),0.018520212582587327
SARS1 (6301),0.018521020239340623
GAD1 (2571),0.018521401839045645
MCRIP1 (348262),0.01852172412638828
BUD13 (84811),0.018523449828473426
ADAM28 (10863),0.018530534329899498
S100A11 (6282),0.018539134899254756
DSC2 (1824),0.018555498281376346
ARF3 (377),0.01855862899385485
KCNK5 (8645),0.018563426913900487
EMX2 (2018),0.018570516549556805
TMOD1 (7111),0.01857452459245433
SERPINB10 (5273),0.018579799464389573
TTYH1 (57348),0.018597784369405394
SSX2IP (117178),0.0185992623189191
UQCR11 (10975),0.01860636310479605
MVB12B (89853),0.018609766454380554
TBC1D2B (23102),0.018614158189881557
PTPRF (5792),0.01864090238233301
LPCAT2 (54947),0.018646186567723193
CFB (629),0.01866237102391617
ALDH1A1 (216),0.01866877662394358
ATP5MC2 (517),0.01867347511178417
PBLD (64081),0.01867483721207298
MRPS21 (54460),0.018682151511433896
EPS8L3 (79574),0.018687125944930712
GPM6B (2824),0.018688204072545445
SLAMF8 (56833),0.018692823677119014
NME4 (4833),0.01869323939409574
NUP98 (4928),0.018715376661372025
CCDC159 (126075),0.01871607943328213
AP3S1 (1176),0.018725871781223535
CC2D1B (200014),0.018728694268510444
UNC45A (55898),0.01873275506984911
PLEKHJ1 (55111),0.01873688785357737
SRI (6717),0.01873792006831845
OR1J1 (347168),0.01873814662457461
CIC (23152),0.018739608748873135
NEXMIF (340533),0.01874137480463348
RNF126 (55658),0.018754567523012838
UBXN10 (127733),0.018758053346492182
MAGEB6 (158809),0.01876821391182508
PDK1 (5163),0.018777359863192275
ADA (100),0.018777429671469538
KCMF1 (56888),0.018777769570807634
LDHAL6A (160287),0.018784155780108718
H1-0 (3005),0.01878591379631699
MMRN1 (22915),0.018786266828278126
TIPRL (261726),0.018787380542856797
MAGOHB (55110),0.01879200855402082
MED6 (10001),0.018792658765485394
PFDN4 (5203),0.01879869681214577
GCG (2641),0.01881766028324935
APOF (319),0.01881881343953442
MAK (4117),0.01883026994431886
JAM3 (83700),0.018830704252705836
ECE2 (9718),0.018836344443035967
DYNLL1 (8655),0.018852238804655384
FTSJ3 (117246),0.018856048085926433
GBP6 (163351),0.018860623378098563
LMOD3 (56203),0.018861979420860087
WRAP73 (49856),0.018873001241813358
CCDC81 (60494),0.01887718465281928
CHRNA6 (8973),0.018883475133056455
MNT (4335),0.01889113618680552
TAF9 (6880),0.01889477742044067
RPL8 (6132),0.018933299977368805
NRCAM (4897),0.01895133852453774
LCE1D (353134),0.018960439770040634
APOLD1 (81575),0.01896457230214913
KRTAP6-1 (337966),0.018971156823643368
AGO4 (192670),0.018982018491201177
HYAL2 (8692),0.018989854113224944
FBXO38 (81545),0.018994741790139574
FRMPD4 (9758),0.01901750045684208
CYP4F11 (57834),0.019019178791287335
IREB2 (3658),0.01903071911253736
C19orf73 (55150),0.0190373614529639
HTR3D (200909),0.019041234832306686
KRT79 (338785),0.019042467413889822
ERAS (3266),0.019051897205827378
RCC1L (81554),0.01908215874617572
COX7C (1350),0.01908272953317489
GP5 (2814),0.019092695913683944
C5orf34 (375444),0.019099560183419094
APOBEC3G (60489),0.019104094517385026
PTPRD (5789),0.019107055642859867
BDNF (627),0.01911147002482822
RNPC3 (55599),0.01912415830769267
MKX (283078),0.019135175679021642
EXD1 (161829),0.019138430301088725
IPO9 (55705),0.0191476977642611
PRKAG3 (53632),0.019148450051410644
ZNF862 (643641),0.019153753872442145
SIGLEC1 (6614),0.01915443569610845
CAVIN3 (112464),0.019164060703640712
HIPK3 (10114),0.019164078902661603
MRPL11 (65003),0.01916981036722027
CMC1 (152100),0.019171911913860244
HMGCR (3156),0.01917270626096445
ULBP3 (79465),0.019178595750639266
CYP2J2 (1573),0.019188111043547892
AP4B1 (10717),0.019192014097865123
TEX26 (122046),0.019197123279628685
KRTAP20-1 (337975),0.01920263873470866
MYO1D (4642),0.01920786851696233
C8orf74 (203076),0.019219695769529015
PLP2 (5355),0.01922107070141343
LSM3 (27258),0.01922229691737471
SAR1B (51128),0.019231397755457288
GPR107 (57720),0.01924396008966934
DDIAS (220042),0.019257087222355664
KIF12 (113220),0.019257131937322796
RNF125 (54941),0.019273916071179543
MCHR2 (84539),0.019278025772942887
CLEC10A (10462),0.01928507769432067
CFL2 (1073),0.019285352902402228
GCSH (2653),0.019286130176669945
TBC1D10B (26000),0.019287724582062137
S100PBP (64766),0.019302963106988313
IKZF5 (64376),0.019324401386613697
PALLD (23022),0.019329893034784447
CYB5A (1528),0.019337122778194295
HMX1 (3166),0.019344998388235897
OR6C65 (403282),0.019349618581614932
EIF4EBP2 (1979),0.01935137359829694
TSNAX (7257),0.01935826097437637
PAK1 (5058),0.019380836861871347
DAXX (1616),0.01938150188245191
DACH2 (117154),0.01938676346118838
VPS25 (84313),0.01938687294626483
MARCHF11 (441061),0.019391550456826192
MASTL (84930),0.0193974381718035
TTLL2 (83887),0.01939949222924873
ADCK2 (90956),0.019406593162617967
USP53 (54532),0.019422124153085387
UQCR10 (29796),0.019434897327174315
LY6H (4062),0.01943868676659327
H2AJ (55766),0.019441006219653358
RND1 (27289),0.01944362591172232
LRRTM3 (347731),0.01945876975459377
INSM2 (84684),0.01946461460113245
ATP5MF (9551),0.01946586754042596
KLLN (100144748),0.019466853184475365
PAQR6 (79957),0.019470759173328214
KLB (152831),0.019490525404168808
PEX26 (55670),0.019490939889482042
MZT1 (440145),0.019521233304926038
GUCA2A (2980),0.01952967202740239
CTSD (1509),0.019530215018380145
FGF21 (26291),0.01953154602717183
HNRNPD (3184),0.019554259579940215
TMEM192 (201931),0.01955855301043371
UQCRC1 (7384),0.019563243465612605
IQCF2 (389123),0.019570186846583494
SECISBP2L (9728),0.019573894056909243
NDUFA6 (4700),0.019575395074866334
ZFP2 (80108),0.019577287448261975
C10orf67 (256815),0.019584545155443802
DKK3 (27122),0.019586956065826458
TM2D2 (83877),0.019596318455241183
ANKRD24 (170961),0.019599522747145617
ZNF404 (342908),0.01959983923437929
RP1L1 (94137),0.019599909195982812
SRRD (402055),0.01961213807581591
THAP2 (83591),0.01961615211097128
C7orf57 (136288),0.019616532003988996
KRTAP4-9 (100132386),0.019618517398276303
RCSD1 (92241),0.019626088666266885
ZNF276 (92822),0.019652430974393797
RAB30 (27314),0.019661398129671482
AIMP1 (9255),0.019666735484191476
M6PR (4074),0.019666925961877017
TAS2R39 (259285),0.019672848930638476
ZNF385A (25946),0.019680593852838765
LIX1L (128077),0.01968370171367925
ROM1 (6094),0.019686672713734
CORO1B (57175),0.01968751076927506
CSTL1 (128817),0.019692451268791666
CHP1 (11261),0.019700027900502362
NDUFAF5 (79133),0.019706661666130193
OLFM4 (10562),0.019719521604319237
OSBPL11 (114885),0.01973098192389049
CA10 (56934),0.01973826467849373
TPCN2 (219931),0.019752893109503428
MARCO (8685),0.01976097366248998
SYT10 (341359),0.019767098887286033
RABEP1 (9135),0.01977186909792944
CENPH (64946),0.019774452172924405
POLR3F (10621),0.01977515727583141
DDX21 (9188),0.019779837165439622
CD200R1 (131450),0.019788616742656993
FASTKD5 (60493),0.01979127370811987
AFM (173),0.019801462759310908
PPBP (5473),0.019808724655462535
KRT3 (3850),0.019812705798733486
IQCN (80726),0.019826322356547736
TAS2R19 (259294),0.019828756704833188
KIAA1586 (57691),0.019831052213010163
CCDC28A (25901),0.01983223265878552
MMP3 (4314),0.019837717051647028
GPR15 (2838),0.019842612508092522
APOA1 (335),0.01984412139909793
PIK3C2G (5288),0.019844436966189902
NEO1 (4756),0.019845830471900344
ILDR2 (387597),0.01984629994455483
TARDBP (23435),0.019850282621037215
SMG5 (23381),0.019850343357891643
SCRN1 (9805),0.019851394203576074
LURAP1 (541468),0.019854173856261023
SLA2 (84174),0.0198580837179924
LCMT2 (9836),0.019863919121122894
OR10J5 (127385),0.01986408545257533
ZNF223 (7766),0.019880222915599717
PSMB3 (5691),0.019886417259992878
TSN (7247),0.019910588127899857
CPSF7 (79869),0.01991332410370591
USB1 (79650),0.0199209502088701
OR14C36 (127066),0.019923755197656844
TMEM19 (55266),0.019931395384266255
TMCC2 (9911),0.01993590748098989
ARPC4 (10093),0.019941574448422112
OR9K2 (441639),0.019947096077930673
CLPX (10845),0.019951965966442477
FAM178B (51252),0.01996520093080659
C1orf43 (25912),0.019968245270065646
MAN2B1 (4125),0.019983710948314106
HS6ST2 (90161),0.019986402720361958
SLC16A4 (9122),0.019989497495754127
C5orf22 (55322),0.019993353108485643
C6orf52 (347744),0.020008451192359923
PIK3IP1 (113791),0.02002234384169158
ITPRIP (85450),0.020039588749355998
ARHGAP24 (83478),0.020043404131574256
C1QTNF5 (114902),0.020045108732881515
CD36 (948),0.020055227891470392
NDP (4693),0.020057514346887788
GPSM1 (26086),0.020063473848320284
SERP1 (27230),0.02006714322441891
EHMT1 (79813),0.020069458269784707
PPP3CA (5530),0.020089814690181243
OR4X1 (390113),0.020090747591179133
WDR27 (253769),0.020099480254789043
TUT4 (23318),0.020104180150547882
CALCA (796),0.02011139930404113
DUSP18 (150290),0.02011150634944498
RBM44 (375316),0.0201253662843505
PABPN1L (390748),0.02012952975064178
PEX11B (8799),0.020130267681843863
SNX25 (83891),0.020130694673260723
NAE1 (8883),0.020155636435883684
DLX5 (1749),0.020155921379305306
SGIP1 (84251),0.020156816078729687
OR2A12 (346525),0.020158664504367232
OC90 (729330),0.020167796837498732
UQCC6 (728568),0.020167824939649276
PSMA1 (5682),0.020168544655584937
ARMC8 (25852),0.02017051788276959
ABCD3 (5825),0.020171849203903126
CDKN1C (1028),0.020173552542027736
A2M (2),0.020176480270901298
MANEA (79694),0.020178597579135208
KCTD6 (200845),0.02017921054999638
ZBTB25 (7597),0.020184997297872844
PSMC6 (5706),0.020185439681199516
DYSF (8291),0.020185818955133734
CHSY1 (22856),0.020200439128158564
ZNF322 (79692),0.020203088272090938
ADAMTS6 (11174),0.020209990814417815
BBS7 (55212),0.0202246323925172
MRPL42 (28977),0.02022769939699796
AP2B1 (163),0.020232062241273132
SPRR3 (6707),0.020254418574814283
BPIFA1 (51297),0.02026841804970586
MAP2K4 (6416),0.020270531937654702
APLN (8862),0.02027059608912753
EGFL7 (51162),0.020283226664199603
CCDC127 (133957),0.020287026604537135
SLAMF6 (114836),0.02028891256509024
PRF1 (5551),0.02029088958721516
ADGRL2 (23266),0.02029404099430317
WDR45 (11152),0.020303419314502955
IL18RAP (8807),0.020310641598660337
INS (3630),0.020311296344468533
SLC28A3 (64078),0.020323042511530658
ZFAND2A (90637),0.020323430692735248
MYL2 (4633),0.020335913411936492
NCEH1 (57552),0.02034417712186365
R3HDML (140902),0.02034794926380688
ZNF362 (149076),0.020355647258888943
MRGPRX1 (259249),0.02036297350758148
WFDC13 (164237),0.020364286949802846
SPMAP2L (100506564),0.020369895687924706
MAP3K13 (9175),0.02037226089637397
PIF1 (80119),0.020374684953461973
TTPAL (79183),0.020383579603739384
GNB3 (2784),0.020387036633473656
TMPRSS11F (389208),0.02038776967748858
SAV1 (60485),0.020395085409400462
SLC9A7 (84679),0.020410167189405148
ANKRD44 (91526),0.020413536441757064
DUSP6 (1848),0.0204138660156191
DRD4 (1815),0.02041608477648626
SLBP (7884),0.02041741998903701
AUP1 (550),0.020419712098501255
CD3D (915),0.020420193183256802
SART1 (9092),0.020420339200311038
ATP5MC3 (518),0.020423603374197626
ZNF730 (100129543),0.02043526152572637
ATOSB (80256),0.020436704232550288
PIGT (51604),0.02044106122234575
TBR1 (10716),0.02044521730627485
SLCO2B1 (11309),0.020447887529518715
MMP13 (4322),0.0204500315615286
C2CD2L (9854),0.02045118859012968
AGA (175),0.020452330916834856
OR52A5 (390054),0.020455019485129008
WDR44 (54521),0.020461440138471114
SYT11 (23208),0.020463449652719304
YY1 (7528),0.02048960617202188
EFHB (151651),0.020499029553183782
EMSY (56946),0.02050527865989869
ZC3H12A (80149),0.020509220476400365
IL12RB1 (3594),0.02051061373796161
RAPGEF4 (11069),0.02051522297241229
AARS2 (57505),0.020516248941000924
OR2A5 (393046),0.02052143868116415
UBAC2 (337867),0.020523889002733862
RNF185 (91445),0.02052923125719143
RALGAPA1 (253959),0.020529632777922347
GNG2 (54331),0.02053950506403058
ALYREF (10189),0.020542842355526912
CCDC170 (80129),0.02054358900630008
KLF6 (1316),0.020550475093643234
BNIP3 (664),0.020553973504603664
CCDC134 (79879),0.020559616850856867
THBS3 (7059),0.020565095942685453
MAGED1 (9500),0.020567182442349605
OR4C12 (283093),0.020591580688415
MALT1 (10892),0.020621373356609043
MACIR (90355),0.020626872757138023
ANO10 (55129),0.020627574998822465
AGBL4 (84871),0.020633911883527045
MAST1 (22983),0.020635288012919452
C4BPA (722),0.020635608783824862
MAGEA1 (4100),0.02063595721400178
PTPN3 (5774),0.020648641900969707
HNRNPA3 (220988),0.020665983808776926
CRMP1 (1400),0.02067889532790578
NEU1 (4758),0.020679940619152584
KRTCAP3 (200634),0.02068506961519514
MED26 (9441),0.020689646860379638
FAM53C (51307),0.020693754809012813
LIAT1 (400566),0.02069477571109459
CTBP2 (1488),0.02069497032435707
FIP1L1 (81608),0.020696952998271134
LYPD2 (137797),0.02070384132731493
SNTA1 (6640),0.020715201809112002
IP6K3 (117283),0.02073231692077525
MSTO1 (55154),0.020743831556191066
IPO11 (51194),0.02074447436472792
POMP (51371),0.02074692975434168
WTAP (9589),0.020756723853565865
PRLH (51052),0.020764475994348
ZP1 (22917),0.020765963276358265
DTX3 (196403),0.02078335087200232
IFT20 (90410),0.02079389903392971
SLC17A8 (246213),0.020850566390294256
ATOH1 (474),0.020859261996659554
STUB1 (10273),0.02086230324367859
DUSP14 (11072),0.02086615832347485
CLVS2 (134829),0.020889418519495977
LMO4 (8543),0.02089805041324288
RNASE9 (390443),0.020905332146762528
TSHB (7252),0.020906067864283912
CTNS (1497),0.02093358474884245
SIGLEC7 (27036),0.0209370605147349
SCG5 (6447),0.02095292514690496
SNX5 (27131),0.02095997269517834
H2BC13 (8340),0.020965169638818882
TNN (63923),0.0209713466873294
KCTD5 (54442),0.02097576971946452
CCNA2 (890),0.02097627619293992
UHRF2 (115426),0.02098374838554587
XPNPEP3 (63929),0.020985053257154735
HLA-F (3134),0.020986881694204037
MYOD1 (4654),0.020989439412388657
PRSS57 (400668),0.020990611155204616
FREM2 (341640),0.020993999153699105
SLMAP (7871),0.02099879588542104
PTH1R (5745),0.020999403102205723
BMP2K (55589),0.021005992023312724
LIPG (9388),0.02101251903125168
LIN7A (8825),0.021015045371329276
TRAFD1 (10906),0.021016030651061657
SNRPD2 (6633),0.02101897019942724
STPG1 (90529),0.021020369372923897
ADAMTSL4 (54507),0.02102147444655879
MMP15 (4324),0.021022730086814365
TMEM249 (340393),0.02103005054929438
PTGR1 (22949),0.02103296160872476
GARIN5A (112703),0.02103692065913634
RAD9A (5883),0.021059008832159287
ACTL6A (86),0.021060009174141435
KRTAP13-2 (337959),0.021094915751527346
CLEC4C (170482),0.021099202075267953
EBAG9 (9166),0.021113335391677923
NLGN2 (57555),0.021113541727557403
PSORS1C2 (170680),0.02111861469644287
INPPL1 (3636),0.021119474648402633
OPHN1 (4983),0.021120374729387374
TMEM38A (79041),0.02112468569839622
LIPC (3990),0.021140015278852686
TACC2 (10579),0.02114519767812999
KCNA7 (3743),0.02115002285791636
KLHL6 (89857),0.021150380806542083
RAB32 (10981),0.021150771960590745
AP3B2 (8120),0.021150772456321295
NDUFB9 (4715),0.02115163378553645
DDX39A (10212),0.021153886765404164
KRT24 (192666),0.021157706462579823
PCDHB15 (56121),0.021163429767702704
SULT1C2 (6819),0.021166049701386386
ATP5F1B (506),0.021166734547461933
MINDY2 (54629),0.021167346968364118
PUS7L (83448),0.021173034897152013
LSP1 (4046),0.021175614357939562
FGD5 (152273),0.021187594063010868
FBLN1 (2192),0.021188849477210656
ATP5MJ (9556),0.02119146250050013
SAMD9 (54809),0.021201414727281587
CD200R1L (344807),0.021210340049846912
SPINK8 (646424),0.02121912817875002
EPOR (2057),0.021220953701043408
SIN3A (25942),0.021221119402351354
DEK (7913),0.02122903329425733
RNF19A (25897),0.021248527774370637
IGSF3 (3321),0.02125051554372807
LDHA (3939),0.021264825199494176
EFNA4 (1945),0.021268274653131126
SLC6A9 (6536),0.021272215573113304
XYLT2 (64132),0.02127646263208932
HOXB4 (3214),0.021280560170379225
TEKT2 (27285),0.02128611328640135
METAP1 (23173),0.021287740789074486
ACSM5 (54988),0.02130782687259405
ZC3H11A (9877),0.021317127192922378
PTPRB (5787),0.02132650171296402
ZNF268 (10795),0.021329638345996285
NDUFB10 (4716),0.02134058516018457
GABRA5 (2558),0.02134138520679527
SH2D1B (117157),0.021367058893303925
BMP4 (652),0.021371937482929215
HAUS7 (55559),0.021374779893201672
TUBGCP6 (85378),0.02138099366378895
PLD3 (23646),0.021395663525375207
CADM3 (57863),0.021401224101791384
RDH11 (51109),0.021402283057321374
ATP13A3 (79572),0.021420396078832685
AP2M1 (1173),0.0214244868597734
PGAP6 (58986),0.02142601449117517
EPB41L1 (2036),0.02142962062475072
C19orf67 (646457),0.021444193824811258
GALNT5 (11227),0.021462289372143374
CXorf58 (254158),0.021463079756592264
SUPT16H (11198),0.021469954207295548
WDR91 (29062),0.021472415011264484
GATAD2A (54815),0.021487704212428668
RALYL (138046),0.021501887016425997
CRISP3 (10321),0.021505170011132432
ZNF492 (57615),0.02150517687073571
MAMLD1 (10046),0.021505378595571292
CBX6 (23466),0.02150553290723004
ACR (49),0.02150646592826939
RAB22A (57403),0.0215066882862561
CBFA2T3 (863),0.021512677550413434
GAREM1 (64762),0.021516511452032542
NEK10 (152110),0.02152184470328688
MCUB (55013),0.021525157329140357
LRRC1 (55227),0.021529724000080862
MCEMP1 (199675),0.021555802139216446
OR5M9 (390162),0.021561748156405443
PMM1 (5372),0.021562691172643512
OR1K1 (392392),0.021568516138981673
OR52N4 (390072),0.021581492766543704
SOX5 (6660),0.021592459539241823
LYRM9 (201229),0.0215944998343623
CCR2 (729230),0.021603454363704876
TMPRSS11A (339967),0.02160378274730823
LAMP3 (27074),0.021619503709001647
SPAG6 (9576),0.021626178152011757
NCS1 (23413),0.021639450244150038
ABCB4 (5244),0.02164136367122048
HOXB8 (3218),0.021647359458045336
SNAI2 (6591),0.021657146689310156
ADK (132),0.02166378430161693
FAM110D (79927),0.021664797862334165
REPS1 (85021),0.02167600288794716
EYA1 (2138),0.02169659227575406
SPATA31A1 (647060),0.02170282476801053
SEPTIN3 (55964),0.021713070328328747
ST8SIA5 (29906),0.021716714507607156
CLK2 (1196),0.02172891658551047
TBC1D16 (125058),0.021735196851685585
USP3 (9960),0.021735665197309913
KBTBD2 (25948),0.021738966801964733
PGLYRP3 (114771),0.021770695117699676
RNF212 (285498),0.021776412821823358
OR10H1 (26539),0.02177853378569487
PLA2G15 (23659),0.02177949556534986
LRRC51 (120356739),0.021779915986669545
MTMR12 (54545),0.02178222787694985
SST (6750),0.02179798011063529
BORA (79866),0.021800671860640913
SLC35G5 (83650),0.02181451848271363
REL (5966),0.021830218236485698
KCTD13 (253980),0.02183538139377218
PRXL2C (195827),0.021841732959539423
RAVER2 (55225),0.021845321052854933
CCDC166 (100130274),0.021849926575247595
SYN3 (8224),0.021860299742003424
TRPV5 (56302),0.0218623251768071
TRIM31 (11074),0.02186420516066177
CPLANE2 (79363),0.02188783933350104
SLC30A5 (64924),0.021889533486079856
TECTA (7007),0.02189055540221184
SERPINE3 (647174),0.021912424425354488
CYP2C9 (1559),0.021916467567693016
GAP43 (2596),0.0219174112930568
CHIC1 (53344),0.02192313774764052
CCDC38 (120935),0.02192703338919325
LRIF1 (55791),0.021927934818194376
CDKAL1 (54901),0.021929325826009746
RIBC1 (158787),0.02192976846298549
ERGIC2 (51290),0.021933091737729796
KAT2A (2648),0.02193407960434884
CTCF (10664),0.02194034161914948
HFM1 (164045),0.02194882586936398
FILIP1L (11259),0.021966316043878942
WFIKKN1 (117166),0.0219696680123177
CAPZA1 (829),0.02197951349528696
TEX36 (387718),0.021995834075818912
GSTM2 (2946),0.02199831037656115
FCER1A (2205),0.022000551218077473
MRPL37 (51253),0.022003364745436807
COG7 (91949),0.022007631761388737
PLK3 (1263),0.02200788506319567
LTBP3 (4054),0.022014333196939323
ZNF251 (90987),0.02201506072313537
ESCO2 (157570),0.022017765833866092
MYLIP (29116),0.0220197316510982
ISCA1 (81689),0.02202602619118442
FGD2 (221472),0.022035813029168533
HNRNPM (4670),0.022043983981572726
C8A (731),0.022048631438113284
KCNJ1 (3758),0.022048993723782887
ZNF138 (7697),0.022050166816781312
EIF3G (8666),0.0220547042045715
KAT5 (10524),0.022058685913261624
OR52N1 (79473),0.022065702831017255
USP7 (7874),0.022070614791529563
XPOT (11260),0.022077354467519815
PFDN1 (5201),0.022078557248198502
RUVBL2 (10856),0.02208067941875892
BAZ1A (11177),0.02208320733694782
LRRN2 (10446),0.022087290824359233
FDX1 (2230),0.022087337299601606
CFAP95 (138255),0.022102808659566025
MEIS3 (56917),0.022118304236533493
ZFP64 (55734),0.022119947852306535
UCHL5 (51377),0.022124225657977708
TFRC (7037),0.022124627003978943
ACO1 (48),0.022130452964648592
SPOPL (339745),0.022131144020273014
GAD2 (2572),0.022142799158919004
GTF2A1L (11036),0.02214458440976082
FAM221A (340277),0.022151215563290007
TEKT5 (146279),0.02215326739215644
PPIG (9360),0.022154520820766802
ZPR1 (8882),0.022170156946596357
EIPR1 (7260),0.022172628128334763
TYW3 (127253),0.022176669485903647
PABPC1L (80336),0.022182906882000288
LIFR (3977),0.022191879371956744
SULT4A1 (25830),0.022198384555259357
OTUD1 (220213),0.022205448537788865
GABBR1 (2550),0.022206165912083065
DAPL1 (92196),0.02221087187330659
MDH2 (4191),0.02221812565121663
OR7D4 (125958),0.022224065579276774
DEFB108B (245911),0.02222769835158095
FCRL2 (79368),0.022243377283731824
ZDHHC21 (340481),0.022255234090432983
HNF4G (3174),0.022260327757065355
NAT1 (9),0.02226350909659887
VASP (7408),0.02226430665344745
RXFP1 (59350),0.0222698924557338
VN1R4 (317703),0.02227539953310874
FANCC (2176),0.02228224106278595
BOLA3 (388962),0.022282775252413473
FCER2 (2208),0.02228511092674371
ACKR4 (51554),0.022286336153434498
ST6GALNAC3 (256435),0.022288100139928987
XPR1 (9213),0.022290266096253866
DYNLT2B (255758),0.022290346890708714
SRRT (51593),0.022297368421890708
SARAF (51669),0.02230374374358813
ZPLD1 (131368),0.02230555067972062
UNC45B (146862),0.02231011075005713
IGFL3 (388555),0.022314698750039462
FGF18 (8817),0.022325535996909864
LDAF1 (57146),0.02233124183931618
ADGRG2 (10149),0.022339878922900434
ACBD5 (91452),0.022356038570789518
PSMB9 (5698),0.022356584255366744
KRTDAP (388533),0.02235791813842114
USP6 (9098),0.022360286821602047
KBTBD11 (9920),0.022361600967143555
ZNF814 (730051),0.022364778295483563
CBS (875),0.022371674423041946
OR10Q1 (219960),0.02237286201523031
C1QTNF2 (114898),0.02237525995585972
YEATS2 (55689),0.02238760384600534
SBF1 (6305),0.02239398109040711
MED17 (9440),0.02240668766400346
TOMM7 (54543),0.022409934275593495
PIP4P2 (55529),0.02241970515839612
MALSU1 (115416),0.022431400511472348
XAGE2 (9502),0.022436597894573206
TNFAIP6 (7130),0.02244260411104027
FOXP2 (93986),0.022447022636103327
TMEM100 (55273),0.022469038364903927
ZDHHC19 (131540),0.02248361694999658
FASN (2194),0.022487824185213043
DEFB121 (245934),0.02248791622950651
TEAD1 (7003),0.02250487111359297
OR52E2 (119678),0.022506650845013042
STEAP2 (261729),0.022513796295648907
NUP35 (129401),0.022519136340594992
C8orf76 (84933),0.02253439601161378
DCP2 (167227),0.02253852322780624
CASP1 (834),0.02254916027527086
POLR1B (84172),0.022552123337178678
DENND2B (6764),0.022555800703572253
NPHP3 (27031),0.022583495245337367
CETN3 (1070),0.022588215802797688
TMEM44 (93109),0.022594350231075658
CLC (1178),0.02259871279897528
SERTM1 (400120),0.022602964779719084
AGFG2 (3268),0.0226049347408417
ABCC6 (368),0.022607182392032094
TMEM61 (199964),0.022611363351484677
PRDM13 (59336),0.02261479796557348
EBNA1BP2 (10969),0.022614849674106572
TAF12 (6883),0.022618308291027827
HEATR9 (256957),0.02264770797573073
CACNA1G (8913),0.022647863022693362
HEATR5B (54497),0.02264834644545818
PALM2AKAP2 (445815),0.02265475340737431
GABRA6 (2559),0.022662542711919344
CAMK1G (57172),0.022668208605245672
CCDC180 (100499483),0.02267160964377855
IL17B (27190),0.022676396003467714
SLC1A1 (6505),0.022681243753114953
CABIN1 (23523),0.022686039165571447
GRM4 (2914),0.022718253364009258
FIGNL1 (63979),0.022723013361928376
PIK3R2 (5296),0.02273438252929733
B4GALT4 (8702),0.02273439445806275
MEOX2 (4223),0.022746178249149828
MTCH2 (23788),0.022752162374033297
FIG4 (9896),0.022770555666537642
DNAJC16 (23341),0.022771742360268098
GOLGA5 (9950),0.02277885902906277
IMMT (10989),0.022783584098343957
ACTRT3 (84517),0.02278864085651201
ZC3H7B (23264),0.022789997392010885
WEE1 (7465),0.02279553901106106
LIN28A (79727),0.022803507267347364
BSND (7809),0.022810636893803433
UBLCP1 (134510),0.02281114382209226
ST3GAL3 (6487),0.022823654761398988
TMTC2 (160335),0.02282411052437841
MYADM (91663),0.02282531902330206
STARD3NL (83930),0.02283238551889644
TMC3 (342125),0.022833768758334937
ZNF134 (7693),0.022850121214999165
ZFP37 (7539),0.022856539657755658
TBC1D10A (83874),0.02286313950967808
ZNF778 (197320),0.02286799445168466
SDHAF2 (54949),0.022872890605119486
RARB (5915),0.02287957275323108
COP1 (64326),0.022883335384527564
SULT6B1 (391365),0.022884932090567963
AK6 (102157402),0.022892370172438625
RPS7 (6201),0.02289578768130973
TNPO3 (23534),0.02289650474935984
CCDC169 (728591),0.02290425704452948
ATP5PB (515),0.02290512344118001
GPLD1 (2822),0.022909294420941972
INCA1 (388324),0.02291024249204505
ATPAF1 (64756),0.02292189931722622
GNAQ (2776),0.02292541474887631
CCL14 (6358),0.022930756567848938
ADSS1 (122622),0.02293684412015022
SMG7 (9887),0.022939086347622345
CFAP418 (157657),0.022942780048129243
OR8S1 (341568),0.022945605319279288
SMDT1 (91689),0.022947120657005226
GFOD2 (81577),0.022949329204014865
ARVCF (421),0.02295018065709243
PTCD3 (55037),0.022960308014042228
FIBIN (387758),0.022960326849296768
HINT3 (135114),0.022963722989536056
CYRIB (51571),0.022964561034596268
EHD1 (10938),0.022965184984362858
PLAUR (5329),0.022966111084219327
LMTK3 (114783),0.022972820810083304
CBLN3 (643866),0.022974968546172127
EFS (10278),0.022982244561043946
FBXO16 (157574),0.022985817110056928
AFAP1L1 (134265),0.022988633296975466
SGSM3 (27352),0.022993246378618507
F3 (2152),0.023006788307259548
GET4 (51608),0.023007198034084995
DMRT3 (58524),0.023008977914056653
ATF3 (467),0.023010095889686884
NTM (50863),0.02301985421138085
C10orf53 (282966),0.0230293996028217
PCSK1 (5122),0.023030780309492082
FGFR2 (2263),0.02303435589202679
F8 (2157),0.02303440160193695
MED11 (400569),0.023035049613947145
TLK1 (9874),0.02303791357092245
COA8 (84334),0.023039403862589763
ANGEL2 (90806),0.023042931288384066
ABHD17A (81926),0.023047716550050924
SCGB2B2 (284402),0.02305297764068584
FCMR (9214),0.023053842022894115
USP16 (10600),0.02305723718255293
GOLGA2 (2801),0.023061760596731987
RNF135 (84282),0.02306855303702265
CCDC191 (57577),0.02307137107235952
IMPACT (55364),0.023072899619237194
PWP1 (11137),0.023075860701407203
VWF (7450),0.023077564094178413
KHDRBS3 (10656),0.023080051549616686
SMOX (54498),0.023083679213055347
ACTR6 (64431),0.023089616355158153
MAP4K3 (8491),0.0230919540232896
SNX17 (9784),0.02309452739259367
DGAT2L6 (347516),0.023096919028762673
ZNF526 (116115),0.02311295895105333
PRAMEF19 (645414),0.023113391547042537
ELAVL2 (1993),0.023113683147555006
PRM2 (5620),0.023116413590412686
VOPP1 (81552),0.02312917133931356
RLBP1 (6017),0.023134439363638945
FMNL2 (114793),0.023137741153772682
YWHAB (7529),0.02314697877775545
CTDP1 (9150),0.023147571877134503
C5 (727),0.023149953083557245
KLHL7 (55975),0.02316260458969083
ZNF347 (84671),0.023171158066528773
KEAP1 (9817),0.02317137513624799
LCN8 (138307),0.02320574372653679
ANGPT1 (284),0.02320815255756006
SLC7A8 (23428),0.023212028914709665
CDKL4 (344387),0.023223180377865388
ENPEP (2028),0.02322431888349114
DEFB113 (245927),0.02323129305498537
SCYL1 (57410),0.02323594641427703
COL20A1 (57642),0.023237821034400176
FAM168A (23201),0.023252782067558906
ACVR2B (93),0.0232558921388099
SLC4A5 (57835),0.023269388455786903
PPP1R12A (4659),0.023274707435964985
NOVA2 (4858),0.02328128235329257
S100P (6286),0.023281403240384965
CDH24 (64403),0.023283799417260186
CHCHD2 (51142),0.02328514635801603
SPAG7 (9552),0.02329715825189831
RORC (6097),0.023299307756708236
ZNF319 (57567),0.023302663022595302
TCEAL1 (9338),0.023305032950610496
ANK3 (288),0.023306269189573348
PRPF6 (24148),0.02330941271471693
SSR3 (6747),0.023313569767427062
NDUFA12 (55967),0.023315517905086083
PPP4R1 (9989),0.023328915526917203
TEF (7008),0.023335952272155628
CCDC198 (55195),0.02334458205114439
NCDN (23154),0.023348323557011885
BCL7B (9275),0.023351299348882245
ABLIM2 (84448),0.023373860836622545
RASSF3 (283349),0.023392792230676425
CHRNA9 (55584),0.023394247033470043
EIF3K (27335),0.023396463359813366
MRPL45 (84311),0.02339718531843513
ZNF177 (7730),0.023402536495138362
RPA1 (6117),0.023409045538515773
KTN1 (3895),0.02341286150839562
CKS2 (1164),0.02341509789108762
PRSS3 (5646),0.023425410270073114
CACNA1F (778),0.02342760391101984
SGK2 (10110),0.023433065593760596
SLCO1B1 (10599),0.023443869563630475
BICRAL (23506),0.023444303802138793
MYC (4609),0.023455326111200155
SF3B2 (10992),0.023455342246285517
PLPP2 (8612),0.02345714288545793
ALOX5 (240),0.023464865675537266
POLR2D (5433),0.023480775365210906
EMILIN3 (90187),0.023484271015746547
IGLL5 (100423062),0.023485894895626084
AUNIP (79000),0.023497677386876765
UCN (7349),0.02349972004130497
MPP2 (4355),0.023506187600128178
VSIG8 (391123),0.02350636274347225
TCEA2 (6919),0.02350995896450086
DTX1 (1840),0.023519447218360124
RHOA (387),0.023521861483181996
CPEB1 (64506),0.02353242410562175
LCE3B (353143),0.023537820531118404
UXS1 (80146),0.02354193062144765
UGT2B4 (7363),0.02354422866953796
RTF1 (23168),0.023554523331208683
PRR4 (11272),0.023559399918192926
RUNDC1 (146923),0.023561765646122845
ZDHHC9 (51114),0.0235677586444917
THAP3 (90326),0.023576546888671186
CCDC97 (90324),0.023587006296441386
CD58 (965),0.023603237080322505
OR2Z1 (284383),0.023604917052264737
C2CD4B (388125),0.02361321295868205
TFAP2C (7022),0.023623474244195593
NTAQ1 (55093),0.023625891010992228
NOP9 (161424),0.02362833504623888
DLX1 (1745),0.023634174993960512
PLAAT3 (11145),0.0236371480862201
ITGA9 (3680),0.023642654310598147
WDR73 (84942),0.023652182321089565
HSPH1 (10808),0.02365718371391708
RANBP17 (64901),0.0236584798404344
SLC36A4 (120103),0.023660378257038702
ELF5 (2001),0.02366280072025607
SAMTOR (154743),0.023663708386490425
CDX1 (1044),0.023671324553074528
C2orf88 (84281),0.023691574713913522
RABGGTA (5875),0.023708039857005123
AKIRIN2 (55122),0.023710117037259584
DNAJB7 (150353),0.023711716016615706
PBOV1 (59351),0.023726292274802458
CCDC167 (154467),0.02373338607775335
OR5B3 (441608),0.023744140284094276
DPP4 (1803),0.02374483878433455
ZFAND5 (7763),0.023746712734123796
IFNA5 (3442),0.023763636273209064
LYSMD3 (116068),0.023778547315217367
ADAMTS14 (140766),0.023786158510376396
EAF2 (55840),0.023794397506023933
CBLL1 (79872),0.023794791845219876
GREB1 (9687),0.02379494866503325
MIP (4284),0.023805747186322158
ACIN1 (22985),0.02381631421150246
OR6S1 (341799),0.02381631591999143
DPEP1 (1800),0.023822100591102322
KCTD11 (147040),0.023823122444617678
MREG (55686),0.023826306326259948
H2BC8 (8339),0.023832225616206196
LIMA1 (51474),0.023832471109202568
TMEM184B (25829),0.023841107191516345
BEX5 (340542),0.023843873184721903
TBC1D28 (254272),0.02384716568244351
PTN (5764),0.02385451731390874
SOWAHC (65124),0.023854704930274796
GLMP (112770),0.02385664317682463
CTPS2 (56474),0.023863378550262177
PPHLN1 (51535),0.02387252370196199
KLF17 (128209),0.02387686089001053
PSPH (5723),0.023878609796105916
KLHL18 (23276),0.023879749220777208
IRAG1 (10335),0.0238817688442364
MRGPRX3 (117195),0.023913696781825197
ZNF438 (220929),0.02391396044223136
COLQ (8292),0.023923329774798895
GYPE (2996),0.02392695637861496
PDPN (10630),0.023930303980140302
CYP3A5 (1577),0.023931729569798842
ZNF91 (7644),0.023943504328682863
HMGN3 (9324),0.023945624921060813
PEX14 (5195),0.02395014966006765
MLEC (9761),0.023953373069261815
NTRK2 (4915),0.023959761786207755
KPRP (448834),0.023959900701942212
CSNK2A2 (1459),0.023982294671734187
STBD1 (8987),0.023997758625863393
PTPRM (5797),0.02400417585592551
SUN3 (256979),0.024006013221117107
SUGCT (79783),0.024006853556815838
KCNAB3 (9196),0.024008037559102264
RLN1 (6013),0.024008843954271636
PSMA5 (5686),0.024037541621061972
OR1J4 (26219),0.024062375464924318
NYAP1 (222950),0.02406465475467585
PRG2 (5553),0.024073166841883112
SNX2 (6643),0.0240765564299503
DIPK1A (388650),0.024078147187990947
FGFR3 (2261),0.0240790189980858
CEP55 (55165),0.02408587250801593
SEPHS1 (22929),0.024118651110670963
RBM22 (55696),0.024124317297005572
RNASE4 (6038),0.0241294344317837
FTO (79068),0.024134729093929504
BCAT2 (587),0.024140946092694036
SVIP (258010),0.024142925550847696
MFSD14B (84641),0.024147446422914318
ATP6V1G3 (127124),0.02414789683334932
EPS8L2 (64787),0.024150989802132948
KIR2DL3 (3804),0.02415387729079348
SLC26A9 (115019),0.024155436141103763
EML2 (24139),0.02416152318748665
NHS (4810),0.024162739164582978
EXTL2 (2135),0.024168285581592237
IL5RA (3568),0.024172529839651378
DFFA (1676),0.024177902822502415
PARP3 (10039),0.024186988371215686
EEIG2 (284611),0.024193896409422735
BTG1 (694),0.024205798686183937
NRF1 (4899),0.024208491985070968
CLEC5A (23601),0.024211747868991176
LINGO2 (158038),0.024217786224119915
SON (6651),0.024224441659796862
STAT5B (6777),0.02422451686856686
EFCAB9 (285588),0.024235021179326372
ADAT2 (134637),0.02424295309902979
ARAP1 (116985),0.024244797639322198
PARD3 (56288),0.024249178301540022
BLID (414899),0.024257623133339085
CIDEB (27141),0.024260605446482376
FRMPD2 (143162),0.024273111038133264
PKN1 (5585),0.024277259566343964
CBX4 (8535),0.024291744499698932
VAMP8 (8673),0.024293492097198513
AURKA (6790),0.024300004083970542
FXYD2 (486),0.02432514836885893
MRTFA (57591),0.0243355613109474
LGR4 (55366),0.02433924493368574
CEACAM5 (1048),0.024345218441664835
SEC14L2 (23541),0.024345603647890172
CHCT1 (124773),0.024369858380856008
KCNC2 (3747),0.024371282825780008
GTF2B (2959),0.024374070907626135
SSBP1 (6742),0.024375603044964236
MTCL2 (140710),0.024383231593050312
GSTO1 (9446),0.024385378836987225
RHPN1 (114822),0.024385642810068324
FAM151A (338094),0.024395969287363265
ZNF711 (7552),0.024400510176022062
MAGEB17 (645864),0.024412263904834086
STK16 (8576),0.024415206719264324
RNF5 (6048),0.02441556341290724
DRD3 (1814),0.024418355313749952
C3orf20 (84077),0.024418731529281357
PEX11A (8800),0.024427962958854223
FAM53B (9679),0.0244303770893397
SLFN5 (162394),0.024436835039183126
GPCPD1 (56261),0.024443391337238933
CALHM2 (51063),0.0244752234552128
NDRG2 (57447),0.024479879871340364
FMO4 (2329),0.024490661426741576
IKBKG (8517),0.02449099544560639
TMEM42 (131616),0.02449476363474349
TNFAIP8L2 (79626),0.02451281923817213
FAM161A (84140),0.024513419742458964
AGTPBP1 (23287),0.0245149738263599
PDCD2 (5134),0.024528327201886944
EVI5 (7813),0.024550157842996894
GPR146 (115330),0.024551349025447713
SEM1 (7979),0.02455343429527878
NRBF2 (29982),0.024554516280486553
SLC16A11 (162515),0.02455882650318427
RFXANK (8625),0.02456718660249504
APCS (325),0.024576469054502767
P2RX3 (5024),0.02457741159870839
MYO1E (4643),0.024595366794128586
ALDH9A1 (223),0.024599607822089503
LEPROT (54741),0.02460316923509493
HDAC6 (10013),0.024617716081022794
MAP9 (79884),0.024623001911205776
NR5A2 (2494),0.02462966240793431
TAL1 (6886),0.024658736806896536
SFMBT1 (51460),0.024661871682223394
EPN2 (22905),0.024667293316384693
POLB (5423),0.02467118948258349
TIAL1 (7073),0.02467839014873219
DNAJA2 (10294),0.02467952147200576
ASPHD2 (57168),0.02468259739009161
MAGEB4 (4115),0.02468756274046468
DR1 (1810),0.024702497676749348
CCL2 (6347),0.02471885653838953
BTLA (151888),0.024726647516796197
DCANP1 (140947),0.024731379721803583
LDB2 (9079),0.024731478869001244
SCIN (85477),0.024731666179687303
TARM1 (441864),0.02473183734791515
CYP2A7 (1549),0.02475165168192449
HTN1 (3346),0.02475189642079136
OTOF (9381),0.02475854367856353
SPMIP2 (152940),0.024768046086095213
PPFIA1 (8500),0.024770575291257063
CEP350 (9857),0.02477272522960854
ISY1 (57461),0.024775256371958064
CIMAP1D (284451),0.024775719498801904
IL7R (3575),0.024786331310840248
RNASE2 (6036),0.0247980718324965
HYAL4 (23553),0.024800210620083484
BROX (148362),0.02480191158256498
DYRK4 (8798),0.024807182878304464
UQCC2 (84300),0.024810099691366834
ESRRA (2101),0.024830159693886907
DPP10 (57628),0.024840193769514757
ERBB4 (2066),0.024847602458278877
NLRP11 (204801),0.024848426068359748
LRRD1 (401387),0.024853688798353687
ANO4 (121601),0.02485830985104674
DGAT1 (8694),0.02486297809138569
OR51I2 (390064),0.02487388659679673
OXTR (5021),0.024891924066018145
LRRTM4 (80059),0.024897592487656606
SPATA31D1 (389763),0.024902653988701687
CALCB (797),0.024909775038398092
TAF4B (6875),0.024910835718836486
TLL1 (7092),0.024911536710997384
FBLN7 (129804),0.024922014116299407
MINPP1 (9562),0.02492340333925119
DNTT (1791),0.024924455699944663
ATOH8 (84913),0.024933075094637252
PAM (5066),0.02493649822392227
PYGO2 (90780),0.024943522526940543
CLCA1 (1179),0.024948103043081035
MOB4 (25843),0.024949174099920143
ARRDC2 (27106),0.02495052780558816
ARFGEF3 (57221),0.024966572397113473
SELL (6402),0.024983963971021875
GPR17 (2840),0.024988700119502463
NKX2-3 (159296),0.024994842687076163
LTO1 (220064),0.0250161350334588
MOK (5891),0.02503272796767762
FBXO33 (254170),0.025037024733492674
RPL23 (9349),0.025040369365164128
PPP1R42 (286187),0.02504191916371793
HNRNPU (3192),0.025046882478194272
CCNT1 (904),0.025047130609916684
CACTIN (58509),0.025050266880806263
TASOR (23272),0.025050555348249022
NDC80 (10403),0.02505530071308528
TAS2R42 (353164),0.0250629920178918
SHMT1 (6470),0.025076014257968692
ZNF518B (85460),0.025077610634071174
PSMD12 (5718),0.02508759985629131
KIAA1328 (57536),0.025088712543018078
BTG4 (54766),0.025094260321745165
VCP (7415),0.025095105813300052
EIF3M (10480),0.025122773905649053
ZNF480 (147657),0.025124323611145766
DAO (1610),0.025124843291686776
LCT (3938),0.025130764539700735
CCT6B (10693),0.02514312371376702
HIPK1 (204851),0.025145732914996912
DNAH2 (146754),0.025146467211754703
EPN1 (29924),0.025147901405074388
BICD2 (23299),0.025150932999350645
HS3ST5 (222537),0.025156769057942494
CSRP1 (1465),0.025178459691993862
CRYZ (1429),0.02519306019781189
FAM234A (83986),0.025209278566692472
ETNK1 (55500),0.025211607603910932
SCYL2 (55681),0.025233035533696824
BPIFB4 (149954),0.02523782630100435
ENTPD2 (954),0.025251475362637717
SLC24A2 (25769),0.025260163375710076
GFRA1 (2674),0.025263677368173042
C16orf92 (146378),0.02527188594884445
SLC12A9 (56996),0.0252743982699413
HOXA1 (3198),0.02528262515728763
GALNT13 (114805),0.025285902070658443
BNIP3L (665),0.025290222346632526
LRRC14B (389257),0.02529154828696904
PIGK (10026),0.02529186875425423
USP51 (158880),0.02529270220039813
EPHA6 (285220),0.025301585847712665
ZSCAN16 (80345),0.025318000943129935
ASAP2 (8853),0.025320242145373328
RHO (6010),0.02533173566622685
MACROH2A2 (55506),0.025334028479677327
BPGM (669),0.025334531480303124
IL10RA (3587),0.025358634937769308
RFC1 (5981),0.025360657593304862
COA5 (493753),0.025365343678712127
PANK1 (53354),0.025367775937706376
RAP1GDS1 (5910),0.025369480160609064
NHLH2 (4808),0.02536951758710792
SMPX (23676),0.02537426659632735
TAFA1 (407738),0.025380204743634775
LGALS12 (85329),0.025381573662151845
CIB4 (130106),0.02538465388087606
DNAAF4 (161582),0.025385297927086794
TSPO (706),0.025390310687142155
BATF (10538),0.02539082791282006
DOK2 (9046),0.02540437238190035
UBN1 (29855),0.02541030163635405
CATSPER4 (378807),0.02541563638276425
SUGT1 (10910),0.02542636802659996
TRPM3 (80036),0.025448342499597824
UNC13C (440279),0.0254572116761528
PNMA6A (84968),0.025459638369405495
CEP295 (85459),0.02547483135286075
PPP6R3 (55291),0.025475392762602085
SELENOS (55829),0.025479011134782535
DSC3 (1825),0.025497900707044763
LRRFIP2 (9209),0.025501325650476147
CERS1 (10715),0.025505194027622635
IMPDH2 (3615),0.0255084453065981
HSPBAP1 (79663),0.02551056854656494
LINS1 (55180),0.02551993853907921
COL7A1 (1294),0.0255293132629178
PTMA (5757),0.025531329550069114
MAFA (389692),0.025539060187882066
FGFR1OP2 (26127),0.025550563178011895
CRYBG1 (202),0.02555297063096418
KCNIP1 (30820),0.02555323211507512
VEGFD (2277),0.025555021934638617
EHMT2 (10919),0.02556642620650704
ABCF1 (23),0.02556785854446436
DPRX (503834),0.025568305537455167
MYO18A (399687),0.02556998841864966
FGF20 (26281),0.02557045108356074
UPF2 (26019),0.02557323950701214
DENND1B (163486),0.025574722836180147
HMGN5 (79366),0.025580931326163178
CSNK2B (1460),0.025601648900331325
PPP4R3A (55671),0.02560327789813963
LRWD1 (222229),0.025615687287861733
PSENEN (55851),0.02562369258659604
REG3A (5068),0.025633388603555626
UQCRB (7381),0.0256501709252879
EPC2 (26122),0.025650723673515858
TRPA1 (8989),0.025664470889147084
KNOP1 (400506),0.025665733920459757
SDR39U1 (56948),0.025669088962000867
CNEP1R1 (255919),0.025670082365434856
KRT27 (342574),0.025673563526118087
BMP5 (653),0.0256771011580959
CEP95 (90799),0.02567903751907936
PLEKHD1 (400224),0.025684035342189295
ANKRD42 (338699),0.02568443799708676
ITLN2 (142683),0.025708702802150256
UNC5D (137970),0.0257093791427668
RGS20 (8601),0.02572705371551073
GLOD5 (392465),0.025746344864129307
TRIM6 (117854),0.025749240628318282
CES5A (221223),0.025757718725151705
OR9I1 (219954),0.025762115887892106
C12orf56 (115749),0.02576602500020596
SLC9A9 (285195),0.025775420062496758
WDR5B (54554),0.025781805500613264
TEX15 (56154),0.02578305280427812
PLOD3 (8985),0.025787778606473535
COG5 (10466),0.025797707049832027
MIB1 (57534),0.025814897770998144
PLA2G6 (8398),0.025816457291990256
LRIG1 (26018),0.025824176469218894
CPTP (80772),0.025830561927426474
SRP19 (6728),0.02583378302916954
PRR18 (285800),0.02583883673310435
LCE2C (353140),0.025862416907667274
RARA (5914),0.025862601890050484
SELENBP1 (8991),0.025869375308948533
PYGO1 (26108),0.025873958827390638
MFAP4 (4239),0.025880507224175307
IQGAP2 (10788),0.02589209369816567
CYTIP (9595),0.025893171151702143
TMEM161A (54929),0.02590089905286236
ST8SIA2 (8128),0.02590502023671472
ZNF641 (121274),0.02590558958106149
CCNG1 (900),0.025909783136824974
UFD1 (7353),0.025922821356267778
SPATA6L (55064),0.025934094800317446
LST1 (7940),0.0259385396317917
ZFP36L2 (678),0.025940072565910268
ZNF229 (7772),0.025960618737190883
EPB41L5 (57669),0.025978725074738737
GABPA (2551),0.025981204141849734
SSH2 (85464),0.025994397037222314
CALHM1 (255022),0.025995054738840125
EAPP (55837),0.026000391859520564
LRRC66 (339977),0.026009059117742584
GRHL1 (29841),0.02601100009803715
H2BC21 (8349),0.02601312022775116
ATP2B1 (490),0.026024337684612268
HORMAD2 (150280),0.026024479113456685
CCL16 (6360),0.026033509110208002
NFIX (4784),0.026034233070011296
CCAR2 (57805),0.026036811016107823
ELAVL4 (1996),0.02603744754571279
CDK10 (8558),0.026039872446282575
NFX1 (4799),0.026040815157318032
NAB2 (4665),0.02605034140131805
CYTH2 (9266),0.026056544524347396
DNAJB4 (11080),0.026057869573333725
RNF207 (388591),0.02605871633814808
PRPH (5630),0.026068702744168136
C11orf21 (29125),0.026081262605525797
BCKDHA (593),0.026094927727816103
FAM200A (221786),0.026095783158050785
ARHGEF11 (9826),0.026106295646389943
GATB (5188),0.02610922834726653
CORO1C (23603),0.026110030063766453
LLGL2 (3993),0.026123761072269245
CD160 (11126),0.026133040991240072
POU2F1 (5451),0.026134795080031827
CAPZB (832),0.02614828572892817
GRID1 (2894),0.026169933634484416
OR5AK2 (390181),0.026172343867865596
TMEM59 (9528),0.026181110660096034
CCNA1 (8900),0.02618377386402542
OSER1 (51526),0.026193131418859227
GPRC6A (222545),0.026196481449754592
RSPRY1 (89970),0.02620253090879345
SLC4A9 (83697),0.02621331283775829
OR5I1 (10798),0.02622317793440604
DCAF8L2 (347442),0.02622463037010307
THSD1 (55901),0.026226942893687558
AKT2 (208),0.026238253380986645
SLC38A5 (92745),0.02625599266658961
F11R (50848),0.026261787003292247
RAD23B (5887),0.026276249585068447
ST3GAL6 (10402),0.026282700726712745
SRC (6714),0.02629174639944302
GIMAP4 (55303),0.02629396392364421
TXNDC16 (57544),0.02630544420145701
LRCH4 (4034),0.026307924048882773
LRRC63 (220416),0.0263165322113244
PLCG1 (5335),0.026325107339620114
TMEM229A (730130),0.026335211492268508
TPPP2 (122664),0.02634079599841719
VSIG10L (147645),0.026341083559666075
DOP1A (23033),0.026347745483794434
SEC22A (26984),0.026358824027359232
SANBR (84542),0.026360056338850895
TP53I13 (90313),0.026365434440838227
R3HCC1L (27291),0.02637100750533257
PPP1CB (5500),0.02638021742892969
ARNT (405),0.026387555728134837
TUBD1 (51174),0.026389080525112334
MMUT (4594),0.026397044185135794
KIF25 (3834),0.026410830197171855
AKAP11 (11215),0.02641132125413038
CAPN13 (92291),0.026414709578331953
GCFC2 (6936),0.026417903011057883
NXN (64359),0.026421595929745918
EGLN3 (112399),0.026433520584564923
HBM (3042),0.026456879735136263
KLRG1 (10219),0.02647475342852035
MFHAS1 (9258),0.02649073261578041
SCN3A (6328),0.02649808409686441
C11orf86 (254439),0.02650506274837529
MTFR2 (113115),0.026508397644799262
CBX3 (11335),0.026510854949012244
ALDH1A2 (8854),0.026521295544387764
HMOX2 (3163),0.02653417365630153
C2orf78 (388960),0.026545597179508572
EIF4H (7458),0.026551278107454116
MGAT3 (4248),0.02655243636050225
OR5D14 (219436),0.026572175150442454
DOCK5 (80005),0.02658146840099261
ZNF267 (10308),0.026587362936001113
RUFY1 (80230),0.02658870220240829
MBOAT1 (154141),0.026596104826509117
SLC43A3 (29015),0.02661134325111723
TSPAN15 (23555),0.026611703114896645
TAPBP (6892),0.02662053447519927
NRG4 (145957),0.026620572835353903
SC5D (6309),0.026621821127759186
CFAP107 (93190),0.026633501894496408
ARHGAP35 (2909),0.02663534643115547
SMR3B (10879),0.026639514152551932
UBE3D (90025),0.026641750008945697
CGB7 (94027),0.026644920481015046
DTNBP1 (84062),0.02667016078415153
MLF1 (4291),0.02667327775711977
CENPN (55839),0.026685841229279618
CLPS (1208),0.02669145430187905
STIL (6491),0.026694623594405668
CEP120 (153241),0.026708068392871417
TLCD1 (116238),0.026711294512811033
MUCL1 (118430),0.02671736017035908
SNPH (9751),0.026719714621851978
CLDN19 (149461),0.026723249939164678
HAGHL (84264),0.02672470370668664
FREY1 (143678),0.02672499814309884
DMPK (1760),0.02672824198665348
HABP4 (22927),0.02675300034273838
GFY (100507003),0.02676416761547498
SPAG5 (10615),0.026773466355491587
TBRG1 (84897),0.026794784723383827
ZYG11B (79699),0.026798284750950533
TACC3 (10460),0.02680056500125422
MRPL48 (51642),0.02680574164753032
H4C1 (8359),0.026808182937186134
CTXN3 (613212),0.02681128743193399
HELZ (9931),0.02681698631574289
LENG1 (79165),0.02684030722794713
RPS5 (6193),0.026842607818924506
GUCY2C (2984),0.026860215502925354
ZBTB2 (57621),0.026880015393092746
AP1G1 (164),0.026891114710461784
OR8J3 (81168),0.02690571474348713
KLHDC2 (23588),0.02691434183783339
YPEL4 (219539),0.026917101364407253
TRMO (51531),0.02692135887917723
ARMH2 (101928603),0.026924322261992144
SLC38A7 (55238),0.02692682765406574
ZNF471 (57573),0.026935214810628712
CABP5 (56344),0.026951001890021923
IFNGR1 (3459),0.026952669018648776
MIIP (60672),0.026956153316173456
ACSS3 (79611),0.026957113416212812
MAIP1 (79568),0.026958716598625827
CLSPN (63967),0.026959045980286988
CLEC17A (388512),0.02696327629476415
VCAM1 (7412),0.02697541671003513
GZMH (2999),0.026985997866655096
CYP1A1 (1543),0.026998979858417267
NCOR1 (9611),0.026999372055067417
ATG4C (84938),0.02700940026069269
STK10 (6793),0.027025186550694472
RIOX2 (84864),0.02703723632919728
TEC (7006),0.027038585750767896
ADGRG4 (139378),0.027039833268756554
ICA1 (3382),0.027042981331841243
CRLF1 (9244),0.02704722651966228
SLC17A7 (57030),0.027073651588934322
DCAF16 (54876),0.027090755381288825
FERRY3 (57102),0.02709187690704238
NDUFA5 (4698),0.027105721448255925
CDH12 (1010),0.027113495605831345
NOL4 (8715),0.027114012990399165
KRT37 (8688),0.027121939667388704
UBE4A (9354),0.02713334949409876
CIT (11113),0.027140598529847654
DBNDD1 (79007),0.027147728158299755
MYADML2 (255275),0.027148747179517208
MFN1 (55669),0.02715114495727621
EGR3 (1960),0.02715668923684267
JAML (120425),0.027160552061182612
VAX2 (25806),0.027164759332290893
ADAMTS15 (170689),0.02716768974002379
HP (3240),0.027172872627038408
RBP4 (5950),0.02717461104270462
THAP12 (5612),0.027182649489420063
ARHGAP20 (57569),0.02718999028754564
JADE3 (9767),0.027209490116052122
MARCKSL1 (65108),0.02720995616705812
CACNB2 (783),0.02721258656495948
PHEX (5251),0.027216676691626838
AP4M1 (9179),0.027222465578738857
PYGM (5837),0.027225826479318566
CARF (79800),0.02723245096977471
CD55 (1604),0.02724457758395444
RFX3 (5991),0.027274785122608558
GMFB (2764),0.027278016883428468
CXCR3 (2833),0.027293175181393656
SULT2B1 (6820),0.027307997652105925
CHD8 (57680),0.027311098047178718
IL36A (27179),0.027311319690269856
EPHB1 (2047),0.02731303892807585
ZNF681 (148213),0.027321010201690768
NDUFA3 (4696),0.0273237952165957
CEP162 (22832),0.02732852309111801
TPSG1 (25823),0.027340455177020703
HOXB2 (3212),0.027344552527561135
CA12 (771),0.027357876861508614
IRF2BP1 (26145),0.027358588772926504
STAG3 (10734),0.027366939802089783
MYPOP (339344),0.02737334951670957
C1QTNF9 (338872),0.027377168006691422
SHF (90525),0.027394817456717565
FAM3A (60343),0.02740018461814745
NDUFA9 (4704),0.027413929680483822
RNF7 (9616),0.027433610821968584
ZNF674 (641339),0.02744134255146963
RITA1 (84934),0.027441669759031125
SAG (6295),0.02744796157801756
C11orf54 (28970),0.02745104865624522
RGS16 (6004),0.027454791436320927
DPY19L4 (286148),0.027459400651815923
ANO8 (57719),0.027460209017999497
PLCH1 (23007),0.027461612264867555
TANGO6 (79613),0.027466439154500016
PSG5 (5673),0.02746792281021492
PHF11 (51131),0.027473504059490034
MN1 (4330),0.027474619202468867
RHBDF1 (64285),0.027485247415168376
PHF10 (55274),0.027496575603259295
KRT28 (162605),0.027502856757538816
SLC2A4 (6517),0.027515070570676668
WNT2B (7482),0.027519741859515327
MATN4 (8785),0.027527881129765945
GPRC5D (55507),0.027542036846910242
SPESP1 (246777),0.027559668193360604
LNX2 (222484),0.027575061648559832
DROSHA (29102),0.027580693996553163
SATB2 (23314),0.02758498707593387
TRDN (10345),0.027585316903887536
ADGRG5 (221188),0.027591936535832997
BICRA (29998),0.027603072139704397
IL1B (3553),0.027605170697846716
NAA40 (79829),0.02761287057632225
SETD2 (29072),0.02762358047745031
ANGPTL4 (51129),0.027626714229423845
MOV10 (4343),0.027630489880367842
PALS1 (64398),0.02763271575434143
SLC30A6 (55676),0.027635882327832
BRD2 (6046),0.027644139245576058
IFTAP (119710),0.02764647643329287
PSMD3 (5709),0.02765123497167088
CNBP (7555),0.027670496503633964
TRAF3 (7187),0.027699391078375817
GCA (25801),0.027702838423269732
ATG4D (84971),0.02770650534668226
HAO1 (54363),0.02771224339789566
MED22 (6837),0.027712852179129298
C3orf33 (285315),0.027719763161290045
GBP5 (115362),0.027735078013202803
BLVRB (645),0.02773540190950138
CD9 (928),0.027741938608078574
IRX4 (50805),0.02774491828182154
ANKRD13A (88455),0.027751028610069724
VAPB (9217),0.027758152053385717
GRIN2A (2903),0.02776340504424662
SLC16A12 (387700),0.02777015076598085
SMIM2 (79024),0.027775554074654412
GAS2L1 (10634),0.02777924915856763
TWF2 (11344),0.02778978894922225
CCDC124 (115098),0.027800750491561266
UBXN11 (91544),0.027813055765711157
GABRQ (55879),0.027813629776254425
GPR148 (344561),0.027815065326296216
GPD2 (2820),0.027815487401845897
SPATC1 (375686),0.02783765940952481
DCLRE1C (64421),0.02784221913338114
CEMIP (57214),0.02784373593775639
EDDM3B (64184),0.02784532379078349
FLCN (201163),0.02785176129338928
SREK1IP1 (285672),0.02785977436531312
PRDM9 (56979),0.02787322792800275
DMRTC2 (63946),0.02788466773883387
SRR (63826),0.027886614983486775
RPA4 (29935),0.027906487659558728
LRRC8C (84230),0.027907534500197447
CPAP (55835),0.02790784263735495
RBCK1 (10616),0.027910233588053383
OR51T1 (401665),0.02791280516110138
BCL9 (607),0.02792082028578719
CLIC6 (54102),0.027922080590847945
LDHB (3945),0.027924535124189902
DICER1 (23405),0.02793063829175266
TNF (7124),0.027965269290477747
DNAJB2 (3300),0.02797279068075826
IQCA1 (79781),0.027978167188866525
AS3MT (57412),0.027995106573823234
UBE2L3 (7332),0.028017643275035062
PAPSS1 (9061),0.028024610465062966
MRPL3 (11222),0.028025356285275704
CMTM3 (123920),0.028040880615395006
PRKAB2 (5565),0.02804089673897106
KLHDC8B (200942),0.02805313714384652
INTS15 (79034),0.02806386891591843
ADIPOQ (9370),0.028083793688534503
TECPR1 (25851),0.02808795470223708
IL18R1 (8809),0.02808847352681955
CCDC25 (55246),0.028092267308648593
HOXA11 (3207),0.028093377765560767
ODAPH (152816),0.028095298986520183
HUNK (30811),0.02809845605870011
ZNF792 (126375),0.028098529821727787
ZFP41 (286128),0.028101138273675066
C1S (716),0.028103490166561725
ZDBF2 (57683),0.028118177331939272
USP42 (84132),0.02813223827285855
DNM3 (26052),0.02814028722445857
PCDHB6 (56130),0.02814250859527228
MCCC1 (56922),0.02814646488834218
FBN2 (2201),0.02815443936295412
ZNF148 (7707),0.02815464138027694
P2RY10 (27334),0.028174194414587617
FAM76B (143684),0.0281822596894035
TYMP (1890),0.028184520138622438
KRBOX1 (100506243),0.028184935896907615
VN1R2 (317701),0.02818781440539841
MDM2 (4193),0.028190194581387613
FAM163A (148753),0.028206227492561745
YWHAQ (10971),0.02821709838546825
NFE2L2 (4780),0.02822217279395581
ZNF695 (57116),0.028225203184902913
DNAJC6 (9829),0.02823194037507372
GPRIN3 (285513),0.0282333383922845
ANAPC13 (25847),0.02823360241972964
EPB41L4A (64097),0.028242406886259543
GABRA4 (2557),0.028252811253750544
DEFB118 (117285),0.02826414028596293
ERVFRD-1 (405754),0.028270451623790254
SLC30A7 (148867),0.028273535390941438
ALG10B (144245),0.028288063726894172
MTERF2 (80298),0.028295452416738386
CHAC1 (79094),0.02830505829912362
POMK (84197),0.0283177539163856
CEP43 (11116),0.028320149024896345
PCDHGB6 (56100),0.028325825732848968
BLM (641),0.02832600526829434
SERTAD4 (56256),0.028330141813682277
RNF112 (7732),0.028343307850501282
GRIPAP1 (56850),0.02835329515920058
MRPL36 (64979),0.02836612062777424
TFF2 (7032),0.028368961053302687
PCDH19 (57526),0.028372259976652707
GNPDA2 (132789),0.028377891994951193
KCNE2 (9992),0.028387371222549213
TSC22D3 (1831),0.02839583597722971
NOG (9241),0.028396038518984947
ACTR2 (10097),0.02839918255960537
LMOD1 (25802),0.02840340071660901
ZBED4 (9889),0.028405337293401993
DNHD1 (144132),0.028427833189820312
SPA17 (53340),0.02843266870550502
TAF5L (27097),0.028434624377186548
NAA16 (79612),0.028446644607947536
FLACC1 (130540),0.028459366434961293
ZNF358 (140467),0.02848391587154653
RGS7BP (401190),0.028493375121736674
ARFGAP1 (55738),0.02849510822561858
LRIT2 (340745),0.028496957395086876
SLFN12 (55106),0.028507780890711883
KDM1A (23028),0.028510421638600614
ELAPOR2 (222223),0.028510454232328206
DCTPP1 (79077),0.028512929522022185
ZFP69 (339559),0.028513615662257807
NMI (9111),0.028522572398707854
OR13H1 (347468),0.028527158606936363
CASP6 (839),0.028528969331429208
TAS2R43 (259289),0.028530555700291123
NXPE4 (54827),0.02853211031172305
SETDB1 (9869),0.028541849860421777
BBS2 (583),0.028547942651426978
MEIG1 (644890),0.028563591449879633
ZNF594 (84622),0.028564903692563103
OTUB1 (55611),0.028569999846611658
GPC3 (2719),0.02857004650212695
CD40LG (959),0.028571574997477447
PI16 (221476),0.028581395297572327
ST3GAL4 (6484),0.02859293023728246
EXT1 (2131),0.02859554528938408
RPAP2 (79871),0.028600429699113215
TRIM45 (80263),0.028601206801491873
HSF2 (3298),0.02861396335527011
IL25 (64806),0.028619889806310524
AARD (441376),0.028635336835879106
TTC33 (23548),0.0286549654435927
DYNC2I2 (89891),0.028658693124029813
ZNF154 (7710),0.028659245190774674
YIPF6 (286451),0.02866559727853245
LCE3A (353142),0.02867031889814725
SSTR5 (6755),0.028684274796014767
PCDHGC4 (56098),0.028688657713259284
ASL (435),0.028714383207212552
CCDC3 (83643),0.028718370478915525
TEDC2 (80178),0.028719066278855784
OXNAD1 (92106),0.028720883517377574
DMKN (93099),0.02872198980803883
ADRM1 (11047),0.028725122782191952
OGN (4969),0.028729027613827538
GLB1L (79411),0.02873290402356699
MEA1 (4201),0.028733559086426056
RASSF4 (83937),0.028736908318761897
SLC22A12 (116085),0.02874944624664546
KRTAP1-4 (728255),0.028763772602283487
PGK2 (5232),0.028772066268788542
PSMD2 (5708),0.028773743033609276
NDUFA13 (51079),0.028774744118383454
TDRD6 (221400),0.028806693365242417
MS4A13 (503497),0.02880985913123341
ZDHHC16 (84287),0.02881401462389218
AKAP6 (9472),0.028840060355303503
RBM11 (54033),0.028845515324183522
EDA (1896),0.028848371397107966
SPIC (121599),0.02885940114442204
RNF146 (81847),0.02885959522685869
FOSB (2354),0.0288646468789921
SLC35G2 (80723),0.028866510642269916
ZKSCAN8 (7745),0.028887320855833162
RACK1 (10399),0.028891343265042356
CXorf65 (158830),0.028898710903289687
SS18L2 (51188),0.02890197575983721
CFAP144 (440585),0.028907675510626472
KRT12 (3859),0.02891283768125807
ARIH2 (10425),0.028915589448892196
TTC32 (130502),0.028920202519718895
CCDC172 (374355),0.028922153432398776
CDCP2 (200008),0.028929224394041893
DGKZ (8525),0.028936799105240857
KDM6B (23135),0.028939249707144184
SLC38A2 (54407),0.028951900683683012
BTNL8 (79908),0.028954705370974807
E2F3 (1871),0.028956897978009082
NEU2 (4759),0.028965168090512
B3GALT2 (8707),0.02897753081263314
CBFB (865),0.02898832059032415
SRRM1 (10250),0.029000386337257364
KLHL15 (80311),0.02900091039326298
SPEM2 (201243),0.02900479357653619
DPPA5 (340168),0.029009888591484415
SLC44A2 (57153),0.029017303890317897
HARBI1 (283254),0.02904763010597532
EFL1 (79631),0.029050003753747854
NCOA5 (57727),0.029052663627619466
TEKT4 (150483),0.029063486810452375
B3GNT5 (84002),0.029065267332337802
RGS21 (431704),0.02908872661492071
SDR42E1 (93517),0.02909189672566915
TBC1D24 (57465),0.02909838752527497
POU3F1 (5453),0.029103834713392167
UQCC1 (55245),0.029106579876805417
BTF3 (689),0.029110818005737404
ASIP (434),0.02912578108723937
FUT9 (10690),0.02912653827451188
RGS17 (26575),0.02913048780415722
GAGE12H (729442),0.029133617972241403
ATP12A (479),0.029136756153140986
KHNYN (23351),0.029138250886802677
ZNF224 (7767),0.029154601697978632
RTN1 (6252),0.029156798899767383
MYH14 (79784),0.02915724674860394
MARCHF1 (55016),0.029157965352429576
ADGRF4 (221393),0.029159380555514657
BRCA1 (672),0.029166385411066902
PAK3 (5063),0.029170232484926728
COL16A1 (1307),0.02917681530464025
EFTUD2 (9343),0.029182787529554364
PTCD1 (26024),0.029183773174183518
RABGAP1L (9910),0.02920075883569159
TMEM259 (91304),0.02921579693523821
ORMDL1 (94101),0.029219399627670273
ABHD16A (7920),0.02922714083088449
PROKR1 (10887),0.029227859347258092
CAGE1 (285782),0.02924092424486589
XAB2 (56949),0.029260044487875704
ELOB (6923),0.029263784740980715
ZNF543 (125919),0.02929866549066678
ARHGAP45 (23526),0.029300877079671814
CAMK2A (815),0.029303020168697087
MEPE (56955),0.029311422363973137
ZNF32 (7580),0.029322193283938522
ATP13A4 (84239),0.029334049827611154
IL23A (51561),0.02934713749645961
ACE2 (59272),0.0293676484207977
SLC13A5 (284111),0.029372069723272106
ARHGAP10 (79658),0.029375885388501884
OR5AN1 (390195),0.029380994826955137
TFDP1 (7027),0.029380995256597254
ABCF3 (55324),0.029382225026859648
RPRD2 (23248),0.029382510665244548
ZBED6 (100381270),0.029405603859163083
IGF1R (3480),0.029408547915641084
CPNE9 (151835),0.029411436560016255
P4HA3 (283208),0.02941315021433896
OTOR (56914),0.029413996588974804
ERG (2078),0.02942026725737061
GPR20 (2843),0.02942877608136868
ZNF793 (390927),0.029432368092458302
SENP2 (59343),0.02943449432430046
USP17L10 (100287144),0.029435167918713548
OGFOD1 (55239),0.029437256105941775
NRN1 (51299),0.029439045706579847
SLC35A1 (10559),0.02944301334079226
HMGB1 (3146),0.02945883997356405
RFX6 (222546),0.029468305457664372
EED (8726),0.02947209700626191
CEMP1 (752014),0.02947974380909755
RFTN1 (23180),0.02950477344608068
SP110 (3431),0.029505920230913793
PTPDC1 (138639),0.02950651432588594
TP53INP1 (94241),0.029508891629238497
ETV5 (2119),0.02952520530268027
GFRA2 (2675),0.02954957603271801
RIPK1 (8737),0.029558778323892906
MAGEE1 (57692),0.029565817691163836
CENPQ (55166),0.02956865261183334
RIT2 (6014),0.02956978745544492
TAS2R10 (50839),0.02957697274093285
TERF2 (7014),0.029582346484156183
UPK3A (7380),0.029594152720196068
CNN1 (1264),0.029597084345013753
NEUROD6 (63974),0.0295971912703192
DDX3X (1654),0.029599840349234574
FAAP100 (80233),0.02960108169352352
MYL10 (93408),0.029613960622237902
MOV10L1 (54456),0.02961763153740752
CEACAM16 (388551),0.029622602769728973
PTH2R (5746),0.029622901333378863
MRPL13 (28998),0.029630792771668784
C6orf136 (221545),0.029646933976759906
CYP4F3 (4051),0.029647294372722413
TDRKH (11022),0.029648580213585855
CYP4X1 (260293),0.02965533337569037
HMGA1 (3159),0.029658940421032717
EIF5A2 (56648),0.029666642654542046
HOXA3 (3200),0.02967084000981287
PAFAH2 (5051),0.0296762163864516
TM4SF19 (116211),0.02968582811034904
COL1A2 (1278),0.02968796686286386
AZU1 (566),0.029687975604419707
ZNF12 (7559),0.029691813588511282
TNS3 (64759),0.02972376263106241
RASGRP2 (10235),0.029729081551315872
ZGRF1 (55345),0.02973141527791442
FAR1 (84188),0.029733427844317803
LIPK (643414),0.02974604899874105
CLCC1 (23155),0.029775905406242604
YEATS4 (8089),0.02979036266393369
IL22 (50616),0.029791416764520004
SPINT3 (10816),0.029810101323520858
KIF13B (23303),0.029811911812403242
NCAPH2 (29781),0.029821264235347204
MAML2 (84441),0.029835674437314278
FAM114A2 (10827),0.02986754160987135
RMI1 (80010),0.029868478120126316
SORD (6652),0.029869532089120007
MED29 (55588),0.029871978505120335
CELF1 (10658),0.029875191313441258
DPH6 (89978),0.029885199094234764
CPA5 (93979),0.029909456390696375
ISLR (3671),0.02991052774811136
PPAT (5471),0.029911824986134622
ZNF573 (126231),0.029924402794362988
ATOX1 (475),0.02992607825540909
MFAP1 (4236),0.02992832466591154
GRK4 (2868),0.029932906155862634
TMPRSS15 (5651),0.02994130905255727
ACVR1C (130399),0.0299424543760804
IRX6 (79190),0.029944664442431865
ADNP2 (22850),0.029967865703543182
SH3KBP1 (30011),0.0299749487112978
IZUMO1 (284359),0.029976249463988625
SHROOM2 (357),0.029981721069857203
IL32 (9235),0.029981748808426155
CUL1 (8454),0.02998558621263418
TSACC (128229),0.029986020607553912
SAXO1 (158297),0.02998747292705985
MYO18B (84700),0.029993154391170337
INTS10 (55174),0.02999705561544539
FAM118B (79607),0.03000701840352612
ARPC5L (81873),0.030008055153226427
DEFA5 (1670),0.030014558913829835
DUOXA1 (90527),0.030019349186073352
CSNK1G2 (1455),0.03003263455465319
TDP2 (51567),0.030040435794081506
ZNF75A (7627),0.030041639633148723
MLLT11 (10962),0.03005052231264622
EFCAB7 (84455),0.03005230908621476
PIAS2 (9063),0.030053208830281026
ZNG1B (150472),0.03005451517614943
CFAP69 (79846),0.030055113476687236
APOBEC4 (403314),0.030062420014098062
TMEM270 (135886),0.030073082003288412
MLC1 (23209),0.030095702261987215
BHLHA15 (168620),0.030099069405404254
P2RY14 (9934),0.03012560615764393
ZNF774 (342132),0.030126266894058482
MSR1 (4481),0.030130133851014037
DCAF5 (8816),0.030135282232277676
CDKN2C (1031),0.030138449834200647
ARL1 (400),0.030140059165509634
ADARB1 (104),0.03015806004612121
XCL2 (6846),0.030165558172358897
CYP19A1 (1588),0.03016656615788108
SOCS7 (30837),0.03016714804122404
DAOA (267012),0.030206578848709177
OR8G5 (219865),0.03022281931464379
H1-3 (3007),0.030278519561140287
NXNL2 (158046),0.030281715886132123
ZNF20 (7568),0.030282743445249484
IGF2R (3482),0.030288260779334122
OSTC (58505),0.03029698750299453
CPNE7 (27132),0.030309927394980455
LEP (3952),0.03031129731403064
OSTF1 (26578),0.03031355383486028
CCDC146 (57639),0.03032520744332179
NPRL2 (10641),0.03032673455866308
CCDC65 (85478),0.03033904503491438
CMTR1 (23070),0.030348523961243698
HS3ST2 (9956),0.030355937412908693
BRPF1 (7862),0.030361858817785022
MSRA (4482),0.03037607636641614
ANKRD34A (284615),0.030378765214058995
LRTM1 (57408),0.030380278509346714
TMEM60 (85025),0.030382415843084116
VTA1 (51534),0.030391061467804688
PSMC3 (5702),0.030391850931093825
PLA2G5 (5322),0.03039691547953229
SRGN (5552),0.0304080077500948
LONRF2 (164832),0.03041005661991904
PSG4 (5672),0.030411962223125588
ZNF234 (10780),0.030420162571184108
OAZ2 (4947),0.030424297751500327
CIMIP5 (130813),0.0304251322081179
TMEM106B (54664),0.0304362050004533
ANAPC2 (29882),0.03045217104778821
DSG4 (147409),0.03045985862345112
ORMDL3 (94103),0.030482701381428803
MYH8 (4626),0.030486845805372673
OR4K13 (390433),0.0304891595271163
SP1 (6667),0.0304962482389462
CCL25 (6370),0.030501502590666484
INHBB (3625),0.03050852610341457
LRRIQ1 (84125),0.030510724866669996
ADISSP (54976),0.030512051025593855
LMCD1 (29995),0.030523062763104087
GNAT3 (346562),0.03053417704477689
MAEL (84944),0.030539293373298942
ANXA1 (301),0.03055470942442847
CNTN6 (27255),0.030555286624762153
KRT4 (3851),0.030555735655674317
FASLG (356),0.03056876873018977
GSDMD (79792),0.03058023270667174
PUM3 (9933),0.030590703531600462
POTEF (728378),0.030594869253869176
CNTN2 (6900),0.030601095354681834
GLI3 (2737),0.030602830790967553
PPP1R13L (10848),0.030610885726338754
EMC10 (284361),0.030614770795784355
PABIR2 (159090),0.030617518658819183
HSPB3 (8988),0.030624784904253827
NPY (4852),0.030636157563294953
IFIT1 (3434),0.030637698460328513
ZMYND15 (84225),0.030641540869582484
PCDHA7 (56141),0.03065948652544025
IL31RA (133396),0.03066325343216431
SNUPN (10073),0.03067050474240441
H3-5 (440093),0.030679739878074316
FAM200B (285550),0.030683685296936266
POLE4 (56655),0.030688795303618187
C1QTNF9B (387911),0.03068995709137277
SLC17A6 (57084),0.030705836635928425
RAB34 (83871),0.030710017530571676
USH2A (7399),0.030710757185657137
ZNF559 (84527),0.03071322424482197
TSTD2 (158427),0.030725240799911957
PABPC4 (8761),0.03073262840099155
UGT2A1 (10941),0.030732683862204582
HOXD12 (3238),0.030734860241463175
FOXO4 (4303),0.03075454451602929
COL15A1 (1306),0.03076988225872666
XPO7 (23039),0.0307708641754587
PELI1 (57162),0.030772668026300815
AHSG (197),0.0308071900626901
LDLRAD1 (388633),0.03081309640009815
INO80E (283899),0.030814141142905666
NEK5 (341676),0.03082407963120871
SEZ6L2 (26470),0.030838714947901837
CADM4 (199731),0.030853053945626426
DARS1 (1615),0.030856071139961624
PAIP1 (10605),0.030867797109716315
CCDC190 (339512),0.030878559305542695
UNC79 (57578),0.030883175501353333
OR2H1 (26716),0.030894753313399515
ANGPTL3 (27329),0.030902572442459485
HOXC5 (3222),0.03090477153032292
GALR3 (8484),0.03091001274686065
WDR41 (55255),0.03092271471944639
THAP6 (152815),0.030945202258536517
MIER2 (54531),0.03094809962430675
DNAJB12 (54788),0.03098715321310514
PPP1R11 (6992),0.030990578614622066
ASF1A (25842),0.030997209480670605
UBL3 (5412),0.03104383522509761
SPATA45 (149643),0.031056795582412606
TCEAL4 (79921),0.03105792848144454
LRRC7 (57554),0.03107180368806142
H4C7 (8369),0.03108214505114699
KATNAL1 (84056),0.031093749231355803
AZGP1 (563),0.031102197276992125
MPHOSPH9 (10198),0.031112187333206472
TNFAIP8L3 (388121),0.03111331934434768
NME5 (8382),0.031120675895872984
DUSP8 (1850),0.031138320853538078
MRPS15 (64960),0.03116055203760655
DIP2C (22982),0.03116730808387217
HTR2B (3357),0.031180376059900667
RIN2 (54453),0.03118497229135651
ZNF691 (51058),0.03118854018809694
CKAP5 (9793),0.03119540768661454
POLR3E (55718),0.031196782647709437
PNMA3 (29944),0.031209109726044074
PRADC1 (84279),0.031222097282108435
GPX7 (2882),0.031222425360184367
HLA-DQA2 (3118),0.03124824538572649
MAOB (4129),0.03127126296093856
ANKRD7 (56311),0.03129097716902553
VPS51 (738),0.03129297101476823
MSRB1 (51734),0.03129600187421897
TEX38 (374973),0.031296387897295774
BGLAP (632),0.03130288785589589
GCM1 (8521),0.03130891703083736
MYH4 (4622),0.031313274025796214
DNAJC21 (134218),0.03132986322729305
ZC3H4 (23211),0.03135001824696556
ABHD1 (84696),0.03135009627227107
PUM2 (23369),0.03135051038036344
TTLL7 (79739),0.031357510075932404
ECT2L (345930),0.031364865666632664
ZBTB43 (23099),0.031365676007286875
C12orf43 (64897),0.03138056775133188
CXCL8 (3576),0.031410414831009065
NUPR2 (389493),0.03142347256524916
NEK7 (140609),0.031425571317124666
GPR4 (2828),0.0314286235034378
FAM184B (27146),0.03143301593121594
PBX2 (5089),0.031441411690296336
PHLDB3 (653583),0.03144913525793684
SPATA9 (83890),0.031449265438046596
ACP5 (54),0.03146110706146408
SEPTIN4 (5414),0.031467086598489805
CDX4 (1046),0.03147085674702149
KIAA0753 (9851),0.03149778006472129
MRPS6 (64968),0.03150210103181911
PLXNA4 (91584),0.03150393837005202
VWA3A (146177),0.0315124187008873
IFNA21 (3452),0.03151431772334345
MYOCD (93649),0.03152703353923296
C2orf49 (79074),0.03152950372524296
RRP1B (23076),0.03153703274998793
ERCC6 (2074),0.031546709189005886
SMPDL3B (27293),0.031553163727887204
USP12 (219333),0.03155721042482855
PSME2 (5721),0.031558851943745796
NDUFAF7 (55471),0.03156965629385156
C17orf78 (284099),0.03157081214392263
SLC12A5 (57468),0.03157327772883045
PCDHGA9 (56107),0.031581439362273714
NT5C3A (51251),0.03158531369530106
TRIM21 (6737),0.031592396694488406
APOBEC3B (9582),0.03159948013828784
PPM1L (151742),0.03161266989406316
SLC22A2 (6582),0.03162140523200434
IRF2 (3660),0.031624914635680616
ACER2 (340485),0.031648967656653544
SLC6A3 (6531),0.03166252016315347
PLA2G4A (5321),0.03166912185569464
ZNF445 (353274),0.03167523991064718
ACSBG1 (23205),0.03168152004699381
SIRPB1 (10326),0.03168408670374481
SCAMP2 (10066),0.03169586781319339
ZNF296 (162979),0.031701372012858886
GLT8D1 (55830),0.031705752908218116
PICK1 (9463),0.03171705542446629
ZNF662 (389114),0.03173495411668086
TCEA1 (6917),0.031742908786666364
GLIS1 (148979),0.03174860005977579
RAB37 (326624),0.031751106461107764
KCNAB2 (8514),0.03175465255744827
ERLIN1 (10613),0.03175790806175343
COPS5 (10987),0.03176222023125852
PALD1 (27143),0.03176250650567123
MSI2 (124540),0.03176538135324479
BHMT2 (23743),0.03178535839319389
TIA1 (7072),0.031787903130887835
DEFB128 (245939),0.031788622987237974
SNRNP48 (154007),0.03181705850680165
UBE2D3 (7323),0.03183048481889735
MTR (4548),0.031830598296867484
RASGEF1A (221002),0.03183063275152878
TMEM151A (256472),0.03183173583075248
ADAM15 (8751),0.03183480673063814
SGCE (8910),0.03184344147594781
SKP1 (6500),0.03184416376081989
SLC39A6 (25800),0.03184495835886201
GJA8 (2703),0.03184814710046359
RFXAP (5994),0.03185041662051382
ACBD6 (84320),0.03185102408676738
TUB (7275),0.03185144461354955
PRPS2 (5634),0.03185185206277899
ARHGAP29 (9411),0.03185463611323544
SNCA (6622),0.03186234913010272
SCAP (22937),0.031880536097752786
PBX4 (80714),0.03188109673922797
APPL1 (26060),0.03190062475017791
FRMD3 (257019),0.03191501652363856
HGFAC (3083),0.03191943677787368
SAT2 (112483),0.03192632601941597
SNRPA (6626),0.03193417768058109
EPOP (100170841),0.031938599125515214
MGAT2 (4247),0.03194606381269622
HEXB (3074),0.031949501110572695
LPO (4025),0.03197319489346922
PLCD1 (5333),0.031975816468236724
C8B (732),0.031987581325086195
NLRP13 (126204),0.03199217906193238
WDR53 (348793),0.0320347167770272
PCDHA2 (56146),0.032043133284051034
RAD18 (56852),0.03204795572578444
EVX2 (344191),0.03205902104135992
PMP22 (5376),0.03206061987848913
VANGL2 (57216),0.0320650508443686
CD22 (933),0.03206577039915534
CENPA (1058),0.0320701964817638
AP1S3 (130340),0.03207437829885131
LPXN (9404),0.03207447295817119
ZNF441 (126068),0.03208673213781886
NPAS3 (64067),0.032099751935751736
ATL1 (51062),0.032116053892111265
CD14 (929),0.03212785201592595
EPGN (255324),0.032135831677624314
RSF1 (51773),0.03213676127097637
NEU3 (10825),0.032137987118742176
ZDHHC4 (55146),0.032151792156241844
FAM83G (644815),0.03215235851342953
VTN (7448),0.032172073549180794
PCMTD2 (55251),0.03218500140633531
NHSL1 (57224),0.03219257035493171
PNRC1 (10957),0.032202367183098775
MIEF1 (54471),0.032209045526357144
CUTC (51076),0.0322136414284937
RNF128 (79589),0.03221628293898399
OR6Y1 (391112),0.03222198168617893
EARS2 (124454),0.03222648872266411
DIO1 (1733),0.03222861974470692
FBXL16 (146330),0.032237161656006534
RNF13 (11342),0.03224050089869577
CCNE1 (898),0.03224388192908339
DCN (1634),0.03225089831686047
FOXL2 (668),0.032264023752351496
IL20RA (53832),0.032268087831673384
GBP2 (2634),0.03228093239914648
KIF17 (57576),0.03228336611823887
ZNF226 (7769),0.032299725910112376
RCOR2 (283248),0.03230210709630009
SNX29 (92017),0.032311259860518776
IFNA14 (3448),0.032317418580797765
TXNL1 (9352),0.032318967722030585
TMEM131L (23240),0.032323116708089
POR (5447),0.03233434531269144
SPZ1 (84654),0.03234507596962476
AQP9 (366),0.03234966625002684
SYCP1 (6847),0.032353003406582696
GFAP (2670),0.032358468676673205
SYAP1 (94056),0.032359910135554636
DEF6 (50619),0.03236719555375434
AMPD2 (271),0.03237872792343284
KANSL1 (284058),0.032379891635663356
TYK2 (7297),0.03238290853418013
OR4C6 (219432),0.032402852124328835
ARHGAP5 (394),0.03240432887570061
CREB5 (9586),0.03241423560684708
SCRG1 (11341),0.03242924611681073
APOBEC3H (164668),0.032434386705822445
HRG (3273),0.032447254822503796
CRP (1401),0.03245279886095669
BRMS1 (25855),0.03245720061848912
PRDM6 (93166),0.03246343217818522
ZNF713 (349075),0.03246462695482193
NUDT9 (53343),0.032489457085611066
ATXN1L (342371),0.032494301028534164
AGMO (392636),0.032501913789655223
ZBTB11 (27107),0.03250412480432343
DHRS4 (10901),0.03251131660557903
COL6A6 (131873),0.03251965881983863
ZCCHC17 (51538),0.03252542312757767
CMTM1 (113540),0.032525632247811825
TRMT10C (54931),0.03253025496269963
ARSB (411),0.03253360182870776
MCTP2 (55784),0.03256127734528501
GLDC (2731),0.03256230160569787
NAALADL1 (10004),0.03258799009567409
UGP2 (7360),0.03260168112322218
SELENOW (6415),0.0326017051923723
ZBTB7B (51043),0.032602654995201555
SP8 (221833),0.0326129765465056
CPNE1 (8904),0.032620931347091084
THUMPD1 (55623),0.032634702508693235
COL25A1 (84570),0.032639532179671506
EVPLL (645027),0.03265039580189516
FAM193A (8603),0.03266419532487068
UROC1 (131669),0.03266447038798529
C1orf210 (149466),0.032693977319618976
GJD2 (57369),0.03269801664561494
BIVM (54841),0.032707582686363076
RORB (6096),0.03271842687716472
GAL (51083),0.032731627086326945
MPZ (4359),0.0327548709717739
PPIL3 (53938),0.03276824966694928
ZNF665 (79788),0.03278064943141449
MED8 (112950),0.032785788063730524
ZBTB47 (92999),0.03279243489643856
ZBTB8B (728116),0.032794216440346434
E2F4 (1874),0.032805604083772665
ACOXL (55289),0.03281273490745131
HEYL (26508),0.03281744702738425
CCRL2 (9034),0.032828887058730806
BRD1 (23774),0.032848896262991575
MUC4 (4585),0.0328566521273476
PSMD1 (5707),0.032857640732514036
MCMDC2 (157777),0.03287212767336265
UBXN4 (23190),0.03287947840148211
MYOT (9499),0.032887770648542494
PLEKHF2 (79666),0.032893650183278986
TTC8 (123016),0.032894405992201746
SMTNL2 (342527),0.03289564447427767
A1CF (29974),0.03289590459209124
MRPS18B (28973),0.032911525189004025
WASF2 (10163),0.03291728103982223
STYK1 (55359),0.03293325440620228
BIRC2 (329),0.03293954347124186
GABPB2 (126626),0.032941450843304666
DIABLO (56616),0.032990414306175
TMIGD1 (388364),0.03299091691935927
SPHKAP (80309),0.03299914458701122
PHF6 (84295),0.03301366736480596
CDH18 (1016),0.03302000768262415
PAX1 (5075),0.033023653657828375
TMEM219 (124446),0.03302381556127398
CIBAR1 (137392),0.03303543504543765
FAR2 (55711),0.03304034834469069
ZNF189 (7743),0.033041538177364785
FHL5 (9457),0.033041938626813865
OR5V1 (81696),0.03306780303740539
ZNF93 (81931),0.033079567416341805
SLC22A14 (9389),0.033084766850749806
ZNF100 (163227),0.033095042851496996
MUCL3 (135656),0.0331008785881133
CPNE6 (9362),0.033103532789346524
BRMS1L (84312),0.03312091252554892
COBL (23242),0.03313143089921655
BRSK2 (9024),0.03313203900422308
SNX12 (29934),0.0331379182964867
ZNF728 (388523),0.033153467740026865
ARB2A (83989),0.03315352843517039
OR4K17 (390436),0.03315826312672291
ZNF2 (7549),0.033166930129784264
TRIM63 (84676),0.03316774828993223
CHMP4A (29082),0.03319204066029639
CFAP20DC (200844),0.03320126470678247
CRACR2B (283229),0.033215836801999764
AKAP8L (26993),0.03321620618792206
MGME1 (92667),0.03322052608943668
MAP3K12 (7786),0.03323657237657679
ALOX12 (239),0.033241313821777946
CLEC9A (283420),0.03324768536040174
RAB5B (5869),0.03324832317418357
KRTAP29-1 (100533177),0.03326233690009201
BTBD10 (84280),0.03326626585571068
IQCF1 (132141),0.03327084156252174
ITCH (83737),0.03327278904408332
GSTO2 (119391),0.03328287752969978
MYL12A (10627),0.03328339640365661
CD180 (4064),0.033297405850698424
H3C11 (8354),0.0333105435297682
ARHGEF17 (9828),0.033313312775553564
OR1J2 (26740),0.033325325390680394
EPHX3 (79852),0.03332538555302242
PHF1 (5252),0.03333719089294357
ZKSCAN2 (342357),0.03333950104806679
PPP1R35 (221908),0.03335220182806566
ZBTB46 (140685),0.03335917144946082
OR10A4 (283297),0.03336693446799287
AFF1 (4299),0.03337911095825169
ZNF132 (7691),0.03337942965538508
MYOZ1 (58529),0.03338854477868883
MCOLN3 (55283),0.033406857208876206
NFIA (4774),0.03341849134286975
AUH (549),0.03349379492797658
OR6C6 (283365),0.033494374949702824
NRG1 (3084),0.03349588093413543
NSFL1C (55968),0.03350454037351138
TLE3 (7090),0.03352077527911672
HYDIN (54768),0.03353005900996043
EMC9 (51016),0.03353415515561498
PPP6R2 (9701),0.03354025973599808
CALM2 (805),0.03355171196928171
EEA1 (8411),0.03356413401003593
TRPC3 (7222),0.033577800208644266
ZNF510 (22869),0.033582350135545544
DPF2 (5977),0.03360188197910145
MMP28 (79148),0.033612035020014634
TYW5 (129450),0.03361270771762704
RAB8B (51762),0.033625067731153244
MAN1C1 (57134),0.03364020271209896
CTSW (1521),0.0336586068469723
PC (5091),0.03367085775006176
CETP (1071),0.03367781080971918
ODAD1 (93233),0.03367980795187704
C10orf120 (399814),0.03368190959183572
PROB1 (389333),0.033687986903825066
SLC39A12 (221074),0.03371871373416187
SMIM21 (284274),0.03372341548134342
PIP4K2B (8396),0.033740370984389575
HSD17B2 (3294),0.033749060327527135
INPP5J (27124),0.03375112929413074
LCN15 (389812),0.03375279823782066
COPS9 (150678),0.0337570382429505
DNMBP (23268),0.033762739920553224
MGLL (11343),0.03376435212782926
CAMLG (819),0.03376767027354574
WBP2NL (164684),0.03376924457974753
ADM2 (79924),0.0337736768704146
PAPOLG (64895),0.03377389782793989
PKDREJ (10343),0.033774012527888184
OR10P1 (121130),0.03378074618105762
TBC1D31 (93594),0.03378244156056478
SETDB2 (83852),0.033783332405810884
MAPK8 (5599),0.03378343456451178
COPS3 (8533),0.03378415849354005
OXT (5020),0.033784904990830714
ILRUN (64771),0.033791939977123715
GIMAP5 (55340),0.03379324893703567
RTTN (25914),0.03379476843348224
CCL13 (6357),0.03382999069922657
DMRTA1 (63951),0.03383830545400415
USP9Y (8287),0.03383906892211387
SVIL (6840),0.033840960908380305
PDE6D (5147),0.03384372546803441
SMC4 (10051),0.03384539284473684
OR7D2 (162998),0.03384682783894019
PCDHGC5 (56097),0.03385062782864142
DRAP1 (10589),0.03386088605134581
FOXP4 (116113),0.03387350044438569
SNAP91 (9892),0.033875595529990844
UPF3B (65109),0.03388613716227024
MFSD8 (256471),0.03388857158922898
PCNX2 (80003),0.03389581617092643
PCYOX1L (78991),0.03389814230050498
CSTF2 (1478),0.03390399913930386
NF1 (4763),0.0339113164250181
CYP2F1 (1572),0.033918040208929814
LZTS1 (11178),0.033940125542245514
MICU2 (221154),0.033952003336115005
DRGX (644168),0.03396049969170126
TWF1 (5756),0.033974370850546554
BPI (671),0.033979287761429944
PLIN2 (123),0.03398022127402908
SPATA6 (54558),0.03398739243306828
REC114 (283677),0.03399335763207932
LIPA (3988),0.03399714195299033
OSTN (344901),0.03399855874707997
SLC13A2 (9058),0.03399872830122705
MSL2 (55167),0.03400614745514743
NANP (140838),0.03400725613826056
APOL3 (80833),0.0340100401352494
NCAN (1463),0.03403466889787765
MAPK14 (1432),0.03404646920936702
CNTNAP3 (79937),0.03404892188508901
USP35 (57558),0.03405586555968969
CAMSAP1 (157922),0.034068116121810606
TTC19 (54902),0.034069404137097026
SKI (6497),0.034070945621845095
MYL7 (58498),0.034090769186864545
SS18 (6760),0.03410024320064283
ZHX3 (23051),0.03411339104417846
RRAGB (10325),0.034123402885576644
NAA35 (60560),0.034139048294596325
ZNF701 (55762),0.034151729224450596
STPG3 (441476),0.034185531627376496
ANKRD35 (148741),0.03419130217617735
ROCK2 (9475),0.03419281220796232
MCEE (84693),0.034201018390709485
SYNPO2L (79933),0.03421421240353798
RNF170 (81790),0.03422647578668657
IQGAP1 (8826),0.03422750081243594
PKDCC (91461),0.034232054746746676
GCNT2 (2651),0.034238173425042796
ERG28 (11161),0.03423833924550578
MUSTN1 (389125),0.03423920998713609
PON2 (5445),0.03424300415525232
NKD1 (85407),0.03425294587028503
OR51V1 (283111),0.03425339095753803
PIK3R1 (5295),0.0342816671890192
ZBTB41 (360023),0.0342826258364339
ADTRP (84830),0.03428641109354126
VEGFC (7424),0.03429036145778089
KCTD10 (83892),0.034292642521474646
ABHD8 (79575),0.03431440708488958
ADI1 (55256),0.03432481413062851
UCP1 (7350),0.03432546515693245
MINAR1 (23251),0.034332424472648206
KRTAP4-2 (85291),0.034341172392613285
TRAPPC2L (51693),0.03434777675828501
CLIP2 (7461),0.03438881023795572
TLR8 (51311),0.034389622690651094
HRNR (388697),0.034395828414801946
SPRR1B (6699),0.034422480349689616
ACMSD (130013),0.03442567522372156
DUSP2 (1844),0.0344311528242592
EGR4 (1961),0.03444690456641316
COPA (1314),0.03444984762028546
INTS13 (55726),0.03445138531927196
YBX3 (8531),0.03445325789651547
HEMGN (55363),0.03446044863483386
DIP2B (57609),0.034464365078090115
INTS14 (81556),0.03446570905148351
ITGA5 (3678),0.03448284646997518
OR4D6 (219983),0.034492794062158216
LSMEM1 (286006),0.034509202054987004
BCHE (590),0.03451436931740608
CTTNBP2NL (55917),0.034526022585861
PRUNE2 (158471),0.03453418277558147
PRSS22 (64063),0.03455174257714125
ZNF610 (162963),0.034554331373887165
ENO1 (2023),0.03456851748677384
PEX2 (5828),0.03457926715388541
RFPL1 (5988),0.034601722656297726
POLG2 (11232),0.03460357446760243
WNT2 (7472),0.03461788447006637
OXSR1 (9943),0.03463063526464527
PRPF3 (9129),0.03463147719000774
MRPS33 (51650),0.03463550132390297
RNASE11 (122651),0.03463922801339134
YPEL2 (388403),0.034654496291443675
MDGA2 (161357),0.03466576087640795
OR5F1 (338674),0.03467152520914301
RSC1A1 (6248),0.03467794420853502
LACTB2 (51110),0.03467833735425074
MRTFB (57496),0.03468223596502383
SSR2 (6746),0.03470043729466865
WFDC6 (140870),0.0347072377517018
HLA-DRA (3122),0.03470834437434597
PDYN (5173),0.03471067614589495
FNDC7 (163479),0.03472480258982655
SPATA31A3 (727830),0.03474353775652007
TFCP2 (7024),0.034749533177324946
CCNJ (54619),0.03475244205356783
COL8A2 (1296),0.03476814693403873
SCN7A (6332),0.03477873495333668
MED10 (84246),0.034805237361082396
TNFRSF19 (55504),0.03480672257903503
ERI2 (112479),0.03480916674414701
QPCTL (54814),0.034822436840975926
CRH (1392),0.03482630820620029
CNPY4 (245812),0.03484133995392159
HIGD1C (613227),0.0348415044027102
XRCC4 (7518),0.03485192935785738
NQO1 (1728),0.03485726383015584
YIPF5 (81555),0.034884018097996475
GGA1 (26088),0.0348962386878219
USP47 (55031),0.03491606585445317
PA2G4 (5036),0.03492251756164703
NAALAD2 (10003),0.03496103293869426
HOMER1 (9456),0.03499640922491559
ZNF215 (7762),0.035006185183207694
FCRL6 (343413),0.035010470899182265
LTBP2 (4053),0.035019148436415806
EXO5 (64789),0.035048352296432904
IFNA1 (3439),0.03508432551368367
TMBIM4 (51643),0.035093375097375014
NDUFS2 (4720),0.0350980865354016
SAMM50 (25813),0.03512118788803272
C3orf22 (152065),0.03512202113186869
HAPLN4 (404037),0.03513273169105569
MORN2 (729967),0.03513868900504588
PSMB1 (5689),0.03515575083471835
GNB2 (2783),0.035158857291185494
RTL8A (26071),0.035173218672579394
ADAM22 (53616),0.035180705650488114
LSM5 (23658),0.03520960271467323
POLG (5428),0.03522164012635373
LAG3 (3902),0.03522709920165404
CIITA (4261),0.03523268132127819
LRRC75A (388341),0.03523295199736092
XKR3 (150165),0.03524114208274539
DYNLRB2 (83657),0.0352444847506302
NHLRC3 (387921),0.035248870263303644
SYDE2 (84144),0.03526547091589353
KIF24 (347240),0.03527111059100847
FBN1 (2200),0.03527437379852105
ADPRM (56985),0.03528084593031953
EGR2 (1959),0.03528112436671003
ULBP2 (80328),0.03528424447941899
PHIP (55023),0.03528471976052493
ZNF410 (57862),0.03530728486598514
SMIM14 (201895),0.03531229205982218
HSD11B1 (3290),0.03533044786607223
CREB3L1 (90993),0.035336723104538774
STAU2 (27067),0.03534015064749251
RPL9 (6133),0.03538070950710863
B3GAT3 (26229),0.03538713290222425
MAT1A (4143),0.03539295465515324
ZNF273 (10793),0.03540423470666785
SELENOV (348303),0.03542225408211201
DNAAF1 (123872),0.03544311091680784
CCNT2 (905),0.03544479287878159
TAS2R60 (338398),0.03546160028627731
RIPK3 (11035),0.03546767221372512
SERPING1 (710),0.03546883614375651
CMAS (55907),0.035476326990770524
BPNT1 (10380),0.03548567769845533
TNRC18 (84629),0.03549531504718965
SLCO2A1 (6578),0.03549614223259772
LDOC1 (23641),0.035504443837363536
CXCR5 (643),0.035506177880482555
RAD54B (25788),0.03551278226091062
ZNHIT2 (741),0.03551491345316267
PCDHA11 (56138),0.035523551329038165
PCDHA12 (56137),0.03553587436958368
ZNF26 (7574),0.03554177204067596
ANKIB1 (54467),0.035542858427561046
VAMP4 (8674),0.035548559084742644
GSKIP (51527),0.03556096159670769
AGAP5 (729092),0.03556240311258292
ZNF101 (94039),0.035588399826766426
ITLN1 (55600),0.0355911446708183
PRCP (5547),0.035607038219333795
ASB14 (142686),0.035623107608646884
SUB1 (10923),0.03563334861085434
GIT1 (28964),0.03563413090811992
FBP1 (2203),0.0356357368219834
NTHL1 (4913),0.03563702502412593
HSPA4L (22824),0.03564501401852346
KLK8 (11202),0.035645742683674694
L3MBTL2 (83746),0.03565857158281027
ADGRF1 (266977),0.03569032357925374
ETFDH (2110),0.03569920617822218
NOXO1 (124056),0.03570137352069069
DPPA3 (359787),0.03570695178035845
CST8 (10047),0.03572491214630072
TNKS2 (80351),0.035727105940117014
IKBKB (3551),0.03572726602454353
KLC3 (147700),0.03574738035965365
FRRS1 (391059),0.035752098726604696
DLX3 (1747),0.0357799899782286
CNOT6 (57472),0.03578171458055947
CD248 (57124),0.03578564039792685
OR8A1 (390275),0.03579433090969669
ECT2 (1894),0.035804015952981
ANO3 (63982),0.035805906784303294
B3GNT3 (10331),0.03582024655434653
LAMB1 (3912),0.03583237402016351
KANSL1L (151050),0.035837325689662976
GSC2 (2928),0.03584561727206074
AMELX (265),0.03588196581655958
ARIH1 (25820),0.03588437273019581
OR5T3 (390154),0.03590405120504918
SHPRH (257218),0.03591230419031778
ASNS (440),0.03591282797630147
ORMDL2 (29095),0.03591340539418509
HAPLN1 (1404),0.03591466050200452
PMM2 (5373),0.03591748231601747
ZNF446 (55663),0.035918761481044975
SYNE2 (23224),0.03593330488575039
MYO3B (140469),0.03594661298562149
FGG (2266),0.0359526335346577
FRG2C (100288801),0.035953213413780265
LRRC8D (55144),0.03595798500837519
HLA-DRB5 (3127),0.035964825855096645
MFGE8 (4240),0.035969161393799964
TRIM35 (23087),0.03601573724281261
C6orf89 (221477),0.03602771790709324
GNLY (10578),0.0360283261432147
GNL3L (54552),0.03604390127318537
KRTAP10-8 (386681),0.03605119617246966
MRPL50 (54534),0.03605546757725316
C4orf17 (84103),0.03605886863036613
VTI1A (143187),0.03605889824093059
ADSS2 (159),0.0360676861232894
ASB3 (51130),0.03608279381698812
KPLCE (100129271),0.03610005946196247
DNAJA4 (55466),0.03610428849836524
FEV (54738),0.03610541919213132
SLC35E4 (339665),0.036112177868836394
OR5P3 (120066),0.03612636866336653
TASL (80231),0.03612920691142684
TET1 (80312),0.0361296217570144
PALS2 (51678),0.036139117136388836
RNF103 (7844),0.03613948677473971
CFAP77 (389799),0.036142297400572
NR0B2 (8431),0.036142776391645405
GCNT4 (51301),0.03614428062485054
MAGEB1 (4112),0.036150940895242456
CISD3 (284106),0.03615975692819583
TBC1D7 (51256),0.0361811585541007
EIF4E1B (253314),0.03618332297442405
LDLRAD2 (401944),0.03618784925339827
ZNF557 (79230),0.03618994731271924
BCLAF3 (256643),0.0361904654571887
RNASE8 (122665),0.0361939993880262
TLE6 (79816),0.03623670065531519
TRRAP (8295),0.03624343387942277
MMADHC (27249),0.03625758535124222
CDC25A (993),0.03627541035755546
HELB (92797),0.03628559303478273
FAM131B (9715),0.03628962087781732
FARS2 (10667),0.03631652750465905
TRAM1L1 (133022),0.03631858436602702
SH3GLB1 (51100),0.036341035711593785
ZNF343 (79175),0.036341898198071085
ZMYM1 (79830),0.036360305588548705
ZNF157 (7712),0.036363367780659225
SSB (6741),0.036365985521479904
DENR (8562),0.036367337784138955
TM4SF20 (79853),0.0364064629341336
TAF9B (51616),0.03640793893586488
OLFM3 (118427),0.03641034229626761
KRTAP4-8 (728224),0.03641185026584058
HS3ST3B1 (9953),0.036413269802079304
RO60 (6738),0.03642105239784204
PODXL2 (50512),0.03642394607202782
TRIM47 (91107),0.03643469781584568
HLA-DPB1 (3115),0.036445306721793046
L3MBTL4 (91133),0.03645235890229092
SIN3B (23309),0.03645509922990022
C22orf42 (150297),0.0364579270836307
MYO10 (4651),0.036469740704331954
TTC23 (64927),0.036476230980269114
ELL2 (22936),0.0364832085238845
TRAPPC6B (122553),0.03652679466713434
SLC6A4 (6532),0.03652950130234311
FGF12 (2257),0.03655784826064421
PHYHIPL (84457),0.03657993856185579
TDRD10 (126668),0.03658774342314311
SKA1 (220134),0.03659462171292228
MAB21L3 (126868),0.03660433831807123
RNF220 (55182),0.036604548624289336
CFAP92 (57501),0.036626268001746995
DYNC1LI2 (1783),0.036636233524985844
ARMCX6 (54470),0.03663650264703591
IAH1 (285148),0.03663944924088673
FKBP9 (11328),0.03664261526602885
COL12A1 (1303),0.03664685177988533
RTCA (8634),0.03665732163618643
LHX2 (9355),0.03665982854375906
ZNF311 (282890),0.036666013184268195
CCDC112 (153733),0.03667277593601743
GASK1A (729085),0.03667293409257304
NTRK1 (4914),0.03667540928573836
GABRG2 (2566),0.03670062342323546
HERPUD2 (64224),0.03670306929613335
MRPL52 (122704),0.036704105677231015
MAX (4149),0.036712254076405125
METTL4 (64863),0.03671631322137167
GLRA2 (2742),0.036725296656695466
STOM (2040),0.0367424504912774
SLC25A28 (81894),0.0367497296078563
C1D (10438),0.03675390806851646
AP1S1 (1174),0.03676075101582536
PDIA5 (10954),0.03676726911611288
FADS2 (9415),0.0367685361256038
KLRF2 (100431172),0.03679331686441908
VPS37D (155382),0.036797590190273316
ARRDC5 (645432),0.036815057967598486
TIMMDC1 (51300),0.03682216120736493
KCNV2 (169522),0.03683429312334984
CSGALNACT2 (55454),0.03685525098492974
ETS2 (2114),0.036886384379143454
GTPBP1 (9567),0.03689959214154545
CRIP3 (401262),0.03691127226073866
CSPG4 (1464),0.036917629264627466
GZMM (3004),0.03692527613587612
ZXDA (7789),0.03693995904119561
CITED1 (4435),0.03694686119314527
KLRD1 (3824),0.03699262098584924
N4BP1 (9683),0.03700739643345777
SYDE1 (85360),0.03701228007984153
CES4A (283848),0.037021702613874496
UBA7 (7318),0.03705680206679568
COX4I2 (84701),0.037064747135088214
CTTNBP2 (83992),0.037078021902044185
SELENOT (51714),0.03708423816097954
TTC39C (125488),0.037087900720916195
CLPTM1 (1209),0.0371122304170556
MRPS28 (28957),0.0371220780240846
CRK (1398),0.03712313991392525
WLS (79971),0.0371457508711002
TIGD4 (201798),0.03715368539831046
FECH (2235),0.037179426159624857
POPDC1 (11149),0.03720644627871565
SLFN11 (91607),0.03720867649054928
BLOC1S2 (282991),0.03722769881642007
IFIT5 (24138),0.03725702365697121
CSNK1D (1453),0.03726015665025953
NFKB2 (4791),0.03726116679044026
MED9 (55090),0.03726896429345535
PROSER1 (80209),0.03727453448950021
GPR63 (81491),0.03728197638313937
PPP2R5B (5526),0.03732654132391347
DDIT4 (54541),0.03733226312219267
FOXR2 (139628),0.037337530760791715
POLRMT (5442),0.0373555039620762
SPTSSB (165679),0.03736100903912714
GOLGA6B (55889),0.03736426774646052
PDLIM7 (9260),0.03737544380719585
NUDT7 (283927),0.03739100843827152
LRRIQ3 (127255),0.03741134099883544
SLC25A26 (115286),0.03742001392623855
ECRG4 (84417),0.037440184972019216
ANTXRL (195977),0.03745240955621302
CDKN2A (1029),0.037462337108053044
OR5AU1 (390445),0.037466549328090265
CNBD2 (140894),0.03748377158066458
TCOF1 (6949),0.03748908921812665
RHEX (440712),0.03750992066057296
PAICS (10606),0.037520109751705485
NLRP14 (338323),0.03752535113769018
MMP2 (4313),0.03754843252055305
WDR19 (57728),0.037577922522538845
CDKL2 (8999),0.0375820881102853
SGPL1 (8879),0.03758388395639927
ITPA (3704),0.03761168299240015
SEMA3F (6405),0.03761913137450661
GON4L (54856),0.03762516691683166
VN1R1 (57191),0.03763748402305506
PDK4 (5166),0.0376393201286257
LIN37 (55957),0.03764054518212472
CFAP157 (286207),0.0376416457239739
AP4E1 (23431),0.03765074009503515
SLC51B (123264),0.037658634017275726
MGAT5B (146664),0.0376721082468522
FBXO43 (286151),0.03767271897854568
LY6G5B (58496),0.03768587122927209
NEIL1 (79661),0.03768770160666217
GBP3 (2635),0.037688664878639394
ECHDC1 (55862),0.03769126269244851
PPFIBP2 (8495),0.03769486670145666
PRAME (23532),0.03769664814140066
FBXO44 (93611),0.037701336585713854
TTC12 (54970),0.037726074787099
PKP4 (8502),0.037760653068098615
DQX1 (165545),0.03777134959099622
CLDN8 (9073),0.03777897568989388
TRIM59 (286827),0.03778161799106967
RGS13 (6003),0.03778728973325179
COX19 (90639),0.03779789944847917
ZNF394 (84124),0.03780808389133358
INO80D (54891),0.03780889076128566
DYNC1I1 (1780),0.037818318054896015
GABRA2 (2555),0.037827999583147504
H3C10 (8357),0.03783232597875039
DEFB126 (81623),0.03785351962841333
MICA (100507436),0.03787475240888908
PON1 (5444),0.037877357366209286
RNF2 (6045),0.03788987567137838
OR6K3 (391114),0.03789449297288939
OR1L8 (138881),0.03789690807124793
ATG13 (9776),0.03789793150921333
GAL3ST1 (9514),0.037913273169335036
CLTA (1211),0.0379140581266251
COL4A5 (1287),0.037917575049488735
NEUROG3 (50674),0.03791965141915935
PIGP (51227),0.037927081684892026
ARRDC4 (91947),0.03793634540955285
SIRPD (128646),0.037939415934668166
PERP (64065),0.03795569502851535
ZNF680 (340252),0.03796243947223939
GRB7 (2886),0.03797118941462197
ACTR1B (10120),0.03797469986433846
GINS1 (9837),0.03798836697035916
SCGB2A2 (4250),0.037991437926161754
SEPTIN10 (151011),0.03800463420686252
ZNF155 (7711),0.038012315172969297
MRPS9 (64965),0.03802001085656066
KRT74 (121391),0.03802793375299155
STMN2 (11075),0.03802877263993913
TAS2R13 (50838),0.03803577006211257
PHF12 (57649),0.038045006132343476
SRP68 (6730),0.038047584353178954
TSR3 (115939),0.038062136549604164
KCNAB1 (7881),0.03807329195733328
SPEM1 (374768),0.03807623436740116
TSPAN33 (340348),0.03808076101020245
ANG (283),0.03810059596786173
GPR183 (1880),0.038105453087734886
RBM33 (155435),0.03812273201127043
SYPL1 (6856),0.0381328570464769
ANKRD46 (157567),0.03814600245948044
MAP7 (9053),0.03815084066308437
CCDC110 (256309),0.03817500893357015
ACSM3 (6296),0.038201757052567197
P4HB (5034),0.03820317176008747
SLC4A8 (9498),0.03820568116849806
USP34 (9736),0.03822138124284881
IMMP2L (83943),0.03823935445869326
PARP2 (10038),0.03825565248816062
TAC3 (6866),0.03827602446673087
RPL10L (140801),0.03828802068270205
CABCOCO1 (219621),0.038297152720546006
RNF212B (100507650),0.038298910243348756
FRG2B (441581),0.038299755185044596
IL10RB (3588),0.03830415076247015
GGA3 (23163),0.038306358708986334
TBL1XR1 (79718),0.03831538513115712
ZCCHC12 (170261),0.03831594196306562
CERT1 (10087),0.03832558518644491
FRAT2 (23401),0.03835883076017323
C1orf146 (388649),0.03837125918357002
TECTB (6975),0.03837766176003284
CTSV (1515),0.03838954313069482
CDKN3 (1033),0.03840419593571777
ZDHHC15 (158866),0.03840491337311416
PRR9 (574414),0.03841080015773557
COPS6 (10980),0.038417612572918376
KLRC1 (3821),0.03842178200245339
MS4A1 (931),0.038435116642164584
IFFO1 (25900),0.03843861585094683
CBY1 (25776),0.03844487025832109
CLEC3A (10143),0.03845523913385826
MOCOS (55034),0.03849315010276677
RAB4A (5867),0.03849984012339665
MYO9B (4650),0.038503425979043694
PNN (5411),0.038527610413281
DCK (1633),0.03853957910826359
NDUFV2 (4729),0.038542371149970125
DNAH3 (55567),0.038544793438297385
MSLN (10232),0.038583988722930465
GPR171 (29909),0.03858705934840613
NEDD4 (4734),0.038612921562287905
UGT2B7 (7364),0.038612986942919196
LRRC15 (131578),0.038619111317800534
PCDHGA12 (26025),0.03862534329172543
GMIP (51291),0.038637250213959376
NSUN7 (79730),0.03864233181394424
ZYG11A (440590),0.038648523241109664
NUCKS1 (64710),0.03865269447684543
ACACA (31),0.038654212252197805
ATF7IP (55729),0.03865617440958599
RNF44 (22838),0.03866125614210079
MEX3A (92312),0.03868172261432763
CCPG1 (9236),0.03868296548506176
MESP2 (145873),0.03872679346398159
ARMC12 (221481),0.03875253756687515
P3H2 (55214),0.03875664732740362
GCM2 (9247),0.038762943619336625
SCML1 (6322),0.03876932266242203
YWHAH (7533),0.03877259988872699
BRD7 (29117),0.03877960937043275
PRDX4 (10549),0.03878669431794332
LCORL (254251),0.03879005303298546
STX7 (8417),0.038810360289592186
RABGAP1 (23637),0.03883119405269257
KRT33B (3884),0.03884269729739842
COL8A1 (1295),0.03885193083756423
CD109 (135228),0.038863739381982836
GNAO1 (2775),0.03887364060861659
LPAR3 (23566),0.03887622071094815
TRIML2 (205860),0.03888205673660446
STEEP1 (63932),0.03890142966987028
REEP6 (92840),0.038907804445588286
SPATS1 (221409),0.0389250526177949
TMEM150C (441027),0.03892621860776354
CPNE3 (8895),0.03893165353747041
MCU (90550),0.03893888787455577
SCYL3 (57147),0.038940695763238206
ANPEP (290),0.03895419493655031
DEPDC5 (9681),0.038956761287564465
ADAT1 (23536),0.03896678372723189
ECHDC2 (55268),0.038981665705644014
PDHA2 (5161),0.03898469364968196
SULT1C3 (442038),0.03898630904695448
BPIFA2 (140683),0.03898745939540375
ARFIP1 (27236),0.03899655262940596
MAPK7 (5598),0.038999950653599375
EIF2B4 (8890),0.039007650810410986
SEMG1 (6406),0.03903744552975824
JAK2 (3717),0.039043662438358724
C1orf87 (127795),0.03904446970417315
METRN (79006),0.03905376154441181
IL26 (55801),0.03905848589042403
EPM2A (7957),0.039062006067046844
PEX3 (8504),0.0390657186769699
RNF123 (63891),0.03907905003839145
RMDN2 (151393),0.03908992774069877
PLAC8L1 (153770),0.039090920900011546
CD37 (951),0.03910752874772911
VTI1B (10490),0.039108815668398716
CROT (54677),0.03911833536892861
RNF133 (168433),0.03912216537386279
GORASP1 (64689),0.039127433918995834
FAM227B (196951),0.03914115743182746
KRT1 (3848),0.03914882300575197
MYCT1 (80177),0.03916518907246335
ACSL6 (23305),0.0391659205356071
OAT (4942),0.03918009983310688
DDX19A (55308),0.039187518008659265
ZNF25 (219749),0.039202143505844174
OR51B4 (79339),0.03920571093771826
HSBP1L1 (440498),0.03921452049121366
RALBP1 (10928),0.03922560494977295
AGFG1 (3267),0.03924705153611163
TMEM248 (55069),0.03925725502885796
KIF4B (285643),0.03926588776053512
C1GALT1C1 (29071),0.03928807811426147
SLC2A12 (154091),0.039300771703842954
ZNF527 (84503),0.03930377852130274
LRRC41 (10489),0.03932111444329867
CLP1 (10978),0.039333805390313614
ZNF682 (91120),0.03933567450760496
CD101 (9398),0.039338943638272623
VCAN (1462),0.039343888539141496
STK33 (65975),0.03936020583298595
RWDD1 (51389),0.03936412953291552
TCEANC2 (127428),0.039364483279825786
MTNAP1 (55028),0.03936634169466279
CYP4Z1 (199974),0.03936847963701398
ANP32D (23519),0.0393838586805203
MPP7 (143098),0.039408825349457076
ECE1 (1889),0.03940965213015363
JAKMIP2 (9832),0.03941190476725879
NCBP3 (55421),0.03941418466705394
PRKAA2 (5563),0.039419933737055456
GPRIN1 (114787),0.03943329835670241
CEP78 (84131),0.039444320626801345
SLC26A6 (65010),0.03945663635342633
AGAP6 (414189),0.03946373058491505
LLPH (84298),0.03946838203055726
DDAH1 (23576),0.03947744193028707
ZNF114 (163071),0.03948127845674116
YWHAG (7532),0.03949313213295864
COL13A1 (1305),0.039503243265781605
NAA60 (79903),0.03950827487283759
ARHGEF28 (64283),0.0395132301261655
TMEM174 (134288),0.039526801004099166
FKRP (79147),0.03952919652253527
LURAP1L (286343),0.039542455285386593
C4B (721),0.039573786664228255
RSPH1 (89765),0.03957541141454384
CHST4 (10164),0.03959210975666361
AGR2 (10551),0.039598185210107946
TMEM74B (55321),0.03960151258984819
FOXRED2 (80020),0.039606459564713765
TSPAN13 (27075),0.0396128404362879
CARD8 (22900),0.039626816474054645
GK (2710),0.03963314494847209
NOC3L (64318),0.03964420583404864
EIF1B (10289),0.039656915122741984
COX11 (1353),0.0396720599372084
ABHD5 (51099),0.03969314346705082
CASR (846),0.03969680916764149
ZNF530 (348327),0.039709171812876885
CFAP276 (127003),0.03971590226141087
DEFA4 (1669),0.03971674113593369
NSDHL (50814),0.03972070081385454
CACNA2D1 (781),0.03972601628230982
KIAA1143 (57456),0.039732401210559994
RPA2 (6118),0.0397347723332832
PMP2 (5375),0.0397404559145035
REM1 (28954),0.03974443511144811
MTX3 (345778),0.039751561813179834
MPDZ (8777),0.039768629551144644
LCE4A (199834),0.03976871818633105
ATP1A4 (480),0.039772520680132845
PER1 (5187),0.03977456829656441
KANK2 (25959),0.039779989265166064
CCDC184 (387856),0.03978377772194817
ATP1B4 (23439),0.039809785882716706
TMEM244 (253582),0.03982660287738657
FRA10AC1 (118924),0.039827080816683284
ST7 (7982),0.03983094398860444
ZNF285 (26974),0.039849896033920876
CEP57 (9702),0.03985085350671428
SRPX (8406),0.03985488350805911
ZBTB44 (29068),0.03985720847079235
PPP2CB (5516),0.03986734426353311
UNCX (340260),0.03988100304642445
MANSC4 (100287284),0.03988409515370066
ETFRF1 (144363),0.03990631147132743
PDIA2 (64714),0.03990916092028976
GSX1 (219409),0.0399107950661569
TXLNB (167838),0.03991655031999277
ALDOC (230),0.03992140352085222
KDM5D (8284),0.039923931260709145
CENPT (80152),0.03992437490820924
HIBCH (26275),0.03993164649426096
NCKIPSD (51517),0.0399437925824093
SPRYD3 (84926),0.03995446068121776
MTRF1 (9617),0.03998401991346723
FAP (2191),0.03998737072380459
TRPM5 (29850),0.039991580151452856
ZNF334 (55713),0.03999179415437257
BARHL1 (56751),0.040005021070752246
LRP6 (4040),0.04002402588033039
ERO1A (30001),0.04002770401830122
MRPL40 (64976),0.04003048293943411
CTNND1 (1500),0.040040271038119794
COX6C (1345),0.040050456424840196
RAB11FIP3 (9727),0.04006233391831324
MAP7D2 (256714),0.04007088265145239
SPINK1 (6690),0.04007785198620102
VPS29 (51699),0.04008254591480279
STARD9 (57519),0.040111749840524104
BAHD1 (22893),0.040123736895914495
ZNF696 (79943),0.04012956371988635
LAIR1 (3903),0.040153908888110726
PPP2R2C (5522),0.040189408281550876
AP3D1 (8943),0.04019579304222711
PSMD10 (5716),0.040216809260257
ZNF841 (284371),0.040217196738464134
HSD17B10 (3028),0.040222657589368126
ARID3B (10620),0.04025502935403361
CDC20B (166979),0.04025596591604946
TIPIN (54962),0.04026206797603695
PIGL (9487),0.040290695138430185
TRIM5 (85363),0.04030958710067947
PCYT1B (9468),0.040322159031583094
SMAD4 (4089),0.040325401977794134
ZNF354B (117608),0.04033275513994017
DUS4L (11062),0.04035585732430561
PAFAH1B2 (5049),0.04036190588523819
TNFRSF13B (23495),0.04036209670667198
BCL2L2 (599),0.040364313862977966
LRRC2 (79442),0.04037393776110772
CYTH3 (9265),0.04040317434993649
CEBPG (1054),0.04040378399249113
LYNX1 (66004),0.040405786569093605
APC (324),0.04043462046332045
LRFN4 (78999),0.0404370610003631
COG4 (25839),0.04044174615461829
MKNK2 (2872),0.04048064768902448
RB1CC1 (9821),0.0405013968211648
MAPKAPK2 (9261),0.04050857819063999
MIS18BP1 (55320),0.040512733876009635
FOLH1 (2346),0.04051522941118241
TOPBP1 (11073),0.04052555920369937
GAS8 (2622),0.040547707633777436
PHC2 (1912),0.0406026076826454
LOXL3 (84695),0.04062041931086826
ENOX1 (55068),0.04062268784408931
FAM234B (57613),0.040630200709297494
UGT3A1 (133688),0.04063725062153581
F9 (2158),0.04064279904579433
ZNF263 (10127),0.04064927641472698
COPS7A (50813),0.040656199259260555
DNAJC2 (27000),0.04066746240020984
FAM114A1 (92689),0.040670964457248694
SOX6 (55553),0.04067708944892857
RNF34 (80196),0.04069686773676152
FAM161B (145483),0.04071155173560464
OR5M11 (219487),0.04074506771541947
ANKRD30A (91074),0.04077269684495068
OCRL (4952),0.04077619906062895
KLHL40 (131377),0.04079224945443762
ZNF555 (148254),0.040807201236077346
FLII (2314),0.04080932765862484
MS4A8 (83661),0.04080999520146398
METTL23 (124512),0.04081931800071759
ZNF726 (730087),0.04085705775595748
C9orf78 (51759),0.04086412962048052
MAGEB2 (4113),0.04087683276101036
SPICE1 (152185),0.040893730592172425
ASPHD1 (253982),0.04090140162980337
OAZ3 (51686),0.040905149899874135
SCUBE3 (222663),0.040905680124951806
FZD5 (7855),0.04091425439789145
TUBE1 (51175),0.040922143555153306
HUS1 (3364),0.040947631511731544
ZNF589 (51385),0.04094824642052191
FOXF2 (2295),0.04097739972094124
FAM111A (63901),0.041006882241560606
HNRNPH3 (3189),0.041008493265622746
CIART (148523),0.0410177760166743
EPHA5 (2044),0.04102472728729485
EYA2 (2139),0.04102947149291849
STMN4 (81551),0.04104567169479347
UBA6 (55236),0.04104929603558917
PCGF1 (84759),0.04109553213144201
C1orf162 (128346),0.04110059332210473
WNT10B (7480),0.04110160398659174
RAF1 (5894),0.04110195128845339
RAB5C (5878),0.041103024489003645
ANO2 (57101),0.04110538820277026
AOX1 (316),0.041110197931029144
HNRNPC (3183),0.04111720362542099
DTWD1 (56986),0.04112091555912326
CFAP210 (129881),0.041140427157631825
ODAM (54959),0.04115388675498903
HLA-DMA (3108),0.041155669841466055
SSU72 (29101),0.041183174895660146
NUP160 (23279),0.04122850516522419
ZNF292 (23036),0.041229269704647166
FKBP8 (23770),0.04123010204012934
IFNA2 (3440),0.04123212274113261
RALB (5899),0.04123924146452347
AKT1S1 (84335),0.04124808616012669
TRIT1 (54802),0.04125112249701296
PSME1 (5720),0.0412513235460471
ZNF180 (7733),0.041252359250889506
LCN1 (3933),0.04125397556596838
ZNF804B (219578),0.04127120489130433
ZNF367 (195828),0.04130085950083493
ZNF716 (441234),0.04130520516023649
ZBBX (79740),0.0413089879492568
CAMKMT (79823),0.04133781360932334
ZNF283 (284349),0.04134760741084354
CD1C (911),0.041361942704810147
ZNF583 (147949),0.04138214209559475
RBMX (27316),0.041386210666168266
CENPW (387103),0.041390549340942946
DCUN1D1 (54165),0.04141044658915266
JAK3 (3718),0.04141336690552152
BTAF1 (9044),0.0414138417504566
TRAF7 (84231),0.041418655257345054
CENPO (79172),0.041418956107575594
TICAM2 (353376),0.04142799923386147
RNF139 (11236),0.04145004832499495
C9orf72 (203228),0.04145379653696686
PROCR (10544),0.04146398751358867
LRMDA (83938),0.041466598143171295
ZC2HC1B (153918),0.041473979245980314
NCOA1 (8648),0.04147690180916601
CENPM (79019),0.04149125148750042
COX6B1 (1340),0.04149515191285826
DRC7 (84229),0.0414960016457452
MTMR2 (8898),0.0415094209468156
HSPA1L (3305),0.04152403157134538
LRRC37B (114659),0.04152458515738769
DRC12 (283152),0.041552791827789065
RAB3B (5865),0.041554740567359784
POU5F2 (134187),0.04155592142788517
MLLT6 (4302),0.04155604097198795
RGS11 (8786),0.041564612758049194
HMSD (284293),0.04158247146649268
ADM5 (199800),0.04158666305197027
ATP5MK (84833),0.04158929665818269
TLX2 (3196),0.04160057938253955
TWNK (56652),0.041604155717644836
PRRC1 (133619),0.04164257568838811
PSKH1 (5681),0.04165135785630001
POTEH (23784),0.04165583648975693
GATAD2B (57459),0.04168521942059908
TMOD2 (29767),0.041686565353075467
ZFP3 (124961),0.041692780475990676
TNFRSF9 (3604),0.04169561340653781
MVB12A (93343),0.04175615110739964
CNPY3 (10695),0.041757738651917245
FAM32A (26017),0.041795238189078605
TVP23A (780776),0.041795477928276537
EDC3 (80153),0.04179735595892563
PEAR1 (375033),0.04179888320263695
MRGPRX4 (117196),0.04181750743812211
CYB5RL (606495),0.04182565742097243
TAF6L (10629),0.04183398590344423
CDC5L (988),0.04183428257724533
ECM2 (1842),0.041846916248453145
HPS4 (89781),0.04185590894594798
ZNF708 (7562),0.04186339077559808
ENTHD1 (150350),0.04186494121378164
MAB21L1 (4081),0.04188014588049814
NAB1 (4664),0.04189976220119857
FAM133B (257415),0.04190184975611224
ASGR1 (432),0.041942282015199554
RPL36A (6173),0.041944395122150716
TSC22D1 (8848),0.04196507908010771
CEP126 (57562),0.04198539299303388
OR11H4 (390442),0.0419917207725523
CSN2 (1447),0.04200152399879271
ADAMDEC1 (27299),0.042006045623390394
CALB2 (794),0.04201580928341733
ARHGEF33 (100271715),0.04201916593941698
PSME3 (10197),0.04204885562411561
JTB (10899),0.0420494299778906
ACOT12 (134526),0.04206087997939604
TAS2R50 (259296),0.042072324617926586
BORCS7 (119032),0.04207553959637571
CRX (1406),0.04209796204442305
MRPL51 (51258),0.042105761174074344
OR8I2 (120586),0.042110597945166334
CRTC2 (200186),0.04211544760828461
PLAAT5 (117245),0.04213245271955034
SRY (6736),0.042154367031991304
CTDSPL2 (51496),0.042156295251885356
SYT1 (6857),0.04217083575035712
CYP26A1 (1592),0.04221410115347419
ZSCAN32 (54925),0.04222109060191868
QRSL1 (55278),0.04223542340662707
SPARC (6678),0.04223638709434124
SPIN3 (169981),0.04224538323655343
RDX (5962),0.04224816635841354
VASN (114990),0.0423054603736957
NEK1 (4750),0.04230607863295726
CLEC4F (165530),0.042309360916520634
MYL12B (103910),0.04232825246100675
TANK (10010),0.04233050723536209
SUCLA2 (8803),0.042358846890788844
NPAT (4863),0.04236079528449046
ZNF225 (7768),0.04237069961810433
DAP3 (7818),0.04240052342191266
SPDL1 (54908),0.04240604498144782
SMIM9 (100132963),0.04242628107706979
KRTAP25-1 (100131902),0.04243326891705657
CSE1L (1434),0.042437681737892974
PPARA (5465),0.04243955585869418
DEFB116 (245930),0.0424463636912462
GATA1 (2623),0.04245339946525736
CCDC69 (26112),0.042458762290923255
XRN1 (54464),0.042464815510875144
CD1E (913),0.042471595425400084
TBC1D22B (55633),0.04247927632642235
ZNF613 (79898),0.04249237795767471
MRPL24 (79590),0.04249381232584848
RASSF1 (11186),0.04249827541694911
FBXO41 (150726),0.042509009405354306
L3MBTL1 (26013),0.042513928073825195
RUFY2 (55680),0.042515407956543246
POLE2 (5427),0.042528373960571304
RBIS (401466),0.042567017437350654
SBNO1 (55206),0.04256914957674372
SNRPG (6637),0.04258254114571428
ZNF878 (729747),0.042586035680370275
TBC1D14 (57533),0.042603708529496305
RAC3 (5881),0.04262882394541639
UQCRQ (27089),0.042665799263064255
C19orf47 (126526),0.042673324732916955
BPIFC (254240),0.04267359667187032
LYSMD4 (145748),0.04267975719065687
LRRC3C (100505591),0.042696428281649414
ERMN (57471),0.04269908317093236
CCDC6 (8030),0.042721727335999944
BORCS5 (118426),0.042772865149590146
CPEB2 (132864),0.04278574786500851
SERPINA12 (145264),0.042789173926324406
TFPI (7035),0.04280464896386695
GLB1L3 (112937),0.04281257138207765
ZDHHC6 (64429),0.04282278856545793
MARK2 (2011),0.042833872610615296
MAN2A1 (4124),0.042842620786520465
NDUFB1 (4707),0.04284764285409017
TREM1 (54210),0.04284950962914745
ADGRV1 (84059),0.04285899391695225
IL36G (56300),0.04286258887719217
ZSCAN4 (201516),0.04286447594115113
MSMO1 (6307),0.04286728546138761
RBBP7 (5931),0.04287749507873254
OPALIN (93377),0.04288020822339987
CRHBP (1393),0.04290556463250254
MICU3 (286097),0.042924855919999304
CCNB1IP1 (57820),0.0429265418022869
UBQLN4 (56893),0.04294203511707269
LONP2 (83752),0.04295371835340515
RRAGA (10670),0.04296141910098081
ZNF592 (9640),0.04296669471673868
PACRG (135138),0.04298633025183519
SLC36A1 (206358),0.04299420545444752
RTL5 (340526),0.04302582022473992
PEX13 (5194),0.043054911651752965
SAA4 (6291),0.043079384308489614
SLC25A17 (10478),0.04308573942250416
CHCHD5 (84269),0.04308688759485057
RAB6B (51560),0.04308703397732572
ZMAT5 (55954),0.04308811533557372
GKAP1 (80318),0.04309172318695397
HDAC7 (51564),0.04313887504765208
CGREF1 (10669),0.043144022072530756
ACTG1 (71),0.04316255449962961
SGSH (6448),0.043163387023530564
GID8 (54994),0.04321130670717277
PIAS3 (10401),0.04321779088458671
BCAP29 (55973),0.04322342085092503
UGDH (7358),0.04324293304580558
ZMIZ2 (83637),0.043261944290412135
AGO2 (27161),0.043265013591522516
ULBP1 (80329),0.04327145587154256
CABS1 (85438),0.04328620598570566
FBXO5 (26271),0.043301309344693346
IL18 (3606),0.043311608306373525
MTAP (4507),0.04334201782728613
WDR70 (55100),0.04334942526069435
ZMAT1 (84460),0.043398314425319585
RLF (6018),0.043405147912162934
SCAF1 (58506),0.043419491951904476
DNASE2B (58511),0.04342911565878836
WFIKKN2 (124857),0.043448234087641084
PSMD8 (5714),0.043469702531986905
SLC4A1 (6521),0.043474769811558796
KRT10 (3858),0.0434750383233309
DEFB134 (613211),0.043475249121852556
TPX2 (22974),0.04349863651007504
PCIF1 (63935),0.043502251634876365
ATP5PO (539),0.043516469889164563
GUCA1C (9626),0.04354176059820638
IFT43 (112752),0.04355203014243249
AIG1 (51390),0.04355392842635746
CPA3 (1359),0.04355564746032018
KCNRG (283518),0.04357654145679977
BMP3 (651),0.04357679656393828
AMER3 (205147),0.043584553078098755
PYROXD1 (79912),0.04358761159360778
AR (367),0.04359652810379383
UBE2Z (65264),0.043604172507586594
COX20 (116228),0.043604738519488415
LCE5A (254910),0.043611652903875725
OR13C2 (392376),0.04361293534164709
PPP1R37 (284352),0.04361617816359179
CHIC2 (26511),0.04362365581184759
MSH3 (4437),0.04362662392087219
HEATR4 (399671),0.04363358560490315
IL2RA (3559),0.043642547825844535
CIAPIN1 (57019),0.04365376735958742
ACOT9 (23597),0.043656898719112124
TMEM94 (9772),0.043685263749961456
CENPU (79682),0.043698460045869
AHCTF1 (25909),0.04371814126802309
LRRC39 (127495),0.04376026905878305
MYNN (55892),0.043765274866397426
DHX38 (9785),0.04379645078726854
ZNF3 (7551),0.0438081530621185
APOL1 (8542),0.04380867673630273
GSDMB (55876),0.043816882052822116
PFN2 (5217),0.04387071931947015
DBF4B (80174),0.0438767142952135
NCSTN (23385),0.04387874452684689
KRTAP4-3 (85290),0.04387913184090741
ID4 (3400),0.04391155891846095
PCED1A (64773),0.043915397434023624
ACOT4 (122970),0.04392008587238339
DIDO1 (11083),0.04392338292650396
FBXL3 (26224),0.043938962417908685
KIAA1210 (57481),0.04394437554735535
DDX17 (10521),0.04395083633750489
NEK2 (4751),0.04395401652167269
TH (7054),0.043959804992565556
PCDH20 (64881),0.04396020505375136
HOXD3 (3232),0.04396868492097831
SPACA9 (11092),0.04396918832342773
DEFB127 (140850),0.04397590305163314
PCDH8 (5100),0.04397756451168569
MRPL15 (29088),0.04397855550682195
GLTP (51228),0.04398626210185237
PLS1 (5357),0.04399589148558144
KLHL8 (57563),0.04399849117835358
XCL1 (6375),0.04400635398645333
ACLY (47),0.04401197346398926
ZNF567 (163081),0.04403846686503137
TARS2 (80222),0.04404241791967083
INPP5F (22876),0.044097896901127615
MT1H (4496),0.04410413420419903
WDCP (80304),0.04411943436940788
NEIL2 (252969),0.04412977615401129
ZNF638 (27332),0.044137274139415796
ETV3 (2117),0.04415094364680979
TBX5 (6910),0.044157841170738295
AREL1 (9870),0.04418209214559387
KIRREL1 (55243),0.04418575442884183
ACSL5 (51703),0.04418951028446674
PGLYRP4 (57115),0.04419477986567842
NCAPH (23397),0.04420382753640181
RNASE1 (6035),0.044206538597485946
CCL1 (6346),0.04420922354183785
PCDHGB3 (56102),0.04421657225420458
S100A9 (6280),0.04421808401554757
KHDRBS2 (202559),0.04422295757287899
TBC1D19 (55296),0.0442239236293415
SIX3 (6496),0.04422946725604928
MRGPRG (386746),0.04423620772649855
ACP7 (390928),0.044251307793877544
ZNF90 (7643),0.04425649955485443
PLA2G4F (255189),0.04426772130012099
ZBTB1 (22890),0.04427460745249595
KIF14 (9928),0.044299395011864584
C11orf16 (56673),0.04431405082239145
SERHL2 (253190),0.04432948529571228
KCNN4 (3783),0.044337171897322177
SLC41A3 (54946),0.044344757635658316
DLGAP5 (9787),0.044348909141354406
HDHD2 (84064),0.04437466561267923
GK2 (2712),0.04438479965489862
SV2A (9900),0.0443986438025631
CFAP221 (200373),0.04439926851865296
ICA1L (130026),0.04441180110950258
CNTN4 (152330),0.044412979328293155
CNGA3 (1261),0.044415289507495355
SYNCRIP (10492),0.044419365989925866
WDR76 (79968),0.044422841619188594
CARD19 (84270),0.04442969817009255
CCL24 (6369),0.04448756212980627
FGF1 (2246),0.044504870163561194
NUP133 (55746),0.04450944265227095
GATA6 (2627),0.04451958797750051
CYB5R4 (51167),0.04452043714269295
UQCRC2 (7385),0.04453539969553174
USP45 (85015),0.04454102488278615
OR1M1 (125963),0.04455825107027281
ANKRD12 (23253),0.04458188280963441
PIANP (196500),0.0445975513824599
LEKR1 (389170),0.044602308832298876
SERPINI2 (5276),0.04460486671248752
VEPH1 (79674),0.044604929640240425
SPX (80763),0.0446224943547198
ANKDD1B (728780),0.04464161962096354
SCN2A (6326),0.044642916570934915
CDC73 (79577),0.04465426438801596
PSMF1 (9491),0.04467156050502796
CUZD1 (50624),0.044706429545785936
KCNN1 (3780),0.04471255956648989
SF3A1 (10291),0.04471260021199201
INHA (3623),0.04473404301124901
AP4S1 (11154),0.04475666130659541
EMB (133418),0.044757719723359346
OTUD6B (51633),0.0447704508439585
SERINC3 (10955),0.04477264264313352
SDAD1 (55153),0.04478331832727586
KDM4A (9682),0.04480908835323809
MMAB (326625),0.0448130471728264
PLEK2 (26499),0.04482938609671021
TACSTD2 (4070),0.044852983860264206
KRAS (3845),0.044854039955016696
SLC2A1 (6513),0.04486166902171774
HNRNPA1 (3178),0.04486487366125855
ACCS (84680),0.04487173443923853
BST2 (684),0.04487919603825464
PCDH12 (51294),0.044880555934398755
WDR35 (57539),0.04491064543660054
CEACAM4 (1089),0.044925417914181066
TMEM14B (81853),0.04492682856206418
NKX2-2 (4821),0.04493302262906313
CYP39A1 (51302),0.04493817134572912
EPSTI1 (94240),0.04496271735503299
DMXL1 (1657),0.04500804818705933
ZNF112 (7771),0.04500823465902015
CC2D2A (57545),0.04503784692927001
RBM43 (375287),0.04504173522988388
BSN (8927),0.04504511271670012
GART (2618),0.045056256995123715
DGUOK (1716),0.045056607176371125
SPATA31E1 (286234),0.04508084949928895
HAP1 (9001),0.04510804273759966
GIPC2 (54810),0.04511366443050878
TCEAL5 (340543),0.04511705008295338
REXO4 (57109),0.04514312877811794
HAAO (23498),0.04514363266077921
PAQR5 (54852),0.04515993509182748
BCO1 (53630),0.04516288402896132
DDX60L (91351),0.045169227695096174
AGPS (8540),0.04517277498623547
IST1 (9798),0.0451757269356984
FCHO2 (115548),0.045198207986569976
GSTCD (79807),0.045229018647147304
FAM53A (152877),0.045256077621678055
IL36B (27177),0.045270961346834296
PMEPA1 (56937),0.04527237716456886
TENT2 (167153),0.045314655114108135
TOE1 (114034),0.045315584637213524
NOSTRIN (115677),0.045329140579453475
ZNF221 (7638),0.04534000157977529
TUBB4B (10383),0.045355229522897285
OR4K15 (81127),0.04535839016766672
EIF4A3 (9775),0.04536476094094014
ARMT1 (79624),0.04536496329032351
NDUFA4 (4697),0.04537078149460299
BMPR1A (657),0.04538531871403899
TMC5 (79838),0.04541524023629308
KCNE3 (10008),0.04541738373997979
ABHD14B (84836),0.04541817030130299
SCN8A (6334),0.04543964209227345
HOXC4 (3221),0.04544368318858045
NUAK2 (81788),0.04544668222631505
VMA22 (84317),0.04544689781707402
DCDC1 (341019),0.04545138063615359
SLC25A25 (114789),0.04545469597871097
ME1 (4199),0.04546296276222106
TAF1L (138474),0.045524706064557996
NGF (4803),0.04552686839243258
AP3M1 (26985),0.04552793312698065
DNAAF9 (25943),0.04555676298087466
DPY19L3 (147991),0.04557771863987295
YIPF7 (285525),0.04557898342913249
KRT9 (3857),0.04559329320765553
TEX12 (56158),0.04560832165435238
AADAT (51166),0.04561020844911475
PRDM7 (11105),0.04561944976090971
GALK2 (2585),0.04562415947712519
DHX9 (1660),0.04562537477685289
CDYL2 (124359),0.04564178815857566
SORCS3 (22986),0.04564284520803413
SCGB1D1 (10648),0.04565939065793545
M1AP (130951),0.045666348189346666
KDM8 (79831),0.04568884011837306
G2E3 (55632),0.04569895238743627
PLCB2 (5330),0.045714086958564826
ZRANB1 (54764),0.04577531093839139
TMEM135 (65084),0.04578005002763126
TRAF3IP3 (80342),0.04578225713338269
BTG3 (10950),0.04578401829946681
AHI1 (54806),0.0458143997393131
BNIP5 (389384),0.045820448019173746
ADAMTS18 (170692),0.04585759367830972
COX16 (51241),0.045862101867265956
DHX35 (60625),0.045877938084532215
SF3A3 (10946),0.04587819708360769
TOGARAM2 (165186),0.045879357501888436
ZNF683 (257101),0.04588114774955556
KBTBD7 (84078),0.04590732206126361
HSF1 (3297),0.045914244205183516
PIK3C2A (5286),0.04593062504951101
STAT1 (6772),0.04595051286663274
NCALD (83988),0.04596584098053251
FAN1 (22909),0.045968294863613056
CIMAP1C (161753),0.04599020626350684
XPO5 (57510),0.046014005946788124
SLC35D2 (11046),0.0460154269592543
CLPB (81570),0.04601567759752531
ARHGAP44 (9912),0.04601814052696048
CNRIP1 (25927),0.046045140165567794
LCE1B (353132),0.046052650703492064
TMEM171 (134285),0.04606025013687092
NDUFB3 (4709),0.04606108806165964
NASP (4678),0.04608824626367714
GID4 (79018),0.046093692799294254
ATP6V1E1 (529),0.046094846995391604
GPR68 (8111),0.04613632691132879
BAG6 (7917),0.0461531942473415
C9orf85 (138241),0.04619178265451848
DUSP16 (80824),0.04620985537585571
NEK6 (10783),0.046211669907514644
KIAA1958 (158405),0.04622525360335328
OR7G1 (125962),0.04624514666850192
CT83 (203413),0.04630509701213682
GPR160 (26996),0.04631292706989737
RANBP9 (10048),0.04631915659233553
RAD1 (5810),0.046349474374068354
ZNF667 (63934),0.04635255379737421
RPGRIP1L (23322),0.04635277571993643
DEFB1 (1672),0.04635852998648751
BLTP3A (54887),0.04636457371196163
EIF2S2 (8894),0.046382124696219273
TUBB3 (10381),0.04638847187898438
APOA2 (336),0.04641100366825583
CD226 (10666),0.046456471365697645
ARHGAP6 (395),0.04646902476270756
VMA12 (147007),0.046472374899701054
ZNF816 (125893),0.046483846617176805
AP1B1 (162),0.046491394891973306
MTMR1 (8776),0.04650400189370501
CUL4A (8451),0.046512800382979724
ZNF660 (285349),0.046548032547775585
ZNF227 (7770),0.04656088352588414
ZNF217 (7764),0.046580778812838564
SLC25A16 (8034),0.04659380879197186
GPBP1L1 (60313),0.04660405214501235
RGMA (56963),0.04660752346944323
FAM83H (286077),0.0466092179707175
RMDN1 (51115),0.046611416803274776
FSD1L (83856),0.046623481470540504
DCST2 (127579),0.04662849472912403
OR13C8 (138802),0.046634533385932465
PLVAP (83483),0.04664776248815754
ARHGEF9 (23229),0.04666044297709205
ZNF222 (7673),0.046680752063010145
FSHR (2492),0.046688136170926695
ZNF354A (6940),0.0467137645100913
TECR (9524),0.04672468950672498
COPS8 (10920),0.04672706863058465
RPL12 (6136),0.04674879374763291
TEX101 (83639),0.0467526429671593
ANKRD36 (375248),0.04678624893081921
MAGEF1 (64110),0.04679476216805515
BZW2 (28969),0.04680107013008765
HSBP1 (3281),0.04680409633270457
BIRC6 (57448),0.046847659455017794
ISM1 (140862),0.04686244874012362
KRT222 (125113),0.04691904753100912
KLHDC1 (122773),0.046941446503569816
PDE4DIP (9659),0.046953646629544585
GP1BA (2811),0.04695407560308567
TOB1 (10140),0.04697539950313934
DZIP3 (9666),0.04698372754059478
KDELR3 (11015),0.046990354545032614
BRD4 (23476),0.047000045221988286
SCGB1D4 (404552),0.04701527920037872
MAP3K7 (6885),0.04703270156808019
YIPF4 (84272),0.04703286334367422
EFNB2 (1948),0.04708019650614422
FANCG (2189),0.047122337240448384
MYL11 (29895),0.04712242781756563
ATP7A (538),0.047122991527725706
ZNF684 (127396),0.04713104637908124
SUPV3L1 (6832),0.047139976235876555
ZFP30 (22835),0.047141126885534526
ADAMTS8 (11095),0.0471520649659481
RBM24 (221662),0.04716565340033976
TNS2 (23371),0.047183461298463854
GBP7 (388646),0.047198149557095906
GSG1 (83445),0.047205750787789436
RMI2 (116028),0.04724088373282622
FIGLA (344018),0.04727056461586127
NETO2 (81831),0.04733393455666864
NEK3 (4752),0.047361431488243844
MORC1 (27136),0.04736326667786939
DTHD1 (401124),0.047364977923733106
TRPC7 (57113),0.047400896745483305
TPH1 (7166),0.047441519593676006
KRT15 (3866),0.04744955618128831
ANKRD37 (353322),0.04746625833114459
PEX7 (5191),0.04747550451787828
SERINC4 (619189),0.04747631849653553
FLYWCH1 (84256),0.047485364191117395
SYT4 (6860),0.04750322562032435
CELF3 (11189),0.04750975005307657
UBE2E2 (7325),0.04752185559840616
EID1 (23741),0.047529222808842975
ESRP1 (54845),0.04754225222706087
EMILIN1 (11117),0.04755769671806134
SPTLC1 (10558),0.04756713100254388
FZD3 (7976),0.04756933758145827
GHR (2690),0.04758817343119979
ELN (2006),0.047617729234991316
CXCL3 (2921),0.04764409307719109
QRICH1 (54870),0.047657286483935926
CSF2RB (1439),0.04766885717761796
SMARCC2 (6601),0.047669953875478246
FAM133A (286499),0.04767001534607651
MAGEH1 (28986),0.0476735868868672
SWAP70 (23075),0.04767610101486365
PTF1A (256297),0.047676837093926436
CELSR2 (1952),0.04768612962948939
IL17REL (400935),0.04770575863674794
C6orf141 (135398),0.047709555634140144
CEP19 (84984),0.04771076722841041
LINGO1 (84894),0.04771794692177331
CEMIP2 (23670),0.04772090843954192
ST18 (9705),0.047739596863200826
C1orf105 (92346),0.0477396729756164
KDM2A (22992),0.04774843016530262
ACBD7 (414149),0.04775292167209274
TMEM253 (643382),0.04775645677354057
SLC38A11 (151258),0.04775939214272835
PLA2G7 (7941),0.04777371797510966
MGA (23269),0.04777893694672969
ITPRIPL1 (150771),0.04779811446910488
XPO4 (64328),0.04780220518536985
FAIM (55179),0.04780988912543041
RFPL2 (10739),0.04781372292400836
TMEM208 (29100),0.04783432286893512
PLXDC1 (57125),0.04783552680495835
CEP97 (79598),0.047836181976125845
IFT52 (51098),0.04783791381570404
IRF9 (10379),0.04786153888179542
FHIT (2272),0.04787003126874833
BBS9 (27241),0.04788312523701206
LCN6 (158062),0.04791131331114701
SNRPD3 (6634),0.047911623031237575
ANAPC7 (51434),0.047914553178848684
HSPA12B (116835),0.04791810200106981
CYP11A1 (1583),0.047922613859214126
GSPT1 (2935),0.04792727475892796
FBF1 (85302),0.04794692906571967
MME (4311),0.04795218808384517
UBE2U (148581),0.04795478849664495
CGN (57530),0.04795761998210709
CABYR (26256),0.04796155680076391
OPN5 (221391),0.04797975702867817
ARID3A (1820),0.04801232584446793
TUBG1 (7283),0.048030351069701584
CKAP2L (150468),0.04803866104935132
BEND6 (221336),0.04805074707521609
ERBIN (55914),0.04808071398068922
NFKB1 (4790),0.048109067925033965
SMPD3 (55512),0.048109997203635846
TMEM268 (203197),0.0481177834648567
HAPLN2 (60484),0.048173170604921385
STAM2 (10254),0.048205642178618544
TLR10 (81793),0.048261509395774685
AAMP (14),0.04826263383084336
CTNNAL1 (8727),0.04827160237405813
PATE2 (399967),0.04828163223311492
SPANXN1 (494118),0.048300738413963595
EXT2 (2132),0.04832125450731044
OR5T2 (219464),0.04832601097058883
DSN1 (79980),0.04834853377810403
NDUFV1 (4723),0.04839484275196793
NR1D2 (9975),0.048404100750291064
TRIM46 (80128),0.04840665500510222
CNOT7 (29883),0.048415897111261506
DLX4 (1748),0.04841726757936844
AZI2 (64343),0.04844240477857938
IQCH (64799),0.048443183195679966
SUZ12 (23512),0.048445741224862074
UQCRFS1 (7386),0.04844769157656598
ADAM9 (8754),0.04845401469782655
UTS2 (10911),0.04845441570729427
C14orf93 (60686),0.048499655395394164
DEFB136 (613210),0.0485244732730801
H2BC11 (8970),0.048543972384677656
RANBP10 (57610),0.04855263903004183
CHORDC1 (26973),0.04855890796546881
SAP25 (100316904),0.04859508655804867
OR5D16 (390144),0.048619597973706234
NMT1 (4836),0.048644394259542464
YJEFN3 (374887),0.04866164146949577
PRMT9 (90826),0.04867818362065998
TMEM79 (84283),0.04869998785713219
EHBP1L1 (254102),0.04872807410757294
PSMG2 (56984),0.04873889519970319
ILK (3611),0.04875272035320291
MRPS14 (63931),0.04875709498636892
HAL (3034),0.048782476004498816
CDT1 (81620),0.04880088928389656
UNC13A (23025),0.048804293041685376
RPL15 (6138),0.04880536198293625
ZNF687 (57592),0.048825204436820535
RAB11FIP1 (80223),0.048845083260068325
ATG101 (60673),0.04886270830994984
UGCG (7357),0.0488744418315696
SHC2 (25759),0.04888076215700987
C12orf50 (160419),0.04892020517097213
OR5W2 (390148),0.04893018593596058
PCDHGB7 (56099),0.0489430696375017
TMEM67 (91147),0.0489444745113612
RHEB (6009),0.04895779480482309
PSG6 (5675),0.048969063900735854
NLGN4X (57502),0.04897154791021127
PEAK1 (79834),0.04897573348914891
CMTR2 (55783),0.04897885567916909
RSU1 (6251),0.048988706812278876
KRT35 (3886),0.048993787696621036
SRPX2 (27286),0.048995763982532844
CCDC70 (83446),0.04902295373203
S100B (6285),0.04902337432004132
CFAP298 (56683),0.04907516368906865
RASL10B (91608),0.04908320086898767
SGF29 (112869),0.049084018420972965
DYNC1I2 (1781),0.04909045068619549
GBF1 (8729),0.04910169327316981
RNASET2 (8635),0.04912139647020732
SLC1A4 (6509),0.04912175397250589
ZDHHC7 (55625),0.04915672410096436
MCTS1 (28985),0.04916902996076899
SOX9 (6662),0.04917913461148727
SLC35F5 (80255),0.04919345551406893
TRMU (55687),0.04922795356641937
RCAN2 (10231),0.049230966837998845
PCDHGA6 (56109),0.04923217101685058
ZNF782 (158431),0.04923508387283608
ZFHX2 (85446),0.04926112110711245
PET100 (100131801),0.049277776081082
AMIGO3 (386724),0.04929486986180047
TM2D1 (83941),0.04933699963879527
PSMD4 (5710),0.049338319240324995
WDR33 (55339),0.049353846698144126
IGFBP6 (3489),0.049362547211361574
IRF2BPL (64207),0.04936419649318101
PEX12 (5193),0.04937401606701876
DEFB129 (140881),0.04938440179280712
FKBP5 (2289),0.04938619567650944
SOCS5 (9655),0.049388842533568275
THAP10 (56906),0.0493890820872428
HIVEP1 (3096),0.049401632948563104
MLLT3 (4300),0.04940412308358248
DIS3L2 (129563),0.04940563667690637
GNPNAT1 (64841),0.049420283162502104
ZBTB17 (7709),0.04942061681069863
NAV1 (89796),0.04943000447207825
DHRS2 (10202),0.04945617772846553
SMARCD1 (6602),0.04946675584420667
FCER1G (2207),0.04948396935319876
HNRNPK (3190),0.04949466735037521
HAX1 (10456),0.049504438908541316
SLC25A40 (55972),0.04951399896455029
GPX5 (2880),0.049517129408594505
KBTBD4 (55709),0.04953014858172051
LAPTM4B (55353),0.049537089885816205
SH3GL2 (6456),0.049537243793982944
GTF2A2 (2958),0.04955274926362384
SCD (6319),0.04956293337095115
CEP135 (9662),0.0495743745997494
TCF20 (6942),0.04957984758431767
LZIC (84328),0.049589721951156435
DHX8 (1659),0.049596969695959024
C2orf15 (150590),0.04960263583554496
TADA1 (117143),0.04961832071410326
DCLK3 (85443),0.049627737444471624
MKKS (8195),0.049633697482989396
OXCT2 (64064),0.0496465886920015
FMR1 (2332),0.04966254384900801
SP7 (121340),0.0496667171310766
TRPV2 (51393),0.04967776850024031
PADI2 (11240),0.04968336090520694
ZNF165 (7718),0.04968394379721133
LEFTY2 (7044),0.04969898234991145
SELENOK (58515),0.049716022758003554
MAPT (4137),0.04975335335490457
ICOS (29851),0.049764550827228846
HK2 (3099),0.049767674544647054
GDI2 (2665),0.04977952622841984
CAB39L (81617),0.04981425240596934
SLC37A2 (219855),0.049819390187003654
PFAS (5198),0.049826284100871296
TMEM117 (84216),0.04982966975729432
ADGRB2 (576),0.04983478451118017
ZNF239 (8187),0.049864825396702166
PAIP2 (51247),0.04986891503890253
ZNF341 (84905),0.04987927925311846
RILP (83547),0.049888673086542164
CHI3L2 (1117),0.049896510205012554
AAR2 (25980),0.04990309761152488
APH1A (51107),0.049904563987882115
RTN2 (6253),0.04995804274971717
CLUAP1 (23059),0.04995998019296294
SHC3 (53358),0.04996853397758467
NYNRIN (57523),0.049991687128824965
RREB1 (6239),0.0500051933427634
ZNF506 (440515),0.050035108491102584
CTSL (1514),0.05005171375685526
NUDC (10726),0.050065470007268985
DNAJC1 (64215),0.05007430916083753
THOC5 (8563),0.050101152615746755
ZMYND12 (84217),0.05011245975183528
C2CD4C (126567),0.050122731655851904
KRT76 (51350),0.05012831506984086
PACSIN2 (11252),0.05018861074411641
CFAP70 (118491),0.050189572127142465
ANKFN1 (162282),0.05021546372699546
GYPA (2993),0.05021824412249421
UBR5 (51366),0.05022640664767292
GRIA2 (2891),0.05023517598774569
GPAM (57678),0.05025200018703499
FAM3B (54097),0.05026940247118742
ACVR2A (92),0.05027207851043483
OR51E1 (143503),0.050273153044982165
PRB4 (5545),0.050304585663407564
WFDC8 (90199),0.050306976895402096
LPGAT1 (9926),0.05039239765514566
IL13RA2 (3598),0.05040499167295979
PRPF38A (84950),0.050439255990732186
ADNP (23394),0.050465719907140986
TMEM50A (23585),0.05049237977307691
TAS2R8 (50836),0.050516728015561486
VSX2 (338917),0.05051771938208148
KIFBP (26128),0.05054491843570925
PVALB (5816),0.050545424280410915
GPR22 (2845),0.05054962768591311
GATAD1 (57798),0.05061455860855236
C1orf141 (400757),0.05062929254387684
PPM1K (152926),0.05065064249539016
ABCG4 (64137),0.050653523911417815
C16orf87 (388272),0.05067046871877879
ZNF429 (353088),0.05068426042352088
HOOK1 (51361),0.05068605153557421
CSNK2A1 (1457),0.05070564845715045
SLCO6A1 (133482),0.05072929039083197
RPL7 (6129),0.050738356781519355
CAPN3 (825),0.05074337371695612
PAPPA (5069),0.05076140674554853
DSPP (1834),0.05078352232679334
SNRK (54861),0.05081012316838934
CRYGC (1420),0.05082177828266925
SLC38A9 (153129),0.05083255803704392
GPT2 (84706),0.05083541634747841
KANSL2 (54934),0.050836473397826785
RPL19 (6143),0.05087975305591973
RUNX2 (860),0.05088364415630478
TTL (150465),0.05088499071625024
PTAFR (5724),0.0508934877599032
PRTN3 (5657),0.050932565657357605
LTB4R (1241),0.050982117730932426
FGR (2268),0.051045518580030376
PROK2 (60675),0.05106736556095998
PGBD4 (161779),0.05114062547751125
JKAMP (51528),0.05114105886423575
MMACHC (25974),0.05114164231412141
SESN2 (83667),0.05116075109125931
CLTRN (57393),0.051229156439198856
DYNC2LI1 (51626),0.05123196491698868
FNDC5 (252995),0.051238199474168904
ARID2 (196528),0.05124303376932222
KXD1 (79036),0.05124692259987968
ATF7IP2 (80063),0.05125725875188435
LHFPL5 (222662),0.05128932150331006
SGK3 (23678),0.05130368337381891
ENPP6 (133121),0.05132887551219772
CDKL5 (6792),0.051346127315622124
LIPN (643418),0.05136024497846825
CCR7 (1236),0.051360657810758964
NDUFS5 (4725),0.05136138010175238
MND1 (84057),0.051363653229600244
IQGAP3 (128239),0.051373915817270153
PCYT1A (5130),0.051411468005615094
KRTAP9-6 (100507608),0.05141728928763493
ANKRD17 (26057),0.05141759920842153
TBCEL (219899),0.05143202853751923
GDAP1 (54332),0.05143215822973428
C4orf36 (132989),0.051439600570096874
PPP1R2 (5504),0.05144897185091394
POLA2 (23649),0.0514676791852712
RPS6KA6 (27330),0.05147357188238592
MRPL23 (6150),0.05149231992203706
ARPC1A (10552),0.05150871957406327
NR1H3 (10062),0.05153979034263867
RPL18 (6141),0.05154340187488061
ITK (3702),0.051553632534184046
SNX10 (29887),0.05158304593156775
ZNF208 (7757),0.0515937933359526
KIF15 (56992),0.051609533506067624
HYLS1 (219844),0.05161115911451697
HIKESHI (51501),0.05162304233334259
PHF14 (9678),0.05163154261915032
FAM177B (400823),0.05166437725295641
NXT1 (29107),0.051680604116220406
RAP1B (5908),0.05169012250598878
APIP (51074),0.05169076963994368
TLR4 (7099),0.05170128205756236
ATP13A1 (57130),0.05171606992607155
MACO1 (55219),0.051746366246277146
MRPL30 (51263),0.05177217631291634
TEX44 (165100),0.05177417577579907
SPAG16 (79582),0.05178244821410178
PIK3R3 (8503),0.05180592578963554
ARHGAP17 (55114),0.05180833006967931
PCBD1 (5092),0.05180953252337624
VPS36 (51028),0.05181393856361294
STK40 (83931),0.05181624012569967
APOC2 (344),0.0518305017929083
TES (26136),0.051841247365613054
WDR81 (124997),0.05184976869416048
FOXO3 (2309),0.05185282659903609
H2AC1 (221613),0.05186244033695937
GCNT1 (2650),0.05191526681439836
PAGE5 (90737),0.051950584015512946
CYP2C8 (1558),0.051992800924154266
ABCC2 (1244),0.051997873062688084
PHB2 (11331),0.052022287617928514
AKAP4 (8852),0.05203134737735321
EXTL3 (2137),0.05204807794355484
RECQL5 (9400),0.052052158266120106
ATP6V0C (527),0.052066323769842666
VPS13A (23230),0.052075390235586036
ANP32E (81611),0.05207987772770034
ARSK (153642),0.052103841448932674
UBE2I (7329),0.05215397913190942
ERCC6L (54821),0.05217750755843515
ABCE1 (6059),0.052177543161931225
LRRC42 (115353),0.05218213310936758
ZIM3 (114026),0.052198819567253314
KLK2 (3817),0.05219952778091724
ZNF248 (57209),0.05220170561553307
NWD1 (284434),0.05221890189584296
NFYB (4801),0.052219719283603645
GPR139 (124274),0.05222271122395948
STX3 (6809),0.052252512447220345
FAM117A (81558),0.0522660136937002
EPS15L1 (58513),0.052266373755159946
KCNA3 (3738),0.05226800857306885
LTF (4057),0.052279838240897214
SLF2 (55719),0.052296435178953694
PFKFB2 (5208),0.05229655041999443
CCDC82 (79780),0.052307721799934176
AMY2A (279),0.05230826604961078
PACRGL (133015),0.052364392548145455
SMCO1 (255798),0.052398663891035736
ADGRE1 (2015),0.052410300045338906
DNAJA1 (3301),0.052435613602332926
RFX8 (731220),0.052461759522063854
RBP3 (5949),0.052511661101244736
NMBR (4829),0.05251269878098168
LEAP2 (116842),0.05251673557884154
HLA-G (3135),0.05252096980808065
ZNF318 (24149),0.052522933404398946
SRSF9 (8683),0.05258049005277738
AURKC (6795),0.052601244324771645
NDUFS1 (4719),0.052608715811979505
UNC119 (9094),0.052610767065078716
ALDH6A1 (4329),0.05262210924085676
NMNAT3 (349565),0.052637939940816204
RNF115 (27246),0.052650722870063844
CFAP47 (286464),0.0526790339901502
PHETA2 (150368),0.052709908486546275
SMC1B (27127),0.052714368911885655
DNAI1 (27019),0.052722335550287144
ZNF37A (7587),0.05274723755100335
ALDH16A1 (126133),0.052776992969728966
PCDH15 (65217),0.05278963586561898
KDM4D (55693),0.052794680501906235
RNF4 (6047),0.05279886335615904
ZNF484 (83744),0.05280781072585316
PPID (5481),0.052841087420227674
DELE1 (9812),0.052862407462270375
CD48 (962),0.052884948641344506
FHIP1B (84067),0.05288719157246087
FADD (8772),0.052907996694059295
HLA-DOB (3112),0.05291153992133052
TMEM222 (84065),0.052913761274256586
LCE3D (84648),0.05295086781998391
GRAP2 (9402),0.05298286388901673
VAC14 (55697),0.05299068979601865
DNAJB11 (51726),0.052997376957393115
SZT2 (23334),0.05299991219162482
GPR19 (2842),0.05300330258956749
RPS10 (6204),0.053007074837797916
CUX1 (1523),0.05301992250005405
WIZ (58525),0.053061106196231674
NSD1 (64324),0.05308426083475055
XIRP2 (129446),0.053084644704061844
DNAJC12 (56521),0.053085697948034076
BANF2 (140836),0.053098532391591194
KRTAP17-1 (83902),0.05312441370539786
THYN1 (29087),0.05313933815596215
ADAR (103),0.05314372068387003
METTL15 (196074),0.05315995364905086
PROX2 (283571),0.053163501164053314
MSTN (2660),0.05319273714667667
ZFP82 (284406),0.053230571262971704
ZBTB26 (57684),0.05324343519430832
RSBN1 (54665),0.0532634023813487
ZMYM3 (9203),0.05332225179742802
SCAI (286205),0.05332358202438696
ANTXR1 (84168),0.053362839177568025
MIER1 (57708),0.0534354284013294
RPL39L (116832),0.05344330053178996
VGLL3 (389136),0.053457915099230965
TCTN3 (26123),0.053462182342611284
VEZF1 (7716),0.05347746319649302
SYT14 (255928),0.05348135460570809
DPCD (25911),0.05349366915854315
SMURF2 (64750),0.0535126972913501
KCNA4 (3739),0.053521621369097876
ARHGEF7 (8874),0.053525266316841805
TCIM (56892),0.05358105776292106
PCLAF (9768),0.05358758284946922
CACNA2D2 (9254),0.05362372444384337
AEBP1 (165),0.053638380202573784
C10orf105 (414152),0.053647605628658675
CNOT1 (23019),0.05367093299783497
KLHL4 (56062),0.053674935978054575
TLR2 (7097),0.05372666928623126
MED27 (9442),0.05377347292118853
SLU7 (10569),0.05380192359839767
CXCL9 (4283),0.05380336993559855
NCF4 (4689),0.053811319616607275
ARL5C (390790),0.05382099696151278
ZNF253 (56242),0.05382548780475225
LCE2A (353139),0.05383886197256347
YJU2B (81576),0.05385212185428161
LELP1 (149018),0.05385458309172834
OLA1 (29789),0.05386111286031315
HNMT (3176),0.053983849927711075
MAGI2 (9863),0.05403421473352621
PCYT2 (5833),0.05404988467398548
GOLM2 (113201),0.05405491178589005
TRAM1 (23471),0.05407198881689537
ZNF81 (347344),0.05408036924234431
COL11A1 (1301),0.054101783125379374
TMEM9 (252839),0.054156229648979315
AFDN (4301),0.054160727642986684
KPTN (11133),0.05422333364977884
RLIM (51132),0.054223975058120794
MGAT4C (25834),0.05422826826483004
BCL2A1 (597),0.054234275152124735
RAB41 (347517),0.05424151840867505
ARMH1 (339541),0.054244064853788056
GOLGA8N (643699),0.05425402592310318
BCS1L (617),0.05427694711648759
LLGL1 (3996),0.054287468744234554
GRK2 (156),0.05431432000923254
POGK (57645),0.05434106618867061
KRTAP21-1 (337977),0.05435782616235571
ELOVL2 (54898),0.054360687323253346
CASKIN2 (57513),0.054381027513788795
FOXJ3 (22887),0.054395143681130825
SOAT2 (8435),0.054424552956089944
ADAM18 (8749),0.0544681840840169
DRG2 (1819),0.05453303655185768
ADGRE2 (30817),0.054549114277957396
BPIFA3 (128861),0.05455494573507779
CTSO (1519),0.05457320202503646
MTA2 (9219),0.054585123275573744
H2BC15 (8341),0.05460223595338243
ZNF33B (7582),0.054614393536761334
ARCN1 (372),0.05462602411531955
PLEKHA8 (84725),0.05464507981696412
TMED5 (50999),0.05467558075855667
PLA2G12B (84647),0.054687422944643446
ITGA10 (8515),0.054692930141035594
KCNS2 (3788),0.05469460267184519
LYSET (26175),0.05470212899567839
WFDC11 (259239),0.05470777378218551
CA5A (763),0.054714086769901124
CAPN15 (6650),0.05471758058730157
CR1L (1379),0.05474779812474177
CXCL12 (6387),0.05475512718031953
ANTXR2 (118429),0.05475688790634016
CD200 (4345),0.05476989392403737
TMEM236 (653567),0.054826896581720665
EYS (346007),0.05483376713629094
PKD1L2 (114780),0.054839685700204754
WDFY1 (57590),0.05484377549693538
MED4 (29079),0.05485826949564508
UBAP2 (55833),0.05486333092779225
LY6K (54742),0.05488214428536946
ANP32A (8125),0.05492455848484035
GUF1 (60558),0.05493530979530441
SUPT20H (55578),0.054982014568450525
DEUP1 (159989),0.054988123012803126
PICALM (8301),0.05499353343945857
SCGB1A1 (7356),0.055010274771772234
METTL6 (131965),0.05506837948764598
POU5F1 (5460),0.05511048525027581
UBE2J1 (51465),0.05511245716317982
POLR3GL (84265),0.05511801008551379
OOSP2 (219990),0.05512594107494594
AKAP3 (10566),0.05515051258166426
C11orf58 (10944),0.055157168071993536
ART4 (420),0.05516728400020043
MBL2 (4153),0.055179841851030705
GCC2 (9648),0.05521092382363202
TTC7A (57217),0.05524682015308264
SMCO3 (440087),0.055253886281942576
LY96 (23643),0.055260164716929475
COPE (11316),0.05529937165563417
RANBP3L (202151),0.05530773216788193
TMEM207 (131920),0.05533297460290734
SLC50A1 (55974),0.05539460579866624
RNASEK (440400),0.05548002652024916
MTPAP (55149),0.05548536848387203
CWC27 (10283),0.055486491149282224
TMEM17 (200728),0.055501046061018716
KLHDC4 (54758),0.05551751254676773
PRSS54 (221191),0.05551824555288082
GRIK1 (2897),0.055554292152960115
TMCO2 (127391),0.05557064766880119
LGR5 (8549),0.05557667206269694
YTHDC1 (91746),0.05560069254406666
OSBPL6 (114880),0.05560797414291998
CENPE (1062),0.05564780664872086
CCDC107 (203260),0.0556594240844591
CFAP184 (257236),0.05568618054897287
CCR1 (1230),0.05568679577807431
RNF180 (285671),0.055707980690469526
KRT8 (3856),0.055728455370376996
RBMX2 (51634),0.05573046641507882
RMND5A (64795),0.055740424042911456
TPTE2 (93492),0.05575209910654599
SELENOI (85465),0.05577827370455921
NR5A1 (2516),0.055805810755543944
BTRC (8945),0.05582998269268902
AKR1B15 (441282),0.05585009312587095
MECOM (2122),0.0558869972307877
DSTN (11034),0.0558884893449675
PSORS1C1 (170679),0.055891146111904225
ADRA2B (151),0.05590237614023814
JMJD1C (221037),0.05590623139534511
ANKRD28 (23243),0.055925351755377474
UBD (10537),0.05593228954861584
RAB9A (9367),0.05593442538207211
AMER2 (219287),0.05596839818763519
CPLANE1 (65250),0.056009287262920864
TADA2B (93624),0.05600973017579419
MROH9 (80133),0.05601254722995984
SPINK9 (643394),0.05601589209034276
LRRC28 (123355),0.05601965666448534
SMIM20 (389203),0.05602098199444957
PSMC5 (5705),0.05602232357636958
NT5C1A (84618),0.05602313151522893
FOXB1 (27023),0.05605504847329477
PPP1R1B (84152),0.05606486487638975
ACVR1 (90),0.05612231087163272
METTL9 (51108),0.056200031062108705
PRKAG2 (51422),0.056200164459797426
NARS2 (79731),0.05622583976221044
LPA (4018),0.05626420840694079
RNF113A (7737),0.056302299840579
PKNOX1 (5316),0.056310718618406475
USP24 (23358),0.056347329944196306
CDH6 (1004),0.05635827241580514
CLEC4A (50856),0.05637402119166766
IL1RL1 (9173),0.05637422107721432
C20orf96 (140680),0.056391409110893236
CCDC32 (90416),0.056397030721956336
ZNF175 (7728),0.05641614131894037
ISX (91464),0.05648565458491947
CCDC73 (493860),0.056510593153174034
GABRA1 (2554),0.05651360823370459
GNPTAB (79158),0.0565233326481244
RXYLT1 (10329),0.05652680022029294
DMBX1 (127343),0.05653210072239949
AK1 (203),0.0565445836088209
APOBEC2 (10930),0.05655155340189991
RNASE3 (6037),0.056575276814941886
AMOTL1 (154810),0.056603603296283195
ZNF335 (63925),0.056609422382517816
WDR48 (57599),0.056632364606641686
CCDC160 (347475),0.05664457903775457
CTSK (1513),0.056660927329233016
CEP57L1 (285753),0.056719812192429185
UBE3A (7337),0.05674500225215767
KCNJ3 (3760),0.05676474089424799
CDH1 (999),0.056787534842660345
UBE2K (3093),0.05680809827521073
CARMIL2 (146206),0.05680982761543642
TSPAN32 (10077),0.056827284083514215
PIMREG (54478),0.05683040411343034
ATP8B4 (79895),0.05685436610503718
CNOT6L (246175),0.056862783021153815
DYTN (391475),0.05686452483380662
SPNS2 (124976),0.056870012903169835
SNRNP40 (9410),0.056896596910534204
REEP3 (221035),0.05693869103642521
CKM (1158),0.05702371615970842
ARHGAP21 (57584),0.057027007621260825
MST1 (4485),0.05703045525556065
PUF60 (22827),0.057040453716419366
LGALS9 (3965),0.057043219883787466
CSN1S1 (1446),0.05704745198221013
ELMO3 (79767),0.05705598248837857
ELOVL7 (79993),0.05709381646523886
CSTPP1 (79096),0.057126896614828046
VPS13B (157680),0.05716159164755733
INPP5K (51763),0.057167933237277764
CAAP1 (79886),0.05716938408847053
LCE3E (353145),0.05718463575646182
CSDC2 (27254),0.05724738637827904
EEF1A1 (1915),0.05727018756736931
IL2RB (3560),0.05727897240245771
CMTM5 (116173),0.05730400169089482
ZSCAN31 (64288),0.05731141112781261
FOXE1 (2304),0.05732426042032478
CSF1 (1435),0.05736395388232864
NAP1L4 (4676),0.05738775003146518
SGCD (6444),0.05739736553939861
TAF7L (54457),0.05742098286374307
AKR1C4 (1109),0.05742397034248765
BEX2 (84707),0.0574566333821873
CAPSL (133690),0.05745786693443406
HMGB4 (127540),0.05746154447255671
SPAG9 (9043),0.05751204029146939
PARP11 (57097),0.057513215943056
UBE2A (7319),0.05751746216839321
OR10G3 (26533),0.05756048152452125
SLC6A5 (9152),0.057676637435573774
TOMM40L (84134),0.05769082825967518
ELMOD1 (55531),0.05772070432932518
SEC16A (9919),0.05774588400178789
ITM2B (9445),0.05775930370452456
GPKOW (27238),0.057802947148667926
TRIB1 (10221),0.05780377876473267
ADCY9 (115),0.05780695071735286
ITGB3BP (23421),0.05781137016045077
IFNA17 (3451),0.057815266664423645
GNA13 (10672),0.057818008374743116
LANCL2 (55915),0.057819361150008845
TSLP (85480),0.057821155239871636
FXR2 (9513),0.05783761014600527
CHEK1 (1111),0.05784688839254486
CFHR5 (81494),0.057862531734724526
PPIL1 (51645),0.05790706535787989
SLC7A1 (6541),0.05793988952310352
RIF1 (55183),0.0579671687532632
GOT2 (2806),0.0580028807743584
TMEM33 (55161),0.058013150087210225
CDS1 (1040),0.0580211728462196
OR2A25 (392138),0.058029217838239895
PNMA2 (10687),0.05803084522580232
ATP1B1 (481),0.05803424099557364
APOD (347),0.05804590620384762
FBXO46 (23403),0.05807453089982499
SHE (126669),0.05809122569641202
HINFP (25988),0.05814242937863933
LYPD6 (130574),0.05819575212450702
ZCCHC18 (644353),0.05822033848093279
MS4A6E (245802),0.058242007608673436
IL6ST (3572),0.058254419127163254
RPL31 (6160),0.05829799140685782
PROX1 (5629),0.058314083442095814
IL31 (386653),0.05838549207241707
SLC39A7 (7922),0.0583973383585368
SNX16 (64089),0.05840424605170088
CCDC102B (79839),0.05841592732844801
ANKRD23 (200539),0.058421649249744446
ZNF19 (7567),0.05842231070148767
ZNF233 (353355),0.05842912134833004
RFTN2 (130132),0.0584380213727853
DOK4 (55715),0.05845318117545765
SLC35A3 (23443),0.05849301247236031
DYNLT2 (6991),0.058529162771710865
LCE6A (448835),0.05852967051327364
ZNF454 (285676),0.058549025951012815
DHRS7C (201140),0.05855274603970319
COG2 (22796),0.05859686937905903
COL3A1 (1281),0.05859861403086322
GDF2 (2658),0.05860135008923731
C2orf42 (54980),0.05863873656283434
CXCL10 (3627),0.05865238809202783
KRT31 (3881),0.058674832917157534
CNOT2 (4848),0.05868499115023523
ATP6V0E1 (8992),0.05869478442475348
RAPGEF3 (10411),0.05869609359785643
MAP1S (55201),0.05870301855619084
CFH (3075),0.05870533450846064
SPAG17 (200162),0.05871819454074581
DOK3 (79930),0.058739627198289464
FGL2 (10875),0.058769397530066735
ZNF418 (147686),0.05877939497362641
HMG20A (10363),0.05879569320426518
RAB6A (5870),0.05881643427059982
MAF (4094),0.058836932920195095
ZNF624 (57547),0.05885792075492975
FGA (2243),0.058891603429746406
SCN3B (55800),0.05890063573688161
HAT1 (8520),0.058901260987503604
KRTAP24-1 (643803),0.058901900090977496
RBM12B (389677),0.058918560164855485
KRT34 (3885),0.058959698936599594
RBMXL3 (139804),0.058995267574928
SNX13 (23161),0.059030081847120434
NANOS2 (339345),0.05905220169524698
ATF2 (1386),0.059058821517519344
THEM4 (117145),0.05907797654388175
ZFP28 (140612),0.05907964611521785
YJU2 (55702),0.059143692838223676
WASHC3 (51019),0.059148194218322604
GDAP2 (54834),0.059166600509624606
SASS6 (163786),0.059224550054071234
ZNF706 (51123),0.05922999645907445
CASP7 (840),0.05923372361610988
KICS2 (144577),0.059233753948677755
OMA1 (115209),0.05923792335508036
CCL18 (6362),0.0593001356449009
SLC25A2 (83884),0.059315970512356694
MEFV (4210),0.059327012029728426
PON3 (5446),0.059338295889442755
DAZL (1618),0.059452393430445755
ANKFY1 (51479),0.059481572799636395
NLRC5 (84166),0.05949969189102575
ELF1 (1997),0.059516969976366206
TMPRSS11E (28983),0.05955520086134017
BMPR2 (659),0.05955962452116285
GMPS (8833),0.05960485927462612
TFB2M (64216),0.05964268418437324
FADS1 (3992),0.05964439217660143
ANKRD50 (57182),0.05964747910075646
RPL36AL (6166),0.059649209353418456
RASA2 (5922),0.05965122416427586
ZNF556 (80032),0.0596604037174688
ANXA7 (310),0.059663895657724446
SLC35D1 (23169),0.05967364311149697
PLEK (5341),0.059674268290436185
PJA2 (9867),0.05969663998581805
CDC37 (11140),0.05970206251798798
PSMD13 (5719),0.05970710727166432
MYL6 (4637),0.05973681946753502
CDC7 (8317),0.05975579979447081
UROD (7389),0.059766165635065
IL12RB2 (3595),0.05977425421806385
CDC37L1 (55664),0.0597756113881725
FAM9B (171483),0.05981887975661337
BATF3 (55509),0.05982032786835683
SRPRA (6734),0.059857188524247484
SPG21 (51324),0.05989143500280669
RELB (5971),0.0599090204014013
MIEN1 (84299),0.05991771271784901
KRTAP4-11 (653240),0.05996276297811565
ZNF430 (80264),0.05997295945336982
CCP110 (9738),0.060009304339227784
SLC9C2 (284525),0.060017144187810234
ANAPC16 (119504),0.06005280294084122
TAAR1 (134864),0.06006835745025251
PIWIL4 (143689),0.06010019503465127
CRTC1 (23373),0.0601625719444622
GAB4 (128954),0.060173273313834735
CNOT4 (4850),0.060184985760878475
NRP1 (8829),0.060185067957984374
CACNB1 (782),0.060185404025197856
CASD1 (64921),0.06030391345692057
POLR2M (81488),0.06031478895519828
RTF2 (51507),0.06032520786076604
RDH8 (50700),0.060344157943028144
HACD4 (401494),0.06035694310509032
IL37 (27178),0.060416886476358886
DEFB119 (245932),0.06043870536500198
USP1 (7398),0.060501157416946755
NPY1R (4886),0.06050940278899968
HNRNPF (3185),0.06052159482325101
SNTN (132203),0.06052747752439699
NUDT13 (25961),0.06053068933843049
TCEANC (170082),0.060531329921364924
PSAP (5660),0.060539077830865796
RPAP3 (79657),0.06063131560587348
OR2B2 (81697),0.06063317579358681
CALM3 (808),0.06068656151670741
SLC35A2 (7355),0.060709383372671046
RAB31 (11031),0.06071590971793185
ADCY3 (109),0.060769959783685726
TMEM92 (162461),0.06077618613055611
DBT (1629),0.06079086068765983
LRRN1 (57633),0.06081909219759866
ZNF571 (51276),0.06082144325844626
GNB5 (10681),0.060847997059931186
TP53TG5 (27296),0.06091659003572025
COPG1 (22820),0.06095379732022984
ASCC2 (84164),0.06099163003209857
COL21A1 (81578),0.06101764067598635
POLR2B (5431),0.06103604004138293
ITGB1 (3688),0.06104804925625668
FCHO1 (23149),0.06106453299164799
JMJD6 (23210),0.06106663795993912
SLC39A10 (57181),0.06109705764211419
DLEC1 (9940),0.06114160660104815
TBPL1 (9519),0.06114497116463157
RHAG (6005),0.061151684094712104
HJV (148738),0.061164361316529005
TTLL6 (284076),0.06116671966135581
TFEC (22797),0.06117815946557749
CR2 (1380),0.061178942936528966
CYP51A1 (1595),0.06118501326091213
MED24 (9862),0.06122222858322841
SEBOX (645832),0.061223245860929226
UEVLD (55293),0.06123480954817105
OR52K1 (390036),0.061246149381737156
HDGFL3 (50810),0.06124745614753363
ZNF106 (64397),0.0612926614693793
TOP2B (7155),0.061307370986145575
MGARP (84709),0.061329521081980864
OR4D10 (390197),0.06133057913069064
DKKL1 (27120),0.06135602715734419
SENP8 (123228),0.0614150804611891
ARHGAP23 (57636),0.06142075010411036
GIPR (2696),0.061423056397901195
B3GALNT1 (8706),0.06147505129702849
ZNF428 (126299),0.06147652136771863
SLC28A1 (9154),0.06148611883143222
ENKUR (219670),0.06149972554113127
NUP93 (9688),0.06151918735059626
NAGA (4668),0.06152966365216241
YIPF1 (54432),0.061577488922062676
KLF3 (51274),0.06158839283878286
SERPINB12 (89777),0.06162658791834522
TMEM154 (201799),0.061637146620932406
AUTS2 (26053),0.06164550881412257
WDR93 (56964),0.06171583611237427
DIRAS2 (54769),0.06174686254053627
TEAD3 (7005),0.06175349566037371
CENPP (401541),0.06175380554460447
INSIG2 (51141),0.06177576331060852
SYT9 (143425),0.06181116154629271
TICRR (90381),0.06182039323302304
RALGPS1 (9649),0.06182062415678413
USP30 (84749),0.061837418027135264
GALNT1 (2589),0.0618377738328399
SPATA18 (132671),0.06185294923649563
C5orf15 (56951),0.06186506183246507
LRRC25 (126364),0.06191151330746191
ZFHX4 (79776),0.06194187191840246
BRDT (676),0.06200514231050888
TDP1 (55775),0.06207146613081814
LGI2 (55203),0.062101780545322956
VPS26A (9559),0.06211207283248011
VPS35 (55737),0.06214109935736326
ATP6V1H (51606),0.06216455844114274
DONSON (29980),0.062166217907512804
CARMIL3 (90668),0.062195023469788516
BMAL1 (406),0.062312858877007334
TCEAL8 (90843),0.06232602179927769
PXN (5829),0.06239620695415615
CNOT3 (4849),0.062434326223655356
KLF7 (8609),0.062483690351284225
CDK12 (51755),0.06252390462960512
IFT25 (51668),0.0625423738911563
BLOC1S6 (26258),0.06258753042695829
MTMR8 (55613),0.06260354941375897
SLC26A4 (5172),0.06267398857409831
CSNK1A1 (1452),0.06270006419145183
CAPZA2 (830),0.06270096924595027
SAMD13 (148418),0.06274409203149424
ZNF570 (148268),0.0627456399106443
ANLN (54443),0.06275030328631186
DKK1 (22943),0.0627664124372846
BARX1 (56033),0.06277713450062392
PSMC1 (5700),0.06278395653161381
CHD4 (1108),0.06281640592541902
SLC25A13 (10165),0.06282021887755994
ROR2 (4920),0.0628285797830956
FMNL3 (91010),0.06284127652378671
ZBTB40 (9923),0.06285517511952615
ZDHHC20 (253832),0.06289477780559868
HSDL1 (83693),0.06295222294559805
TBATA (219793),0.06297346128795073
SH2D7 (646892),0.06298193725358589
ERMAP (114625),0.06312951836855982
HEBP1 (50865),0.06313149713297403
DOCK3 (1795),0.06314401010262456
OMD (4958),0.06315095735949854
WASL (8976),0.06316097387553386
SRP54 (6729),0.063171218057506
CCDC122 (160857),0.06317794067239126
FOXA3 (3171),0.06318677553820165
TRIM69 (140691),0.06322535557928888
TCF21 (6943),0.06323861632778574
KIF27 (55582),0.06328428906313112
CPT1B (1375),0.06328435528196172
MX1 (4599),0.0632991572480474
CDC20 (991),0.06331720142219927
UBE2G1 (7326),0.06332385865033126
SELENOP (6414),0.06336382410447323
NTMT2 (149281),0.06339828075605768
PCMT1 (5110),0.06339903360637385
MTA3 (57504),0.06344399280273594
TLR9 (54106),0.06350054321507195
SNRNP27 (11017),0.06353195578119328
NAT8 (9027),0.06354352574019978
FOXD4L5 (653427),0.06360185625546282
UGT2B15 (7366),0.06367411322760128
PNPLA8 (50640),0.06371317601753744
SLC5A3 (6526),0.06371641321369075
EIF4ENIF1 (56478),0.06371739148677848
MIS12 (79003),0.06376297047860768
ATP11B (23200),0.06380559478888441
ANKRD52 (283373),0.06381496244619615
PPP1R10 (5514),0.06386245043014252
ZNF620 (253639),0.06388940659513098
HMGCS1 (3157),0.06395770540394193
USP4 (7375),0.06396610122508468
CDCA7L (55536),0.06396913173586695
ZBTB14 (7541),0.06401112699055732
S100A12 (6283),0.06402629158906635
PABIR1 (116224),0.06403919531880285
STYXL1 (51657),0.06405865118113253
ZNF391 (346157),0.06406107545083084
AP3B1 (8546),0.0641034084046923
THOC6 (79228),0.06412386150305785
ZNF284 (342909),0.06413948137089337
MPZL1 (9019),0.06416067905728745
PTPN5 (84867),0.06416151606771751
TLE1 (7088),0.06416357818121834
SERPINB5 (5268),0.06416468301843042
THRA (7067),0.06421341846081081
ORAI2 (80228),0.06422381958610165
PTGES3 (10728),0.06429522015522197
FAM171B (165215),0.064382934289405
RAD17 (5884),0.0644376299735465
CRYBA1 (1411),0.0644503381314111
S100A8 (6279),0.06445383661880409
HNF1A (6927),0.0644570484023535
KCNA2 (3737),0.06447810073498825
TTLL5 (23093),0.06449884409648265
CTIF (9811),0.06450838716877558
RAD54L2 (23132),0.06452271809407381
WDR82 (80335),0.06459181494402379
ADAMTS4 (9507),0.06459854257320956
TUSC3 (7991),0.06467546305373803
VPS37A (137492),0.06467769743058117
PCDHA5 (56143),0.0646999054312779
KDM4C (23081),0.06471790783005062
MAP2K5 (5607),0.06481847992945289
ASCC3 (10973),0.06486451801838057
RANBP2 (5903),0.06492071272262875
FAM185A (222234),0.06502637716232065
REC8 (9985),0.06504412591120504
ZNF709 (163051),0.06505823276354518
PPP3R1 (5534),0.06507382705219875
ELOC (6921),0.06510355431257425
MMP16 (4325),0.06511244093358796
FGL1 (2267),0.0651565916231237
PEX19 (5824),0.06519887873040282
MTERF1 (7978),0.06526033950775816
MED14 (9282),0.06526285784044959
IFNAR2 (3455),0.06527777161418985
BAZ1B (9031),0.06534829516197775
STAT4 (6775),0.06534859893394318
CCDC186 (55088),0.06535322328143756
NDFIP2 (54602),0.06540319984293554
RTKN2 (219790),0.06542063985805266
CALN1 (83698),0.0654902982232058
TRMT11 (60487),0.065507763474185
RGR (5995),0.06556582428132524
CORO2A (7464),0.0655881952428792
PIPOX (51268),0.06563265767998955
ZPBP2 (124626),0.06566032979309538
MTMR3 (8897),0.06572014968862797
PCBP1 (5093),0.06573729434561378
ERCC6L2 (375748),0.06576684620881539
ACSF3 (197322),0.06577359764257838
SCGB3A2 (117156),0.06578430647409736
PPP2R1B (5519),0.06582217560328806
DUXA (503835),0.06585916131859627
ARID5B (84159),0.06589926111636313
C4orf33 (132321),0.06595143086717563
SUV39H1 (6839),0.06597339833151186
EIF4A2 (1974),0.0660988851447623
ALG6 (29929),0.0661525974403064
SDCCAG8 (10806),0.06615963303696851
HYKK (123688),0.06617396939786925
ZNF501 (115560),0.06619171835576983
LIPI (149998),0.06619406986420918
ITFG1 (81533),0.06619641942983302
MAP3K2 (10746),0.06627135460971437
MT1A (4489),0.06628141945262359
STARD3 (10948),0.06639800213974845
JAK1 (3716),0.06643386291044717
PPWD1 (23398),0.06644585199407929
CTLA4 (1493),0.06644634095248103
CUL4B (8450),0.06646626924507905
NDUFS8 (4728),0.06647364258214343
COPS7B (64708),0.0664744515179324
RARG (5916),0.06651091376799595
ZNF880 (400713),0.06651347062289556
MAP2 (4133),0.06651355172832349
SAXO2 (283726),0.06654103733411766
DET1 (55070),0.06654306298312074
EPC1 (80314),0.0665561233335487
BCL9L (283149),0.06656504343560349
DGCR8 (54487),0.06657130994884196
DYDC2 (84332),0.066580721387271
PRDM10 (56980),0.06658831376390603
RAB35 (11021),0.06659004925481038
TXN2 (25828),0.0666130103014696
CLDN16 (10686),0.06661625380343165
BSPH1 (100131137),0.06664230599342477
KLHL41 (10324),0.06666957059115908
ZNF546 (339327),0.06670062168107004
ARL5A (26225),0.06670364506049882
CCDC30 (728621),0.06672712274352141
KLRC3 (3823),0.06677381453031594
SUMO2 (6613),0.06680523798381034
ZNF574 (64763),0.06681362504107159
AP1G2 (8906),0.06682764518430476
HLA-DQB2 (3120),0.06683292905107559
SINHCAF (58516),0.06685600699234279
PCK2 (5106),0.06688379587218206
DLG1 (1739),0.06690230214944703
NFKBIL1 (4795),0.06692499034965763
PHB1 (5245),0.06692776056128953
AFTPH (54812),0.06694321669378496
CACNG3 (10368),0.0669708532221756
HIVEP2 (3097),0.06699620976271946
SF3B5 (83443),0.06708952885783376
KIAA1217 (56243),0.0670904689488876
RNF217 (154214),0.06709500824888444
COCH (1690),0.0671213039668422
G3BP2 (9908),0.06713503024507497
DIRAS3 (9077),0.06714481735650088
OR7C1 (26664),0.0671665514047859
ABCB1 (5243),0.06726545824694906
CTNNA1 (1495),0.0672980665680556
NAPSA (9476),0.06735846200300041
GPR137C (283554),0.06735851587384956
ZNF823 (55552),0.0673755568835136
DDX53 (168400),0.06740693398756656
RPL3L (6123),0.06742423229212681
SKIL (6498),0.06743557152601706
ATP6V0D1 (9114),0.06743954096038512
SSBP4 (170463),0.06747415522627541
ZNF213 (7760),0.06747478635371454
TASOR2 (54906),0.06748689963402732
TIMM17A (10440),0.06749006654403912
SNTG1 (54212),0.06751710802012262
CD2BP2 (10421),0.06755769981982929
CYB5D2 (124936),0.06758468169596694
SMAP2 (64744),0.06760401029803667
ZNF677 (342926),0.06761451504017822
MMP19 (4327),0.06762494658785781
PTP4A1 (7803),0.0676260424756256
MARCHF2 (51257),0.06762647858561278
IBSP (3381),0.06763322967426945
VPS41 (27072),0.06769589246570726
CTNNA2 (1496),0.06770336631531249
RRAGC (64121),0.06770617222787666
NDEL1 (81565),0.06771747994207143
CSF1R (1436),0.06773370022931516
SERPINB6 (5269),0.06779793725257263
PCDHGB1 (56104),0.06781639297703834
ATOSA (56204),0.06782140901438126
HSF2BP (11077),0.06782511000791294
RBM12 (10137),0.06786714797177995
EFCAB5 (374786),0.06791211112563043
MYH1 (4619),0.0679294013649021
PLK4 (10733),0.06793650663092499
OCIAD2 (132299),0.06803074347787091
GLP2R (9340),0.06804409596288896
TPR (7175),0.06809176651640181
TAX1BP1 (8887),0.06809210670819027
CTSG (1511),0.06811780875088104
C9orf153 (389766),0.06813906805937592
PSMD11 (5717),0.06816854785009804
CASQ2 (845),0.06818096203220773
PPM1M (132160),0.06820495621266055
PDZK1 (5174),0.06821209518064289
ANKLE1 (126549),0.06823807697379651
NUP214 (8021),0.06824782101709939
MINDY1 (55793),0.0683542444127673
KCNMB3 (27094),0.06835843990230168
PPM1A (5494),0.06840855265432624
YTHDC2 (64848),0.0684134740987716
SREK1 (140890),0.06846005403651242
CISD2 (493856),0.0684820336798847
SNX4 (8723),0.06848412706859444
PSMG1 (8624),0.06848629251967493
ZNF486 (90649),0.06850365990917194
COLGALT1 (79709),0.06852188606393785
FAM24A (118670),0.06862250673821625
PLCL2 (23228),0.06863712405696965
CMYA5 (202333),0.06869908386183286
WT1 (7490),0.06871161801152446
UBA1 (7317),0.0687861088625207
CCNC (892),0.06878825958299674
PRPF4 (9128),0.06879460347405565
NFIB (4781),0.0688368916120945
GOLGA7 (51125),0.0688454888670598
SAMD4B (55095),0.06890440276925734
ACADL (33),0.06892394099985434
C1orf185 (284546),0.06896498302373477
MCRS1 (10445),0.06898796577063732
CCDC152 (100129792),0.06899708158841365
IFNAR1 (3454),0.06900374734877543
STAT3 (6774),0.06904159303376046
RCN1 (5954),0.0691048728922503
FRG1 (2483),0.06912242885679017
ZBTB8A (653121),0.06915452314189174
CRYBA4 (1413),0.06923382193265004
MED16 (10025),0.06934934266441883
ELL (8178),0.0693503823273346
IFI30 (10437),0.06935562664320057
CA14 (23632),0.06935819031942558
KRT14 (3861),0.06944709279939647
CACNG2 (10369),0.06951286722796052
SF3B6 (51639),0.06953001767776237
RAD21L1 (642636),0.06958154900923583
CASP3 (836),0.069675828709817
UGT3A2 (167127),0.06967623361623579
NOX1 (27035),0.06968676322538944
IFNW1 (3467),0.06975172934246374
KRT26 (353288),0.06977316155118757
TSSK4 (283629),0.06979029595906688
FAM9A (171482),0.06982798961129809
UNC5B (219699),0.06986656306509148
B2M (567),0.06986793229521787
CRIPT (9419),0.06987057433920948
PAGE1 (8712),0.06987405172700646
DDX5 (1655),0.0699563662379635
SLPI (6590),0.06997223845653407
CCL7 (6354),0.07001195574819973
PHF3 (23469),0.07013172092223899
TRPM7 (54822),0.07016243805572676
TMEM59L (25789),0.07019450035396015
DYRK3 (8444),0.07020776526796649
TNS4 (84951),0.07022559072925051
KRT13 (3860),0.07024112338254206
PPP1R17 (10842),0.07029203483220073
TRAF2 (7186),0.07030286935148547
TSPAN5 (10098),0.07030506883770998
PCDHGA3 (56112),0.07032530234716203
ARL8B (55207),0.0703296892681102
CEP85 (64793),0.07033106395920456
STIP1 (10963),0.07040882626572567
TRIM49B (283116),0.07041162510994056
CAND1 (55832),0.07042804670731528
IL1A (3552),0.07051539553356558
KRTAP9-3 (83900),0.07055277686795963
POLR2F (5435),0.07055368281417038
CAPN2 (824),0.07056818012634729
BIRC3 (330),0.07064783559945964
ZNF780A (284323),0.07066799024984076
MAJIN (283129),0.0706990253013542
PTGFR (5737),0.07072548461316523
CSDE1 (7812),0.07073385839991465
PCDHGA7 (56108),0.07074744753779173
ADGRA2 (25960),0.07079116162610813
OR2AP1 (121129),0.07080602170498608
H2BC9 (8345),0.07089383863456152
NDUFS7 (374291),0.07095670989711485
TMC1 (117531),0.07111622158624334
PIGA (5277),0.0711453338314923
CDK6 (1021),0.07114599557693445
CLGN (1047),0.07120085738675053
PF4 (5196),0.07121857859813246
FMO5 (2330),0.0712270852910624
CERS5 (91012),0.07129856063917007
DNAJC11 (55735),0.07144994565502909
OR1I1 (126370),0.07145807091481671
TRAPPC10 (7109),0.0714898365120019
BRS3 (680),0.07149604181835417
RPRD1A (55197),0.07150462687813354
ZNF732 (654254),0.0715198248151195
E4F1 (1877),0.071533584714115
PPP3CC (5533),0.07161097930860053
STXBP4 (252983),0.0716935480037117
DNAJC17 (55192),0.07169488855948511
LCE3C (353144),0.07173474395783698
FUNDC1 (139341),0.07183727268936842
ZNF184 (7738),0.07184940656581282
SGMS2 (166929),0.07190147189606398
TRMT10B (158234),0.0719161543729307
CCNB2 (9133),0.0719458734187317
MOSPD2 (158747),0.07195069609404349
WAC (51322),0.07197122965344752
OPRPN (58503),0.07202689602597437
PHAX (51808),0.07202699482453549
SUV39H2 (79723),0.07203574900741634
PPIE (10450),0.07216695155267397
FCGR1A (2209),0.07221741702376956
PRKRIP1 (79706),0.07222110956174532
SEPTIN11 (55752),0.07228040583385355
OR51L1 (119682),0.07231550061011591
SHLD2 (54537),0.07232645356652412
SOX2 (6657),0.07235985138875789
ZNF181 (339318),0.07236353287719278
ZNF679 (168417),0.07237398420746248
CEP44 (80817),0.0723823483667517
ADAMTS5 (11096),0.0724573251342187
SMNDC1 (10285),0.07246814200389683
CYP2C18 (1562),0.07246994715219725
SRGAP1 (57522),0.07257255723816572
MFNG (4242),0.07264937293399534
MUC1 (4582),0.0727765656583249
THOC2 (57187),0.07288350459875823
CCL17 (6361),0.07291506549305216
EYA4 (2070),0.07294530860537857
PTPN11 (5781),0.07300056934388888
B3GLCT (145173),0.07307966628552554
H2BC4 (8347),0.07316373175369995
GAL3ST4 (79690),0.07319077134072356
CD276 (80381),0.0732592331537328
NFYA (4800),0.0732951272065615
NETO1 (81832),0.07333833612907574
PSMB11 (122706),0.07343129303202847
MYH6 (4624),0.07350221777230502
SAMD3 (154075),0.0735480024253217
TNRC6A (27327),0.07364232497766497
OR9G4 (283189),0.07367623754578233
SLC6A15 (55117),0.07370166746836052
KLHL5 (51088),0.07376423731443757
RFESD (317671),0.07380165718349756
ANKRD11 (29123),0.07388392801171599
PDZRN4 (29951),0.07394604433731851
JUNB (3726),0.07395604839440915
PRR5L (79899),0.07406099031095728
CWC25 (54883),0.07411967796978881
ZNF83 (55769),0.07425425859415286
EVI2B (2124),0.07431786935507473
PSAT1 (29968),0.07432654796729488
SPATA20 (64847),0.07434155578953473
CCR5 (1234),0.07436977107961763
EZH2 (2146),0.07447615111705921
SPRR1A (6698),0.07448740549673794
SHC1 (6464),0.07453080372970221
ERLN (100130933),0.07453304700545711
STK3 (6788),0.07455505118928496
STAM (8027),0.07458432301523026
ATP6V0D2 (245972),0.0745952462414427
PROKR2 (128674),0.07463199054394574
CFTR (1080),0.07464418614503855
KIF18A (81930),0.0747038746704579
NT5M (56953),0.074710236202292
DAB1 (1600),0.07471171270901175
ZSCAN21 (7589),0.07472990445180036
KRTAP9-8 (83901),0.07479645568062736
ATXN7L2 (127002),0.07481933714542206
UTY (7404),0.0749307375637305
WIPF2 (147179),0.07499043952561431
POLR3G (10622),0.07504994510720418
COQ10B (80219),0.07507850392021838
NCBP1 (4686),0.07511279261090639
KLHL2 (11275),0.07517556696836931
BARHL2 (343472),0.0751758772767004
CBX5 (23468),0.07523680121462871
MGAT4D (152586),0.07527369331675873
SNU13 (4809),0.07527881557349053
SPC25 (57405),0.07527993064217822
NECAB1 (64168),0.07528405815416685
RAI1 (10743),0.07541603164511824
ICE1 (23379),0.07542449855692437
ATP6AP2 (10159),0.07546945122697478
FAM167A (83648),0.07560660314332932
RIC1 (57589),0.07563769501881044
UBE2F (140739),0.07566826734530203
C11orf24 (53838),0.07569669132735782
SEPTIN14 (346288),0.07570005030814428
VPS39 (23339),0.07570414499520753
CYP2D6 (1565),0.07571528863384096
PSMB7 (5695),0.07581670953618122
HES1 (3280),0.07586063489893619
CFL1 (1072),0.07586372931379218
RING1 (6015),0.0758901652325352
HGS (9146),0.07593183452659463
ZNF740 (283337),0.07597882850901894
VPS50 (55610),0.0759809785184063
SLK (9748),0.0759936194008797
CFAP58 (159686),0.07604561131995002
MACROH2A1 (9555),0.07611799856557439
ZPBP (11055),0.07612037331519575
MAEA (10296),0.07616133455940857
TMEM218 (219854),0.07623214081336037
GULP1 (51454),0.07631159954565347
NPPB (4879),0.07631916620296453
CCDC61 (729440),0.07637422322085469
OR6C76 (390326),0.07645186871825413
FKBP6 (8468),0.07646562204177472
NCKAP5L (57701),0.07648490363398247
IFNG (3458),0.0765287354534835
ANKRD49 (54851),0.07655608641835715
CDC42SE2 (56990),0.07656894223582494
CHST1 (8534),0.07657985722924379
RTL4 (340595),0.07670670720207848
IFNA7 (3444),0.07675716277632305
HYCC2 (285172),0.07684034042550962
TNFAIP3 (7128),0.07684175963563661
DHX58 (79132),0.07684368990703043
ATF4 (468),0.07689768375247674
BAG4 (9530),0.0769105672311159
RPL22L1 (200916),0.07692849480488617
RAP1A (5906),0.07693717835444407
PRRG1 (5638),0.07715298599704179
SNRPB2 (6629),0.07720832437171452
CTXN2 (399697),0.07725153390175112
SYNC (81493),0.07743179195755995
RUNDC3B (154661),0.07753764096978236
CYB5R3 (1727),0.07767324632374446
DNAL4 (10126),0.07771287890350524
LRRC20 (55222),0.07774092629501976
ABI1 (10006),0.07781033424071909
RAB7A (7879),0.07782806405690827
UBA52 (7311),0.07788362002508001
ERV3-1 (2086),0.07792216145100253
ARID4B (51742),0.0780851677011658
GTSF1L (149699),0.0782900468957455
PSMC2 (5701),0.07831577266843395
SPNS1 (83985),0.07831880562750426
COL9A1 (1297),0.0783406580047283
FAM220A (84792),0.07835487839764387
GPALPP1 (55425),0.07835722732703757
ADAP2 (55803),0.0784218537718564
ZFP36L1 (677),0.07849354950117053
VNN2 (8875),0.07850285197875244
CD3E (916),0.07857601186450573
ZNF844 (284391),0.07859413471855638
DNAJB14 (79982),0.07862836523339928
MED1 (5469),0.07865713287424003
PSMB6 (5694),0.07875878273295632
STAMBP (10617),0.07876049470575706
C21orf91 (54149),0.07883237014288365
TMEM167B (56900),0.0788975775528628
KRT25 (147183),0.07898850179576467
USP46 (64854),0.07906044135543232
ING3 (54556),0.07909616013336884
GABRG1 (2565),0.07910954694585644
CHD9 (80205),0.07913987945356608
CNOT9 (9125),0.07920736388755731
ZNF230 (7773),0.07925039307064619
ARHGAP32 (9743),0.0793253572492834
BLOC1S5 (63915),0.07933131046640662
SMIM19 (114926),0.07939414440266859
GBP4 (115361),0.07941281723359447
TGIF1 (7050),0.07942601975351898
RAB8A (4218),0.07948372093080731
ZNF43 (7594),0.07957771538702493
BRAP (8315),0.07957847051743568
C4BPB (725),0.0796651300929131
CCDC148 (130940),0.07975499401592637
EXOC4 (60412),0.07979223256565783
CXADR (1525),0.07982689556817367
CPN2 (1370),0.07994510351033499
NOTCH2 (4853),0.08002180469498307
TCF7L2 (6934),0.08004445349692425
CLEC2B (9976),0.08004494406953207
ADAM17 (6868),0.08010964437300905
TYRP1 (7306),0.08011541333584371
CYP4F22 (126410),0.08017076261936369
WRN (7486),0.0801714684129408
PSMB2 (5690),0.08018712914890734
HIVEP3 (59269),0.08021622123153432
EXOC7 (23265),0.08023258289463514
ICE2 (79664),0.0803379942609611
PPP3CB (5532),0.08044037580007751
LSM4 (25804),0.08045624005471975
USP39 (10713),0.08058727159246491
ZNG1A (55871),0.08064434729512014
TAGLN3 (29114),0.08065406516678357
GLMN (11146),0.08066171007155305
NEUROD2 (4761),0.08066587894243049
MYO15A (51168),0.08081484405141158
GJA4 (2701),0.08086108281614621
C2orf76 (130355),0.08087151629285959
CCDC8 (83987),0.0808748215118012
CLNK (116449),0.08093103494449744
IL17RD (54756),0.08099097020568681
ABCB5 (340273),0.08129943366391827
WDR26 (80232),0.081324913600451
C14orf119 (55017),0.08138990805682449
TSG101 (7251),0.08139377024147167
ASAH1 (427),0.0814437640420848
ABHD17B (51104),0.08161623528794718
USP15 (9958),0.08161926167749504
CCDC77 (84318),0.08168441158151021
CDX2 (1045),0.08170411776613618
POTEI (653269),0.08187681696061097
IKZF3 (22806),0.08191057923172779
BMX (660),0.08191914098644712
HECTD1 (25831),0.08197177878919629
TMEM26 (219623),0.08197468595405316
MED19 (219541),0.08212369300161547
CRNN (49860),0.08217444544674038
KRTAP9-9 (81870),0.08220780488390766
B4GALT3 (8703),0.08229257977910144
TAB1 (10454),0.08230736004711771
APOBEC3C (27350),0.08235177553554578
IL9 (3578),0.08238792299809068
CHD1L (9557),0.08244675904325517
NPVF (64111),0.08252502287324669
EML4 (27436),0.08253520044989525
PPP2R3C (55012),0.08260250860093081
EXOC8 (149371),0.08278041441156203
DDB1 (1642),0.08284768945218778
USP8 (9101),0.08290458682773415
SLC1A5 (6510),0.08294393918657304
OSBPL1A (114876),0.08300127642559373
RBM46 (166863),0.08309185765672482
SMURF1 (57154),0.08316536936845798
SLC22A15 (55356),0.08319081308246652
SMYD4 (114826),0.08324424229953256
RNPS1 (10921),0.08334055962275562
F5 (2153),0.0834622864109897
ZRSR2 (8233),0.0834727913528291
SLC28A2 (9153),0.08353741890245873
POLA1 (5422),0.08354909512050418
SLC7A7 (9056),0.08357616357302537
IQCB1 (9657),0.08365794100522388
DESI1 (27351),0.08368928136751738
SPINT2 (10653),0.08403013642490714
IFNA8 (3445),0.08416385288752969
ZNF514 (84874),0.08432878796593803
KLRB1 (3820),0.08434706139341185
USP37 (57695),0.08454515451689992
RSPO2 (340419),0.08457517119281421
CCNYL1 (151195),0.08461626016338285
PHTF1 (10745),0.0847099193645317
ZNF107 (51427),0.08495405933096184
PCGF2 (7703),0.08496545636465762
C3orf62 (375341),0.085054126522479
ARL16 (339231),0.08513212979456516
SEC61G (23480),0.08533255281214708
SOS1 (6654),0.08538973762575154
KLHL24 (54800),0.08548058656884036
BRD9 (65980),0.08548061456647711
MED25 (81857),0.0854983537416285
METTL24 (728464),0.085516322039728
SMAD7 (4092),0.08558683802002806
SLC25A42 (284439),0.08560010536307568
TMEM167A (153339),0.08570151629863941
THNSL1 (79896),0.08595608648409712
CIMAP3 (128344),0.08603770372242113
IFT80 (57560),0.08607135405800613
XPO6 (23214),0.08615262991049853
STRIP1 (85369),0.08615467563924786
HNF4A (3172),0.08621914539031172
SLC6A6 (6533),0.08624363801160455
ATP6AP1 (537),0.08626070567297664
CETN2 (1069),0.08647594868575867
PGAP3 (93210),0.08649253079715194
RAB11A (8766),0.08679008598530528
OGA (10724),0.08687057392659313
IPO13 (9670),0.08695345297443699
SLC9B1 (150159),0.08698402843620692
SPPL3 (121665),0.08744842057750472
FAM117B (150864),0.08749918958843055
SUGP1 (57794),0.08779988039263598
TFG (10342),0.08782037561175375
VMA21 (203547),0.08797028470853997
ATP6V1D (51382),0.08797539690323197
PIP5K1A (8394),0.08832078402693888
PHTF2 (57157),0.08832588074761594
LIPH (200879),0.08840943888187137
VPS18 (57617),0.08845389406162231
RPAIN (84268),0.08851077829147258
TNNT3 (7140),0.08874795756786796
FBXW7 (55294),0.08875141007696934
CENPI (2491),0.08875423930578978
CCSER2 (54462),0.08878254948185921
TDO2 (6999),0.08878894230519528
SIAH3 (283514),0.08912106047389196
GET1 (7485),0.08937344818067104
AKR1E2 (83592),0.08945433641936389
LARP1B (55132),0.0894881666069958
C5AR2 (27202),0.08952550395477928
FXR1 (8087),0.0899577372575762
ZNF76 (7629),0.08995844373343341
PRPF40A (55660),0.09019352877391651
CTPS1 (1503),0.09044404243510298
CDK8 (1024),0.09044814086327248
TTC24 (164118),0.09047849964385846
SLAMF1 (6504),0.09055870502514078
MTNR1A (4543),0.09062602350575327
MED23 (9439),0.09065224410422053
PRKACA (5566),0.09075629563123112
NMRK1 (54981),0.09091337752176937
SDE2 (163859),0.09094894895304
GET3 (439),0.0913200223829173
HMGXB3 (22993),0.09137332093325193
KATNA1 (11104),0.0914034801714791
GRB2 (2885),0.09143217398570523
RBM39 (9584),0.09155117275198149
AGR3 (155465),0.09157687915611955
KCTD1 (284252),0.09165672932801121
CMA1 (1215),0.09172302683696226
PRPF31 (26121),0.0918699792828474
NFYC (4802),0.09197012881945679
RNASE13 (440163),0.09214417476047777
CCND2 (894),0.09230756752010315
EDC4 (23644),0.09251274851417152
PLEKHG7 (440107),0.09252732924191
PRPS1L1 (221823),0.09347195172583969
TLR7 (51284),0.09361618980969197
ST13 (6767),0.09363944375547911
CPSF6 (11052),0.09379094516689827
MOSMO (730094),0.09405073450385591
BMI1 (648),0.09440377408915605
COPS4 (51138),0.09443551390911653
ADCY4 (196883),0.0944580557734772
PCBP2 (5094),0.09464460620387427
EFCAB13 (124989),0.09471391445877617
OSBPL9 (114883),0.09474980558927118
RPS27L (51065),0.09480915912759505
USP19 (10869),0.09513809367521742
ZNF45 (7596),0.09520143803257933
TAC1 (6863),0.09524183206697828
TFIP11 (24144),0.09533100067231887
DHX16 (8449),0.09561643844157637
CYP3A43 (64816),0.0957041364157067
SIX5 (147912),0.09574391924671363
RHCG (51458),0.09574723472059742
CRNKL1 (51340),0.09632149512874673
HIGD1A (25994),0.09633822913453538
FRRS1L (23732),0.09674690852776341
SLC22A17 (51310),0.0971994024464124
GAK (2580),0.09746418005782156
KANSL3 (55683),0.09755644036206745
IGBP1 (3476),0.09762954187777169
ATP1A1 (476),0.09765017877001832
NCAPD2 (9918),0.0977390328627132
BEX3 (27018),0.09780424553039696
MARCHF5 (54708),0.09781145507626686
ZNF737 (100129842),0.09789240625920342
TCAP (8557),0.09845613735937954
DDX6 (1656),0.09853134483983819
TGFBRAP1 (9392),0.09880893837405713
UPF1 (5976),0.0992183273301
CEACAM8 (1088),0.09939364129177082
GSK3B (2932),0.09943886451641416
ERBB3 (2065),0.09946172656658374
STRAP (11171),0.0998164788980011
SPATA4 (132851),0.09982091196526291
EXOC1 (55763),0.09987025910946695
PPP6C (5537),0.09992002441129473
UBAP1 (51271),0.10041407743101612
FKBPL (63943),0.10063360663003866
PRELID3B (51012),0.10069857632459371
TMEM131 (23505),0.10075159064462225
IRF2BP2 (359948),0.10080405976459515
ADAM10 (102),0.10103765391845758
ISYNA1 (51477),0.10104514003659633
ZNF727 (442319),0.10116578307888102
EXOC2 (55770),0.10120012159299226
PDZD9 (255762),0.1012372508407754
UBC (7316),0.10183996130359038
ANKMY2 (57037),0.10213178233882544
TSPAN19 (144448),0.10222187032415127
TOX4 (9878),0.10232654079886075
SCG3 (29106),0.10260822417659267
GCN1 (10985),0.10265918351763839
CLTC (1213),0.10276332841757634
C1GALT1 (56913),0.10313090742320348
EXOC3 (11336),0.10345986977995347
BBS5 (129880),0.10349768460118895
VPS16 (64601),0.10375667304674142
CSF3 (1440),0.10384052910712714
CDADC1 (81602),0.10466264048497483
CAP1 (10487),0.10506211924028572
MCL1 (4170),0.10515997061708021
IK (3550),0.1051797223253573
LCE1F (353137),0.10538606599363924
B3GNT2 (10678),0.10544940678790604
EIF1AY (9086),0.10548102509860782
DDA1 (79016),0.10556924644913313
TFAP4 (7023),0.10561598597527919
SLC4A7 (9497),0.10583620774813624
LEMD3 (23592),0.10599372244787589
VPS28 (51160),0.10626474130287904
NPC1 (4864),0.10635865895752904
BUD31 (8896),0.10713613885369806
SAP30BP (29115),0.10736389797915517
EIF2AK4 (440275),0.10774198043233342
SPOP (8405),0.1078492094805159
VPS4B (9525),0.10793637029204892
KCTD18 (130535),0.10796108291284284
BCL2L1 (598),0.10831380092727821
EGFR (1956),0.10834590253156987
IFT88 (8100),0.10841155142742379
YPEL5 (51646),0.10907282495158252
DMC1 (11144),0.11053191751344348
FBXO7 (25793),0.11107731222010503
PTAR1 (375743),0.11108711476573314
FCRL4 (83417),0.11126855490488988
GTF2E2 (2961),0.1118434208968291
MED12 (9968),0.11323278670643788
POLR2G (5436),0.11342784487698895
TMEM50B (757),0.11345560476120446
RPS4Y2 (140032),0.11354186623936631
FAM120A (23196),0.1138555274701882
RPA3 (6119),0.11395072602645061
VPS8 (23355),0.11427410316981275
PABPC5 (140886),0.1142859542726875
NUCB2 (4925),0.11440865778595183
CFLAR (8837),0.11440989663003472
PNMT (5409),0.11614079666629962
NUDT21 (11051),0.11674944127650978
ERBB2 (2064),0.1184931713956823
CD177 (57126),0.11892164265269495
ZNF675 (171392),0.11901124399502748
MAGOH (4116),0.11957521699421111
FBXW11 (23291),0.1202166455410847
CTNNB1 (1499),0.12279172520962299
PTPN23 (25930),0.12334127420214387
NAPA (8775),0.12345180649541554
EXOC5 (10640),0.1239450686245638
RBSN (64145),0.1252010327421345
MYBL2 (4605),0.12774047535330346
GMNN (51053),0.12831243604979561
CD46 (4179),0.12846611960413246
ESS2 (8220),0.1285469206667462
VPS33A (65082),0.12916373973683468
CFHR4 (10877),0.12921760481289654
RBM14 (10432),0.12994054332539895
MCM3AP (8888),0.1303606811617611
ATP6V1G1 (9550),0.1314522990776621
PLAAT1 (57110),0.13202352069099396
GZMB (3002),0.13241355395512502
GRHL2 (79977),0.13293571057446146
UBE2H (7328),0.1333341314013369
TSC1 (7248),0.1363299605531716
FERMT1 (55612),0.13646694054817807
NAPG (8774),0.1365961071303332
EFR3A (23167),0.13801785755886534
GAB1 (2549),0.1382793038073167
TSC2 (7249),0.13845269450139802
SLTM (79811),0.13858771264165748
RAPGEFL1 (51195),0.1393021425330005
UAP1 (6675),0.13964191707479887
RBX1 (9978),0.14324049768908764
CD151 (977),0.14357552549829244
DBF4 (10926),0.14413171856829032
DENND4C (55667),0.1454153315560526
DNM2 (1785),0.1495700254350988
NXF1 (10482),0.1529167306920661
VPS45 (11311),0.1530229613089673
YKT6 (10652),0.1541469931461083
RABIF (5877),0.15892643561362607
ZNF365 (22891),0.16523511746754557
TIGD1 (200765),0.16875152079851857
KLF5 (688),0.1692179228674114
TP63 (8626),0.16999406844493425
ITGA3 (3675),0.17948016382154933
PIK3CA (5290),0.18692623340503065
DDX39B (7919),0.20172599507754227
RAB10 (10890),0.22002628835909924
STX4 (6810),0.476770701715058
STXBP3 (6814),0.48134849565021065
